"CASEID","POINT_X","POINT_Y","YEAR_","LOCATION","CHPTYPE","DAYWEEK","CRASHSEV","VIOLCAT","KILLED","INJURED","WEATHER1","PEDCOL","BICCOL","MCCOL","TRUCKCOL","ETOH","TIMECAT","MONTH_","CRASHTYP","INVOLVE","PED","PRIMARYRD","SECONDRD","DISTANCE","DIRECT","INTERSECT_","PROCDATE","JURIS","DATE_","TIME_","BADGE","JURIDIST","SHIFT","POP","SPECIAL","BEATTYPE","LAPDDIV","BEATCLAS","BEATNUMB","WEATHER2","STATEHW","CALTRANC","CALTRAND","STROUTE","ROUTESUF","POSTPRE","POSTMILE","LOCATYPE","RAMP","SIDEHW","TOWAWAY","PARTIES","PCF","VIOLCODE","VIOL","VIOLSUB","HITRUN","ROADSURF","RDCOND1","RDCOND2","LIGHTING","RIGHTWAY","CHPRDTYP","NOTPRIV","STFAULT","CHPFAULT","SEVINJ","OTHERINJ","COP","PEDKILL","PEDINJ","BICKILL","BICINJ","MCKILL","MCINJURE","RAMP1","RAMP2","CITY","COUNTY","STATE","X_CHP","Y_CHP"
"5915361",-121.727987316,38.7094562308,2012,"5700","5","2","3","08",0,2,"A",,,,,,2100,11,"E","I","A","COUNTY ROAD 102","COUNTY ROAD 18C",157,"N","N","2014-01-02",9280,"2012-11-27",1800,"015128",,"2","9","0","3",,"2","002","-","N",,0,0,,,0,,,,"Y",1,"A","-",22107,,"N","A","H","-","D","D","0","Y","A","01",0,2,0,0,0,0,0,0,0,"-","-","UNINCORPORATED","YOLO","CA",0,0
"5915360",-121.858633212,38.5906349487,2012,"5700","5","7","3","09",0,4,"A",,,,,,1200,11,"D","C","A","COUNTY ROAD 95","COUNTY ROAD 29",0,,"Y","2013-12-31",9280,"2012-11-25",1150,"12272",,"1","9","0","3",,"2","003","-","N",,0,0,,,0,,,,"Y",2,"A","-",21802,"A","N","A","H","-","A","A","0","Y","A","01",0,1,3,0,0,0,0,0,0,"-","-","UNINCORPORATED","YOLO","CA",-121.8508,38.5907
"5915356",-122.020754871,38.69634437,2012,"5700","3","6","4","08",0,3,"A",,,,,,1500,11,"B","C","A","RT 16","ORLEANS ST",0,,"Y","2014-02-04",9280,"2012-11-24",1330,"12272",,"1","9","0","1",,"2","034","-","Y","YOL",3,16,"-","-",27.57,"H","-","W","Y",2,"A","-",22107,,"N","A","H","-","A","A","0","Y","A","01",0,0,3,0,0,0,0,0,0,"-","-","UNINCORPORATED","YOLO","CA",-122.62095,38.69635
"5914781",-121.765513169,38.6719449581,2012,"5703","0","1","3","12",0,1,"A",,"Y",,,,1200,12,"D","G","A","EAST ST","CROSS ST",0,,"Y","2014-01-11",5703,"2012-12-31",959,"847","11","5","4","0","0",,"0","001","-","N",,0,0,,,0,,,,"N",2,"A","-",21453,"A","N","A","H","-","A","A","0","Y","L","04",0,1,0,0,0,0,1,0,0,"-","-","WOODLAND","YOLO","CA",0,0
"5913777",-121.758900564,38.5461217235,2012,"5701","0","6","3","09",0,1,"A",,"Y",,,,1200,5,"D","G","A","LARUE RD","RUSSELL BL",42,"S","N","2013-09-19",5701,"2012-05-12",1140,"1028","USD","5","5","0","0",,"0",,"-","N",,0,0,,,0,,,,"N",2,"A","-",21803,"A","N","A","H","-","A","A","0","Y","A","01",0,1,0,0,0,0,1,0,0,"-","-","DAVIS","YOLO","CA",0,0
"5913768",-121.746836361,38.5533168025,2012,"5701","0","3","3","14",0,1,"A",,"Y",,,,2100,2,"H","G","A","B ST","11TH ST",30,"N","N","2013-07-13",5701,"2012-02-22",1830,"74","4","5","5","0","0",,"0","002","-","N",,0,0,,,0,,,,"N",2,"A","-",21201,"D","N","A","H","-","D","D","0","Y","L","04",0,1,0,0,0,0,1,0,0,"-","-","DAVIS","YOLO","CA",0,0
"5906550",-121.554988183,38.575125312,2012,"5704","2","4","4","03",0,1,"A",,,,,,1500,11,"C","C","A","RT 50","HARBOR BL",1320,"W","N","2014-04-28",9280,"2012-11-22",1310,"17772",,"1","4","0","1",,"2","011","-","Y","YOL",3,50,"-","-",0.95,"H","-","W","Y",2,"A","-",22350,,"N","A","H","-","A","D","1","Y","A","01",0,0,1,0,0,0,0,0,0,"-","-","WEST SACRAMENTO","YOLO","CA",-121.55297,38.57526
"5901459",-121.784033189,38.6775150154,2012,"5703","0","4","3","11",0,1,"A","Y",,,,,2100,10,"A","B","B","MAIN ST","WEST ST",0,,"Y","2013-12-14",5703,"2012-10-25",1930,"893","42","5","4","0","0",,"0","002","-","N",,0,0,,,0,,,,"N",2,"A","-",21950,"B","N","A","H","-","C","A","0","Y","N","60",0,1,0,0,1,0,0,0,0,"-","-","WOODLAND","YOLO","CA",0,0
"5901455",-121.777113048,38.6738585877,2012,"5703","0","5","4","05",0,1,"A",,"Y",,,,1800,10,"D","G","A","ELM ST","OAK AV",6,"S","N","2013-12-14",5703,"2012-10-26",1511,"832","32","5","4","0","0",,"0","003","-","N",,0,0,,,0,,,,"N",2,"A","-",21650,"1","N","A","H","-","A","A","0","Y","L","04",0,0,1,0,0,0,1,0,0,"-","-","WOODLAND","YOLO","CA",0,0
"5901418",-121.740354164,38.5515612017,2012,"5701","0","1","3","03",0,1,"A",,"Y",,,"Y",1800,11,"H","I","A","H ST","8TH ST",50,"S","N","2014-01-06",5701,"2012-11-19",1655,"104","4","5","5","0","0",,"0","002","-","N",,0,0,,,0,,,,"N",1,"A","-",22350,,"N","A","H","-","A","D","0","Y","L","04",0,1,0,0,0,0,1,0,0,"-","-","DAVIS","YOLO","CA",0,0
"5901414",-121.767933158,38.565385102,2012,"5701","0","3","3","05",0,1,"A",,"Y",,,,1800,11,"H","G","A","COVELL BL","RT 113",0,,"Y","2014-01-08",5701,"2012-11-28",1700,"90","1","5","5","0","0",,"0","001","-","Y","YOL",3,113,"-","R",2.299,"R","1","S","N",2,"A","-",21650,"1","N","A","H","-","C","A","0","Y","L","04",0,1,0,0,0,0,1,0,0,"-","SF","DAVIS","YOLO","CA",0,0
"5901405",-121.741978931,38.6844667951,2012,"5703","0","3","4","05",0,1,"C",,,,,,2100,11,"A","C","A","E BEAMER ST","PIONEER AV",1394,"E","N","2014-01-06",5703,"2012-11-28",1859,"862","63","5","4","0","0",,"0","001","-","N",,0,0,,,0,,,,"Y",2,"A","-",21650,,"N","B","H","-","C","D","0","Y","A","01",0,0,1,0,0,0,0,0,0,"-","-","WOODLAND","YOLO","CA",0,0
"5900923",-121.720093126,38.5517050022,2012,"5701","0","4","4","10",0,1,"A","Y",,,,,1800,12,"G","B","B","5TH ST","CANTRILL DR",0,,"Y","2014-01-14",5701,"2012-12-06",1725,"101","7","5","5","0","0",,"0","003","-","N",,0,0,,,0,,,,"N",2,"A","-",21950,"A","N","A","H","-","B","D","0","Y","A","01",0,0,1,0,1,0,0,0,0,"-","-","DAVIS","YOLO","CA",0,0
"5900919",-121.727373065,38.5533749895,2012,"5701","0","1","4","09",0,1,"A",,,,,,2400,12,"D","C","A","8TH ST","POLE LINE RD",0,,"Y","2014-01-14",5701,"2012-12-10",2100,"45","6","5","5","0","0",,"0","003","-","N",,0,0,,,0,,,,"Y",2,"A","-",21801,,"N","A","H","-","C","A","0","Y","A","01",0,0,1,0,0,0,0,0,0,"-","-","DAVIS","YOLO","CA",0,0
"5898960",-121.575113579,38.574496903,2012,"5704","1","3","4","03",0,2,"B",,,,,,1500,11,"A","C","A","RT 80","ENTERPRISE BL",75,"W","N","2014-01-03",9280,"2012-11-21",1225,"15353",,"1","4","0","1",,"2","010","-","Y","YOL",3,80,"-","-",9.17,"H","-","E","Y",2,"A","-",22350,,"N","B","H","-","A","D","1","Y","A","01",0,0,2,0,0,0,0,0,0,"-","-","WEST SACRAMENTO","YOLO","CA",-121.57785,38.57411
"5898959",-121.570262712,38.575067534,2012,"5704","1","4","4","01",0,1,"A",,,,,"Y",1500,11,"E","I","A","RT 80","ENTERPRISE BL",1320,"E","N","2014-01-03",9280,"2012-11-22",1435,"13469",,"2","4","0","1",,"2","010","-","Y","YOL",3,80,"-","-",9.45,"H","-","E","Y",1,"A","-",23152,"A","N","A","H","-","A","D","1","Y","A","01",0,0,1,0,0,0,0,0,0,"-","-","WEST SACRAMENTO","YOLO","CA",-121.56989,38.5751
"5898958",-121.555277111,38.575131929,2012,"5704","2","5","4","03",0,1,"C",,,,,,2100,11,"C","C","A","RT 50","HARBOR BL",1584,"W","N","2014-01-03",9280,"2012-11-16",1810,"13469",,"2","4","0","1",,"2","011","-","Y","YOL",3,50,"-","-",0.9,"H","-","W","N",2,"A","-",22350,,"N","B","H","-","C","D","1","Y","A","01",0,0,1,0,0,0,0,0,0,"-","-","WEST SACRAMENTO","YOLO","CA",-121.55364,38.57501
"5898734",-121.722465099,38.546501979,2012,"5701","1","6","3","03",0,8,"A",,,,,,1800,10,"C","C","A","RT 80","POLE LINE RD",1056,"E","N","2013-12-21",9280,"2012-10-27",1700,"16292",,"2","5","0","1",,"2","010","-","Y","YOL",3,80,"-","-",1.09,"H","-","E","Y",3,"A","-",22350,,"N","A","H","-","A","D","1","Y","A","01",0,2,6,0,0,0,0,0,0,"-","-","DAVIS","YOLO","CA",-121.71925,38.54715
"5898270",-121.694179288,38.5559665079,2012,"5701","0","2","3","03",0,1,"A",,,,,,1800,12,"C","C","A","MACE BL","2ND ST",200,"S","N","2014-01-18",5701,"2012-12-04",1710,"92","7","5","5","0","0",,"0","003","-","Y",,0,0,,,0,,,,"Y",3,"A","-",22350,,"N","A","H","-","C","A","0","Y","A","01",0,1,0,0,0,0,0,0,0,"-","-","DAVIS","YOLO","CA",0,0
"5897598",-121.52381307,38.5706813523,2012,"5704","0","1","4","04",0,1,"A",,,,,,1500,11,"C","C","A","JEFFERSON BL","15TH ST",250,"S","N","2014-01-07",5704,"2012-11-12",1430,"00165",,"5","4","0","0",,"0","002","-","N",,0,0,,,0,,,,"N",2,"A","-",21703,,"N","A","H","-","A","D","0","Y","A","01",0,0,1,0,0,0,0,0,0,"-","-","WEST SACRAMENTO","YOLO","CA",0,0
"5897523",-121.52073311,38.5888050469,2012,"5704","0","6","3","09",0,1,"C",,,"Y",,,1200,11,"D","C","A","SACRAMENTO AV","DOUGLAS ST",0,,"Y","2014-01-08",5704,"2012-11-17",937,"00173","WSPD","5","4","0","0",,"0","001","-","N",,0,0,,,0,,,,"Y",2,"A","-",21801,"A","N","B","H","-","A","D","0","Y","A","01",0,1,0,0,0,0,0,0,1,"-","-","WEST SACRAMENTO","YOLO","CA",0,0
"5896939",-121.768294016,38.537392381,2012,"5701","3","4","4","18",0,1,"A",,,,,,1800,12,"E","I","A","RT 113","HUTCHINSON DR",200,"N","N","2014-01-13",9280,"2012-12-06",1725,"013469",,"2","5","0","1",,"2","022","-","Y","YOL",3,113,"-","R",0.46,"H","-","N","Y",1,"C","-",0,,"N","A","H","-","C","D","1","Y","-","-",0,0,1,0,0,0,0,0,0,"-","-","DAVIS","YOLO","CA",-121.76836,38.53775
"5896935",0,0,2012,"5700","5","6","4","03",0,1,"A",,,,,,2100,12,"E","I","A","EAST ST","COUNTY ROAD 23A",2640,"S","N","2014-01-13",9280,"2012-12-08",1954,"016929",,"2","9","0","3",,"2","002","-","N",,0,0,,,0,,,,"Y",1,"A","-",22350,,"N","A","H","-","D","D","0","Y","A","01",0,0,1,0,0,0,0,0,0,"-","-","UNINCORPORATED","YOLO","CA",-121.76585,38.63395
"5896931",-121.522018637,38.576241859,2012,"5704","2","3","4","08",0,1,"B",,,,,,600,12,"E","I","A","RT 50","JEFFERSON BL",528,"E","N","2014-01-13",9280,"2012-12-05",450,"017933",,"3","4","0","1",,"2","011","C","Y","YOL",3,50,"-","-",2.6,"H","-","E","Y",1,"A","-",22107,,"N","B","H","-","C","D","1","Y","A","07",0,0,1,0,0,0,0,0,0,"-","-","WEST SACRAMENTO","YOLO","CA",-121.52004,38.57533
"5896788",-121.548237438,38.4789784844,2012,"5700","5","2","2","11",0,1,"A","Y",,,,,1800,11,"G","B","D","SOUTH RIVER RD","BABEL SLOUGH",528,"S","N","2014-01-07",9280,"2012-11-27",1700,"16292",,"2","9","0","3",,"2","001","-","N",,0,0,,,0,,,,"N",2,"A","-",21954,"A","N","A","E","-","D","D","0","Y","N","60",1,0,0,0,1,0,0,0,0,"-","-","UNINCORPORATED","YOLO","CA",-121.54599,38.47734
"5896782",-121.783963141,38.6847549743,2012,"5703","0","5","4","10",0,1,"A","Y",,,,,1800,11,"G","B","B","BEAMER ST","N WEST ST",0,,"Y","2014-01-07",5703,"2012-11-09",1759,"LARA","44","5","4","0","0",,"0","002","-","N",,0,0,,,0,,,,"N",2,"A","-",21950,"A","N","A","H","-","C","A","0","Y","A","01",0,0,1,0,1,0,0,0,0,"-","-","WOODLAND","YOLO","CA",0,0
"5896763",-121.653796532,38.560844048,2012,"5700","1","6","4","08",0,1,"A",,,,,,2100,11,"E","I","A","RT 80","COUNTY ROAD 32A",2640,"W","N","2014-01-06",9280,"2012-11-24",2032,"017800",,"2","9","0","1",,"2","010","-","Y","YOL",3,80,"-","-",4.99,"H","-","W",,1,"A","-",22107,,"N","A","H","-","C","D","1","Y","A","01",0,0,1,0,0,0,0,0,0,"-","-","UNINCORPORATED","YOLO","CA",-121.61578,38.5676
"5896759",-121.516428887,38.571863524,2012,"5704","2","5","4","03",0,1,"C",,,,,,1200,11,"E","I","A","RT 50","SACRAMENTO/YOLO CO LINE",367,"W","N","2014-01-06",9280,"2012-11-30",1150,"015168",,"1","4","0","1",,"2","011","-","Y","YOL",3,50,"-","-",3.08,"H","-","W","Y",2,"A","-",22350,,"N","B","H","-","A","D","1","Y","A","07",0,0,1,0,0,0,0,0,0,"-","-","WEST SACRAMENTO","YOLO","CA",-121.54926,38.57706
"5896516",-121.529623038,38.5597450727,2012,"5704","0","1","4","05",0,2,"A",,,,,"Y",2100,10,"F","J","A","JEFFERSON BL","SOUTH RIVER RD",0,,"Y","2013-12-24",5704,"2012-10-29",1852,"00159",,"5","4","0","0",,"0","003","-","N",,0,0,,,0,,,,"Y",1,"A","-",21651,"A","N","A","H","-","C","D","0","Y","A","07",0,0,2,0,0,0,0,0,0,"-","-","WEST SACRAMENTO","YOLO","CA",0,0
"5896512",-121.52418306,38.5742750132,2012,"5704","0","1","4","08",0,1,"B",,,,,,900,10,"D","C","A","JEFFERSON BL","JACKSON ST",0,,"Y","2013-12-24",5704,"2012-10-22",833,"00158",,"5","4","0","0",,"0","002","C","N",,0,0,,,0,,,,"N",2,"A","-",22107,,"N","B","H","-","A","A","0","Y","A","01",0,0,1,0,0,0,0,0,0,"-","-","WEST SACRAMENTO","YOLO","CA",0,0
"5894466",-121.739963161,38.5475249667,2012,"5701","0","6","3","02",0,1,"C",,"Y",,,,2400,12,"H","G","A","5TH ST","G ST",0,,"Y","2014-01-16",5701,"2012-12-01",2200,"106","4","5","5","0","0",,"0","002","-","N",,0,0,,,0,,,,"N",2,"A","-",22400,"A","N","B","H","-","C","A","0","Y","L","04",0,1,0,0,0,0,1,0,0,"-","-","DAVIS","YOLO","CA",0,0
"5894458",-121.768037592,38.544085892,2012,"5701","0","7","4","00",0,1,"A",,"Y",,,,2400,12,"H","G","A","RUSSELL BL","RT 113",0,,"Y","2014-01-16",5701,"2012-12-02",2200,"96","1","5","5","0","0",,"0","001","-","Y","YOL",3,113,"-","R",0.924,"R","1","N","N",2,"D","-",0,,"N","A","H","-","C","A","0","Y","-","-",0,0,1,0,0,0,1,0,0,"-","NF","DAVIS","YOLO","CA",0,0
"5894377",-121.734553089,38.5519849408,2012,"5701","0","5","4","00",0,1,"B",,"Y",,,"Y",1800,11,"H","A","A","L ST","COVELL PL",0,,"Y","2014-01-08",5701,"2012-11-16",1528,"89","5","5","5","0","0",,"0","002","-","N",,0,0,,,0,,,,"N",1,"D","-",0,,"N","A","H","-","A","D","0","Y","-","-",0,0,1,0,0,0,1,0,0,"-","-","DAVIS","YOLO","CA",0,0
"5891152",-121.765240904,38.703572368,2012,"5700","3","2","4","13",0,1,"B",,,,,,600,12,"G","B","A","RT 113","COUNTY ROAD 18C",2112,"S","N","2014-01-14",9280,"2012-12-18",545,"12525",,"3","9","0","1",,"2","023","-","Y","YOL",3,113,"-","-",11.93,"H","-","S","N",1,"A","-",22515,"A","N","A","H","-","B","D","0","Y","D","22",0,0,1,0,0,0,0,0,0,"-","-","UNINCORPORATED","YOLO","CA",-121.7652,38.70256
"5891150",-121.58161313,38.573695116,2012,"5704","1","4","3","01",0,1,"A",,,,,"Y",1500,12,"B","E","A","RT 80","ENTERPRISE BL",3168,"E","N","2014-01-14",9280,"2012-12-13",1440,"15492",,"2","4","0","1",,"2","010","-","Y","YOL",3,80,"-","R",9.8,"H","-","W","Y",2,"A","-",23152,"A","N","A","H","-","A","D","1","Y","D","22",0,1,0,0,0,0,0,0,0,"-","-","WEST SACRAMENTO","YOLO","CA",-121.56595,38.57579
"5891143",-121.5523928,38.591864994,2012,"5704","1","1","4","03",0,1,"A",,,,,,1500,12,"C","C","A","RT 80","REED AV",190,"W","N","2014-01-14",9280,"2012-12-24",1458,"17800",,"2","4","0","1",,"2","010","-","Y","YOL",3,80,"-","R",11.17,"H","-","W","Y",3,"A","-",22350,,"N","A","H","-","A","D","1","Y","A","01",0,0,1,0,0,0,0,0,0,"-","-","WEST SACRAMENTO","YOLO","CA",-121.55265,38.59151
"5891133",-121.554173127,38.588695119,2012,"5704","S","4","4","12",0,1,"C",,,,"Y",,2100,11,"B","C","A","REED AV","RT 80",0,,"Y","2014-04-28",9280,"2012-11-29",1948,"017351",,"2","4","0","1",,"2","901","-","Y","YOL",3,80,"-","R",11.042,"R","4","E","Y",2,"A","-",21453,"A","N","B","H","-","C","A","1","Y","A","01",0,0,1,0,0,0,0,0,0,"-","EO","WEST SACRAMENTO","YOLO","CA",0,0
"5890384",-121.767133226,38.6866915468,2012,"5703","0","7","3","01",0,1,"A",,,,,,2400,11,"E","I","A","SUTTER ST","HOLLISTER RD",6,"N","N","2014-01-08",5703,"2012-11-25",2249,"808","24","5","4","0","0",,"0","001","-","N",,0,0,,,0,,,,"Y",1,"A","-",23152,"A","N","A","H","-","C","D","0","Y","A","01",0,1,0,0,0,0,0,0,0,"-","-","WOODLAND","YOLO","CA",0,0
"5890380",-121.793383096,38.6721650036,2012,"5703","0","4","4","12",0,1,"A",,,,,,900,11,"D","C","A","W CROSS ST","COTTONWOOD ST",0,,"Y","2014-01-08",5703,"2012-11-22",843,"831","72","5","4","0","0",,"0","003","-","N",,0,0,,,0,,,,"Y",2,"A","-",21453,"A","N","A","H","-","A","A","0","Y","A","01",0,0,1,0,0,0,0,0,0,"-","-","WOODLAND","YOLO","CA",0,0
"5888174",-121.744350915,38.6844876407,2012,"5703","0","3","3","01",0,1,"A",,,,"Y","Y",600,12,"C","C","A","E BEAMER ST","PIONEER AV",717,"E","N","2014-01-13",5703,"2012-12-26",538,"826","63","5","4","0","0",,"0","001","-","Y",,0,0,,,0,,,,"Y",2,"A","-",23152,"A","N","A","H","-","C","D","0","Y","A","01",0,1,0,0,0,0,0,0,0,"-","-","WOODLAND","YOLO","CA",0,0
"5884256",-121.806927059,38.561500565,2012,"5700","1","7","3","01",0,1,"E",,,,,"Y",300,12,"F","I","A","COUNTY ROAD 31","COUNTY ROAD 98",1056,"W","N","2014-01-13",9280,"2012-12-09",135,"00001",,"3","9","0","1",,"2","020","-","N",,0,0,,,0,,,,"Y",1,"A","-",23152,"A","N","A","H","-","D","D","0","Y","D","22",0,1,0,0,0,0,0,0,0,"-","-","UNINCORPORATED","YOLO","CA",-121.8094,38.56138
"5882079",-121.514043165,38.5824549982,2012,"5704","0","7","4","03",0,1,"B",,,,,,1500,12,"C","C","A","WEST CAPITOL AV","5TH ST",0,,"Y","2014-01-11",5704,"2012-12-16",1432,"00165",,"5","4","0","0",,"0","001","-","N",,0,0,,,0,,,,"N",2,"A","-",22350,,"N","A","H","-","A","A","0","Y","A","01",0,0,1,0,0,0,0,0,0,"-","-","WEST SACRAMENTO","YOLO","CA",0,0
"5882063",-121.548703089,38.5792450589,2012,"5704","0","1","4","12",0,1,"A",,,,,,1200,12,"D","C","A","WEST CAPITOL AV","HARBOR BL",0,,"Y","2014-01-11",5704,"2012-12-31",1102,"00173","WSPD","5","4","0","0",,"0","002","-","N",,0,0,,,0,,,,"Y",2,"A","-",21453,"A","N","A","H","-","A","A","0","Y","D","22",0,0,1,0,0,0,0,0,0,"-","-","WEST SACRAMENTO","YOLO","CA",0,0
"5882055",0,0,2012,"5704","0","1","2","11",0,1,"A","Y",,,,,2100,11,"G","B","D","LAKE WASHINGTON BL","TOWN CENTER PLZ",0,,"Y","2014-04-04",5704,"2012-11-05",1902,"00159",,"5","4","0","0",,"0","003","-","N",,0,0,,,0,,,,"N",2,"A","-",21954,"A","N","A","H","-","C","D","0","Y","-","-",1,0,0,0,1,0,0,0,0,"-","-","WEST SACRAMENTO","YOLO","CA",0,0
"5880690",-121.747573066,38.556154985,2012,"5701","0","2","4","10",0,1,"A","Y",,,,,1200,11,"G","B","B","14TH ST","B ST",0,,"Y","2014-01-07",5701,"2012-11-27",1140,"94","4","5","5","0","0",,"0","002","-","Y",,0,0,,,0,,,,"N",2,"A","-",21950,"A","N","A","H","-","A","A","0","Y","A","07",0,0,1,0,1,0,0,0,0,"-","-","DAVIS","YOLO","CA",-121.73117,38.54699
"5880388",-121.694143106,38.5565150142,2012,"5701","0","2","4","01",0,1,"A",,,,,"Y",1800,12,"C","C","A","MACE BL","2ND ST",0,,"Y","2014-01-11",5701,"2012-12-18",1538,"106","7","5","5","0","0",,"0","003","-","N",,0,0,,,0,,,,"Y",4,"A","-",23153,"A","N","A","H","-","A","A","0","Y","A","07",0,0,1,0,0,0,0,0,0,"-","-","DAVIS","YOLO","CA",0,0
"5878157",-121.933410994,38.676931798,2012,"5700","3","5","4","08",0,2,"C",,,,,,2400,11,"E","I","A","RT 16","RT 505",5280,"E","N","2013-12-30",9280,"2012-11-16",2120,"16144",,"2","9","0","1",,"2","034","-","Y","YOL",3,16,"-","-",33.25,"H","-","W","Y",1,"A","-",22107,,"N","B","H","-","D","D","0","Y","A","01",0,0,2,0,0,0,0,0,0,"-","-","UNINCORPORATED","YOLO","CA",-121.9306,38.67658
"5878153",0,0,2012,"5704","2","5","4","03",0,1,"B",,,,,,2100,11,"E","I","A","RT 50","5TH ST",1056,"E","N","2013-12-30",9280,"2012-11-16",2020,"11706",,"2","4","0","1",,"2","011","C","Y","SAC",3,50,"-","L",0.679,"R","2","W","Y",1,"A","-",22350,,"N","B","H","-","C","A","1","Y","A","01",0,0,1,0,0,0,0,0,0,"TO","-","WEST SACRAMENTO","YOLO","CA",-121.52,38.57561
"5878113",0,0,2012,"5700","5","1","3","00",0,1,"A",,"Y",,,,1500,11,"H","A","A","COUNTY ROAD 87","COUNTY ROAD 19",100,"N","N","2013-12-30",9280,"2012-11-05",1350,"16929",,"1","9","0","3",,"2","003","-","N",,0,0,,,0,,,,"N",1,"D","-",0,,"N","A","H","-","A","A","0","Y","-","-",0,1,0,0,0,0,1,0,0,"-","-","UNINCORPORATED","YOLO","CA",-121.00594,38.73385
"5878094",-121.551309405,38.574946502,2012,"5704","2","6","3","03",0,1,"B",,,,,,1500,11,"C","C","A","RT 50","HARBOR BL",225,"W","N","2013-12-30",9280,"2012-11-17",1235,"017772",,"1","4","0","1",,"2","011","-","Y","YOL",3,50,"-","-",1.16,"H","-","E","Y",4,"A","-",22350,,"N","B","H","-","A","D","1","Y","A","01",0,1,0,0,0,0,0,0,0,"-","-","WEST SACRAMENTO","YOLO","CA",-121.54865,38.57479
"5878090",-121.54079381,38.574945128,2012,"5700","2","6","4","08",0,1,"A",,,,,,600,11,"E","I","A","RT 50","HARBOR BL",1584,"E","N","2013-12-30",9280,"2012-11-10",350,"12873",,"3","9","0","1",,"2","011","-","Y","YOL",3,50,"-","-",1.53,"H","-","E","Y",1,"A","-",22107,,"N","A","H","-","C","D","1","Y","A","01",0,0,1,0,0,0,0,0,0,"-","-","UNINCORPORATED","YOLO","CA",-121.45446,38.57548
"5878086",-121.622445484,38.566215584,2012,"5700","1","7","3","01",0,1,"A",,,,,"Y",300,11,"E","I","A","RT 80","COUNTY ROAD 32A",4752,"E","N","2013-12-30",9280,"2012-11-11",240,"17933",,"3","9","0","1",,"2","010","-","Y","YOL",3,80,"-","-",6.7,"H","-","E","Y",1,"A","-",23152,"A","N","A","H","-","D","D","1","Y","A","01",0,1,0,0,0,0,0,0,0,"-","-","UNINCORPORATED","YOLO","CA",-121.62357,38.56595
"5878082",-121.751344383,38.7348790063,2012,"5700","5","2","3","08",0,1,"A",,,,,,900,11,"E","I","A","COUNTY ROAD 17","COUNTY ROAD 101",260,"W","N","2013-12-30",9280,"2012-11-13",650,"15353",,"1","9","0","3",,"2","002","-","N",,0,0,,,0,,,,"Y",1,"A","-",22107,,"N","A","H","-","A","D","0","Y","A","08",0,1,0,0,0,0,0,0,0,"-","-","UNINCORPORATED","YOLO","CA",-121.75157,38.73483
"5875826",-121.535883042,38.5947050146,2012,"5704","0","1","3","12",0,1,"A",,"Y",,,,900,11,"D","G","A","ANNA ST","MYRTLE AV",0,,"Y","2014-01-08",5704,"2012-11-05",815,"00158",,"5","4","0","0",,"0","001","-","N",,0,0,,,0,,,,"N",2,"A","-",22450,"A","N","A","H","-","A","A","0","Y","L","04",0,1,0,0,0,0,1,0,0,"-","-","WEST SACRAMENTO","YOLO","CA",0,0
"5875822",-121.534445434,38.5869731043,2012,"5704","0","6","3","01",0,1,"A",,,,,"Y",600,11,"E","I","A","MANZANITA WY","POPLAR AV",7,"N","N","2014-01-08",5704,"2012-11-03",351,"00168",,"5","4","0","0",,"0","002","-","Y",,0,0,,,0,,,,"Y",1,"A","-",23152,"A","N","A","H","-","C","D","0","Y","A","01",0,1,0,0,0,0,0,0,0,"-","-","WEST SACRAMENTO","YOLO","CA",0,0
"5875818",-121.526372952,38.5829676594,2012,"5704","0","6","4","03",0,1,"A",,,,,,1200,11,"C","C","A","JEFFERSON BL","MICHIGAN BL",20,"N","N","2014-01-08",5704,"2012-11-10",1134,"00173","WSPD","5","4","0","0",,"0","002","-","N",,0,0,,,0,,,,"Y",2,"A","-",22350,,"N","A","H","-","A","A","0","Y","A","07",0,0,1,0,0,0,0,0,0,"-","-","WEST SACRAMENTO","YOLO","CA",0,0
"5875655",-121.596476712,38.571029068,2012,"5700","1","7","3","03",0,6,"A",,,,,,1800,10,"C","C","A","RT 80","ENTERPRISE BL",5280,"W","N","2013-12-24",9280,"2012-10-28",1640,"16292",,"2","9","0","1",,"2","010","-","Y","YOL",3,80,"-","-",8.18,"H","-","W","Y",2,"A","-",22350,,"N","A","H","-","A","D","1","Y","A","01",0,3,3,0,0,0,0,0,0,"-","-","UNINCORPORATED","YOLO","CA",-121.60902,38.56873
"5875651",-121.720857239,38.673885118,2012,"5700","1","7","4","01",0,1,"E",,,,"Y",,900,11,"B","C","A","RT 5","COUNTY ROAD 103",3696,"E","N","2013-12-28",9280,"2012-11-25",835,"12525",,"1","9","0","1",,"2","020","-","Y","YOL",3,5,"-","-",5.19,"H","-","N","Y",3,"A","-",23152,"A","N","A","H","-","A","D","1","Y","A","01",0,0,1,0,0,0,0,0,0,"-","-","UNINCORPORATED","YOLO","CA",-121.69507,38.6737