"CASEID","POINT_X","POINT_Y","YEAR_","LOCATION","CHPTYPE","DAYWEEK","CRASHSEV","VIOLCAT","KILLED","INJURED","WEATHER1","PEDCOL","BICCOL","MCCOL","TRUCKCOL","ETOH","TIMECAT","MONTH_","CRASHTYP","INVOLVE","PED","PRIMARYRD","SECONDRD","DISTANCE","DIRECT","INTERSECT_","PROCDATE","JURIS","DATE_","TIME_","BADGE","JURIDIST","SHIFT","POP","SPECIAL","BEATTYPE","LAPDDIV","BEATCLAS","BEATNUMB","WEATHER2","STATEHW","CALTRANC","CALTRAND","STROUTE","ROUTESUF","POSTPRE","POSTMILE","LOCATYPE","RAMP","SIDEHW","TOWAWAY","PARTIES","PCF","VIOLCODE","VIOL","VIOLSUB","HITRUN","ROADSURF","RDCOND1","RDCOND2","LIGHTING","RIGHTWAY","CHPRDTYP","NOTPRIV","STFAULT","CHPFAULT","SEVINJ","OTHERINJ","COP","PEDKILL","PEDINJ","BICKILL","BICINJ","MCKILL","MCINJURE","RAMP1","RAMP2","CITY","COUNTY","STATE","X_CHP","Y_CHP"
"5875639",-121.522018637,38.576241859,2012,"5704","2","3","4","03",0,2,"B",,,,"Y",,600,12,"C","C","A","RT 50","JEFFERSON BL",528,"E","N","2014-01-16",9280,"2012-12-05",451,"017933",,"3","4","0","1",,"2","011","C","Y","YOL",3,50,"-","-",2.6,"H","-","E","N",4,"A","-",22350,,"N","B","H","-","C","D","1","Y","G","26",0,0,2,0,0,0,0,0,0,"-","-","WEST SACRAMENTO","YOLO","CA",-121.52004,38.57533
"5875632",-121.810296796,38.6196019823,2012,"5700","5","3","4","08",0,1,"A",,,,,,1800,12,"E","I","A","COUNTY ROAD 27","COUNTY ROAD 98",2112,"W","N","2014-01-15",9280,"2012-12-12",1618,"016144",,"2","9","0","3",,"2","002","-","N",,0,0,,,0,,,,"Y",1,"A","-",22107,,"N","A","H","-","A","D","0","Y","D","22",0,0,1,0,0,0,0,0,0,"-","-","UNINCORPORATED","YOLO","CA",-121.4842,38.371
"5874036",-121.756283219,38.6682649806,2012,"5703","0","5","4","03",0,1,"C",,,,,,2400,12,"C","C","A","E GUM AV","MATMOR RD",0,,"Y","2014-04-01",5703,"2012-12-21",2150,"849","13","5","4","0","0",,"0","004","-","N",,0,0,,,0,,,,"Y",3,"A","-",22350,,"F","B","H","-","C","D","0","Y","D","22",0,0,1,0,0,0,0,0,0,"-","-","WOODLAND","YOLO","CA",0,0
"5870772",-121.526333041,38.5724850207,2012,"5704","0","1","3","05",0,1,"A",,,,,,900,11,"A","E","A","ALABAMA AV","DELAWARE AV",0,,"N","2013-12-28",5704,"2012-11-19",700,"00158",,"5","4","0","0",,"0","002","-","N",,0,0,,,0,,,,"N",2,"A","-",21650,,"N","B","H","-","A","D","0","Y","D","22",0,1,0,0,0,0,0,0,0,"-","-","WEST SACRAMENTO","YOLO","CA",0,0
"5869571",-121.781793163,38.5465949951,2012,"5701","0","6","3","09",0,1,"A",,,,,,2100,10,"D","C","A","RUSSELL BL","PORTAGE BAY EAST",0,,"Y","2014-03-24",5701,"2012-10-27",1935,"105","1","5","5","0","0",,"0","001","-","N",,0,0,,,0,,,,"Y",2,"A","-",21802,"A","N","-","H","-","C","A","0","Y","A","01",0,1,0,0,0,0,0,0,0,"-","-","DAVIS","YOLO","CA",-121.78209,38.54668
"5869551",-121.746637715,38.7064256418,2012,"5700","5","2","3","08",0,1,"A",,,,,,1500,10,"F","A","A","COUNTY ROAD 101","COUNTY ROAD 18C",1056,"S","N","2013-12-19",9280,"2012-10-30",1330,"15079",,"1","9","0","3",,"2","002","-","N",,0,0,,,0,,,,"Y",1,"A","-",22107,,"N","A","H","-","A","D","0","Y","A","07",0,1,0,0,0,0,0,0,0,"-","-","UNINCORPORATED","YOLO","CA",-121.74654,38.70604
"5867445",-121.726787541,38.5488443859,2012,"5701","0","2","3","22",0,1,"A",,"Y",,,,1500,10,"H","A","A","5TH ST","POLE LINE RD",50,"W","N","2014-01-10",5701,"2012-10-09",1243,"96","6","5","5","0","0",,"0","003","-","N",,0,0,,,0,,,,"N",1,"B","-",0,,"N","A","H","-","A","A","0","Y","L","04",0,1,0,0,0,0,1,0,0,"-","-","DAVIS","YOLO","CA",0,0
"5867219",-121.786538542,38.6847742863,2012,"5703","0","3","3","08",0,1,"A",,,,,,900,10,"C","C","A","BEAMER ST","WEST ST",735,"W","N","2013-12-19",5703,"2012-10-31",851,"832","64","5","4","0","0",,"0","002","B","N",,0,0,,,0,,,,"Y",2,"A","-",22107,,"N","A","H","-","A","D","0","Y","A","01",0,1,0,0,0,0,0,0,0,"-","-","WOODLAND","YOLO","CA",0,0
"5866764",-121.700451156,38.7926019974,2012,"5700","5","7","2","08",0,1,"A",,,,,,1200,5,"F","A","A","COUNTY ROAD 116B","COUNTY ROAD 116",1056,"S","N","2013-08-31",9280,"2012-05-06",900,"016632",,"1","9","0","3",,"2","002","-","N",,0,0,,,0,,,,"Y",1,"A","-",22107,,"F","A","D","-","A","D","0","Y","A","01",1,0,0,0,0,0,0,0,0,"-","-","UNINCORPORATED","YOLO","CA",0,0
"5865920",-121.743253159,38.5469649481,2012,"5701","0","5","4","09",0,1,"C",,,,,,2100,11,"D","C","A","5TH ST","D ST",0,,"Y","2014-01-11",5701,"2012-11-16",2010,"35","4","5","5","0","0",,"0","002","-","N",,0,0,,,0,,,,"Y",2,"A","-",21802,"A","N","B","H","-","C","A","0","Y","A","01",0,0,1,0,0,0,0,0,0,"-","-","DAVIS","YOLO","CA",0,0
"5865916",-121.518763119,38.57395512,2012,"5704","2","4","4","03",0,1,"B",,,,,,1200,11,"C","C","A","RT 50","JEFFERSON BL",68,"E","N","2014-01-07",9280,"2012-11-01",1005,"15168",,"1","4","0","1",,"2","011","-","Y","YOL",3,50,"-","-",2.812,"R","2","W","Y",2,"A","-",22350,,"N","A","H","-","A","D","1","Y","A","07",0,0,1,0,0,0,0,0,0,"TO","-","WEST SACRAMENTO","YOLO","CA",-121.52408,38.57677
"5865904",-121.953294086,38.578589086,2012,"5700","1","7","4","03",0,2,"A",,,,,,900,11,"C","C","A","RT 505","COUNTY ROAD 29A",1584,"S","N","2014-01-07",9280,"2012-11-04",805,"12272",,"1","9","0","1",,"2","031","-","Y","YOL",3,505,"-","-",3.73,"H","-","S","Y",2,"A","-",22350,,"N","A","H","-","A","D","1","Y","A","01",0,0,2,0,0,0,0,0,0,"-","-","UNINCORPORATED","YOLO","CA",-121.95343,38.5788
"5865900",-121.729226367,38.6391966964,2012,"5700","4","4","4","08",0,1,"A",,,,,,2400,11,"E","I","A","COUNTY ROAD 102","COUNTY ROAD 25",3168,"S","N","2014-01-07",9280,"2012-11-01",2320,"16027",,"3","9","0","2",,"1","021","-","N",,0,0,,,0,,,,"Y",1,"A","-",22107,,"N","A","H","-","D","D","0","Y","A","01",0,0,1,0,0,0,0,0,0,"-","-","UNINCORPORATED","YOLO","CA",-121.72931,38.63907
"5862746",-121.52118312,38.575745121,2012,"5704","0","3","4","03",0,1,"B",,,,,,2400,10,"C","C","A","JEFFERSON BL","RT 50",35,"N","N","2013-12-19",5704,"2012-10-31",2205,"00120",,"5","4","0","0",,"0","002","-","Y","YOL",3,50,"-","-",2.658,"R","4","E","N",2,"A","-",22350,,"N","C","B","-","C","A","0","Y","A","01",0,0,1,0,0,0,0,0,0,"-","WF","WEST SACRAMENTO","YOLO","CA",0,0
"5862742",-121.555873092,38.5913249954,2012,"5704","0","5","3","09",0,3,"A",,,,,,2100,10,"D","C","A","STILLWATER RD","HARBOR POINTE PL",0,,"Y","2013-12-19",5704,"2012-10-26",2012,"00174",,"5","4","0","0",,"0","001","-","N",,0,0,,,0,,,,"Y",2,"A","-",21801,"A","N","A","H","-","C","D","0","Y","A","07",0,1,2,0,0,0,0,0,0,"-","-","WEST SACRAMENTO","YOLO","CA",0,0
"5862717",-121.766861703,38.617899949,2012,"5700","3","5","4","03",0,2,"A",,,,,,900,10,"C","C","A","RT 113","COUNTY ROAD 27",300,"S","N","2013-12-18",9280,"2012-10-19",833,"016632",,"1","9","0","1",,"2","022","-","Y","YOL",3,113,"-","R",6.05,"H","-","S","N",2,"A","-",22350,,"N","A","D","-","A","A","1","Y","A","01",0,0,2,0,0,0,0,0,0,"-","-","UNINCORPORATED","YOLO","CA",-121.7668,38.61839
"5862713",-121.73690096,38.538867408,2012,"5701","1","5","4","03",0,1,"A",,,,,,1500,10,"C","A","A","RT 80","RICHARDS BL",2640,"W","N","2013-12-18",9280,"2012-10-19",1430,"011706",,"2","5","0","1",,"2","010","-","Y","YOL",3,80,"-","-",0.18,"H","-","E","N",2,"A","-",22350,,"N","A","H","-","A","D","1","Y","A","01",0,0,1,0,0,0,0,0,0,"-","-","DAVIS","YOLO","CA",-121.7361,38.53951
"5862678",-122.039674942,38.705815791,2012,"5700","3","6","4","08",0,1,"A",,,,,,2100,10,"E","I","A","RT 16","CO RD 85",2640,"E","N","2013-12-18",9280,"2012-10-20",1845,"017351",,"2","9","0","1",,"2","034","-","Y","YOL",3,16,"-","-",26.17,"H","-","E","Y",1,"A","-",22107,,"N","A","H","-","D","D","0","Y","A","01",0,0,1,0,0,0,0,0,0,"-","-","UNINCORPORATED","YOLO","CA",-122.06135,38.70587
"5862674",-121.534354683,38.575381697,2012,"5704","2","5","3","07",0,1,"B",,,,,,2100,10,"B","C","A","RT 50","WESTACRE RD",1584,"W","N","2013-12-18",9280,"2012-10-12",2035,"014853",,"2","4","0","1",,"2","011","-","Y","YOL",3,50,"-","-",1.88,"H","-","W","Y",2,"A","-",21658,"A","N","A","H","-","C","D","1","Y","A","07",0,1,0,0,0,0,0,0,0,"-","-","WEST SACRAMENTO","YOLO","CA",-121.53928,38.57525
"5862670",-121.534354683,38.575381697,2012,"5704","2","5","3","04",0,2,"B",,,,,,2100,10,"C","C","A","RT 50","WESTACRE RD",1584,"W","N","2013-12-18",9280,"2012-10-12",2036,"014853",,"2","4","0","1",,"2","011","-","Y","YOL",3,50,"-","-",1.88,"H","-","W","Y",2,"A","-",21703,,"N","A","H","-","C","D","1","Y","A","01",0,1,1,0,0,0,0,0,0,"-","-","WEST SACRAMENTO","YOLO","CA",-121.53928,38.57525
"5862666",-121.516426209,38.571466799,2012,"5704","2","1","4","03",0,1,"A",,,,,,900,10,"C","C","A","RT 50","YOLO/SACRAMENTO CO LINE",100,"W","N","2013-12-18",9280,"2012-10-29",820,"012272",,"1","4","0","1",,"2","011","-","Y","YOL",3,50,"-","-",3.13,"H","-","E","Y",2,"A","-",22350,,"N","A","H","-","A","D","1","Y","A","08",0,0,1,0,0,0,0,0,0,"-","-","WEST SACRAMENTO","YOLO","CA",-121.516,38.57216
"5862662",-121.619928823,38.566874135,2012,"5700","1","6","3","01",0,1,"A",,,,,,600,10,"E","I","A","RT 80","COUNTY ROAD 32A",5280,"E","N","2013-12-18",9280,"2012-10-27",340,"014853",,"3","9","0","1",,"2","010","-","Y","YOL",3,80,"-","-",6.8,"H","-","W","Y",1,"A","-",23152,"A","N","A","H","-","C","D","1","Y","A","01",0,1,0,0,0,0,0,0,0,"-","-","UNINCORPORATED","YOLO","CA",-121.61841,38.5671
"5862658",-121.578933095,38.574180409,2012,"5704","1","6","4","03",0,2,"A",,,,,,1800,10,"C","C","A","RT 80","ENTERPRISE BL",200,"W","N","2013-12-18",9280,"2012-10-27",1720,"015128",,"2","4","0","1",,"2","010","-","Y","YOL",3,80,"-","-",9.14,"H","-","W","Y",2,"A","-",22350,,"N","A","H","-","A","D","1","Y","A","01",0,0,2,0,0,0,0,0,0,"-","-","WEST SACRAMENTO","YOLO","CA",-121.57838,38.57439
"5862654",-121.888363398,38.5615466949,2012,"5700","5","7","3","08",0,2,"A",,,,,"Y",600,10,"E","I","A","CO RD 31","CO RD 95",8448,"W","N","2013-12-18",9280,"2012-10-14",335,"015079",,"3","9","0","3",,"2","003","-","N",,0,0,,,0,,,,"Y",1,"A","-",22107,,"N","A","H","-","D","-","0","Y","A","01",0,2,0,0,0,0,0,0,0,"-","-","UNINCORPORATED","YOLO","CA",-121.88994,38.5616
"5862650",-121.654281829,38.560564719,2012,"5700","1","5","4","08",0,1,"B",,,,,,2400,10,"E","I","A","RT 80","COUNTY ROAD 32B",4224,"W","N","2013-12-18",9280,"2012-10-12",2254,"014853",,"3","9","0","1",,"2","010","-","Y","YOL",3,80,"-","-",4.98,"H","-","E","Y",1,"A","-",22107,,"N","A","H","-","C","D","1","Y","A","01",0,0,1,0,0,0,0,0,0,"-","-","UNINCORPORATED","YOLO","CA",-121.66806,38.55855
"5862646",-121.858043185,38.676075104,2012,"5700","3","3","4","01",0,2,"A",,,,,"Y",2100,10,"D","C","A","RT 16","COUNTY ROAD 95",0,,"Y","2013-12-18",9280,"2012-10-10",2010,"016027",,"2","9","0","1",,"1","024","-","Y","YOL",3,16,"-","-",37.524,"I","5","E","Y",2,"A","-",23152,"A","N","A","H","-","D","D","0","Y","A","01",0,0,2,0,0,0,0,0,0,"-","-","UNINCORPORATED","YOLO","CA",-121.85797,38.67608
"5862642",-121.560595993,38.575252727,2012,"5704","2","3","4","03",0,1,"A",,,,,,1200,10,"C","C","A","RT 50","RT 80 FLY OVER",20,"E","N","2013-12-18",9280,"2012-10-03",935,"016527",,"1","4","0","1",,"2","011","-","Y","YOL",3,50,"-","-",0.46,"H","-","E","Y",2,"A","-",22350,,"N","A","H","-","A","D","1","Y","A","01",0,0,1,0,0,0,0,0,0,"-","-","WEST SACRAMENTO","YOLO","CA",-121.5292,38.5806
"5861093",-121.73190315,38.542935102,2012,"5701","0","5","4","03",0,1,"A",,"Y",,,,2400,11,"H","I","A","RICHARDS BL","RT 80",0,,"Y","2013-12-31",5701,"2012-11-02",2235,"98","8","5","5","0","0",,"0","004","-","Y","YOL",3,80,"-","-",0.451,"R","4","E","N",1,"A","-",22350,,"N","A","H","-","C","A","0","Y","L","04",0,0,1,0,0,0,1,0,0,"-","EO","DAVIS","YOLO","CA",0,0
"5861089",-121.694143106,38.5565150142,2012,"5701","0","1","4","03",0,2,"A",,,,,,900,11,"C","C","A","2ND ST","MACE BL",0,,"Y","2013-12-31",5701,"2012-11-05",850,"106","7","5","5","0","0",,"0","003","-","N",,0,0,,,0,,,,"N",2,"A","-",22350,,"N","A","H","-","A","D","0","Y","A","01",0,0,2,0,0,0,0,0,0,"-","-","DAVIS","YOLO","CA",0,0
"5859505",-121.515016136,38.5901616247,2012,"5704","0","2","3","11",0,1,"A","Y",,,,,2100,9,"G","B","D","WILLIAMS ST","6TH ST",300,"W","N","2014-03-25",5704,"2012-09-18",1829,"00142",,"5","4","0","0",,"0",,"-","Y",,0,0,,,0,,,,"N",2,"A","-",21955,,"N","A","G","-","A","D","0","Y","N","60",0,1,0,0,1,0,0,0,0,"-","-","WEST SACRAMENTO","YOLO","CA",0,0
"5859108",-121.563782824,38.576568086,2012,"5700","1","6","4","03",0,1,"A",,,,,,1200,9,"C","C","A","RT 80","REED AV",4224,"W","N","2013-12-13",9280,"2012-09-29",1130,"13927",,"1","9","0","1",,"2","010","-","Y","YOL",3,80,"-","R",10.41,"H","-","W","Y",3,"A","-",22350,,"N","A","H","-","A","D","1","Y","A","07",0,0,1,0,0,0,0,0,0,"-","-","UNINCORPORATED","YOLO","CA",-121.56024,38.57978
"5859104",-121.629291505,38.564988506,2012,"5700","1","2","4","07",0,1,"A",,,,,,900,9,"C","C","A","RT 80","WEBSTER RD",2640,"E","N","2013-12-13",9280,"2012-09-11",600,"17772",,"1","9","0","1",,"2","010","-","Y","YOL",3,80,"-","-",6.3,"H","-","E","Y",2,"A","-",21658,"A","N","A","H","-","C","D","1","Y","A","01",0,0,1,0,0,0,0,0,0,"-","-","UNINCORPORATED","YOLO","CA",-121.62979,38.56485
"5859015",-121.51723069,38.572600008,2012,"5704","2","5","4","03",0,1,"B",,,,,,1500,9,"C","C","A","RT 50","SACRAMENTO/YOLO CO LINE",1056,,"N","2013-12-11",9280,"2012-09-21",1448,"016632",,"2","4","0","1",,"2","011","-","Y","YOL",3,50,"-","-",2.95,"H","-","W","Y",2,"A","-",22350,,"N","A","H","-","A","D","1","Y","A","07",0,0,1,0,0,0,0,0,0,"-","-","WEST SACRAMENTO","YOLO","CA",-121.51728,38.57289
"5859011",-121.684438802,38.555175077,2012,"5701","1","7","3","03",0,1,"A",,,,,,900,9,"E","J","A","RT 80","MACE BL",2640,"E","N","2013-12-11",9280,"2012-09-23",617,"016351",,"1","5","0","1",,"2","010","-","Y","YOL",3,80,"-","-",3.18,"H","-","E","Y",1,"A","-",22350,,"N","A","C","-","D","D","1","Y","A","07",0,1,0,0,0,0,0,0,0,"-","-","DAVIS","YOLO","CA",-121.68818,38.55542
"5859007",-121.544193123,38.574945119,2012,"5704","2","2","3","08",0,1,"A",,,"Y",,,2400,9,"E","I","A","RT 50","HARBOR BL",35,"E","N","2013-12-11",9280,"2012-09-25",2120,"016010",,"2","4","0","1",,"2","011","-","Y","YOL",3,50,"-","-",1.342,"R","3","E","Y",1,"A","-",22107,,"N","A","H","-","C","D","1","Y","C","02",0,1,0,0,0,0,0,0,1,"-","-","WEST SACRAMENTO","YOLO","CA",-121.54841,38.57344
"5858820",-121.758926617,38.5460137865,2012,"5701","0","3","3","21",0,1,"A",,"Y",,,,2100,2,"D","G","A","LA RUE RD","RUSSELL BL",82,"S","N","2013-07-17",5701,"2012-02-15",2015,"1031","ULD","5","5","0","0",,"0",,"-","N",,0,0,,,0,,,,"N",2,"A","-",22106,,"N","A","H","-","D","D","0","Y","A","01",0,1,0,0,0,0,1,0,0,"-","-","DAVIS","YOLO","CA",0,0
"5858812",-121.760917206,38.5391545651,2012,"5701","0","5","4","03",0,1,"A",,,,,,900,2,"C","C","A","LA RUE RD","HUTCHISON RD",29,"N","N","2013-07-18",5701,"2012-02-17",854,"1064","UCDAV","5","5","0","0",,"0",,"-","N",,0,0,,,0,,,,"N",2,"A","-",22350,,"N","A","H","-","A","A","0","Y","-","-",0,0,1,0,0,0,0,0,0,"-","-","DAVIS","YOLO","CA",0,0
"5858602",-121.970233108,38.5241750021,2012,"5702","0","1","4","09",0,1,"A",,,,,,1800,7,"D","C","A","RAILROAD AV","BAKER ST",0,,"Y","2013-10-19",5702,"2012-07-02",1618,"527","B","5","2","0","0",,"0","00B","-","N",,0,0,,,0,,,,"Y",2,"A","-",21801,"A","N","A","H","-","A","D","0","Y","-","-",0,0,1,0,0,0,0,0,0,"-","-","WINTERS","YOLO","CA",0,0
"5857575",-121.745995782,38.5507166433,2012,"5701","0","1","3","03",0,1,"A",,"Y",,,,900,10,"H","I","A","8TH ST","B ST",100,"E","N","2013-12-19",5701,"2012-10-08",755,"92","4","5","5","0","0",,"0","002","-","N",,0,0,,,0,,,,"N",1,"A","-",22350,,"N","A","H","-","A","D","0","Y","L","04",0,1,0,0,0,0,1,0,0,"-","-","DAVIS","YOLO","CA",0,0
"5857574",-121.744421448,38.5467530157,2012,"5701","0","2","3","18",0,1,"A",,"Y",,,,1200,10,"H","A","A","5TH ST","C ST",20,"W","N","2013-12-19",5701,"2012-10-02",930,"56","4","5","5","0","0",,"0","002","-","N",,0,0,,,0,,,,"N",1,"C","-",0,,"N","A","H","-","A","A","0","Y","-","-",0,1,0,0,0,0,1,0,0,"-","-","DAVIS","YOLO","CA",0,0
"5857573",-121.694382804,38.5506571646,2012,"5701","0","1","4","08",0,1,"A",,,,,,900,10,"E","I","A","MACE BL","CHILES RD",70,"N","N","2013-12-19",5701,"2012-10-08",727,"106","7","5","5","0","0",,"0","003","-","N",,0,0,,,0,,,,"Y",1,"A","-",22107,,"N","A","H","-","A","D","0","Y","A","01",0,0,1,0,0,0,0,0,0,"-","-","DAVIS","YOLO","CA",0,0
"5857572",-121.734423149,38.548445005,2012,"5701","0","1","3","22",0,1,"A",,"Y",,,,1500,10,"H","G","A","L ST","5TH ST",0,,"Y","2013-12-19",5701,"2012-10-15",1430,"92","5","5","5","0","0",,"0","002","-","N",,0,0,,,0,,,,"N",2,"B","-",0,,"N","A","H","-","A","D","0","Y","-","-",0,1,0,0,0,0,1,0,0,"-","-","DAVIS","YOLO","CA",0,0
"5855670",0,0,2012,"5701","0","2","3","09",0,1,"A",,"Y",,,,900,9,"D","G","A","CRYSTAL GROVE LN","CAPE COD CT",5,"E","N","2013-12-12",5701,"2012-09-11",755,"88","1","5","5","0","0",,"0","001","-","N",,0,0,,,0,,,,"N",2,"A","-",21804,,"N","A","H","-","A","D","0","Y","L","04",0,1,0,0,0,0,1,0,0,"-","-","DAVIS","YOLO","CA",0,0
"5855669",-121.741033099,38.5473549642,2012,"5701","0","3","4","09",0,1,"A",,"Y",,,,2100,9,"H","G","A","5TH ST","F ST",0,,"Y","2013-12-12",5701,"2012-09-26",2055,"101","4","5","5","0","0",,"0","002","-","N",,0,0,,,0,,,,"Y",2,"A","-",21801,"A","N","A","H","-","C","A","0","Y","L","04",0,0,1,0,0,0,1,0,0,"-","-","DAVIS","YOLO","CA",0,0
"5854803",-121.762255633,38.5483830586,2012,"5701","0","5","2","05",0,1,"A",,"Y",,,"Y",300,10,"F","G","A","SYCAMORE","WAKE FOREST DR",25,"S","N","2013-12-16",5701,"2012-10-05",43,"105","2","5","5","0","0",,"0","001","-","N",,0,0,,,0,,,,"Y",2,"A","-",21650,,"N","A","H","-","C","D","0","Y","L","04",1,0,0,0,0,0,1,0,0,"-","-","DAVIS","YOLO","CA",-121.75947,38.54766
"5854800",-121.764333571,38.5621405801,2012,"5701","0","2","4","08",0,1,"A","Y",,,,,1200,10,"G","B","F","SYCAMORE LN","ALVARADO AV",200,"N","N","2013-12-16",5701,"2012-10-30",915,"92","3","5","5","0","0",,"0","001","-","N",,0,0,,,0,,,,"N",2,"A","-",22107,,"N","A","H","-","A","D","0","Y","-","-",0,0,1,0,1,0,0,0,0,"-","-","DAVIS","YOLO","CA",0,0
"5853765",-121.721217143,38.673885119,2012,"5703","1","1","4","08",0,1,"A",,,,,,2400,11,"E","I","A","RT 5","COUNTY ROAD 102",1715,"S","N","2014-01-14",9280,"2012-11-26",2125,"017800",,"2","4","0","1",,"2","020","-","Y","YOL",3,5,"-","-",5.21,"H","-","N","Y",1,"A","-",22107,,"N","A","H","-","D","D","1","Y","D","22",0,0,1,0,0,0,0,0,0,"-","-","WOODLAND","YOLO","CA",0,0
"5853693",-121.523670332,38.577010005,2012,"5704","2","5","4","03",0,1,"B",,,,,,600,11,"E","I","A","RT 50","JEFFERSON BL",150,"W","N","2014-01-08",9280,"2012-11-30",505,"014306",,"3","4","0","1",,"2","011","C","Y","YOL",3,50,"-","-",2.47,"H","-","W","Y",1,"A","-",22350,,"N","B","H","-","B","D","1","Y","D","22",0,0,1,0,0,0,0,0,0,"-","-","WEST SACRAMENTO","YOLO","CA",-121.52155,38.57634
"5853681",-121.541336148,38.574945132,2012,"5704","2","4","4","-",0,1,"B",,,,"Y","Y",1800,11,"C","C","A","RT 50","HARBOR BL",1584,"E","N","2014-01-08",9280,"2012-11-29",1638,"011706",,"2","4","0","1",,"2","011","C","Y","YOL",3,50,"-","-",1.5,"H","-","E","Y",2,"A","-",0,,"N","B","H","-","A","D","1","Y","A","07",0,0,1,0,0,0,0,0,0,"-","-","WEST SACRAMENTO","YOLO","CA",-121.5387,38.5748
"5853382",0,0,2012,"5704","0","5","4","07",0,2,"B",,,,,,1500,11,"C","C","A","TOWER BRIDGE GATEWAY","3RD ST",400,"E","N","2014-01-03",5704,"2012-11-30",1318,"00173","WSPD","5","4","0","0",,"0","001","G","N",,0,0,,,0,,,,"Y",4,"A","-",21658,"A","N","B","H","-","A","D","0","Y","A","01",0,0,2,0,0,0,0,0,0,"-","-","WEST SACRAMENTO","YOLO","CA",0,0
"5852859",-121.736983169,38.5453350175,2012,"5701","0","3","4","09",0,1,"A",,,,,,1800,10,"D","C","A","3RD ST","I ST",0,,"Y","2013-12-21",5701,"2012-10-17",1700,"45","5","5","5","0","0",,"0","002","-","N",,0,0,,,0,,,,"N",2,"A","-",21802,,"N","A","H","-","A","A","0","Y","A","01",0,0,1,0,0,0,0,0,0,"-","-","DAVIS","YOLO","CA",0,0
"5852858",0,0,2012,"5701","0","5","4","12",0,1,"A",,"Y",,,,1200,10,"H","G","A","D ST","1ST ST",3,"S","N","2013-12-21",5701,"2012-10-05",911,"11","4","5","5","0","0",,"0","002","-","N",,0,0,,,0,,,,"N",2,"A","-",21453,"A","N","A","H","-","A","A","0","Y","A","01",0,0,1,0,0,0,1,0,0,"-","-","DAVIS","YOLO","CA",-121.74207,34.54199
"5852857",-121.73190315,38.542935102,2012,"5701","0","3","4","03",0,1,"A",,,,,,900,10,"C","C","A","RICHARDS BL","RT 80",0,,"N","2013-12-24",5701,"2012-10-03",840,"72","8","5","5","0","0",,"0","004","-","Y","YOL",3,80,"-","-",0.451,"R","4","E","N",3,"A","-",22350,,"N","A","H","-","A","D","0","Y","A","01",0,0,1,0,0,0,0,0,0,"-","-","DAVIS","YOLO","CA",0,0
"5852856",-121.749322931,38.5507021694,2012,"5701","0","2","4","08",0,1,"A",,"Y",,,,1500,10,"H","I","A","8TH ST","MILLER DR",100,"W","N","2013-12-21",5701,"2012-10-16",1224,"96","4","5","5","0","0",,"0","002","-","N",,0,0,,,0,,,,"N",2,"A","-",22103,,"N","A","H","-","A","D","0","Y","A","07",0,0,1,0,0,0,1,0,0,"-","-","DAVIS","YOLO","CA",0,0
"5852703",0,0,2012,"5701","0","5","3","01",0,1,"A",,,,,"Y",300,9,"E","I","A","CALAVERAS AV","BARKLEY ST",100,"N","N","2013-12-10",5701,"2012-09-28",247,"104","1","5","5","0","0",,"0","001","-","N",,0,0,,,0,,,,"Y",1,"A","-",23152,"A","N","A","H","-","C","D","0","Y","A","01",0,1,0,0,0,0,0,0,0,"-","-","DAVIS","YOLO","CA",-121.76935,38.56714
"5852702",-121.781533207,38.5536550057,2012,"5701","0","4","3","05",0,1,"A",,"Y",,,,1800,9,"F","G","A","ARLINGTON BL","SHASTA DR",0,,"Y","2013-12-10",5701,"2012-09-20",1530,"105","1","5","5","0","0",,"0","001","-","N",,0,0,,,0,,,,"N",2,"A","-",21650,"1","N","A","H","-","A","A","0","Y","L","04",0,1,0,0,0,0,1,0,0,"-","-","DAVIS","YOLO","CA",0,0
"5852575",-121.774763064,38.5505649748,2012,"5701","0","3","3","00",0,1,"A",,"Y",,,,2400,8,"A","G","A","COOLIDGE ST","CALAVERAS AV",0,,"Y","2013-11-22",5701,"2012-08-15",2220,"105","1","5","5","0","0",,"0","001","-","N",,0,0,,,0,,,,"N",2,"D","-",0,,"N","A","H","-","C","D","0","Y","-","-",0,1,0,0,0,0,1,0,0,"-","-","DAVIS","YOLO","CA",0,0
"5852566",-121.758713065,38.5489049592,2012,"5701","0","3","3","09",0,1,"A",,,"Y",,,2100,8,"F","A","A","ANDERSON RD","SUNSET CT",0,,"Y","2013-11-23",5701,"2012-08-22",2025,"105","2","5","5","0","0",,"0","001","-","N",,0,0,,,0,,,,"N",2,"A","-",21802,"A","N","A","H","-","C","A","0","Y","A","01",0,1,0,0,0,0,0,0,1,"-","-","DAVIS","YOLO","CA",0,0