"CASEID","POINT_X","POINT_Y","YEAR_","LOCATION","CHPTYPE","DAYWEEK","CRASHSEV","VIOLCAT","KILLED","INJURED","WEATHER1","PEDCOL","BICCOL","MCCOL","TRUCKCOL","ETOH","TIMECAT","MONTH_","CRASHTYP","INVOLVE","PED","PRIMARYRD","SECONDRD","DISTANCE","DIRECT","INTERSECT_","PROCDATE","JURIS","DATE_","TIME_","BADGE","JURIDIST","SHIFT","POP","SPECIAL","BEATTYPE","LAPDDIV","BEATCLAS","BEATNUMB","WEATHER2","STATEHW","CALTRANC","CALTRAND","STROUTE","ROUTESUF","POSTPRE","POSTMILE","LOCATYPE","RAMP","SIDEHW","TOWAWAY","PARTIES","PCF","VIOLCODE","VIOL","VIOLSUB","HITRUN","ROADSURF","RDCOND1","RDCOND2","LIGHTING","RIGHTWAY","CHPRDTYP","NOTPRIV","STFAULT","CHPFAULT","SEVINJ","OTHERINJ","COP","PEDKILL","PEDINJ","BICKILL","BICINJ","MCKILL","MCINJURE","RAMP1","RAMP2","CITY","COUNTY","STATE","X_CHP","Y_CHP"
"5848165",-121.772646149,38.5607739243,2012,"5701","0","6","4","03",0,1,"A",,,,,,1200,9,"C","C","A","SHASTA DR","COVELL BL",15,"S","N","2013-12-11",5701,"2012-09-22",918,"88","1","5","5","0","0",,"0","001","-","N",,0,0,,,0,,,,"N",2,"A","-",22350,,"N","A","H","-","A","A","0","Y","A","01",0,0,1,0,0,0,0,0,0,"-","-","DAVIS","YOLO","CA",-121.76935,38.56714
"5848160",-121.758583204,38.5562049496,2012,"5701","0","4","4","09",0,1,"A",,"Y",,,,2400,9,"H","G","A","ANDERSON RD","VILLANOVA DR",0,,"Y","2013-12-10",5701,"2012-09-27",2110,"89","2","5","5","0","0",,"0","001","-","N",,0,0,,,0,,,,"N",2,"A","-",21800,,"N","A","H","-","E","A","0","Y","A","07",0,0,1,0,0,0,1,0,0,"-","-","DAVIS","YOLO","CA",-121.75735,38.55938
"5847335",-121.514233105,38.5885050706,2012,"5704","0","3","4","03",0,2,"A",,,,,,1200,10,"C","C","A","C ST","6TH ST",0,,"Y","2013-12-17",5704,"2012-10-03",1145,"00165",,"5","4","0","0",,"0","001","-","N",,0,0,,,0,,,,"N",2,"A","-",22350,,"N","A","H","-","A","D","0","Y","A","01",0,0,2,0,0,0,0,0,0,"-","-","WEST SACRAMENTO","YOLO","CA",0,0
"5847331",-121.541637616,38.5912124095,2012,"5704","0","3","4","08",0,1,"A",,,,,,1800,10,"B","C","A","SACRAMENTO AV","SOLANO ST",450,"W","N","2013-12-17",5704,"2012-10-10",1602,"00158",,"5","4","0","0",,"0","001","-","N",,0,0,,,0,,,,"N",2,"A","-",22107,,"N","A","H","-","A","D","0","Y","A","01",0,0,1,0,0,0,0,0,0,"-","-","WEST SACRAMENTO","YOLO","CA",0,0
"5847252",-121.736457531,38.5522682691,2012,"5701","0","5","3","03",0,1,"A",,,,,,600,11,"E","I","A","8TH ST","L ST",528,"W","-","2014-01-06",5701,"2012-11-23",310,"100","5","5","5","0","0",,"0","002","-","N",,0,0,,,0,,,,"Y",1,"A","-",22350,,"N","A","H","-","C","D","0","Y","D","23",0,1,0,0,0,0,0,0,0,"-","-","DAVIS","YOLO","CA",0,0
"5847107",-121.998705362,38.514884693,2012,"5700","3","4","4","05",0,1,"B",,,,,,900,11,"B","C","A","RT 128","COUNTY ROAD 87",0,,"Y","2014-01-08",9280,"2012-11-15",750,"16527",,"1","9","0","1",,"2","032","-","Y","YOL",3,128,"-","-",7.07,"H","-","E","Y",2,"A","-",21752,"D","N","A","H","-","A","D","0","Y","D","22",0,0,1,0,0,0,0,0,0,"-","-","UNINCORPORATED","YOLO","CA",-121.0597,38.4029
"5847078",-121.765593208,38.6683349838,2012,"5703","0","7","4","12",0,1,"A",,,,,,1500,11,"D","C","A","EAST ST","GUM AV",0,,"Y","2014-01-16",5703,"2012-11-11",1220,"865","14","5","4","0","0",,"0","001","-","N",,0,0,,,0,,,,"N",2,"A","-",21453,"A","N","A","H","-","A","A","0","Y","A","08",0,0,1,0,0,0,0,0,0,"-","-","WOODLAND","YOLO","CA",0,0
"5845548",-121.748973091,38.5507050103,2012,"5701","0","7","3","09",0,4,"A",,,,,,1500,11,"D","C","A","8TH ST","MILLER DR",0,,"Y","2014-01-02",5701,"2012-11-04",1259,"94","4","5","5","0","0",,"0","002","-","Y",,0,0,,,0,,,,"N",2,"A","-",21802,"A","N","A","H","-","A","A","0","Y","A","81",0,1,3,0,0,0,0,0,0,"-","-","DAVIS","YOLO","CA",0,0
"5844144",-121.549703156,38.5394550687,2012,"5704","0","1","3","05",0,1,"A",,"Y",,,,1500,11,"D","G","A","JEFFERSON BL","LINDEN RD",0,"N","N","2013-12-31",5704,"2012-11-05",1400,"00158",,"5","4","0","0",,"0","003","-","N",,0,0,,,0,,,,"N",2,"A","-",21650,"1","N","A","H","-","A","A","0","Y","L","04",0,1,0,0,0,0,1,0,0,"-","-","WEST SACRAMENTO","YOLO","CA",0,0
"5842796",-121.524388894,38.5748922344,2012,"5704","0","2","4","03",0,1,"A",,,,,,1800,11,"C","C","A","JEFFERSON BL","WEBSTER ST",50,"S","N","2014-01-10",5704,"2012-11-13",1715,"00165",,"5","4","0","0",,"0","002","-","N",,0,0,,,0,,,,"Y",3,"A","-",22350,,"N","A","H","-","C","D","0","Y","D","22",0,0,1,0,0,0,0,0,0,"-","-","WEST SACRAMENTO","YOLO","CA",0,0
"5840399",0,0,2012,"5704","0","7","3","05",0,1,"A",,,,,,1800,9,"E","I","A","SOUTHPORT PKWY","LAKE WASHINGTON",1000,"S","N","2014-03-17",5704,"2012-09-09",1540,"00161",,"5","4","0","0",,"0","003","-","N",,0,0,,,0,,,,"Y",2,"A","-",21650,,"N","A","H","-","A","D","0","Y","A","01",0,1,0,0,0,0,0,0,0,"-","-","WEST SACRAMENTO","YOLO","CA",0,0
"5840135",-121.79337537,38.6734145104,2012,"5703","0","3","4","03",0,3,"A",,,,,,1800,10,"C","C","A","COTTONWOOD ST","FARRELL ST",124,"S","N","2013-12-21",5703,"2012-10-03",1536,"862","72","5","4","0","0",,"0","003","-","N",,0,0,,,0,,,,"Y",3,"A","-",22350,,"N","A","H","-","A","D","0","Y","A","01",0,0,3,0,0,0,0,0,0,"-","-","WOODLAND","YOLO","CA",0,0
"5840094",-121.790138644,38.6882228632,2012,"5703","0","6","2","01",0,1,"A",,,,,"Y",300,10,"E","I","A","MARIPOSA ST","WEST WOODLAND AV",70,"S","N","2014-03-18",5703,"2012-10-06",228,"875","64","5","4","0","0",,"0","002","-","N",,0,0,,,0,,,,"Y",1,"A","-",23152,"A","F","A","H","-","C","D","0","Y","A","01",1,0,0,0,0,0,0,0,0,"-","-","WOODLAND","YOLO","CA",0,0
"5839290",-121.742383151,38.6627350567,2012,"5703","0","2","2","08",0,1,"A",,,"Y",,,1500,10,"H","A","A","EAST GIBSON RD","PIONEER AV",0,,"Y","2013-12-23",5703,"2012-10-02",1310,"832","13","5","4","0","0",,"0","004","-","N",,0,0,,,0,,,,"Y",2,"A","-",22107,,"N","A","H","-","A","A","0","Y","A","01",1,0,0,0,0,0,0,0,1,"-","-","WOODLAND","YOLO","CA",0,0
"5839021",-121.694143106,38.5565150142,2012,"5701","0","5","4","03",0,1,"A",,,,,,2100,9,"C","C","A","2ND ST","MACE BL",0,,"Y","2013-12-12",5701,"2012-09-14",1840,"98","7","5","5","0","0",,"0","003","-","N",,0,0,,,0,,,,"N",2,"A","-",22350,,"N","A","H","-","A","A","0","Y","A","01",0,0,1,0,0,0,0,0,0,"-","-","DAVIS","YOLO","CA",0,0
"5838913",-121.55597317,38.5326850513,2012,"5704","0","7","4","03",0,1,"A",,,,,,1500,10,"C","C","A","JEFFERSON BL","GREGORY AV",0,,"Y","2013-12-23",5704,"2012-10-14",1315,"00165",,"5","4","0","0",,"0","003","-","N",,0,0,,,0,,,,"Y",2,"A","-",22350,,"N","A","H","-","A","D","0","Y","A","01",0,0,1,0,0,0,0,0,0,"-","-","WEST SACRAMENTO","YOLO","CA",0,0
"5838909",-121.563693029,38.5420650472,2012,"5704","0","6","3","08",0,1,"A",,,,,,1800,10,"D","C","A","GOLDEN GATE DR","CATALINA ISLAND RD",0,,"Y","2013-12-23",5704,"2012-10-06",1555,"00107",,"5","4","0","0",,"0","003","-","N",,0,0,,,0,,,,"Y",2,"A","-",22107,,"N","A","H","-","A","D","0","Y","A","01",0,1,0,0,0,0,0,0,0,"-","-","WEST SACRAMENTO","YOLO","CA",0,0
"5838905",0,0,2012,"5704","0","4","4","03",0,1,"A",,,,,,1800,10,"C","C","A","HARBOR BL","RIVERPOINT CT",0,,"Y","2013-12-23",5704,"2012-10-11",1712,"174",,"5","4","0","0",,"0","001","-","N",,0,0,,,0,,,,"Y",2,"A","-",22350,,"N","A","H","-","A","A","0","Y","A","07",0,0,1,0,0,0,0,0,0,"-","-","WEST SACRAMENTO","YOLO","CA",0,0
"5838901",-121.531687894,38.5557960351,2012,"5704","0","1","3","11",0,1,"A","Y",,,,,900,10,"G","B","C","GATEWAY DR","JEFFERSON BL",474,"E","N","2013-12-23",5704,"2012-10-08",820,"00158",,"5","4","0","0",,"0","003","-","N",,0,0,,,0,,,,"N",2,"A","-",21950,"B","N","A","H","-","A","A","0","Y","N","60",0,1,0,0,1,0,0,0,0,"-","-","WEST SACRAMENTO","YOLO","CA",0,0
"5838810",-121.742073181,38.5513750046,2012,"5701","0","3","4","09",0,1,"A",,"Y",,,,1800,10,"H","G","A","8TH ST","F ST",0,,"Y","2014-01-02",5701,"2012-10-10",1632,"83","4","5","5","0","0",,"0","002","-","N",,0,0,,,0,,,,"N",2,"A","-",21801,"A","N","A","H","-","A","A","0","Y","A","08",0,0,1,0,0,0,1,0,0,"-","-","DAVIS","YOLO","CA",0,0
"5837953",-121.537293076,38.5527150483,2012,"5704","0","2","3","17",0,1,"A",,,"Y",,,900,9,"D","C","A","JEFFERSON BL","LAKE WASHINGTON BL",0,,"Y","2014-03-19",5704,"2012-09-11",830,"158",,"5","4","0","0",,"0","003","-","N",,0,0,,,0,,,,"Y",2,"A","-",21462,,"N","A","H","-","A","A","0","Y","-","-",0,1,0,0,0,0,0,0,1,"-","-","WEST SACRAMENTO","YOLO","CA",0,0
"5837949",-121.540486154,38.5933359219,2012,"5704","0","3","3","05",0,1,"A",,"Y",,,"Y",2100,9,"B","G","A","SOLANO ST","HOBSON AV",528,"N","N","2013-12-11",5704,"2012-09-19",2050,"118",,"5","4","0","0",,"0","001","-","N",,0,0,,,0,,,,"N",2,"A","-",21650,,"F","A","H","-","C","D","0","Y","-","-",0,1,0,0,0,0,1,0,0,"-","-","WEST SACRAMENTO","YOLO","CA",0,0
"5837945",-121.548663129,38.5769250203,2012,"5704","0","4","4","17",0,1,"A",,"Y",,,,1800,9,"D","G","A","HARBOR BL","EVERGREEN AV",0,,"Y","2013-12-11",5704,"2012-09-13",1540,"126",,"5","4","0","0",,"0","002","-","N",,0,0,,,0,,,,"N",2,"A","-",21451,"A","N","A","H","-","A","A","0","Y","A","01",0,0,1,0,0,0,1,0,0,"-","-","WEST SACRAMENTO","YOLO","CA",0,0
"5837941",-121.536973637,38.5800011769,2012,"5704","0","5","3","03",0,1,"A",,,"Y",,,1500,9,"C","C","A","WEST CAPITOL AV","SYCAMORE ST",20,"E","N","2013-12-11",5704,"2012-09-07",1310,"173",,"5","4","0","0",,"0","002","-","N",,0,0,,,0,,,,"Y",2,"A","-",22350,,"N","A","H","-","A","D","0","Y","A","01",0,1,0,0,0,0,0,0,1,"-","-","WEST SACRAMENTO","YOLO","CA",0,0
"5835901",0,0,2012,"5703","0","1","3","12",0,2,"A",,,,,,900,9,"A","C","A","MIELKLE AV","FARMERS CENTRAL RD",0,,"Y","2013-12-11",5703,"2012-09-24",739,"831","4","5","4","0","0",,"0","077","-","N",,0,0,,,0,,,,"Y",2,"A","-",22450,"A","N","A","H","-","A","-","0","Y","A","01",0,1,1,0,0,0,0,0,0,"-","-","WOODLAND","YOLO","CA",0,0
"5835897",-121.774943094,38.6621549701,2012,"5703","0","6","3","03",0,1,"A","Y",,,,,2100,9,"G","B","E","COLLEGE ST","ABBEY PL",0,,"Y","2014-04-28",5703,"2012-09-22",2000,"831","34","5","4","0","0",,"0","004","-","N",,0,0,,,0,,,,"N",2,"A","-",22350,,"N","A","H","-","C","D","0","Y","-","-",0,1,0,0,1,0,0,0,0,"-","-","WOODLAND","YOLO","CA",0,0
"5834766",-121.548663129,38.5769250203,2012,"5704","0","2","4","12",0,1,"A",,,,,"Y",2400,10,"D","C","A","HARBOR BL","EVERGREEN AV",0,,"Y","2013-12-21",5704,"2012-10-02",2201,"00160",,"5","4","0","0",,"0","002","-","N",,0,0,,,0,,,,"Y",2,"A","-",21453,"A","N","A","H","-","C","A","0","Y","A","01",0,0,1,0,0,0,0,0,0,"-","-","WEST SACRAMENTO","YOLO","CA",0,0
"5833073",-121.533993121,38.5791549736,2012,"5704","S","3","4","09",0,3,"A",,,,,,900,10,"D","C","A","POPLAR AV","MERKLEY AV",0,,"Y","2013-12-16",9280,"2012-10-03",746,"016632",,"1","4","1","4",,"2","901","-","N",,0,0,,,0,,,,"Y",2,"A","-",21802,"A","N","A","H","-","A","A","0","Y","A","01",0,0,3,0,0,0,0,0,0,"-","-","WEST SACRAMENTO","YOLO","CA",-121.53392,38.57902
"5833065",-121.527059454,38.5771340707,2012,"5704","2","2","3","03",0,1,"A",,,,"Y",,1800,10,"C","C","A","RT 50","JEFFERSON BL",528,"W","N","2013-12-24",9280,"2012-10-16",1617,"16929",,"2","4","0","1",,"2","011","-","N",,0,0,,,0,,,,"Y",2,"A","-",22350,,"N","A","H","-","A","D","0","Y","A","01",0,1,0,0,0,0,0,0,0,"-","-","WEST SACRAMENTO","YOLO","CA",-121.52788,38.57705
"5833061",-121.747217427,38.7679645864,2012,"5700","3","3","3","03",0,1,"B",,,,"Y",,1200,10,"E","I","A","COUNTY ROAD 101","COUNTY ROAD 15",1584,"N","N","2013-12-24",9280,"2012-10-31",1030,"17772",,"1","9","0","1",,"2","023","-","N",,0,0,,,0,,,,"Y",1,"A","-",22350,,"N","A","A","-","A","D","0","Y","F","26",0,1,0,0,0,0,0,0,0,"-","-","UNINCORPORATED","YOLO","CA",-121.7472,38.76692
"5831920",-121.751343168,38.670255111,2012,"5703","0","1","4","10",0,1,"A","Y",,,,,900,9,"A","B","B","EAST MAIN ST","RT 113",0,,"Y","2013-12-11",5703,"2012-09-24",745,"847","11","5","4","0","0",,"0","001","-","Y","YOL",3,113,"-","R",9.891,"R","3","S","N",2,"A","-",21950,"A","N","A","H","-","A","A","0","Y","A","01",0,0,1,0,1,0,0,0,0,"-","SO","WOODLAND","YOLO","CA",0,0
"5831906",-121.751730222,38.6773050682,2012,"5703","0","3","4","09",0,1,"A",,,,,,1500,9,"D","C","A","EAST MAIN ST","RT 113",139,"W","N","2014-03-04",5703,"2012-09-26",1415,"847","11","5","4","0","0",,"0","001","-","Y",,0,0,,,0,,,,"Y",2,"A","-",21804,"A","N","A","H","-","A","D","0","Y","A","01",0,0,1,0,0,0,0,0,0,"-","-","WOODLAND","YOLO","CA",0,0
"5830873",0,0,2012,"5700","5","7","4","06",0,2,"A",,,,,,1200,10,"C","C","A","COUNTY ROAD 87","COUNTY ROAD 16",2640,"S","N","2013-12-27",9280,"2012-10-28",920,"012272",,"1","9","0","3",,"2","003","-","N",,0,0,,,0,,,,"Y",2,"A","-",21750,,"N","A","H","-","A","D","0","Y","D","22",0,0,2,0,0,0,0,0,0,"-","-","UNINCORPORATED","YOLO","CA",-122.00742,38.74443
"5830853",-121.742278559,38.792697702,2012,"5700","3","3","3","08",0,2,"A",,,,"Y",,1800,10,"A","C","A","RT 113","COUNTY ROAD 102",4224,"S","N","2013-12-24",9280,"2012-10-10",1700,"016665",,"2","9","0","1",,"2","023","-","Y","YOL",3,113,"-","-",20.4,"H","-","N","Y",2,"A","-",22107,,"N","A","H","-","A","D","0","Y","D","22",0,2,0,0,0,0,0,0,0,"-","-","UNINCORPORATED","YOLO","CA",-121.74443,38.79272
"5830837",-121.719836227,38.801917316,2012,"5700","3","2","3","-",0,2,"A",,,,"Y",,2100,9,"E","J","A","RT 113","3RD ST",264,"N","N","2014-03-26",9280,"2012-09-25",2014,"016929",,"2","9","0","1",,"2","023","-","Y","YOL",3,113,"-","-",22.03,"H","-","S","Y",2,"-","-",0,,"N","A","H","-","C","D","0","Y","-","-",0,2,0,0,0,0,0,0,0,"-","-","UNINCORPORATED","YOLO","CA",-121.71993,38.80221
"5830801",-121.720316675,38.7345840418,2012,"5700","5","6","3","08",0,1,"A",,,,"Y",,1500,10,"F","A","A","COUNTY ROAD 17","COUNTY ROAD 102",2640,"E","N","2013-12-23",9280,"2012-10-20",1420,"16527",,"2","9","0","3",,"2","002","-","N",,0,0,,,0,,,,"N",1,"A","-",22107,,"N","A","H","-","A","D","0","Y","F","26",0,1,0,0,0,0,0,0,0,"-","-","UNINCORPORATED","YOLO","CA",-121.71524,38.73463
"5824800",-121.737643011,38.538257716,2012,"5701","1","6","4","03",0,1,"A",,,,,,2100,9,"C","C","A","RT 80","RICHARDS BL",792,"W","N","2013-12-06",9280,"2012-09-01",1922,"011706",,"2","5","0","1",,"2","010","-","Y","YOL",3,80,"-","-",0.08,"H","-","E","N",3,"A","-",22350,,"N","A","D","-","A","D","1","Y","A","01",0,0,1,0,0,0,0,0,0,"-","-","DAVIS","YOLO","CA",-121.7374,38.53852
"5824796",-121.567082139,38.575709278,2012,"5704","2","1","4","03",0,1,"A",,,,,,1500,9,"C","C","A","RT 50","RT 80",528,"E","N","2013-12-06",9280,"2012-09-03",1220,"17772",,"1","4","0","1",,"2","011","-","Y","YOL",3,50,"-","-",0.1,"H","-","W","Y",2,"A","-",22350,,"N","A","H","-","A","D","1","Y","A","01",0,0,1,0,0,0,0,0,0,"-","-","WEST SACRAMENTO","YOLO","CA",-121.56081,38.57548
"5824792",-121.574194418,38.574639902,2012,"5704","1","2","4","07",0,1,"A",,,,,,1800,9,"E","I","A","RT 80","WEST CAPITOL AV",1,"E","N","2013-12-06",9280,"2012-09-04",1645,"11706",,"2","4","0","1",,"2","010","-","Y","YOL",3,80,"-","R",10.2,"H","-","E","Y",2,"A","-",21658,"A","F","A","H","-","A","D","1","Y","-","99",0,0,1,0,0,0,0,0,0,"-","-","WEST SACRAMENTO","YOLO","CA",-121.56165,38.57841
"5824788",-121.670676748,38.673371789,2012,"5700","1","3","3","08",0,1,"A",,,,,,1800,9,"E","I","A","RT 5","OLD RIVER RD",10560,"N","N","2013-12-06",9280,"2012-09-05",1740,"15492",,"2","9","0","1",,"2","020","-","Y","YOL",3,5,"-","-",2.36,"H","-","S","Y",1,"A","-",22107,,"N","A","H","-","A","D","1","Y","A","07",0,1,0,0,0,0,0,0,0,"-","-","UNINCORPORATED","YOLO","CA",-121.63852,38.67184
"5823133",-121.750358091,38.5558450587,2012,"5701","0","5","3","-",0,1,"A","Y",,,,,900,9,"G","B","C","14TH ST","EUREKA AV",50,"W","N","2013-12-03",5701,"2012-09-14",735,"89","4","5","5","0","0",,"0","002","-","N",,0,0,,,0,,,,"N",2,"A","-",0,,"N","A","H","-","A","D","0","Y","A","01",0,1,0,0,1,0,0,0,0,"-","-","DAVIS","YOLO","CA",0,0
"5823021",-121.638576036,38.673189093,2012,"5700","1","1","4","08",0,1,"A",,,,,,2100,9,"E","I","A","RT 5","YOLO BYPASS",1056,"S","N","2014-05-06",9280,"2012-09-10",1929,"17763",,"2","9","0","1",,"2","020","-","Y","YOL",3,5,"-","-",0.65,"H","-","S","Y",1,"A","-",22107,,"N","A","H","-","B","D","1","Y","A","01",0,0,1,0,0,0,0,0,0,"-","-","UNINCORPORATED","YOLO","CA",-121.63734,38.67331
"5823017",-122.122400293,38.709756368,2012,"5700","3","1","3","08",0,1,"A",,,,,,900,9,"E","I","A","RT 16","COUNTY ROAD 80",120,"S","N","2013-12-09",9280,"2012-09-10",745,"15353",,"1","9","0","1",,"2","034","-","Y","YOL",3,16,"-","-",21.4,"H","-","W","Y",1,"A","-",22107,,"N","A","H","-","A","D","0","Y","A","01",0,1,0,0,0,0,0,0,0,"-","-","UNINCORPORATED","YOLO","CA",-122.12184,38.17092
"5822962",-122.022396996,38.6895546404,2012,"5700","5","7","4","03",0,2,"A",,,,,,1200,9,"C","C","A","COUNTY ROAD 21A","COUNTY ROAD 86",34,"E","N","2014-05-05",9280,"2012-09-02",1145,"13927",,"1","9","0","3",,"2","003","-","N",,0,0,,,0,,,,"N",2,"A","-",22350,,"N","A","H","-","A","A","0","Y","A","01",0,0,2,0,0,0,0,0,0,"-","-","UNINCORPORATED","YOLO","CA",-122.02123,38.68951
"5821255",-121.535883042,38.5947050146,2012,"5704","0","3","4","08",0,1,"A","Y",,,,"Y",2400,9,"G","B","E","ANNA ST","MYRTLE AV",0,,"Y","2013-12-05",5704,"2012-09-12",2100,"00174",,"5","4","0","0",,"0","001","-","N",,0,0,,,0,,,,"N",2,"A","-",22107,,"F","A","H","-","D","D","0","Y","A","01",0,0,1,0,1,0,0,0,0,"-","-","WEST SACRAMENTO","YOLO","CA",0,0
"5817530",-121.72948483,38.6275544502,2012,"5700","5","7","4","08",0,1,"A",,"Y",,,,1800,8,"F","A","A","COUNTY ROAD 102","COUNTY ROAD 26A",528,"N","N","2014-02-28",9280,"2012-08-19",1505,"015079",,"2","9","0","3",,"2","002","-","N",,0,0,,,0,,,,"N",1,"A","-",22107,,"N","A","H","-","A","D","0","Y","L","04",0,0,1,0,0,0,1,0,0,"-","-","UNINCORPORATED","YOLO","CA",-121.72931,38.62799
"5811624",-121.760923186,38.5390750366,2012,"5701","0","4","4","08",0,1,"A",,"Y",,,,2100,10,"D","G","A","HUTCHISON RD","LA RUE WY",0,,"Y","2013-12-31",5701,"2012-10-04",1800,"1023","UCDAV","5","5","0","0",,"0",,"-","Y",,0,0,,,0,,,,"N",2,"A","-",22107,,"N","A","H","-","A","A","0","Y","A","01",0,0,1,0,0,0,1,0,0,"-","-","DAVIS","YOLO","CA",0,0
"5810215",-121.713403334,38.673602319,2012,"5700","1","7","4","03",0,2,"A",,,,,,1500,8,"C","C","A","RT 5","COUNTY ROAD 103",1320,"S","N","2014-05-06",9280,"2012-08-19",1305,"16292",,"1","9","0","1",,"2","020","-","Y","YOL",3,5,"-","-",4.74,"H","-","S","Y",2,"A","-",22350,,"N","A","H","-","A","D","1","Y","A","01",0,0,2,0,0,0,0,0,0,"-","-","UNINCORPORATED","YOLO","CA",-121.7188,38.6737
"5810211",-121.553558241,38.574955119,2012,"5704","2","6","4","01",0,2,"A",,,,,"Y",2100,8,"B","C","A","RT 50","HARBOR BL",2112,"W","N","2013-11-09",9280,"2012-08-11",2002,"16527",,"2","4","0","1",,"2","011","-","Y","YOL",3,50,"-","-",0.8,"H","-","E","Y",2,"A","-",23152,"A","N","A","H","-","B","D","1","Y","A","01",0,0,2,0,0,0,0,0,0,"-","-","WEST SACRAMENTO","YOLO","CA",-121.5533,38.57482
"5810207",-121.561371772,38.578605964,2012,"5700","1","6","4","03",0,3,"A",,,,,,1200,8,"C","C","A","RT 80","WEBSTER",4224,"E","N","2013-11-12",9280,"2012-08-25",930,"16027",,"1","9","0","1",,"2","010","-","Y","YOL",3,80,"-","-",10,"H","-","W","Y",3,"A","-",22350,,"N","A","H","-","A","D","1","Y","A","07",0,0,3,0,0,0,0,0,0,"-","-","UNINCORPORATED","YOLO","CA",-121.6236,38.56661
"5808410",0,0,2012,"5701","0","4","4","03",0,1,"A",,,,,,1800,8,"C","C","A","5TH ST","4TH ST",300,"N","N","2013-11-09",5701,"2012-08-23",1630,"89","4","5","5","0","0",,"0","002","-","N",,0,0,,,0,,,,"N",2,"A","-",22350,,"N","A","H","-","A","D","0","Y","A","01",0,0,1,0,0,0,0,0,0,"-","-","DAVIS","YOLO","CA",-121.741,38.54653
"5808406",-121.752883135,38.5463262141,2012,"5701","0","5","4","03",0,1,"A",,,,,,1800,8,"C","C","A","RUSSELL BL","OAK AV",20,"W","N","2013-11-09",5701,"2012-08-10",1640,"83","3","5","5","0","0",,"0","001","-","N",,0,0,,,0,,,,"N",2,"A","-",22350,,"N","A","H","-","A","A","0","Y","A","01",0,0,1,0,0,0,0,0,0,"-","-","DAVIS","YOLO","CA",-121.75319,38.5461
"5808402",-121.726006848,38.5398981201,2012,"5701","0","2","4","08",0,1,"A",,"Y",,,,2100,8,"H","G","A","COWELL BL","DREW AV",311,"E","N","2013-11-09",5701,"2012-08-07",2015,"22","8","5","5","0","0",,"0","004","-","N",,0,0,,,0,,,,"N",2,"A","-",22107,,"N","A","H","-","A","D","0","Y","L","04",0,0,1,0,0,0,1,0,0,"-","-","DAVIS","YOLO","CA",0,0
"5805840",-121.744647342,38.5426183665,2012,"5701","0","6","3","03",0,1,"A","Y",,,,,2100,10,"G","B","E","2ND ST","B ST",100,"W","N","2013-12-19",5701,"2012-10-06",1934,"83","4","5","5","0","0",,"0","002","-","N",,0,0,,,0,,,,"N",2,"A","-",22350,,"N","A","H","-","C","A","0","Y","D","22",0,1,0,0,1,0,0,0,0,"-","-","DAVIS","YOLO","CA",-121.74055,38.54222
"5803677",-121.785538936,38.5976441464,2012,"5700","5","7","4","08",0,1,"A",,,,,,600,9,"E","I","A","COUNTY ROAD 99","COUNTY ROAD 29",2640,"N","N","2013-12-09",9280,"2012-09-09",405,"017933",,"3","9","0","3",,"2","002","-","N",,0,0,,,0,,,,"Y",1,"A","-",22107,,"N","A","H","-","D","D","0","Y","A","01",0,0,1,0,0,0,0,0,0,"-","-","UNINCORPORATED","YOLO","CA",-121.78546,38.59785
"5803673",-121.527473075,38.4206250262,2012,"5700","3","1","3","03",0,1,"A",,,,,,1500,9,"E","I","A","CLARKSBURG AV","SOUTH RIVER RD",0,,"Y","2014-04-28",9280,"2012-09-17",1305,"017772",,"1","9","0","1",,"2","013","-","N",,0,0,,,0,,,,"Y",1,"A","-",22350,,"N","A","H","-","A","A","0","Y","A","07",0,1,0,0,0,0,0,0,0,"-","-","UNINCORPORATED","YOLO","CA",-121.52719,38.42039
"5803669",-121.720872416,38.546865606,2012,"5701","1","6","3","03",0,2,"A",,,,,,1800,9,"C","C","A","RT 80","POLE LINE RD",1584,"E","N","2013-12-09",9280,"2012-09-15",1545,"015079",,"2","5","0","1",,"2","010","-","Y","YOL",3,80,"-","-",1.19,"H","-","E","Y",2,"A","-",22350,,"N","A","H","-","A","D","1","Y","A","01",0,2,0,0,0,0,0,0,0,"-","-","DAVIS","YOLO","CA",-121.72171,38.54659
"5803665",-122.060969857,38.705931409,2012,"5700","3","1","3","08",0,6,"A",,,,,,1800,9,"B","C","A","RT 16","2ND ST",2112,"W","N","2013-12-09",9280,"2012-09-03",1505,"016144",,"2","9","0","1",,"2","034","-","Y","YOL",3,16,"-","-",24.96,"H","-","E","Y",3,"A","-",22107,,"N","A","H","-","A","D","0","Y","A","01",0,1,5,0,0,0,0,0,0,"-","-","UNINCORPORATED","YOLO","CA",-122.05837,38.70659