"CASEID","POINT_X","POINT_Y","YEAR_","LOCATION","CHPTYPE","DAYWEEK","CRASHSEV","VIOLCAT","KILLED","INJURED","WEATHER1","PEDCOL","BICCOL","MCCOL","TRUCKCOL","ETOH","TIMECAT","MONTH_","CRASHTYP","INVOLVE","PED","PRIMARYRD","SECONDRD","DISTANCE","DIRECT","INTERSECT_","PROCDATE","JURIS","DATE_","TIME_","BADGE","JURIDIST","SHIFT","POP","SPECIAL","BEATTYPE","LAPDDIV","BEATCLAS","BEATNUMB","WEATHER2","STATEHW","CALTRANC","CALTRAND","STROUTE","ROUTESUF","POSTPRE","POSTMILE","LOCATYPE","RAMP","SIDEHW","TOWAWAY","PARTIES","PCF","VIOLCODE","VIOL","VIOLSUB","HITRUN","ROADSURF","RDCOND1","RDCOND2","LIGHTING","RIGHTWAY","CHPRDTYP","NOTPRIV","STFAULT","CHPFAULT","SEVINJ","OTHERINJ","COP","PEDKILL","PEDINJ","BICKILL","BICINJ","MCKILL","MCINJURE","RAMP1","RAMP2","CITY","COUNTY","STATE","X_CHP","Y_CHP"
"5803661",-121.597113835,38.570756648,2012,"5700","1","6","4","08",0,1,"A",,,,,,2400,9,"E","I","A","RT 80","ENTERPRISE BL",5280,"W","N","2013-12-07",9280,"2012-09-29",2255,"017933",,"3","9","0","1",,"2","010","-","Y","YOL",3,80,"-","-",8.18,"H","-","E","Y",1,"A","-",22107,,"N","A","H","-","D","D","1","Y","A","01",0,0,1,0,0,0,0,0,0,"-","-","UNINCORPORATED","YOLO","CA",-121.60272,38.56969
"5803657",-122.085359357,38.704987858,2012,"5700","3","6","3","01",0,1,"A",,,,,"Y",2100,9,"F","A","A","RT 16","COUNTY ROAD 82B",528,"E","N","2013-12-09",9280,"2012-09-29",2040,"016144",,"2","9","0","1",,"2","034","-","Y","YOL",3,16,"-","-",23.62,"H","-","W","Y",1,"A","-",23152,"A","N","A","H","-","D","D","0","Y","A","01",0,1,0,0,0,0,0,0,0,"-","-","UNINCORPORATED","YOLO","CA",-122.08606,38.70474
"5803653",-121.82108318,38.677755107,2012,"5700","3","6","3","09",0,1,"A",,"Y",,,,1800,9,"H","G","A","RT 16","COUNTY ROAD 97",0,,"Y","2013-12-07",9280,"2012-09-08",1740,"016527",,"2","9","0","1",,"1","024","-","Y","YOL",3,16,"-","-",39.558,"I","5","E","N",2,"A","-",21802,"A","N","A","H","-","A","D","0","Y","A","01",0,1,0,0,0,0,1,0,0,"-","-","UNINCORPORATED","YOLO","CA",0,0
"5803649",-121.965409095,38.681490252,2012,"5700","3","1","4","03",0,1,"A",,,,,,2100,9,"C","C","A","RT 16","COUNTY ROAD 89",728,"E","N","2013-12-07",9280,"2012-09-24",1910,"017763",,"2","9","0","1",,"2","034","-","Y","YOL",3,16,"-","-",31.17,"H","-","E","Y",2,"A","-",22350,,"N","A","H","-","D","D","0","Y","A","07",0,0,1,0,0,0,0,0,0,"-","-","UNINCORPORATED","YOLO","CA",-121.96384,38.68123
"5803645",-121.953326669,38.583219783,2012,"5700","1","5","3","18",0,1,"B",,,,,,1200,9,"F","A","A","RT 505","COUNTY ROAD 29A",200,"S","N","2013-12-09",9280,"2012-09-21",1110,"012272",,"1","9","0","1",,"2","031","-","Y","YOL",3,505,"-","-",3.99,"H","-","S","Y",1,"C","-",0,,"N","A","H","-","A","D","1","Y","-","-",0,1,0,0,0,0,0,0,0,"-","-","UNINCORPORATED","YOLO","CA",-121.9535,38.58225
"5803641",-121.687741303,38.554414873,2012,"5701","1","7","3","18",0,1,"A",,,,,,900,9,"E","I","A","RT 80","MACE BL",1584,"E","N","2013-12-09",9280,"2012-09-23",618,"017772",,"1","5","0","1",,"2","010","-","Y","YOL",3,80,"-","-",2.98,"H","-","E","Y",1,"C","-",0,,"N","A","H","-","D","D","1","Y","-","-",0,1,0,0,0,0,0,0,0,"-","-","DAVIS","YOLO","CA",-121.68701,38.55446
"5803637",0,0,2012,"5700","5","6","4","08",0,1,"A",,,,,,1800,9,"E","I","A","COUNTY LINE RD","BROWNING CIR",6336,"W","N","2013-12-09",9280,"2012-09-22",1650,"015492",,"2","9","0","3",,"2","002","-","N",,0,0,,,0,,,,"Y",1,"A","-",22107,,"N","A","B","-","A","D","0","Y","A","01",0,0,1,0,0,0,0,0,0,"-","-","UNINCORPORATED","YOLO","CA",-121.89838,38.92522
"5803636",-121.73476306,38.5528449906,2012,"5701","0","7","4","17",0,4,"A",,,,,,1800,9,"D","D","A","8TH ST","L ST",0,,"Y","2013-12-05",5701,"2012-09-23",1721,"92","5","5","5","0","0",,"0","002","-","N",,0,0,,,0,,,,"Y",2,"A","-",21451,"A","N","A","H","-","A","A","0","Y","A","01",0,0,4,0,0,0,0,0,0,"-","-","DAVIS","YOLO","CA",0,0
"5803629",-121.566910861,38.575856594,2012,"5704","1","7","3","07",0,2,"A",,,"Y",,,1800,9,"C","C","A","RT 80","WEST CAPITOL AV",528,"E","N","2013-12-09",9280,"2012-09-23",1650,"011706",,"2","4","0","1",,"2","010","-","Y","YOL",3,80,"-","R",10.3,"H","-","W","N",2,"A","-",21658,"A","N","A","H","-","A","D","1","Y","C","02",0,1,1,0,0,0,0,0,1,"-","-","WEST SACRAMENTO","YOLO","CA",-121.56034,38.58033
"5803625",-121.631803193,38.564693659,2012,"5700","1","7","4","03",0,2,"A",,,,,,1200,9,"C","C","A","RT 80","WEBSTER RD",1584,"E","N","2013-12-09",9280,"2012-09-23",1040,"017772",,"1","9","0","1",,"2","010","-","Y","YOL",3,80,"-","-",6.1,"H","-","W","Y",2,"A","-",22350,,"N","A","H","-","A","D","1","Y","A","07",0,0,2,0,0,0,0,0,0,"-","-","UNINCORPORATED","YOLO","CA",-121.63217,38.56461
"5802599",-121.548697878,38.5565854766,2012,"5704","0","4","4","03",0,1,"A",,,"Y",,,1800,8,"F","A","A","SOUTHPORT PKWY","LAKE WASHINGTON BL",2324,"W","N","2013-11-14",5704,"2012-08-30",1547,"0173","ESPD","5","4","0","0",,"0","003","-","N",,0,0,,,0,,,,"Y",1,"A","-",22350,,"N","A","H","-","A","D","0","Y","C","02",0,0,1,0,0,0,0,0,1,"-","-","WEST SACRAMENTO","YOLO","CA",0,0
"5801780",-121.777893092,38.6883650353,2012,"5703","0","4","4","09",0,4,"A",,,,,,2100,8,"D","C","A","WALNUT ST","WOODLAND AV",0,,"Y","2014-03-11",5703,"2012-08-23",1854,"808","44","5","4","0","0",,"0","002","-","N",,0,0,,,0,,,,"Y",2,"A","-",21802,"A","N","A","H","-","A","D","0","Y","-","-",0,0,4,0,0,0,0,0,0,"-","-","WOODLAND","YOLO","CA",0,0
"5801354",-121.740673156,38.5460449605,2012,"5701","0","2","3","17",0,1,"A",,"Y",,,,1500,9,"H","G","A","4TH ST","F ST",0,,"Y","2013-12-11",5701,"2012-09-11",1355,"100","4","5","5","0","0",,"0","002","-","N",,0,0,,,0,,,,"N",2,"A","-",22517,,"N","A","H","-","A","D","0","Y","A","01",0,1,0,0,0,0,1,0,0,"-","-","DAVIS","YOLO","CA",0,0
"5800760",-121.737122879,38.538683846,2012,"5701","1","5","4","03",0,1,"A",,,,,,1200,6,"C","-","A","RT 80","RICHARDS BL",400,"W","N","2014-01-09",9280,"2012-06-29",1115,"12272",,"1","5","0","1",,"2","010","-","Y","YOL",3,80,"-","-",0.15,"H","-","E","N",3,"A","-",22350,,"N","A","H","-","A","D","1","Y","A","01",0,0,1,0,0,0,0,0,0,"-","-","DAVIS","YOLO","CA",-121.73763,38.53841
"5798068",-121.839583183,38.677885105,2012,"5700","3","3","4","03",0,1,"A",,,,"Y",,1500,10,"F","A","A","COUNTY ROAD 96","RT 16",90,"N","N","2013-12-16",9280,"2012-10-10",1455,"015492",,"2","9","0","1",,"1","024","-","Y","YOL",3,16,"-","-",38.556,"I","5","W","Y",1,"A","-",22350,,"N","A","H","-","A","D","0","Y","G","25",0,0,1,0,0,0,0,0,0,"-","-","UNINCORPORATED","YOLO","CA",-121.83944,38.67797
"5798032",-122.048840495,38.707415283,2012,"5703","0","1","4","03",0,1,"A",,,,,,1500,10,"C","C","A","RT 16","COUNTY ROAD 85",0,,"Y","2013-12-31",5703,"2012-10-08",1450,"12272",,"5","4","0","0",,"0","034","-","Y","YOL",3,16,"-","-",25.665,"I","5","E","Y",2,"A","-",22350,,"N","A","H","-","A","A","0","Y","D","22",0,0,1,0,0,0,0,0,0,"-","-","WOODLAND","YOLO","CA",-122.04858,38.7073
"5798024",-121.75760227,38.6192206636,2012,"5700","5","4","4","06",0,2,"A",,,,"Y",,1800,9,"D","C","A","COUNTY ROAD 27","RT 113",2640,"E","N","2013-12-17",9280,"2012-09-06",1548,"16527",,"2","9","0","3",,"2","002","-","N",,0,0,,,0,,,,"Y",2,"A","-",21754,,"N","A","H","-","A","D","0","Y","A","01",0,0,2,0,0,0,0,0,0,"-","-","UNINCORPORATED","YOLO","CA",-121.4522,38.379
"5797783",-121.769913154,38.6637349589,2012,"5703","0","3","3","09",0,1,"A",,"Y",,,,1500,8,"B","G","A","COLOMA WY","BUENA TIERRA DR",0,,"Y","2013-11-09",5703,"2012-08-29",1400,"839","14","5","4","0","0",,"0","004","-","N",,0,0,,,0,,,,"N",2,"A","-",21802,"A","N","A","H","-","A","D","0","Y","L","04",0,1,0,0,0,0,1,0,0,"-","-","WOODLAND","YOLO","CA",0,0
"5797757",-121.514043165,38.5824549982,2012,"5704","0","6","4","21",0,1,"A",,"Y",,,,1500,8,"H","G","A","5TH ST","WEST CAPITOL AV",0,,"Y","2013-11-09",5704,"2012-08-18",1322,"125",,"5","4","0","0",,"0","001","-","N",,0,0,,,0,,,,"N",2,"A","-",22106,,"N","A","H","-","A","A","0","Y","A","01",0,0,1,0,0,0,1,0,0,"-","-","WEST SACRAMENTO","YOLO","CA",0,0
"5797186",-121.765153227,38.6959154604,2012,"5703","0","2","3","05",0,1,"A",,,,,,1500,8,"E","J","A","N EAST ST","CHURCHILL DOWNS AV",1056,"S","N","2013-11-16",5703,"2012-08-07",1242,"863","26","5","4","0","0",,"0","001","-","N",,0,0,,,0,,,,"N",2,"A","-",21460,"A","N","A","H","-","A","A","0","Y","A","01",0,1,0,0,0,0,0,0,0,"-","-","WOODLAND","YOLO","CA",0,0
"5796207",-121.542392882,38.57510512,2012,"5704","2","5","4","03",0,2,"A",,,,,,1800,7,"C","C","A","RT 50","HARBOR BL",1320,"E","N","2013-10-22",9280,"2012-07-27",1620,"16527",,"2","4","0","1",,"2","011","-","Y","YOL",3,50,"-","-",1.45,"H","-","W","Y",3,"A","-",22350,,"N","A","H","-","A","D","1","Y","A","01",0,0,2,0,0,0,0,0,0,"-","-","WEST SACRAMENTO","YOLO","CA",-121.3244,38.3447
"5796202",-121.516918837,38.572319597,2012,"5704","2","1","4","03",0,1,"A",,,,,,1800,7,"C","C","A","RT 50","JEFFERSON BL",2640,"E","N","2013-10-22",9280,"2012-07-23",1724,"17763",,"2","4","0","1",,"2","011","-","Y","YOL",3,50,"-","-",3,"H","-","W","Y",5,"A","-",22350,,"N","A","H","-","A","D","1","Y","A","07",0,0,1,0,0,0,0,0,0,"-","-","WEST SACRAMENTO","YOLO","CA",-121.51697,38.57261
"5795953",-121.573499091,38.574751254,2012,"5704","1","2","4","07",0,1,"A",,,,,,2100,8,"B","C","A","RT 80","RT 84",5280,"S","N","2013-11-16",9280,"2012-08-28",1815,"15079",,"2","4","0","1",,"2","010","-","Y","YOL",3,80,"-","R",10.22,"H","-","E","Y",2,"A","-",21658,"A","M","A","H","-","A","D","1","Y","A","08",0,0,1,0,0,0,0,0,0,"-","-","WEST SACRAMENTO","YOLO","CA",-121.55715,38.58421
"5795949",-121.59778938,38.6454180257,2012,"5700","5","4","3","08",0,1,"A",,,,,,600,8,"F","A","A","OLD RIVER RD","COUNTY ROAD 124",7392,"S","N","2013-11-16",9280,"2012-08-30",510,"12873",,"3","9","0","3",,"2","001","-","N",,0,0,,,0,,,,"Y",1,"A","-",22107,,"N","A","H","-","D","D","0","Y","A","01",0,1,0,0,0,0,0,0,0,"-","-","UNINCORPORATED","YOLO","CA",-121.59791,38.64546
"5795945",-121.79308334,38.5904585498,2012,"5700","5","5","3","03",0,1,"A",,"Y",,,,900,8,"B","G","A","COUNTY ROAD 29","COUNTY ROAD 99",2112,"W","N","2013-11-16",9280,"2012-08-31",746,"17375",,"1","9","0","3",,"2","002","-","N",,0,0,,,0,,,,"N",2,"A","-",22350,,"N","A","H","-","A","D","0","Y","A","01",0,1,0,0,0,0,1,0,0,"-","-","UNINCORPORATED","YOLO","CA",-121.79284,38.59042
"5795941",0,0,2012,"5700","5","4","4","08",0,1,"A",,,,,,1800,8,"F","A","A","COUNTY ROAD 99W","COUNTY ROAD 89",500,"N","N","2013-11-16",9280,"2012-08-16",1550,"16527",,"2","9","0","3",,"2","003","-","N",,0,0,,,0,,,,"N",1,"A","-",22107,,"N","A","H","-","A","D","0","Y","A","01",0,0,1,0,0,0,0,0,0,"-","-","UNINCORPORATED","YOLO","CA",-121.58183,38.5311
"5795484",-121.76179687,38.54669969,2012,"5701","0","7","3","10",0,1,"A","Y",,,,,1500,8,"G","B","D","SYCAMORE LN","RUSSELL BL",100,"N","N","2013-11-23",5701,"2012-08-12",1350,"92","2","5","5","0","0",,"0","001","-","N",,0,0,,,0,,,,"N",2,"A","-",21950,"A","N","A","H","-","A","D","0","Y","A","01",0,1,0,0,1,0,0,0,0,"-","-","DAVIS","YOLO","CA",0,0
"5795476",-121.773813263,38.5528644881,2012,"5701","0","1","3","08",0,2,"A",,,,,,2100,8,"D","C","A","HUMBOLDT AV","BARKLEY ST",20,"E","N","2013-11-23",5701,"2012-08-20",1824,"106","1","5","5","0","0",,"0","001","-","N",,0,0,,,0,,,,"N",2,"A","-",22103,,"N","A","H","-","A","D","0","Y","A","01",0,2,0,0,0,0,0,0,0,"-","-","DAVIS","YOLO","CA",-121.78799,38.554
"5795343",-121.767946343,38.545903271,2012,"5701","3","4","3","18",0,1,"A",,,,,,1200,7,"E","I","A","RT 113","RUSSELL BL",180,"S","N","2013-10-19",9280,"2012-07-12",1005,"15353",,"1","5","0","1",,"2","022","-","Y","YOL",3,113,"-","R",1.05,"H","-","N","Y",1,"C","-",0,,"N","A","H","-","A","D","1","Y","-","-",0,1,0,0,0,0,0,0,0,"-","-","DAVIS","YOLO","CA",-121.76844,38.54713
"5795331",-121.555905585,38.586693552,2012,"5700","1","2","4","03",0,2,"A",,,,,,900,7,"C","C","A","RT 80","WEBSTER",7920,"E","N","2013-10-19",9280,"2012-07-31",730,"15353",,"1","9","0","1",,"2","010","-","Y","YOL",3,80,"-","-",10.7,"H","-","W","Y",3,"A","-",22350,,"N","A","H","-","A","D","1","Y","A","01",0,0,2,0,0,0,0,0,0,"-","-","UNINCORPORATED","YOLO","CA",-121.61013,36.56854
"5793860",-121.546893124,38.575115119,2012,"5704","0","7","3","01",0,1,"A",,,,,"Y",2400,9,"C","C","A","HARBOR BL","RT 80",40,"N","N","2014-05-06",5704,"2012-09-02",2320,"161",,"5","4","0","0",,"0","002","-","Y","YOL",3,50,"-","-",1.21,"R","4","W","N",3,"A","-",23152,"A","N","A","H","-","C","A","0","Y","D","22",0,1,0,0,0,0,0,0,0,"-","WF","WEST SACRAMENTO","YOLO","CA",0,0
"5793541",-121.577352791,38.5097920097,2012,"5704","0","3","3","05",0,1,"A",,,,,,1800,8,"F","A","A","JEFFERSON BL","BURROWS AV",960,"S","N","2013-11-13",5704,"2012-08-29",1745,"00165",,"5","4","0","0",,"0","003","-","N",,0,0,,,0,,,,"Y",1,"A","-",21650,,"N","A","H","-","A","D","0","Y","D","22",0,1,0,0,0,0,0,0,0,"-","-","WEST SACRAMENTO","YOLO","CA",0,0
"5793537",0,0,2012,"5704","0","3","4","21",0,1,"A",,,,,,1200,8,"C","C","A","NORTH HARBOR BL","RIVERPOINT CT",0,,"Y","2013-11-13",5704,"2012-08-29",955,"00158",,"5","4","0","0",,"0","001","-","N",,0,0,,,0,,,,"Y",2,"A","-",22106,,"N","A","H","-","A","A","0","Y","D","22",0,0,1,0,0,0,0,0,0,"-","-","WEST SACRAMENTO","YOLO","CA",0,0
"5793412",-121.752813181,38.5463250063,2012,"5701","0","5","3","00",0,1,"A",,"Y",,,,1500,7,"H","J","A","RUSSELL BL","OAK AV",0,,"Y","2013-10-23",5701,"2012-07-20",1339,"72","3","5","5","0","0",,"0","001","-","N",,0,0,,,0,,,,"N",2,"D","-",0,,"N","A","H","-","A","A","0","Y","-","-",0,1,0,0,0,0,1,0,0,"-","-","DAVIS","YOLO","CA",-121.75171,38.54161
"5790527",-121.820918029,38.6632737508,2012,"5700","5","4","4","06",0,1,"A",,"Y",,,,900,8,"B","G","A","COUNTY ROAD 24","COUNTY ROAD 97",70,"E","N","2013-11-30",9280,"2012-08-30",850,"15168",,"1","9","0","3",,"2","002","-","N",,0,0,,,0,,,,"N",2,"A","-",21750,,"N","A","H","-","A","D","0","Y","A","01",0,0,1,0,0,0,1,0,0,"-","-","UNINCORPORATED","YOLO","CA",-121.8211,38.66308
"5790448",-121.736684479,38.5480963521,2012,"5701","0","1","4","03",0,1,"A",,,,,,1200,8,"C","C","A","5TH ST","J ST",15,"W","N","2013-11-23",5701,"2012-08-06",1115,"94","5","5","5","0","0",,"0","002","-","N",,0,0,,,0,,,,"N",2,"A","-",22350,,"N","A","H","-","A","A","0","Y","A","01",0,0,1,0,0,0,0,0,0,"-","-","DAVIS","YOLO","CA",0,0
"5790444",-121.71703633,38.8014220265,2012,"5701","0","5","4","03",0,1,"A",,,,,,1500,8,"C","C","A","H ST","2ND ST",50,"N","N","2013-11-27",5701,"2012-08-10",1425,"50",,"5","5","0","0",,"0",,"-","N",,0,0,,,0,,,,"N",2,"A","-",22350,,"N","A","H","-","A","A","0","Y","-","-",0,0,1,0,0,0,0,0,0,"-","FR","DAVIS","YOLO","CA",0,0
"5790436",-121.694143106,38.5565150142,2012,"5701","0","2","4","03",0,1,"A",,,,,,1800,8,"C","C","A","MACE BL","2ND ST",0,,"Y","2013-11-23",5701,"2012-08-14",1740,"106","7","5","5","0","0",,"0","003","-","N",,0,0,,,0,,,,"N",2,"A","-",22350,,"N","A","H","-","A","A","0","Y","A","01",0,0,1,0,0,0,0,0,0,"-","-","DAVIS","YOLO","CA",-121.69484,38.55668
"5790408",-121.743953096,38.5413450459,2012,"5701","0","5","3","09",0,1,"A",,"Y",,,,1200,8,"H","G","A","1ST ST","B ST",0,,"Y","2013-11-23",5701,"2012-08-03",1022,"11","4","5","5","0","0",,"0","002","-","N",,0,0,,,0,,,,"Y",2,"A","-",21802,"A","N","A","H","-","A","A","0","Y","A","01",0,1,0,0,0,0,1,0,0,"-","-","DAVIS","YOLO","CA",-121.74055,38.54222
"5790404",-121.779083076,38.5505750484,2012,"5701","0","2","4","09",0,2,"A",,,,,,1500,8,"A","C","A","ARLINGTON BL","CALAVERAS AV",0,,"Y","2013-11-23",5701,"2012-08-14",1256,"92","1","5","5","0","0",,"0","001","-","N",,0,0,,,0,,,,"Y",2,"A","-",21801,"A","N","A","H","-","A","A","0","Y","A","01",0,0,2,0,0,0,0,0,0,"-","-","DAVIS","YOLO","CA",0,0
"5790108",-121.944310905,38.62030797,2012,"5700","5","5","4","08",0,1,"A",,,,,,1800,8,"F","A","A","COUNTY ROAD 27","RT 505",2640,"E","N","2013-11-21",9280,"2012-08-17",1545,"16527",,"2","9","0","3",,"2","003","-","N",,0,0,,,0,,,,"Y",1,"A","-",22107,,"N","A","H","-","A","D","0","Y","A","01",0,0,1,0,0,0,0,0,0,"-","-","UNINCORPORATED","YOLO","CA",-121.582,38.5333
"5790104",-121.822511012,38.741423237,2012,"5700","1","5","4","08",0,1,"A",,,,,,2100,8,"E","I","A","RT 5","COUNTY ROAD 17",2112,"N","N","2014-05-06",9280,"2012-08-10",1817,"14853",,"2","9","0","1",,"2","020","-","Y","YOL",3,5,"-","R",12.74,"H","-","S","Y",1,"A","-",22107,,"N","A","H","-","A","D","1","Y","A","01",0,0,1,0,0,0,0,0,0,"-","-","UNINCORPORATED","YOLO","CA",-121.82201,38.74053
"5790100",-121.514574656,38.3965161207,2012,"5700","5","1","3","08",0,1,"A",,,,,,300,8,"E","I","A","SOUTH RIVER RD","COUNTY ROAD 141",4224,"S","N","2013-11-21",9280,"2012-08-13",120,"16010",,"3","9","0","3",,"2","001","-","N",,0,0,,,0,,,,"Y",1,"A","-",22107,,"N","A","H","-","D","D","0","Y","A","01",0,1,0,0,0,0,0,0,0,"-","-","UNINCORPORATED","YOLO","CA",-121.51635,38.40394
"5790092",-121.524010948,38.576898941,2012,"5704","2","7","4","08",0,1,"A",,,,,,300,8,"E","I","A","RT 50","JEFFERSON BL",118,"W","N","2013-11-22",9280,"2012-08-12",43,"16632",,"3","4","0","1",,"2","011","-","Y","YOL",3,50,"-","-",2.48,"H","-","E","Y",1,"A","-",22107,,"N","A","H","-","D","D","1","Y","A","01",0,0,1,0,0,0,0,0,0,"-","-","WEST SACRAMENTO","YOLO","CA",-121.3244,38.3451
"5789918",-121.539528793,38.574941904,2012,"5704","2","1","2","03",0,2,"A",,,,,,2100,8,"C","C","A","RT 50","JEFFERSON BL",4752,"W","N","2013-11-23",9280,"2012-08-06",1851,"017763",,"2","4","0","1",,"2","011","-","Y","YOL",3,50,"-","-",1.6,"H","-","E","Y",2,"A","-",22350,,"N","A","H","-","A","D","1","Y","A","01",1,1,0,0,0,0,0,0,0,"-","-","WEST SACRAMENTO","YOLO","CA",-121.53978,38.57483
"5789914",-122.015564501,38.688751562,2012,"5700","3","4","4","03",0,2,"A",,,,,,900,8,"C","C","A","RT 16","COUNTY ROAD 86A",550,"W","N","2013-11-23",9280,"2012-08-09",840,"012272",,"1","9","0","1",,"2","034","-","Y","YOL",3,16,"-","-",28.39,"H","-","W","Y",2,"A","-",22350,,"N","A","D","-","A","A","0","Y","A","01",0,0,2,0,0,0,0,0,0,"-","-","UNINCORPORATED","YOLO","CA",-121.0157,38.68876
"5789910",-121.922498271,38.675375309,2012,"5700","3","4","4","08",0,1,"A",,,,,,2100,8,"E","I","A","RT 16","RT 505",8448,"E","N","2013-11-23",9280,"2012-08-09",1820,"013469",,"2","9","0","1",,"2","034","-","Y","YOL",3,16,"-","-",33.85,"H","-","E","Y",1,"A","-",22107,,"N","A","H","-","A","D","0","Y","A","01",0,0,1,0,0,0,0,0,0,"-","-","UNINCORPORATED","YOLO","CA",-121.9754,38.67575
"5789906",-121.662753669,38.559393321,2012,"5700","1","1","3","08",0,1,"A",,,,,,1800,8,"E","I","A","RT 80","COUNTY ROAD 32A",6864,"W","N","2013-11-23",9280,"2012-08-06",1619,"017763",,"2","9","0","1",,"2","010","-","Y","YOL",3,80,"-","-",4.48,"H","-","E","Y",1,"A","-",22107,,"N","A","H","-","A","D","1","Y","A","07",0,1,0,0,0,0,0,0,0,"-","-","UNINCORPORATED","YOLO","CA",-121.66209,38.55939
"5789165",-121.756153201,38.6846149898,2012,"5703","0","6","4","-",0,2,"A",,,,,,1200,8,"A","C","A","E BEAMER ST","MATMOR RD",0,,"Y","2014-01-06",5703,"2012-08-18",1010,"887","23","5","4","0","0",,"0","001","-","N",,0,0,,,0,,,,"Y",3,"-","-",0,,"N","A","H","-","A","D","0","Y","-","-",0,0,2,0,0,0,0,0,0,"-","-","WOODLAND","YOLO","CA",0,0
"5788064",-121.773433117,38.6608650577,2012,"5703","0","7","4","-",0,1,"A",,,,,,1800,8,"D","C","A","TRUCKEE WY","PLACER DR",0,,"Y","2013-11-27",5703,"2012-08-26",1732,"838","16","5","4","0","0",,"0","004","-","N",,0,0,,,0,,,,"N",2,"-","-",0,,"N","A","H","-","A","D","0","Y","-","-",0,0,1,0,0,0,0,0,0,"-","-","WOODLAND","YOLO","CA",0,0
"5787430",-121.781900685,38.6775072412,2012,"5703","0","5","3","05",0,1,"A",,"Y",,,,1800,8,"A","G","A","MAIN ST","GRAND AV",172,"E","N","2013-11-23",5703,"2012-08-24",1709,"875","42","5","4","0","0",,"0","003","-","N",,0,0,,,0,,,,"Y",2,"A","-",21650,"1","N","A","H","-","A","D","0","Y","L","04",0,1,0,0,0,0,1,0,0,"-","-","WOODLAND","YOLO","CA",0,0
"5786801",-121.726900348,38.5507118148,2012,"5701","0","7","3","01",0,1,"A",,,,,"Y",600,10,"C","E","A","POLE LINE RD","DIAMETER DR",200,"N","N","2014-04-04",5701,"2012-10-14",317,"104","6","5","5","0","0",,"0","003","-","N",,0,0,,,0,,,,"Y",3,"A","-",23153,"A","N","A","H","-","C","D","0","Y","A","01",0,1,0,0,0,0,0,0,0,"-","-","DAVIS","YOLO","CA",0,0
"5786165",-121.764644029,38.718109711,2012,"5700","3","3","4","09",0,1,"A",,,,,,1500,8,"D","C","A","RT 113","BEST RANCH RD",298,"N","N","2014-03-25",9280,"2012-08-29",1310,"14853",,"1","9","0","1",,"2","023","-","Y","YOL",3,113,"-","-",12.94,"H","-","N","Y",2,"A","-",21801,"A","N","A","H","-","A","D","0","Y","A","07",0,0,1,0,0,0,0,0,0,"-","-","UNINCORPORATED","YOLO","CA",-121.76485,38.71725
"5783642",-121.952793182,38.536555085,2012,"5700","3","3","4","03",0,2,"A",,,,,,1500,8,"C","C","A","RT 128","BUCKEYE RD",402,"W","N","2013-11-26",9280,"2012-08-08",1230,"012272",,"1","9","0","1",,"2","032","-","Y","YOL",3,505,"-","-",0.67,"R","4","N","N",2,"A","-",22350,,"N","A","D","-","A","A","1","Y","A","01",0,0,2,0,0,0,0,0,0,"-","-","UNINCORPORATED","YOLO","CA",-121.9513,38.5319
"5783638",0,0,2012,"5700","5","3","4","08",0,1,"A",,,,,,1500,8,"E","I","A","COUNTY ROAD 98","YOLO CO LINE",1584,"N","N","2013-11-26",9280,"2012-08-01",1340,"017375",,"1","9","0","3",,"2","002","-","N",,0,0,,,0,,,,"N",1,"A","-",22107,,"N","A","H","-","A","D","0","Y","A","01",0,0,1,0,0,0,0,0,0,"-","-","UNINCORPORATED","YOLO","CA",-121.80334,38.53286
"5782089",-121.752713199,38.5507250529,2012,"5701","0","2","3","12",0,1,"A",,"Y",,,,1500,7,"H","G","A","OAK AV","8TH ST",0,,"Y","2014-04-28",5701,"2012-07-31",1312,"94","4","5","5","0","0",,"0","002","-","N",,0,0,,,0,,,,"N",2,"A","-",21453,"A","N","A","H","-","A","A","0","Y","A","01",0,1,0,0,0,0,1,0,0,"-","-","DAVIS","YOLO","CA",0,0
"5782085",-121.727373065,38.5533749895,2012,"5701","0","1","4","09",0,1,"A",,"Y",,,,900,7,"G","G","A","EAST 8TH","POLE LINE RD",0,,"Y","2013-10-23",5701,"2012-07-30",825,"191","6","5","5","0","0",,"0","003","-","N",,0,0,,,0,,,,"N",2,"A","-",21801,"A","N","A","H","-","A","A","0","Y","A","01",0,0,1,0,0,0,1,0,0,"-","-","DAVIS","YOLO","CA",0,0