"CASEID","POINT_X","POINT_Y","YEAR_","LOCATION","CHPTYPE","DAYWEEK","CRASHSEV","VIOLCAT","KILLED","INJURED","WEATHER1","PEDCOL","BICCOL","MCCOL","TRUCKCOL","ETOH","TIMECAT","MONTH_","CRASHTYP","INVOLVE","PED","PRIMARYRD","SECONDRD","DISTANCE","DIRECT","INTERSECT_","PROCDATE","JURIS","DATE_","TIME_","BADGE","JURIDIST","SHIFT","POP","SPECIAL","BEATTYPE","LAPDDIV","BEATCLAS","BEATNUMB","WEATHER2","STATEHW","CALTRANC","CALTRAND","STROUTE","ROUTESUF","POSTPRE","POSTMILE","LOCATYPE","RAMP","SIDEHW","TOWAWAY","PARTIES","PCF","VIOLCODE","VIOL","VIOLSUB","HITRUN","ROADSURF","RDCOND1","RDCOND2","LIGHTING","RIGHTWAY","CHPRDTYP","NOTPRIV","STFAULT","CHPFAULT","SEVINJ","OTHERINJ","COP","PEDKILL","PEDINJ","BICKILL","BICINJ","MCKILL","MCINJURE","RAMP1","RAMP2","CITY","COUNTY","STATE","X_CHP","Y_CHP"
"5782035",-121.729332468,38.7506908038,2012,"5700","4","7","4","18",0,1,"A",,,,,,1200,7,"B","C","A","COUNTY ROAD 102","COUNTY ROAD 16",687,"N","N","2013-10-19",9280,"2012-07-29",1126,"15353",,"1","9","0","2",,"1","021","-","N",,0,0,,,0,,,,"Y",2,"C","-",0,,"N","A","H","-","A","D","0","Y","-","-",0,0,1,0,0,0,0,0,0,"-","-","UNINCORPORATED","YOLO","CA",-121.72928,38.75104
"5781046",-121.735257323,38.540228123,2012,"5701","1","5","4","04",0,1,"A",,,,,,1500,7,"C","C","A","RT 80","RICHARDS BL",300,"E","N","2014-02-06",9280,"2012-07-20",1409,"014853",,"2","5","0","1",,"2","010","-","Y","YOL",3,80,"-","-",0.29,"H","-","E","Y",2,"A","-",21703,,"N","A","H","-","A","D","1","Y","A","01",0,0,1,0,0,0,0,0,0,"-","-","DAVIS","YOLO","CA",-121.73363,38.54144
"5780642",-121.759223172,38.693805113,2012,"5703","0","1","4","04",0,1,"A",,,,,,1500,7,"C","C","A","N EAST ST","RT 5",0,,"Y","2013-10-24",5703,"2012-07-23",1227,"826","25","5","4","0","0",,"0","001","-","Y","YOL",3,5,"-","R",7.967,"R","4","S","N",3,"A","-",21703,,"N","A","H","-","A","A","0","Y","A","01",0,0,1,0,0,0,0,0,0,"-","-","WOODLAND","YOLO","CA",0,0
"5780405",-121.787839041,38.6920443862,2012,"5703","0","1","4","03",0,2,"A",,,,,,1500,7,"C","C","A","KENTUCKY AV","NEVADA AV",44,"E","N","2013-11-09",5703,"2012-07-16",1306,"895","64","5","4","0","0",,"0","002","-","N",,0,0,,,0,,,,"Y",3,"A","-",22350,,"N","A","H","-","A","D","0","Y","A","07",0,0,2,0,0,0,0,0,0,"-","-","WOODLAND","YOLO","CA",0,0
"5780354",-121.744190661,38.662744959,2012,"5703","0","3","4","03",0,1,"A",,,,,,1800,7,"C","C","A","EAST GIBSON RD","PIONEER AV",516,"W","N","2013-10-19",5703,"2012-07-25",1507,"836","33","5","4","0","0",,"0","004","-","N",,0,0,,,0,,,,"Y",3,"A","-",22350,,"N","A","H","-","A","A","0","Y","A","01",0,0,1,0,0,0,0,0,0,"-","-","WOODLAND","YOLO","CA",0,0
"5780353",0,0,2012,"5704","0","6","3","05",0,5,"A",,,,,,2400,7,"E","I","A","LINDEN RD","ASANTE LN",100,"E","N","2013-10-19",5704,"2012-07-28",2100,"175",,"5","4","0","0",,"0","003","-","N",,0,0,,,0,,,,"Y",1,"A","-",21650,,"N","A","H","-","D","A","0","Y","A","01",0,1,4,0,0,0,0,0,0,"-","-","WEST SACRAMENTO","YOLO","CA",0,0
"5780350",-121.765443206,38.6774150253,2012,"5703","0","1","4","03",0,3,"A",,,,,,1800,7,"C","C","A","EAST ST","EAST MAIN ST",0,,"Y","2013-10-19",5703,"2012-07-23",1510,"831","11","5","4","0","0",,"0","001","-","N",,0,0,,,0,,,,"Y",3,"A","-",22350,,"N","A","H","-","A","A","0","Y","A","01",0,0,3,0,0,0,0,0,0,"-","-","WOODLAND","YOLO","CA",0,0
"5780131",-121.525189241,38.3755278812,2012,"5700","5","7","2","01",0,2,"A",,,,,"Y",1200,7,"E","I","A","SOUTH RIVER RD","COUNTY ROAD 142",506,"N","N","2013-10-22",9280,"2012-07-08",950,"169292",,"1","9","0","3",,"2","001","-","N",,0,0,,,0,,,,"Y",1,"A","-",23153,"A","N","A","H","-","A","D","0","Y","A","01",2,0,0,0,0,0,0,0,0,"-","-","UNINCORPORATED","YOLO","CA",-121.5252,38.3756
"5780127",-121.729337084,38.7504738709,2012,"5700","5","7","3","01",0,6,"A",,,,,"Y",2400,7,"A","C","A","COUNTY ROAD 102","COUNTY ROAD 16",608,"N","N","2013-10-22",9280,"2012-07-29",2105,"016144",,"2","9","0","3",,"2","002","-","N",,0,0,,,0,,,,"Y",5,"A","-",23152,"A","N","A","H","-","D","D","0","Y","A","08",0,2,4,0,0,0,0,0,0,"-","-","UNINCORPORATED","YOLO","CA",-121.72878,38.75906
"5778496",-121.776748617,38.6629424456,2012,"5703","0","4","4","21",0,1,"A",,,,,,1500,9,"D","C","A","GIBSON RD","COLLEGE ST",524,"W","N","2013-12-10",5703,"2012-09-06",1432,"863","34","5","4","0","0",,"0","003","-","N",,0,0,,,0,,,,"Y",2,"A","-",22106,,"N","A","H","-","A","D","0","Y","D","22",0,0,1,0,0,0,0,0,0,"-","-","WOODLAND","YOLO","CA",0,0
"5778488",-121.774743105,38.6756550651,2012,"5703","0","3","4","10",0,1,"A","Y",,,,,2100,9,"G","B","B","COLLEGE ST","LINCOLN AV",0,,"Y","2013-12-09",5703,"2012-09-05",1850,"810","32","5","4","0","0",,"0","003","-","N",,0,0,,,0,,,,"N",2,"A","-",21950,"A","N","A","H","-","A","A","0","Y","D","22",0,0,1,0,1,0,0,0,0,"-","-","WOODLAND","YOLO","CA",0,0
"5778258",-121.644102204,38.562545387,2012,"5700","1","6","4","03",0,1,"A",,,,,,1200,8,"C","D","A","RT 80","WEBSTER",1320,"W","N","2014-03-05",9280,"2012-08-25",930,"15168",,"1","9","0","1",,"2","010","-","Y","YOL",3,80,"-","-",5.53,"H","-","W","N",3,"A","-",22350,,"N","A","H","-","A","D","1","Y","D","22",0,0,1,0,0,0,0,0,0,"-","-","UNINCORPORATED","YOLO","CA",-121.64717,38.56194
"5778254",-121.802903142,38.619624971,2012,"5700","4","4","2","09",0,2,"A",,,,,,1500,8,"A","C","A","COUNTY ROAD 98","COUNTY ROAD 27",0,,"Y","2013-11-20",9280,"2012-08-23",1335,"16027",,"1","9","0","2",,"2","025","-","N",,0,0,,,0,,,,"Y",2,"A","-",21801,"A","N","A","H","-","A","D","0","Y","M","47",1,1,0,0,0,0,0,0,0,"-","-","UNINCORPORATED","YOLO","CA",-121.80284,38.61955
"5778125",0,0,2012,"5704","0","2","3","12",0,1,"A",,,,,,900,10,"D","C","A","JEFFERSON BL","VALLEY OAK LN",0,,"Y","2013-12-20",5704,"2012-10-09",625,"00158",,"5","4","0","0",,"0","003","-","N",,0,0,,,0,,,,"Y",2,"A","-",21453,"A","N","A","H","-","C","A","0","Y","A","01",0,1,0,0,0,0,0,0,0,"-","-","WEST SACRAMENTO","YOLO","CA",0,0
"5776993",-121.564313127,38.576345118,2012,"5704","1","5","3","04",0,3,"A",,,,,,1800,9,"C","C","A","RT 80","CAPITAL AV",1056,"E","N","2013-12-09",9280,"2012-09-28",1700,"014853",,"2","4","0","1",,"2","010","-","Y","YOL",3,80,"-","R",10.39,"H","-","W","Y",3,"A","-",21703,,"N","A","H","-","A","D","1","Y","A","01",0,2,1,0,0,0,0,0,0,"-","-","WEST SACRAMENTO","YOLO","CA",-121.5592,38.5817
"5776985",-121.541336148,38.574945132,2012,"5704","2","4","3","03",0,1,"A",,,,,,1800,10,"C","C","A","RT 50","HARBOR BL",1584,"E","N","2013-12-21",9280,"2012-10-04",1705,"011706",,"2","4","0","1",,"2","011","-","Y","YOL",3,50,"-","-",1.5,"H","-","E","Y",3,"A","-",22350,,"N","A","H","-","A","D","1","Y","A","01",0,1,0,0,0,0,0,0,0,"-","-","WEST SACRAMENTO","YOLO","CA",-121.54159,38.57842
"5775863",-121.556783126,38.575195119,2012,"5704","1","1","3","01",0,1,"A",,,,,"Y",300,9,"F","I","A","RT 80","RT 50",300,"W","N","2013-12-09",9280,"2012-09-10",150,"016010",,"3","4","0","1",,"2","010","-","Y","YOL",3,50,"-","-",0.639,"R","2","W","Y",1,"A","-",23152,"A","N","A","H","-","C","D","1","Y","D","22",0,1,0,0,0,0,0,0,0,"FR","-","WEST SACRAMENTO","YOLO","CA",-121.56026,38.57572
"5772558",-121.584514138,38.573168089,2012,"5700","1","1","4","08",0,1,"A",,,,,,600,8,"E","I","A","RT 80","ENTERPRISE BL",2640,"E","N","2013-11-16",9280,"2012-08-27",510,"13399",,"3","9","0","1",,"2","010","-","Y","YOL",3,80,"-","R",9.7,"H","-","W","Y",1,"A","-",22107,,"N","A","H","-","D","D","1","Y","D","22",0,0,1,0,0,0,0,0,0,"-","-","UNINCORPORATED","YOLO","CA",-121.56761,38.57584
"5772492",-121.547428605,38.575115119,2012,"5700","1","6","2","03",0,4,"A",,,,,,1500,8,"C","C","A","RT 50","HARBOR BL",1,"W","N","2013-11-23",9280,"2012-08-18",1305,"13927",,"1","9","0","1",,"2","010","-","Y","YOL",3,50,"-","-",1.2,"H","-","W","Y",4,"A","-",22350,,"N","A","H","-","A","D","1","Y","D","22",1,1,2,0,0,0,0,0,0,"-","-","UNINCORPORATED","YOLO","CA",-121.54856,38.57498
"5772009",-121.56505569,38.576118605,2012,"5704","2","1","4","07",0,1,"A",,,"Y",,,900,8,"B","C","A","RT 80","ENTERPRISE BL",2640,"E","N","2014-04-28",9280,"2012-08-06",830,"16292",,"1","4","0","1",,"2","011","-","Y","YOL",3,80,"-","-",9.7,"H","-","W","N",2,"A","-",21658,"A","N","A","H","-","A","D","1","Y","D","22",0,0,1,0,0,0,0,0,1,"-","-","WEST SACRAMENTO","YOLO","CA",-121.5739,38.5746
"5772005",-121.70053297,38.7955290714,2012,"5700","5","6","3","01",0,1,"A",,,,,"Y",1800,8,"E","I","A","COUNTY ROAD 116B","COUNTY ROAD 116A",15,"N","N","2013-11-23",9280,"2012-08-25",1506,"016632",,"2","9","0","3",,"2","002","-","N",,0,0,,,0,,,,"Y",1,"A","-",23152,"A","N","A","H","-","A","D","0","Y","D","22",0,1,0,0,0,0,0,0,0,"-","-","UNINCORPORATED","YOLO","CA",-121.67788,38.76009
"5771947",-121.74702318,38.6772949665,2012,"5703","0","3","4","12",0,2,"A",,,,,,2100,8,"D","C","A","EAST MAIN ST","PIONEER AV",0,,"Y","2014-04-28",5703,"2012-08-29",1917,"862","31","5","4","0","0",,"0","001","-","N",,0,0,,,0,,,,"Y",3,"A","-",21453,"A","N","A","H","-","A","A","0","Y","D","22",0,0,2,0,0,0,0,0,0,"-","-","WOODLAND","YOLO","CA",0,0
"5769858",-121.694373119,38.5504649909,2012,"5701","0","5","4","09",0,3,"A",,,,,,300,8,"D","C","A","CHILES RD","MACE BL",0,,"Y","2013-11-22",5701,"2012-08-31",39,"98","9","5","5","0","0",,"0","004","G","N",,0,0,,,0,,,,"Y",3,"A","-",21453,"C","N","A","H","-","C","A","0","Y","A","07",0,0,3,0,0,0,0,0,0,"-","-","DAVIS","YOLO","CA",0,0
"5769582",-121.811916042,38.6632254767,2012,"5700","5","1","3","08",0,1,"A",,,,,,1800,8,"D","C","A","COUNTY ROAD 24","COUNTY ROAD 97",2640,"E","N","2013-11-16",9280,"2012-08-27",1621,"16144",,"2","9","0","3",,"2","002","-","N",,0,0,,,0,,,,"Y",2,"A","-",22107,,"N","A","H","-","A","D","0","Y","D","22",0,1,0,0,0,0,0,0,0,"-","-","UNINCORPORATED","YOLO","CA",-121.81067,38.66326
"5769141",-121.906447132,38.821097067,2012,"5700","1","4","3","18",0,2,"A",,,,,,1500,8,"F","A","A","RT 5","COUNTY ROAD 12",5808,"N","N","2014-05-06",9280,"2012-08-16",1225,"12272",,"1","9","0","1",,"2","030","-","Y","YOL",3,5,"-","R",19.97,"H","-","S","Y",1,"C","-",0,,"N","A","H","-","A","D","1","Y","-","-",0,2,0,0,0,0,0,0,0,"-","-","UNINCORPORATED","YOLO","CA",-121.9062,38.02118
"5769137",-121.971433238,38.620524937,2012,"5700","5","3","3","09",0,3,"A",,,,,,1500,8,"D","C","A","COUNTY ROAD 89","COUNTY ROAD 27",0,,"Y","2013-11-22",9280,"2012-08-22",1350,"12272",,"1","9","0","3",,"2","003","-","N",,0,0,,,0,,,,"Y",2,"A","-",21802,"A","N","A","H","-","A","A","0","Y","I","20",0,1,2,0,0,0,0,0,0,"-","-","UNINCORPORATED","YOLO","CA",-121.9713,38.62055
"5764434",-121.750803165,38.5462950418,2012,"5701","0","3","4","12",0,1,"A",,,,,,2400,8,"A","C","A","RUSSELL BL","HOWARD WY",0,,"Y","2013-11-23",5701,"2012-08-15",2204,"107","2","5","5","0","0",,"0","001","-","N",,0,0,,,0,,,,"N",2,"A","-",21453,"A","N","A","H","-","C","A","0","Y","A","01",0,0,1,0,0,0,0,0,0,"-","-","DAVIS","YOLO","CA",0,0
"5764406",-121.728893117,38.5501850324,2012,"5701","0","2","3","03",0,1,"A",,"Y",,,,1800,8,"H","E","A","ADELINE PL","POMONA DR",0,,"Y","2013-11-23",5701,"2012-08-07",1722,"89","5","5","5","0","0",,"0","002","-","N",,0,0,,,0,,,,"N",2,"A","-",22350,,"N","A","H","-","A","D","0","Y","L","04",0,1,0,0,0,0,1,0,0,"-","-","DAVIS","YOLO","CA",-121.72915,38.55142
"5764306",-121.575033797,38.574768425,2012,"5704","1","1","4","08",0,1,"A",,,,"Y",,1200,9,"D","C","A","RT 80","ENTERPRISE BL",200,"E","N","2013-12-11",9280,"2012-09-17",925,"16292",,"1","4","0","1",,"2","010","-","Y","YOL",3,80,"-","-",9.24,"H","-","W","Y",2,"A","-",22107,,"N","A","H","-","A","D","1","Y","A","01",0,0,1,0,0,0,0,0,0,"-","-","WEST SACRAMENTO","YOLO","CA",-121.5768,38.5744
"5764298",-121.584883085,38.342585022,2012,"5700","3","4","3","12",0,1,"A",,,,"Y",,900,9,"D","C","A","COURTLAND RD","JEFFERSON BL",0,,"Y","2013-12-10",9280,"2012-09-13",722,"17375",,"1","9","0","1",,"2","013","-","N",,0,0,,,0,,,,"N",2,"A","-",22450,"A","N","A","H","-","A","A","0","Y","F","27",0,1,0,0,0,0,0,0,0,"-","-","UNINCORPORATED","YOLO","CA",-121.58472,38.34254
"5764290",-121.518650766,38.573858819,2012,"5704","2","2","4","08",0,1,"A",,,,"Y",,300,9,"B","C","A","RT 50","SOUTH RIVER RD",80,"E","N","2013-12-11",9280,"2012-09-11",210,"15128",,"3","4","0","1",,"2","011","-","Y","YOL",3,50,"-","-",2.82,"H","-","W","Y",2,"A","-",22107,,"N","A","H","-","C","D","1","Y","A","01",0,0,1,0,0,0,0,0,0,"TO","-","WEST SACRAMENTO","YOLO","CA",-121.5184,38.57396
"5762777",-121.730908144,38.543602671,2012,"5701","1","6","3","04",0,2,"A",,,,,,1500,6,"C","C","A","RT 80","RICHARDS BL",1584,"E","N","2014-01-09",9280,"2012-06-30",1410,"14853",,"2","5","0","1",,"2","010","-","Y","YOL",3,80,"-","-",0.53,"H","-","E","Y",3,"A","-",21703,,"N","A","H","-","A","D","1","Y","A","01",0,1,1,0,0,0,0,0,0,"-","-","DAVIS","YOLO","CA",-121.7323,38.54243
"5762215",-121.747763106,38.5462650155,2012,"5701","0","3","3","09",0,1,"A",,"Y",,,,2100,5,"G","A","A","RUSSELL BL","A ST",0,,"Y","2013-09-23",5701,"2012-05-23",1954,"8","4","5","5","0","0",,"0","002","-","N",,0,0,,,0,,,,"N",2,"A","-",21801,"A","N","A","H","-","A","A","0","Y","A","07",0,1,0,0,0,0,1,0,0,"-","-","DAVIS","YOLO","CA",0,0
"5762041",-121.628405428,38.565296778,2012,"5700","1","5","4","00",0,1,"A",,,,"Y",,1200,9,"C","C","A","RT 80","WEBSTER",2640,"E","N","2013-12-05",9280,"2012-09-07",945,"12272",,"1","9","0","1",,"2","010","-","Y","YOL",3,80,"-","-",6.3,"H","-","W","Y",3,"D","-",0,,"N","A","H","-","A","D","1","Y","-","-",0,0,1,0,0,0,0,0,0,"-","-","UNINCORPORATED","YOLO","CA",-121.6331,38.56443
"5760723",-121.5453831,38.5793750639,2012,"5704","0","3","4","08",0,1,"A",,,,"Y",,2100,8,"B","C","A","WEST CAPITOL AV","GLIDE AV",0,,"Y","2014-04-28",5704,"2012-08-29",2051,"00120",,"5","4","0","0",,"0","002","-","N",,0,0,,,0,,,,"N",2,"A","-",22100,"B","N","A","H","-","C","D","0","Y","F","27",0,0,1,0,0,0,0,0,0,"-","-","WEST SACRAMENTO","YOLO","CA",0,0
"5760080",0,0,2012,"5701","0","6","4","08",0,2,"A",,,,,,1800,8,"B","C","A","ALHAMBRA DR","ALHAMBRA 4504",0,,"N","2013-11-19",5701,"2012-08-04",1557,"105","7","5","5","0","0",,"0","003","-","N",,0,0,,,0,,,,"Y",2,"A","-",22107,,"N","A","H","-","A","D","0","Y","I","11",0,0,2,0,0,0,0,0,0,"-","-","DAVIS","YOLO","CA",0,0
"5756533",-121.858633212,38.5906349487,2012,"5700","5","2","3","09",0,1,"A",,,,,,1200,7,"D","C","A","COUNTY ROAD 29","COUNTY ROAD 95",0,,"Y","2013-10-26",9280,"2012-07-31",1000,"16292",,"1","9","0","3",,"2","003","-","N",,0,0,,,0,,,,"Y",2,"A","-",21802,"A","N","A","H","-","A","A","0","Y","E","22",0,1,0,0,0,0,0,0,0,"-","-","UNINCORPORATED","YOLO","CA",-121.8586,38.5906
"5756525",-121.547666475,38.598258433,2012,"5704","1","4","4","07",0,1,"A",,,,"Y",,1200,8,"C","C","A","RT 80","SACRAMENTO CO LINE",20,"W","N","2013-11-22",9280,"2012-08-09",950,"16027",,"1","4","0","1",,"2","010","-","Y","YOL",3,80,"-","R",11.71,"H","-","E","Y",3,"A","-",21658,"A","N","A","H","-","A","D","1","Y","G","25",0,0,1,0,0,0,0,0,0,"-","-","WEST SACRAMENTO","YOLO","CA",-121.54775,38.59822
"5756521",-121.953252295,38.5312427064,2012,"5700","5","3","4","03",0,4,"A",,,,,,1200,8,"C","C","A","RUSSELL BL","RT 505",40,"W","N","2013-11-25",9280,"2012-08-08",1140,"016027",,"1","9","0","3",,"2","003","-","N",,0,0,,,0,,,,"Y",3,"A","-",22350,,"N","A","H","-","A","A","0","Y","A","07",0,0,4,0,0,0,0,0,0,"-","-","UNINCORPORATED","YOLO","CA",-121.95085,38.53216
"5756415",-121.556431529,38.575176216,2012,"5704","2","5","3","03",0,1,"A",,,,,,1800,8,"C","C","A","RT 50","HARBOR BL",2640,"W","N","2013-11-22",9280,"2012-08-03",1730,"16632",,"2","4","0","1",,"2","011","-","Y","YOL",3,50,"-","-",0.7,"H","-","W","Y",4,"A","-",22350,,"N","A","H","-","A","D","1","Y","A","01",0,1,0,0,0,0,0,0,0,"-","-","WEST SACRAMENTO","YOLO","CA",-121.55977,38.57531
"5754941",-121.984891179,38.684305356,2012,"5700","3","2","2","05",0,1,"A",,,"Y",,,1800,8,"D","C","A","RT 16","COUNTY ROAD 88B",0,,"Y","2013-11-25",9280,"2012-08-07",1752,"016144",,"2","9","0","1",,"2","034","-","Y","YOL",3,16,"-","-",30.067,"I","5","W","N",2,"A","-",21460,"B","N","A","H","-","A","A","0","Y","C","02",1,0,0,0,0,0,0,0,1,"-","-","UNINCORPORATED","YOLO","CA",-121.9847,38.68445
"5753387",-121.674497965,38.557353789,2012,"5700","1","1","4","03",0,1,"A",,,,,,1800,7,"C","C","A","RT 80","WEBSTER",10560,"W","N","2013-10-26",9280,"2012-07-30",1645,"15079",,"2","9","0","1",,"2","010","-","Y","YOL",3,80,"-","-",3.78,"H","-","E","Y",2,"A","-",22350,,"N","A","H","-","A","D","1","Y","A","01",0,0,1,0,0,0,0,0,0,"-","-","UNINCORPORATED","YOLO","CA",-121.67617,38.5569
"5753383",-121.754677534,38.689700422,2012,"5703","1","2","3","08",0,1,"A",,,,,,1800,7,"F","I","A","RT 5","KENTUCKY AV",500,"N","N","2013-10-26",9280,"2012-07-24",1615,"17772",,"2","4","0","1",,"2","020","-","Y","YOL",3,5,"-","R",7.79,"H","-","N","Y",1,"A","-",22107,,"N","A","H","-","A","D","1","Y","A","01",0,1,0,0,0,0,0,0,0,"-","-","WOODLAND","YOLO","CA",-121.75833,38.69369
"5753258",-121.555277111,38.575131929,2012,"5704","2","2","4","03",0,1,"A",,,,,,1200,7,"C","C","A","RT 50","HARBOR BL",1584,"W","N","2013-11-08",9280,"2012-07-31",950,"017772",,"1","4","0","1",,"2","011","-","Y","YOL",3,50,"-","-",0.9,"H","-","W","Y",2,"A","-",22350,,"N","A","H","-","A","D","1","Y","A","01",0,0,1,0,0,0,0,0,0,"-","-","WEST SACRAMENTO","YOLO","CA",-121.5548,38.57528
"5753230",-122.085535893,38.704941704,2012,"5700","3","1","4","08",0,2,"A",,,,,,300,8,"A","C","A","RT 16","COUNTY ROAD 82B",450,"E","N","2013-11-22",9280,"2012-08-06",210,"017933",,"3","9","0","1",,"2","034","-","Y","YOL",3,16,"-","-",23.61,"H","-","W","Y",2,"A","-",22107,,"N","A","H","-","D","D","0","Y","D","22",0,0,2,0,0,0,0,0,0,"-","-","UNINCORPORATED","YOLO","CA",-122.08495,38.70507
"5753134",-121.727093122,38.5399349936,2012,"5701","0","5","3","08",0,1,"A",,"Y",,,,2400,6,"H","G","A","COWELL BL","DREW CIR",0,,"Y","2013-09-28",5701,"2012-06-29",2128,"100","8","5","5","0","0",,"0","004","-","N",,0,0,,,0,,,,"N",2,"A","-",22107,,"N","A","H","-","C","A","0","Y","A","01",0,1,0,0,0,0,1,0,0,"-","-","DAVIS","YOLO","CA",0,0
"5752145",-121.715456658,38.673862208,2012,"5700","1","5","3","08",0,1,"A",,,"Y",,,1800,7,"E","A","A","RT 5","COUNTY ROAD 103",2112,"W","N","2013-10-30",9280,"2012-07-27",1530,"13469",,"2","9","0","1",,"2","020","-","Y","YOL",3,5,"-","-",4.89,"H","-","N","Y",1,"A","-",22107,,"N","A","H","-","A","D","1","Y","C","02",0,1,0,0,0,0,0,0,1,"-","-","UNINCORPORATED","YOLO","CA",-121.70739,38.67358
"5752141",-122.018766914,38.6726952396,2012,"5700","5","3","3","03",0,1,"A",,,,,,2400,7,"B","C","A","COUNTY ROAD 23","COUNTY ROAD 86A",13,"W","N","2013-10-30",9280,"2012-07-18",2110,"15492",,"2","9","0","3",,"2","003","-","N",,0,0,,,0,,,,"Y",2,"A","-",22350,,"N","A","H","-","D","D","0","Y","A","01",0,1,0,0,0,0,0,0,0,"-","-","UNINCORPORATED","YOLO","CA",-122.01699,38.67264
"5752081",-121.768037592,38.544085892,2012,"5701","0","6","3","03",0,1,"A",,"Y",,,"Y",300,7,"H","J","A","RUSSELL BL","RT 113",0,,"Y","2013-10-31",5701,"2012-07-21",114,"104","1","5","5","0","0",,"0","001","-","Y","YOL",3,113,"-","R",0.924,"R","1","N","N",1,"A","-",22350,,"N","A","H","-","C","A","0","Y","L","04",0,1,0,0,0,0,1,0,0,"-","-","DAVIS","YOLO","CA",0,0
"5751303",-121.502668653,38.4482226583,2012,"5700","5","4","4","08",0,1,"A",,,"Y",,,2100,7,"F","A","A","SOUTH RIVER RD","FREEPORT BR",2640,"S","N","2013-10-26",9280,"2012-07-05",1832,"014853",,"2","9","0","3",,"2","001","-","N",,0,0,,,0,,,,"N",1,"A","-",22107,,"N","A","H","-","A","D","0","Y","C","02",0,0,1,0,0,0,0,0,1,"-","-","UNINCORPORATED","YOLO","CA",-121.50749,38.47043
"5751299",-121.596476712,38.571029068,2012,"5700","1","2","4","03",0,1,"A",,,,,,900,7,"C","C","A","RT 80","ENTERPRISE BL",5280,"W","N","2013-10-26",9280,"2012-07-31",745,"017772",,"1","9","0","1",,"2","010","-","Y","YOL",3,80,"-","-",8.18,"H","-","W","Y",2,"A","-",22350,,"N","A","H","-","A","D","1","Y","A","01",0,0,1,0,0,0,0,0,0,"-","-","UNINCORPORATED","YOLO","CA",-121.60847,38.56884
"5749919",0,0,2012,"5701","0","2","3","17",0,1,"A",,"Y",,,,1500,4,"H","G","A","1ST ST","1ST ST 227",0,,"-","2013-08-27",5701,"2012-04-17",1426,"83","4","5","5","0","0",,"0","002","-","N",,0,0,,,0,,,,"N",2,"A","-",21209,"A","F","A","H","-","A","A","0","Y","-","-",0,1,0,0,0,0,1,0,0,"-","-","DAVIS","YOLO","CA",0,0
"5749915",-121.735929301,38.5609168197,2012,"5701","0","7","4","17",0,1,"A",,"Y",,,,1800,4,"H","G","A","EAST COVELL BL","L ST",200,"W","N","2013-08-27",5701,"2012-04-22",1541,"8","5","5","5","0","0",,"0","002","-","N",,0,0,,,0,,,,"N",2,"A","-",21209,"A","N","A","H","-","A","D","0","Y","A","01",0,0,1,0,0,0,1,0,0,"-","-","DAVIS","YOLO","CA",0,0
"5748268",-121.751083167,38.670255111,2012,"5703","0","2","4","-",0,2,"A",,,,,,1800,7,"C","C","A","EAST MAIN ST","RT 113",115,"E","N","2014-02-14",5703,"2012-07-10",1630,"807","31","5","4","0","0",,"0","004","-","Y","YOL",3,113,"-","R",9.851,"R","4","N","N",2,"A","-",0,,"N","A","H","-","A","D","0","Y","A","01",0,0,2,0,0,0,0,0,0,"-","-","WOODLAND","YOLO","CA",0,0
"5748231",-121.639681905,38.67319627,2012,"5703","1","5","4","03",0,1,"A",,,,,,2100,7,"C","C","A","RT 5","COUNTY ROAD 22",205,"N","N","2013-10-29",9280,"2012-07-20",1859,"16632",,"2","4","0","1",,"2","020","-","Y","YOL",3,5,"-","-",0.68,"H","-","S","Y",2,"A","-",22350,,"N","A","H","-","A","D","1","Y","A","01",0,0,1,0,0,0,0,0,0,"-","-","WOODLAND","YOLO","CA",-121.64177,38.67318
"5748227",0,0,2012,"5700","5","5","4","09",0,1,"A",,,,,,1200,7,"D","C","A","COUNTY ROAD 98","HUTCHINSON DR",0,,"Y","2013-10-29",9280,"2012-07-27",1135,"17375",,"1","9","0","3",,"2","002","-","N",,0,0,,,0,,,,"Y",2,"A","-",21802,"A","N","A","H","-","A","A","0","Y","A","07",0,0,1,0,0,0,0,0,0,"-","-","UNINCORPORATED","YOLO","CA",-121.80341,38.53975
"5748223",-121.56505569,38.576118605,2012,"5704","1","7","4","01",0,1,"A",,,,,"Y",1500,7,"B","C","A","RT 80","ENTERPRISE BL",2640,"E","N","2013-10-29",9280,"2012-07-29",1459,"17763",,"2","4","0","1",,"2","010","-","Y","YOL",3,80,"-","-",9.7,"H","-","W","Y",2,"A","-",23152,"A","F","A","H","-","A","D","1","Y","A","01",0,0,1,0,0,0,0,0,0,"-","-","WEST SACRAMENTO","YOLO","CA",-121.56817,38.57585
"5748219",-121.778153135,38.681124969,2012,"5703","0","5","4","09",0,1,"A",,,,,,900,7,"A","C","A","WALNUT ST","ELLIOTT ST",0,,"Y","2013-10-29",5703,"2012-07-20",830,"863","42","5","4","0","0",,"0","002","-","N",,0,0,,,0,,,,"Y",2,"A","-",21801,"A","N","A","H","-","A","A","0","Y","A","01",0,0,1,0,0,0,0,0,0,"-","-","WOODLAND","YOLO","CA",0,0