"CASEID","POINT_X","POINT_Y","YEAR_","LOCATION","CHPTYPE","DAYWEEK","CRASHSEV","VIOLCAT","KILLED","INJURED","WEATHER1","PEDCOL","BICCOL","MCCOL","TRUCKCOL","ETOH","TIMECAT","MONTH_","CRASHTYP","INVOLVE","PED","PRIMARYRD","SECONDRD","DISTANCE","DIRECT","INTERSECT_","PROCDATE","JURIS","DATE_","TIME_","BADGE","JURIDIST","SHIFT","POP","SPECIAL","BEATTYPE","LAPDDIV","BEATCLAS","BEATNUMB","WEATHER2","STATEHW","CALTRANC","CALTRAND","STROUTE","ROUTESUF","POSTPRE","POSTMILE","LOCATYPE","RAMP","SIDEHW","TOWAWAY","PARTIES","PCF","VIOLCODE","VIOL","VIOLSUB","HITRUN","ROADSURF","RDCOND1","RDCOND2","LIGHTING","RIGHTWAY","CHPRDTYP","NOTPRIV","STFAULT","CHPFAULT","SEVINJ","OTHERINJ","COP","PEDKILL","PEDINJ","BICKILL","BICINJ","MCKILL","MCINJURE","RAMP1","RAMP2","CITY","COUNTY","STATE","X_CHP","Y_CHP"
"5748211",-121.569164922,38.57560603,2012,"5704","1","5","4","03",0,5,"A",,,,,,1200,7,"C","C","A","RT 80","ENTERPRISE BL",1320,"E","N","2013-10-29",9280,"2012-07-20",955,"15168",,"1","4","0","1",,"2","010","-","Y","YOL",3,80,"-","-",9.45,"H","-","W","Y",3,"A","-",22350,,"N","A","H","-","A","D","1","Y","A","01",0,0,5,0,0,0,0,0,0,"-","-","WEST SACRAMENTO","YOLO","CA",-121.57659,38.57449
"5747573",-121.737122879,38.538683846,2012,"5701","1","4","4","03",0,1,"A",,,,,,1800,7,"C","C","A","RT 80","RICHARDS BL",400,"W","N","2013-11-02",9280,"2012-07-19",1615,"16632",,"2","5","0","1",,"2","010","-","Y","YOL",3,80,"-","-",0.15,"H","-","E","Y",2,"A","-",22350,,"N","A","H","-","A","D","1","Y","A","01",0,0,1,0,0,0,0,0,0,"-","-","DAVIS","YOLO","CA",-121.73635,38.53944
"5747144",-121.519422811,38.574218171,2012,"5704","2","6","3","01",0,1,"A",,,,,"Y",2400,7,"E","I","A","RT 50","JEFFERSON BL",1584,"E","N","2013-11-02",9280,"2012-07-21",2150,"17763",,"2","4","0","1",,"2","011","-","Y","YOL",3,50,"-","-",2.8,"H","-","E","Y",1,"A","-",23152,"A","N","A","H","-","D","D","1","Y","A","01",0,1,0,0,0,0,0,0,0,"-","-","WEST SACRAMENTO","YOLO","CA",-121.52003,38.57503
"5747143",-121.725471367,38.805417704,2012,"5700","3","5","4","08",0,1,"A",,,,,,2100,7,"E","I","A","RT 45","RT 113",2640,"N","N","2013-11-01",9280,"2012-07-20",1830,"16527",,"2","9","0","1",,"2","026","-","Y","YOL",3,45,"-","-",0.49,"H","-","S","Y",1,"A","-",22107,,"N","A","H","-","A","D","0","Y","A","01",0,0,1,0,0,0,0,0,0,"-","-","UNINCORPORATED","YOLO","CA",-121.4435,38.0471
"5747064",-121.858708283,38.5615350514,2012,"5700","5","7","3","03",0,1,"A",,,,,,2100,6,"E","I","A","COUNTY ROAD 31","COUNTY ROAD 95",30,"E","N","2013-10-12",9280,"2012-06-17",1800,"16527",,"2","9","0","3",,"2","002","-","N",,0,0,,,0,,,,"Y",1,"A","-",22350,,"N","A","H","-","A","D","0","Y","A","01",0,1,0,0,0,0,0,0,0,"-","-","UNINCORPORATED","YOLO","CA",-121.85879,38.56172
"5747063",-121.684438802,38.555175077,2012,"5701","1","6","3","03",0,1,"A",,,"Y",,,1800,6,"F","A","A","RT 80","MACE BL",2640,"E","N","2014-01-09",9280,"2012-06-09",1655,"15079",,"2","5","0","1",,"2","010","-","Y","YOL",3,80,"-","-",3.18,"H","-","E","Y",1,"A","-",22350,,"N","A","H","-","A","D","1","Y","C","02",0,1,0,0,0,0,0,0,1,"-","-","DAVIS","YOLO","CA",-121.68697,38.55545
"5747062",-121.562493546,38.575532228,2012,"5704","2","7","4","03",0,2,"A",,,,,,1500,6,"C","C","A","RT 50","RT 80",20,"E","N","2014-01-27",9280,"2012-06-17",1217,"16292",,"1","4","0","1",,"2","011","-","Y","YOL",3,50,"-","-",0.34,"H","-","W","Y",2,"A","-",22350,,"N","A","H","-","A","D","1","Y","A","01",0,0,2,0,0,0,0,0,0,"-","-","WEST SACRAMENTO","YOLO","CA",-121.564,38.5756
"5746899",-121.957033819,38.5299171979,2012,"5702","0","1","4","21",0,1,"A",,,,"Y",,1500,6,"A","C","A","GRANT AV","TIMBER CREST RD",112,"E","N","2014-01-08",5702,"2012-06-25",1440,"533","B","5","2","0","0",,"0","00B","-","N",,0,0,,,0,,,,"Y",2,"A","-",22106,,"N","A","D","-","A","D","0","Y","F","26",0,0,1,0,0,0,0,0,0,"-","-","WINTERS","YOLO","CA",0,0
"5746536",-121.774214312,38.6774750686,2012,"5703","0","6","3","03",0,2,"A",,,,,,2400,7,"C","C","A","MAIN ST","1ST ST",300,"W","N","2013-10-26",5703,"2012-07-28",2230,"899","22","5","4","0","0",,"0","001","-","N",,0,0,,,0,,,,"N",4,"A","-",22350,,"F","A","H","-","C","A","0","Y","A","01",0,1,1,0,0,0,0,0,0,"-","-","WOODLAND","YOLO","CA",0,0
"5746088",-121.534003066,38.5802550265,2012,"5704","0","7","4","12",0,1,"A",,"Y",,,,1500,7,"D","G","A","POPLAR AV","WEST CAPITOL AV",0,,"Y","2013-11-04",5704,"2012-07-22",1430,"00109",,"5","4","0","0",,"0","002","-","N",,0,0,,,0,,,,"N",2,"A","-",21453,"A","N","A","H","-","A","A","0","Y","L","04",0,0,1,0,0,0,1,0,0,"-","-","WEST SACRAMENTO","YOLO","CA",0,0
"5745313",-121.615600824,38.567448657,2012,"5700","1","6","3","01",0,1,"A",,,,,"Y",600,7,"E","I","A","RT 80","WEBSTER",6864,"E","N","2014-02-05",9280,"2012-07-21",315,"016665",,"3","9","0","1",,"2","010","-","Y","YOL",3,80,"-","-",7.1,"H","-","E","Y",1,"A","-",23152,"A","N","A","H","-","C","D","1","Y","A","01",0,1,0,0,0,0,0,0,0,"-","-","UNINCORPORATED","YOLO","CA",-121.61698,38.56715
"5745280",0,0,2012,"5700","5","7","2","22",0,2,"A",,,"Y",,,1800,7,"F","A","A","CACHE CREEK","COUNTY ROAD 87",6336,"E","N","2013-11-02",9280,"2012-07-01",1755,"16929",,"2","9","0","3",,"2","003","-","N",,0,0,,,0,,,,"N",1,"B","-",0,,"N","A","G","-","A","D","0","Y","C","06",1,1,0,0,0,0,0,0,2,"-","-","UNINCORPORATED","YOLO","CA",-121.99318,38.70768
"5745279",-121.720554025,38.546938765,2012,"5701","1","5","4","03",0,1,"A",,,,,,1500,7,"C","C","A","RT 80","POLE LINE RD",1700,"E","N","2014-04-28",9280,"2012-07-13",1241,"17375",,"1","5","0","1",,"2","010","-","Y","YOL",3,80,"-","-",1.21,"H","-","E","N",3,"A","-",22350,,"N","A","H","-","A","D","1","Y","D","22",0,0,1,0,0,0,0,0,0,"-","-","DAVIS","YOLO","CA",-121.72013,38.54709
"5745278",-121.633500841,38.564385889,2012,"5700","1","4","4","03",0,1,"A",,,,,,1800,7,"C","C","A","RT 80","WEBSTER",1056,"E","N","2013-11-02",9280,"2012-07-12",1711,"16632",,"2","9","0","1",,"2","010","-","Y","YOL",3,80,"-","-",6,"H","-","W","N",2,"A","-",22350,,"N","A","H","-","A","D","1","Y","A","01",0,0,1,0,0,0,0,0,0,"-","-","UNINCORPORATED","YOLO","CA",-121.62172,38.5663
"5745277",0,0,2012,"5700","5","3","3","08",0,1,"A",,,,,,600,7,"E","I","A","COUNTY ROAD 28H","COUNTY ROAD 104",150,"E","N","2013-11-02",9280,"2012-07-11",540,"16027",,"3","9","0","3",,"2","002","-","N",,0,0,,,0,,,,"Y",1,"A","-",22107,,"N","A","H","-","B","D","0","Y","A","01",0,1,0,0,0,0,0,0,0,"-","-","UNINCORPORATED","YOLO","CA",-121.69247,38.59034
"5745276",-122.017423133,38.6955450029,2012,"5700","3","7","4","09",0,1,"A",,,,,,2100,7,"B","C","A","COUNTY ROAD 87","WOODLAND AV",0,,"Y","2014-04-28",9280,"2012-07-08",1906,"16010",,"2","9","0","1",,"2","034","-","N",,0,0,,,0,,,,"N",2,"A","-",21802,"A","N","A","H","-","A","A","0","Y","A","01",0,0,1,0,0,0,0,0,0,"-","-","UNINCORPORATED","YOLO","CA",-122.01601,38.69529
"5745275",-121.947949397,38.679052963,2012,"5700","3","6","4","09",0,1,"A",,,,,,2400,7,"C","C","A","RT 113","RT 505",1056,"E","N","2013-11-02",9280,"2012-07-07",2333,"16144",,"3","9","0","1",,"2","034","-","Y","YOL",3,16,"-","-",32.45,"H","-","E","Y",2,"A","-",21801,"A","N","A","H","-","A","D","0","Y","A","01",0,0,1,0,0,0,0,0,0,"-","-","UNINCORPORATED","YOLO","CA",-121.94613,38.67913
"5745274",-121.953154066,38.546192718,2012,"5700","1","6","3","18",0,2,"A",,,,,,1200,7,"E","I","A","RT 505","RT 128",5280,"N","N","2013-11-02",9280,"2012-07-07",1053,"16351",,"1","9","0","1",,"2","031","-","Y","YOL",3,505,"-","-",1.4,"H","-","S","Y",1,"C","-",0,,"N","A","H","-","A","D","1","Y","-","-",0,1,1,0,0,0,0,0,0,"-","-","UNINCORPORATED","YOLO","CA",-121.9533,38.54719
"5745273",-121.702550667,38.551032518,2012,"5701","1","1","4","03",0,1,"A",,,,,,1800,7,"C","C","A","RT 80","MACE BL",1320,"W","N","2013-11-02",9280,"2012-07-16",1605,"11706",,"2","5","0","1",,"2","010","-","Y","YOL",3,80,"-","-",2.34,"H","-","E","Y",3,"A","-",22350,,"M","A","H","-","A","D","1","Y","A","07",0,0,1,0,0,0,0,0,0,"-","-","DAVIS","YOLO","CA",-121.6506,38.56106
"5745272",-121.619928823,38.566874135,2012,"5700","1","6","4","18",0,2,"A",,,,,,1800,7,"E","I","A","RT 80","WEBSTER",5280,"E","N","2013-11-02",9280,"2012-07-14",1540,"15353",,"2","9","0","1",,"2","010","-","Y","YOL",3,80,"-","-",6.8,"H","-","W","Y",1,"C","-",0,,"N","A","H","-","A","D","1","Y","-","-",0,0,2,0,0,0,0,0,0,"-","-","UNINCORPORATED","YOLO","CA",-121.62003,38.56693
"5744592",-121.798193126,38.6631450303,2012,"5703","0","3","4","12",0,2,"A",,,,,,1500,6,"D","C","A","WEST GIBSON RD","ASHLEY AV",0,,"Y","2014-03-12",5703,"2012-06-13",1400,"880","74","5","4","0","0",,"0","003","-","N",,0,0,,,0,,,,"Y",2,"A","-",22450,"A","N","A","H","-","A","A","0","Y","A","01",0,0,2,0,0,0,0,0,0,"-","-","WOODLAND","YOLO","CA",0,0
"5743291",-121.969123203,38.682015096,2012,"5700","3","7","4","03",0,1,"A",,,,,,2400,7,"C","C","A","RT 16","COUNTY ROAD 89",528,"W","N","2013-11-06",9280,"2012-07-22",2135,"017933",,"2","9","0","1",,"2","034","-","Y","YOL",3,16,"-","-",30.93,"H","-","E","N",2,"A","-",22350,,"N","A","H","-","D","D","0","Y","D","22",0,0,1,0,0,0,0,0,0,"-","-","UNINCORPORATED","YOLO","CA",-121.96957,38.68191
"5743290",-121.522439182,38.576664108,2012,"5704","2","6","4","07",0,1,"A",,,,"Y",,900,7,"B","C","A","RT 50","JEFFERSON BL",200,"E","N","2013-10-28",9280,"2012-07-21",755,"17772",,"1","4","0","1",,"2","011","-","Y","YOL",3,50,"-","-",2.54,"H","-","W","Y",2,"A","-",21658,"A","N","A","H","-","A","D","1","Y","A","01",0,0,1,0,0,0,0,0,0,"-","-","WEST SACRAMENTO","YOLO","CA",-121.52055,38.57573
"5743289",-121.645248242,38.562143758,2012,"5700","1","2","4","03",0,1,"A",,,,,,1800,7,"C","C","A","RT 80","WEBSTER",1584,"W","N","2014-04-28",9280,"2012-07-17",1738,"011706",,"2","9","0","1",,"2","010","-","Y","YOL",3,80,"-","-",5.48,"H","-","E","Y",3,"A","-",22350,,"N","A","H","-","A","D","1","Y","D","23",0,0,1,0,0,0,0,0,0,"-","-","UNINCORPORATED","YOLO","CA",-121.64412,38.56241
"5743287",-121.71122319,38.6187850291,2012,"5700","4","2","3","12",0,1,"A",,,,,,1500,7,"D","C","A","COUNTY ROAD 103","COUNTY ROAD 27",0,,"Y","2013-11-05",9280,"2012-07-17",1320,"017772",,"1","9","0","2",,"1","021","-","N",,0,0,,,0,,,,"Y",2,"A","-",22450,"A","N","A","H","-","A","A","0","Y","A","07",0,1,0,0,0,0,0,0,0,"-","-","UNINCORPORATED","YOLO","CA",-121.71122,38.61884
"5743285",-121.537704399,38.575102339,2012,"5704","2","6","4","03",0,1,"A",,,,,,1800,7,"C","C","A","RT 50","HARBOR BL",2640,"E","N","2013-11-05",9280,"2012-07-14",1727,"016632",,"2","4","0","1",,"2","011","-","Y","YOL",3,50,"-","-",1.7,"H","-","W","Y",2,"A","-",22350,,"N","A","H","-","A","D","1","Y","A","07",0,0,1,0,0,0,0,0,0,"-","-","WEST SACRAMENTO","YOLO","CA",-121.53872,38.57506
"5743201",-121.751083167,38.670255111,2012,"5703","0","4","4","-",0,1,"A",,,,,,1500,7,"C","C","A","EAST MAIN ST","RT 113",150,"E","N","2014-02-12",5703,"2012-07-26",1221,"832","41","5","4","0","0",,"0","001","-","Y","YOL",3,113,"-","R",9.851,"R","4","N","N",2,"A","-",0,,"N","A","H","-","A","A","0","Y","A","01",0,0,1,0,0,0,0,0,0,"-","SF","WOODLAND","YOLO","CA",0,0
"5742983",0,0,2012,"5703","0","2","4","03",0,1,"A",,,,,,1500,7,"C","C","A","EAST MAIN ST","INDUSTRIAL WY",109,,"N","2013-11-07",5703,"2012-07-24",1307,"863","41","5","4","0","0",,"0","001","-","N",,0,0,,,0,,,,"Y",2,"A","-",22350,,"N","A","H","-","A","A","0","Y","A","01",0,0,1,0,0,0,0,0,0,"-","-","WOODLAND","YOLO","CA",0,0
"5742329",-121.742332494,38.6684435143,2012,"5703","0","5","3","10",0,1,"A","Y",,,,,1200,7,"G","B","B","PIONEER AV","E GUM AV",14,"N","N","2013-11-05",5703,"2012-07-13",1101,"832","31","5","4","0","0",,"0","004","-","N",,0,0,,,0,,,,"N",2,"A","-",21950,"A","N","A","H","-","A","A","0","Y","D","22",0,1,0,0,1,0,0,0,0,"-","-","WOODLAND","YOLO","CA",0,0
"5741973",-121.790587343,38.6195027051,2012,"5700","5","2","3","16",0,1,"A",,,,,,1200,7,"B","C","A","COUNTY ROAD 27","COUNTY ROAD 99",1584,"W","N","2013-11-02",9280,"2012-07-03",1105,"16351",,"1","9","0","3",,"2","002","-","N",,0,0,,,0,,,,"Y",2,"A","-",24002,"A","N","A","H","-","A","D","0","Y","E","22",0,1,0,0,0,0,0,0,0,"-","-","UNINCORPORATED","YOLO","CA",-121.79746,38.61963
"5741972",-121.902838047,38.5521317464,2012,"5700","5","6","3","03",0,3,"A",,,,"Y",,1500,6,"C","C","A","CO RD 93A","RUSSELL BL",1056,"N","N","2013-09-28",9280,"2012-06-23",1343,"15353",,"1","9","0","3",,"2","003","-","N",,0,0,,,0,,,,"Y",3,"A","-",22350,,"N","A","H","-","A","D","0","Y","A","01",0,1,2,0,0,0,0,0,0,"-","-","UNINCORPORATED","YOLO","CA",-121.90283,38.55243
"5741971",-121.571140427,38.3336543806,2012,"5700","5","4","4","09",0,2,"A",,,,,"Y",2100,7,"D","C","A","SOUTH RIVER RD","COURTLAND RD",520,"S","N","2013-11-02",9280,"2012-07-12",1839,"16632",,"2","9","0","3",,"2","001","-","N",,0,0,,,0,,,,"Y",2,"A","-",21804,"A","N","A","H","-","A","D","0","Y","D","22",0,0,2,0,0,0,0,0,0,"-","-","UNINCORPORATED","YOLO","CA",-121.57125,38.33366
"5741967",-121.682785106,38.555546916,2012,"5700","1","3","4","03",0,1,"A",,,,,,1800,7,"C","C","A","RT 80","MACE BL",3168,"E","N","2014-04-28",9280,"2012-07-11",1540,"15492",,"2","9","0","1",,"2","010","-","Y","YOL",3,80,"-","-",3.28,"H","-","E","Y",2,"A","-",22350,,"N","A","H","-","A","D","1","Y","A","01",0,0,1,0,0,0,0,0,0,"-","-","UNINCORPORATED","YOLO","CA",-121.67802,38.55646
"5741966",-121.904340084,38.6636260435,2012,"5700","5","2","3","06",0,1,"A",,,,,,1500,7,"C","C","A","COUNTY ROAD 24","COUNTY ROAD 93",2640,"W","N","2013-11-02",9280,"2012-07-10",1420,"16929",,"2","9","0","3",,"2","003","-","N",,0,0,,,0,,,,"Y",2,"A","-",21750,,"N","A","H","-","A","D","0","Y","A","01",0,1,0,0,0,0,0,0,0,"-","-","UNINCORPORATED","YOLO","CA",-121.90627,38.66362
"5741963",-122.204279523,38.845462114,2012,"5700","3","6","4","08",0,2,"A",,,,,,300,7,"E","I","A","RT 16","COUNTY ROAD 45",489,"W","N","2013-11-02",9280,"2012-07-07",100,"17351",,"3","9","0","1",,"2","034","-","Y","YOL",3,16,"-","-",10.71,"H","-","W","Y",1,"A","-",22107,,"N","A","H","-","D","D","0","Y","D","22",0,0,2,0,0,0,0,0,0,"-","-","UNINCORPORATED","YOLO","CA",-122.1217,38.5039
"5741962",0,0,2012,"5700","5","5","3","08",0,1,"A",,,"Y",,,1500,7,"B","C","A","COUNTY ROAD 29","COUNTY ROAD 98",3696,"W","N","2014-02-04",9280,"2012-07-06",1345,"17375",,"1","9","0","3",,"2","002","-","N",,0,0,,,0,,,,"N",2,"A","-",22107,,"N","A","H","-","A","D","0","Y","C","02",0,1,0,0,0,0,0,0,0,"-","-","UNINCORPORATED","YOLO","CA",-121.81586,38.59058
"5737853",-121.744246752,38.5463616596,2012,"5701","0","3","4","21",0,2,"A",,,,,,1800,5,"D","C","A","C ST","5TH ST",150,"S","N","2013-09-06",5701,"2012-05-09",1608,"92","4","5","5","0","0",,"0","002","-","N",,0,0,,,0,,,,"Y",2,"A","-",22106,,"N","A","H","-","A","D","0","Y","A","01",0,0,2,0,0,0,0,0,0,"-","-","DAVIS","YOLO","CA",0,0
"5737841",-121.781533207,38.5536550057,2012,"5701","0","4","4","09",0,1,"A",,"Y",,,,2100,5,"E","I","A","ARLINGTON BL","SHASTA DR",0,,"Y","2013-09-06",5701,"2012-05-24",1820,"104","1","5","5","0","0",,"0","001","-","N",,0,0,,,0,,,,"N",1,"A","-",21453,"C","N","A","H","-","A","A","0","Y","L","04",0,0,1,0,0,0,1,0,0,"-","-","DAVIS","YOLO","CA",0,0
"5736230",-121.72698328,38.5514680797,2012,"5701","0","6","3","03",0,1,"A",,,,,,1800,4,"B","E","A","POLE LINE RD","LEIGH DR",167,"S","N","2013-08-24",5701,"2012-04-21",1614,"10","5","5","5","0","0",,"0","002","-","N",,0,0,,,0,,,,"Y",4,"A","-",22350,,"N","A","H","-","A","D","0","Y","A","01",0,1,0,0,0,0,0,0,0,"-","-","DAVIS","YOLO","CA",0,0
"5736109",-121.730723145,38.5704149793,2012,"5701","0","1","4","09",0,1,"A",,,"Y",,,1800,5,"A","C","A","POLE LINE RD","MOORE BL",0,,"Y","2013-09-06",5701,"2012-05-14",1550,"36","6","5","5","0","0",,"0","003","-","N",,0,0,,,0,,,,"Y",2,"A","-",21801,"A","N","A","H","-","A","A","0","Y","A","08",0,0,1,0,0,0,0,0,1,"-","-","DAVIS","YOLO","CA",0,0
"5735883",-121.758648743,38.5525596826,2012,"5701","0","4","3","08",0,1,"A",,"Y","Y",,,900,6,"H","G","A","ANDERSON RD","AMHERST DR",100,"N","N","2013-10-15",5701,"2012-06-14",755,"72","2","5","5","0","0",,"0","001","-","N",,0,0,,,0,,,,"N",2,"A","-",22107,,"N","A","H","-","A","D","0","Y","L","04",0,1,0,0,0,0,1,0,0,"-","-","DAVIS","YOLO","CA",-121.75585,38.5503
"5734388",-121.764081319,38.5619510039,2012,"5701","0","3","4","10",0,1,"A","Y",,,,,2100,7,"G","B","C","SYCAMORE LN","ALVARADO AV",100,"N","N","2013-10-29",5701,"2012-07-11",1930,"92","3","5","5","0","0",,"0","001","-","N",,0,0,,,0,,,,"N",2,"A","-",21950,"A","N","A","H","-","A","D","0","Y","A","01",0,0,1,0,1,0,0,0,0,"-","-","DAVIS","YOLO","CA",0,0
"5734384",-121.763823071,38.5607550177,2012,"5701","0","3","4","03",0,2,"A",,,,,,1200,7,"C","C","A","SYCAMORE LN","WEST COVELL BL",0,,"Y","2013-10-29",5701,"2012-07-11",1158,"83","3","5","5","0","0",,"0","001","-","N",,0,0,,,0,,,,"N",2,"A","-",22350,,"N","A","H","-","A","A","0","Y","A","01",0,0,2,0,0,0,0,0,0,"-","-","DAVIS","YOLO","CA",-121.76935,38.56714
"5734380",-121.763823071,38.5607550177,2012,"5701","0","1","4","09",0,1,"A",,"Y",,,,1500,7,"D","G","A","SYCAMORE LN","WEST COVELL BL",0,,"Y","2013-10-29",5701,"2012-07-09",1218,"96","3","5","5","0","0",,"0","001","-","N",,0,0,,,0,,,,"N",2,"A","-",21804,"A","N","A","H","-","A","A","0","Y","L","04",0,0,1,0,0,0,1,0,0,"-","-","DAVIS","YOLO","CA",0,0
"5733172",-121.526743091,38.5807550146,2012,"5704","0","2","3","09",0,1,"A",,"Y",,,,1200,7,"D","G","A","JEFFERSON BL","WEST CAPITOL AV",0,"W","N","2013-10-30",5704,"2012-07-10",1145,"158",,"5","4","0","0",,"0","002","-","N",,0,0,,,0,,,,"N",2,"A","-",21804,"A","N","A","H","-","A","D","0","Y","L","04",0,1,0,0,0,0,1,0,0,"-","-","WEST SACRAMENTO","YOLO","CA",0,0
"5733168",0,0,2012,"5704","0","3","3","05",0,1,"A",,,,,,900,7,"E","I","A","LIGHTHOUSE DR","FOUNTAIN DR",400,"S","N","2013-10-30",5704,"2012-07-04",620,"158",,"5","4","0","0",,"0","001","-","N",,0,0,,,0,,,,"N",1,"A","-",21650,,"N","A","H","-","A","D","0","Y","A","01",0,1,0,0,0,0,0,0,0,"-","-","WEST SACRAMENTO","YOLO","CA",0,0
"5733119",-121.518612368,38.588502918,2012,"5704","0","6","3","08",0,1,"A",,,,,,600,6,"A","I","A","SACRAMENTO AV","REUTER DR",164,"W","N","2013-09-28",5704,"2012-06-16",314,"00147",,"5","4","0","0",,"0","0B1","-","N",,0,0,,,0,,,,"Y",1,"A","-",22107,,"N","A","H","-","C","D","0","Y","-","-",0,1,0,0,0,0,0,0,0,"-","-","WEST SACRAMENTO","YOLO","CA",0,0
"5732663",-121.802903142,38.619624971,2012,"5700","4","7","4","12",0,4,"A",,,,,,2100,7,"D","C","A","COUNTY ROAD 98","COUNTY ROAD 27",0,,"Y","2013-11-02",9280,"2012-07-01",2054,"017763",,"2","9","0","2",,"2","025","-","N",,0,0,,,0,,,,"Y",2,"A","-",22450,"A","N","A","H","-","D","A","0","Y","A","07",0,0,4,0,0,0,0,0,0,"-","-","UNINCORPORATED","YOLO","CA",-121.80282,38.61949
"5732659",-121.630108251,38.673215122,2012,"5700","1","7","4","08",0,1,"A",,,,,,2100,7,"E","I","A","RT 5","VIETNAM VETERANS MEMORIAL BR",528,"S","N","2014-05-06",9280,"2012-07-01",1930,"017763",,"2","9","0","1",,"2","020","-","Y","YOL",3,5,"-","-",0.26,"H","-","S","Y",1,"A","-",22107,,"N","A","H","-","A","D","1","Y","A","01",0,0,1,0,0,0,0,0,0,"-","-","UNINCORPORATED","YOLO","CA",-121.63106,38.67314
"5732651",-121.854875904,38.5469955729,2012,"5700","5","4","3","08",0,1,"A",,,,,,900,7,"E","I","A","RUSSELL BL","COUNTY ROAD 95A",528,"E","N","2013-11-02",9280,"2012-07-05",705,"016027",,"1","9","0","3",,"2","002","-","N",,0,0,,,0,,,,"Y",1,"A","-",22107,,"N","A","H","-","A","D","0","Y","A","08",0,1,0,0,0,0,0,0,0,"-","-","UNINCORPORATED","YOLO","CA",-121.855,38.54688
"5732647",-121.65259753,38.560837484,2012,"5700","1","1","4","08",0,1,"A",,,,,,1800,7,"E","I","A","RT 80","WEBSTER",3696,"W","N","2014-04-28",9280,"2012-07-09",1744,"016929",,"2","9","0","1",,"2","010","-","Y","YOL",3,80,"-","-",5.08,"H","-","E","N",1,"A","-",22107,,"N","A","H","-","A","D","1","Y","A","07",0,0,1,0,0,0,0,0,0,"-","-","UNINCORPORATED","YOLO","CA",-121.65713,38.56009
"5731169",0,0,2012,"5700","5","3","3","08",0,1,"A",,,,,,1500,7,"E","I","A","COUNTY ROAD 14","RT 505",5280,"E","N","2013-11-02",9280,"2012-07-04",1420,"15492",,"2","9","0","3",,"2","003","-","N",,0,0,,,0,,,,"Y",1,"A","-",22107,,"N","A","H","-","A","D","0","Y","A","07",0,1,0,0,0,0,0,0,0,"-","-","UNINCORPORATED","YOLO","CA",-121.92885,38.78334
"5731104",-121.802583824,38.677645455,2012,"5700","3","6","4","03",0,2,"A",,,,,,1800,6,"C","C","A","RT 16","COUNTY ROAD 98",20,"W","N","2014-01-29",9280,"2012-06-16",1715,"15492",,"2","9","0","1",,"1","024","-","Y","YOL",3,16,"-","-",40.56,"H","-","E","Y",2,"A","-",22350,,"N","A","H","-","A","D","0","Y","A","01",0,0,2,0,0,0,0,0,0,"-","-","UNINCORPORATED","YOLO","CA",-121.80277,38.67767
"5729626",-121.79795322,38.6759050588,2012,"5703","0","3","3","12",0,2,"A",,,,,,1800,7,"D","C","A","WEST LINCOLN AV","ASHLEY AV",0,,"Y","2013-10-26",5703,"2012-07-18",1530,"863","72","5","4","0","0",,"0","003","-","N",,0,0,,,0,,,,"Y",2,"A","-",22450,"A","F","A","H","-","A","A","0","Y","D","22",0,1,1,0,0,0,0,0,0,"-","-","WOODLAND","YOLO","CA",0,0
"5729309",-121.765413166,38.6798749803,2012,"5703","0","7","3","08",0,1,"A",,"Y",,,,2100,6,"D","G","A","EAST ST","NORTH ST",0,,"Y","2013-10-09",5703,"2012-06-24",2017,"875",,"5","4","0","0",,"0",,"-","N",,0,0,,,0,,,,"N",2,"A","-",22107,,"N","A","H","-","B","D","0","Y","L","04",0,1,0,0,0,0,1,0,0,"-","-","WOODLAND","YOLO","CA",0,0
"5729305",-121.784093168,38.6757150208,2012,"5703","0","6","4","09",0,1,"A",,,,,,1500,6,"D","C","A","LINCOLN AV","WEST ST",0,,"Y","2013-10-09",5703,"2012-06-09",1214,"826","32","5","4","0","0",,"0","003","-","N",,0,0,,,0,,,,"Y",2,"A","-",21801,"A","N","A","H","-","A","A","0","Y","I","09",0,0,1,0,0,0,0,0,0,"-","-","WOODLAND","YOLO","CA",0,0
"5729301",-121.751163167,38.667615111,2012,"5703","0","1","4","05",0,2,"A",,,,,,1500,6,"D","C","A","EAST GIBSON RD","RT 113",0,,"Y","2014-02-03",5703,"2012-06-11",1226,"826","33","5","4","0","0",,"0","004","-","Y","YOL",3,113,"-","R",9.461,"R","4","N","Y",2,"A","-",21650,,"N","A","H","-","A","D","0","Y","A","01",0,0,2,0,0,0,0,0,0,"-","-","WOODLAND","YOLO","CA",0,0