"CASEID","POINT_X","POINT_Y","YEAR_","LOCATION","CHPTYPE","DAYWEEK","CRASHSEV","VIOLCAT","KILLED","INJURED","WEATHER1","PEDCOL","BICCOL","MCCOL","TRUCKCOL","ETOH","TIMECAT","MONTH_","CRASHTYP","INVOLVE","PED","PRIMARYRD","SECONDRD","DISTANCE","DIRECT","INTERSECT_","PROCDATE","JURIS","DATE_","TIME_","BADGE","JURIDIST","SHIFT","POP","SPECIAL","BEATTYPE","LAPDDIV","BEATCLAS","BEATNUMB","WEATHER2","STATEHW","CALTRANC","CALTRAND","STROUTE","ROUTESUF","POSTPRE","POSTMILE","LOCATYPE","RAMP","SIDEHW","TOWAWAY","PARTIES","PCF","VIOLCODE","VIOL","VIOLSUB","HITRUN","ROADSURF","RDCOND1","RDCOND2","LIGHTING","RIGHTWAY","CHPRDTYP","NOTPRIV","STFAULT","CHPFAULT","SEVINJ","OTHERINJ","COP","PEDKILL","PEDINJ","BICKILL","BICINJ","MCKILL","MCINJURE","RAMP1","RAMP2","CITY","COUNTY","STATE","X_CHP","Y_CHP"
"5729297",-121.754647442,38.6917917057,2012,"5703","0","7","2","05",0,2,"A",,,,,,2100,6,"A","C","A","EAST KENTUCKY AV","PIONEER AV",2253,"W","N","2013-10-09",5703,"2012-06-17",1806,"839","23","5","4","0","0",,"0","001","-","N",,0,0,,,0,,,,"Y",2,"A","-",21650,,"N","A","H","-","A","D","0","Y","A","01",1,0,1,0,0,0,0,0,0,"-","-","WOODLAND","YOLO","CA",0,0
"5729293",-121.765433165,38.6786850273,2012,"5703","0","5","4","09",0,1,"A",,,,,,1500,6,"D","C","A","EAST ST","COURT ST",0,,"Y","2013-10-08",5703,"2012-06-22",1209,"813","22","5","4","0","0",,"0","001","-","N",,0,0,,,0,,,,"N",2,"A","-",21801,"A","N","A","H","-","A","D","0","Y","A","01",0,0,1,0,0,0,0,0,0,"-","-","WOODLAND","YOLO","CA",0,0
"5729220",-122.077870688,38.706713288,2012,"5700","3","3","3","01",0,1,"A",,,,,"Y",300,6,"F","A","A","RT 16","COUNTY ROAD 82B",1056,"E","N","2014-01-29",9280,"2012-06-20",245,"15128",,"3","9","0","1",,"2","034","-","Y","YOL",3,16,"-","-",24.04,"H","-","W","Y",1,"A","-",23152,"A","N","A","H","-","D","D","0","Y","A","01",0,1,0,0,0,0,0,0,0,"-","-","UNINCORPORATED","YOLO","CA",-122.07754,37.70385
"5729216",-121.725431648,38.673907186,2012,"5703","1","4","3","08",0,1,"A",,,,,,2100,6,"E","I","A","RT 5","MAIN ST",528,"N","N","2014-01-23",9280,"2012-06-21",2018,"16144",,"2","4","0","1",,"2","020","-","Y","YOL",3,5,"-","R",6.66,"H","-","N","Y",1,"A","-",22107,,"N","A","D","-","A","D","1","Y","A","01",0,1,0,0,0,0,0,0,0,"-","-","WOODLAND","YOLO","CA",-121.74556,38.67734
"5729212",-122.140638424,38.726179584,2012,"5700","3","7","4","08",0,1,"A",,,,,,900,6,"B","J","A","RT 16","MILE POST MARKER 19.87",36,"W","N","2014-01-29",9280,"2012-06-24",654,"16632",,"1","9","0","1",,"2","034","-","Y","YOL",3,16,"-","-",19.86,"H","-","W","Y",1,"A","-",22107,,"N","A","H","-","A","D","0","Y","A","01",0,0,1,0,0,0,0,0,0,"-","-","UNINCORPORATED","YOLO","CA",-122.1413,38.72753
"5727802",-121.694128786,38.5581081973,2012,"5701","0","6","4","03",0,2,"A",,,,,,1500,6,"C","C","A","MACE BL","ALHAMBRA DR",312,"S","N","2013-10-04",5701,"2012-06-09",1223,"106","8","5","5","0","0",,"0","004","-","N",,0,0,,,0,,,,"Y",3,"A","-",22350,,"N","A","H","-","A","A","0","Y","A","01",0,0,2,0,0,0,0,0,0,"-","-","DAVIS","YOLO","CA",0,0
"5727790",-121.761688295,38.5464243445,2012,"5701","0","6","4","03",0,2,"A",,,,,,1800,6,"C","C","A","RUSSELL BL","SYCAMORE LN",30,"E","N","2013-10-04",5701,"2012-06-02",1758,"92","2","5","5","0","0",,"0","001","-","N",,0,0,,,0,,,,"N",3,"A","-",22350,,"N","A","H","-","A","A","0","Y","A","01",0,0,2,0,0,0,0,0,0,"-","-","DAVIS","YOLO","CA",0,0
"5724956",-121.539831683,38.5797933497,2012,"5704","0","1","3","11",0,1,"A","Y",,,,,1800,7,"G","B","D","WEST CAPITOL AV","WALNUT ST",250,"E","N","2013-11-02",5704,"2012-07-02",1515,"00165",,"5","4","0","0",,"0","002","-","N",,0,0,,,0,,,,"Y",2,"A","-",21954,"A","N","A","H","-","A","D","0","Y","N","60",0,1,0,0,1,0,0,0,0,"-","-","WEST SACRAMENTO","YOLO","CA",0,0
"5724869",-121.525048834,38.5810867859,2012,"5704","0","3","3","05",0,1,"A",,"Y",,,,1800,6,"D","G","A","WEST CAPITOL AV","JEFFERSON BL",500,"E","N","2014-03-24",5704,"2012-06-20",1500,"00158",,"5","4","0","0",,"0","001","-","N",,0,0,,,0,,,,"N",2,"A","-",21650,"1","N","A","H","-","A","D","0","Y","L","04",0,1,0,0,0,0,1,0,0,"-","-","WEST SACRAMENTO","YOLO","CA",0,0
"5724833",-121.784093227,38.6760929577,2012,"5703","0","3","3","11",0,1,"A","Y",,,,"Y",1500,6,"G","B","D","WEST ST","MEMORIAL LN",110,"S","N","2013-09-28",5703,"2012-06-20",1220,"832","32","5","4","0","0",,"0","003","-","N",,0,0,,,0,,,,"N",2,"A","-",21954,"A","N","A","H","-","A","D","0","Y","N","60",0,1,0,0,1,0,0,0,0,"-","-","WOODLAND","YOLO","CA",0,0
"5724814",-121.513633059,38.5849050159,2012,"5704","0","7","4","21",0,1,"A",,,,,,1500,6,"D","C","A","5TH ST","F ST",0,,"Y","2013-10-05",5704,"2012-06-24",1234,"126",,"5","4","0","0",,"0","001","-","N",,0,0,,,0,,,,"Y",2,"A","-",22106,,"N","A","H","-","A","A","0","Y","A","01",0,0,1,0,0,0,0,0,0,"-","-","WEST SACRAMENTO","YOLO","CA",0,0
"5724810",-121.563453074,38.5554850534,2012,"5704","0","4","3","05",0,1,"A",,,,,,1800,6,"E","I","A","SOUTHPORT PKWY","RAMCO ST",0,,"N","2013-09-28",5704,"2012-06-21",1720,"00158",,"5","4","0","0",,"0","003","G","N",,0,0,,,0,,,,"Y",1,"A","-",21650,,"N","A","H","-","A","D","0","Y","A","01",0,1,0,0,0,0,0,0,0,"-","-","WEST SACRAMENTO","YOLO","CA",0,0
"5724806",-121.514043165,38.5824549982,2012,"5704","0","2","2","10",0,1,"A","Y",,,,,2400,6,"G","B","B","WEST CAPITOL AV","5TH ST",0,,"N","2013-09-28",5704,"2012-06-19",2100,"00158",,"5","4","0","0",,"0","001","-","N",,0,0,,,0,,,,"N",2,"A","-",21950,"A","N","A","H","-","C","A","0","Y","A","01",1,0,0,0,1,0,0,0,0,"-","-","WEST SACRAMENTO","YOLO","CA",0,0
"5724705",-121.786163177,38.704965112,2012,"5700","1","4","2","03",0,1,"A",,,"Y",,,1500,6,"E","I","A","RT 5","WEST ST",156,"N","N","2014-01-23",9280,"2012-06-14",1219,"017772",,"1","9","0","1",,"2","020","-","Y","YOL",3,5,"-","R",9.525,"R","2","S","Y",1,"A","-",22350,,"N","A","H","-","A","D","1","Y","C","02",1,0,0,0,0,0,0,0,1,"TO","-","UNINCORPORATED","YOLO","CA",-121.78441,38.70145
"5724701",-121.556431529,38.575176216,2012,"5704","2","5","3","03",0,8,"A",,,,,,1800,6,"C","C","A","RT 50","HARBOR BL",2640,"W","N","2014-01-27",9280,"2012-06-15",1720,"015492",,"2","4","0","1",,"2","011","-","Y","YOL",3,50,"-","-",0.7,"H","-","W","Y",6,"A","-",22350,,"N","A","H","-","A","D","1","Y","A","01",0,1,7,0,0,0,0,0,0,"-","-","WEST SACRAMENTO","YOLO","CA",-121.55725,38.57541
"5724697",-121.563256518,38.575580929,2012,"5700","2","7","4","-",0,3,"A",,,,,,1200,6,"D","C","A","RT 50","RT 80",528,"E","N","2014-01-29",9280,"2012-06-17",1130,"013927",,"1","9","0","1",,"2","011","-","Y","YOL",3,50,"-","-",0.3,"H","-","W","Y",4,"-","-",0,,"N","A","H","-","A","D","1","Y","-","-",0,0,3,0,0,0,0,0,0,"-","-","UNINCORPORATED","YOLO","CA",0,0
"5724693",-121.740826704,38.674486812,2012,"5703","1","3","3","-",0,1,"A",,,"Y",,,2100,6,"H","A","A","RT 5","MAIN ST",37,"N","N","2014-01-23",9280,"2012-06-27",2020,"013469",,"2","4","0","1",,"2","020","-","Y","YOL",3,5,"-","-",6.24,"H","-","N","N",1,"A","-",0,,"N","A","D","-","B","D","1","Y","C","02",0,1,0,0,0,0,0,0,1,"-","-","WOODLAND","YOLO","CA",-121.74147,38.67477
"5723795",-121.682785106,38.555546916,2012,"5700","1","6","3","18",0,1,"A",,,,,,1800,7,"-","-","A","RT 80","MACE BL",3168,"E","N","2013-11-04",9280,"2012-07-07",1625,"11706",,"2","9","0","1",,"2","010","-","Y","YOL",3,80,"-","-",3.28,"H","-","E","Y",1,"C","-",0,,"N","A","H","-","A","-","1","Y","-","-",0,1,0,0,0,0,0,0,0,"-","-","UNINCORPORATED","YOLO","CA",-121.68567,38.55467
"5723791",0,0,2012,"5700","5","6","2","08",0,2,"A",,,,,,2400,7,"E","I","A","COUNTY ROAD 99W","COUNTY ROAD 89B",528,"S","N","2013-11-04",9280,"2012-07-07",2339,"17763",,"3","9","0","3",,"2","003","-","N",,0,0,,,0,,,,"Y",1,"A","-",22107,,"N","A","H","-","D","D","0","Y","A","07",2,0,0,0,0,0,0,0,0,"-","-","UNINCORPORATED","YOLO","CA",-121.95527,38.86813
"5723589",-121.592074119,38.6418841721,2012,"5700","5","1","3","08",0,1,"A",,,,,,1500,6,"F","A","A","OLD RIVER RD","COUNTY ROAD 124",9504,"S","N","2013-10-12",9280,"2012-06-18",1400,"16929",,"2","9","0","3",,"2","002","-","N",,0,0,,,0,,,,"Y",1,"A","-",22107,,"N","A","H","-","A","D","0","Y","A","01",0,1,0,0,0,0,0,0,0,"-","-","UNINCORPORATED","YOLO","CA",-121.59148,38.64145
"5723521",-121.549446928,38.4802963481,2012,"5700","5","5","3","03",0,2,"A",,,"Y",,,2100,6,"E","J","A","SOUTH RIVER RD","BABEL SLOUGH RD",72,"N","N","2013-10-12",9280,"2012-06-29",1815,"11706",,"2","9","0","3",,"2","001","-","N",,0,0,,,0,,,,"Y",1,"A","-",22350,,"N","A","H","-","A","A","0","Y","C","02",0,2,0,0,0,0,0,0,2,"-","-","UNINCORPORATED","YOLO","CA",-121.54942,38.48033
"5723155",-121.783833201,38.6912849713,2012,"5703","0","2","4","08",0,1,"A",,"Y",,,,2100,6,"H","G","A","N WEST ST","TENNESSEE AV",0,,"Y","2013-10-05",5703,"2012-06-19",1936,"810",,"5","4","0","0",,"0","002","-","N",,0,0,,,0,,,,"N",2,"A","-",22107,,"N","A","H","-","A","D","0","Y","L","04",0,0,1,0,0,0,1,0,0,"-","-","WOODLAND","YOLO","CA",0,0
"5722379",-121.767460363,38.574303807,2012,"5700","3","7","3","01",0,1,"A",,,,,"Y",1200,7,"F","A","A","RT 113","COUNTY ROAD 31",4752,"N","N","2013-10-30",9280,"2012-07-01",900,"13927",,"1","9","0","1",,"2","022","-","Y","YOL",3,113,"-","R",2.98,"H","-","N","Y",1,"A","-",23152,"A","N","A","H","-","A","D","1","Y","D","22",0,1,0,0,0,0,0,0,0,"-","-","UNINCORPORATED","YOLO","CA",-121.76719,38.56492
"5721750",-121.760738258,38.6768366234,2012,"5703","0","1","4","-",0,1,"A",,,,,,1500,6,"C","C","A","THOMAS ST","EAST MAIN ST",200,"S","N","2013-10-16",5703,"2012-06-25",1215,"836","11","5","4","0","0",,"0","001","-","N",,0,0,,,0,,,,"N",2,"A","-",0,,"F","A","H","-","A","D","0","Y","-","-",0,0,1,0,0,0,0,0,0,"-","-","WOODLAND","YOLO","CA",0,0
"5721407",-121.808448451,38.6196008756,2012,"5700","5","1","3","01",0,1,"A",,,,,"Y",1800,7,"B","C","A","COUNTY ROAD 27","COUNTY ROAD 98",1584,"W","N","2014-01-29",9280,"2012-07-02",1740,"016144",,"2","9","0","3",,"2","002","-","N",,0,0,,,0,,,,"Y",2,"A","-",23152,"A","N","A","H","-","A","D","0","Y","A","01",0,1,0,0,0,0,0,0,0,"-","-","UNINCORPORATED","YOLO","CA",-121.80922,38.61951
"5721319",-121.775366946,38.6799394054,2012,"5703","0","2","3","09",0,3,"A",,,,,,1800,7,"A","C","A","NORTH ST","COLLEGE ST",198,"W","N","2014-02-13",5703,"2012-07-03",1552,"832",,"5","4","0","0",,"0","002","-","N",,0,0,,,0,,,,"N",2,"A","-",21804,"A","N","A","H","-","A","D","0","Y","D","22",0,2,1,0,0,0,0,0,0,"-","-","WOODLAND","YOLO","CA",0,0
"5720916",0,0,2012,"5700","5","2","3","08",0,1,"A",,,,,,1800,6,"F","J","A","RUSSELL BL","KINSELLA LN",1584,"W","N","2013-09-28",9280,"2012-06-12",1600,"16292",,"2","9","0","3",,"2","003","-","N",,0,0,,,0,,,,"Y",1,"A","-",22107,,"N","A","H","-","A","D","0","Y","A","01",0,1,0,0,0,0,0,0,0,"-","-","UNINCORPORATED","YOLO","CA",-121.8783,38.5494
"5720627",-121.754548305,38.550753393,2012,"5701","0","3","3","08",0,1,"A",,,,,,1200,2,"C","E","A","8TH ST","ELMWOOD DR",30,"E","N","2013-07-13",5701,"2012-02-08",1038,"70","2","5","5","0","0",,"0","001","-","N",,0,0,,,0,,,,"Y",2,"A","-",22107,,"N","A","H","-","A","D","0","Y","A","01",0,1,0,0,0,0,0,0,0,"-","-","DAVIS","YOLO","CA",0,0
"5720596",-121.745063092,38.5452949843,2012,"5701","0","2","4","05",0,1,"A",,,,,,1200,6,"A","C","A","4TH ST","B ST",0,,"Y","2013-10-08",5701,"2012-06-26",1120,"89","4","5","5","0","0",,"0","002","-","N",,0,0,,,0,,,,"Y",2,"A","-",21650,,"N","A","H","-","A","D","0","Y","D","22",0,0,1,0,0,0,0,0,0,"-","-","DAVIS","YOLO","CA",-121.73336,38.54387
"5718091",0,0,2012,"5704","0","2","4","21",0,1,"A",,,,,,1200,6,"C","C","A","REED AV","IKEA CT",40,"W","N","2013-10-11",5704,"2012-06-12",1155,"00001",,"5","4","0","0",,"0",,"-","N",,0,0,,,0,,,,"N",3,"A","-",22106,,"N","A","H","-","A","A","0","Y","A","01",0,0,1,0,0,0,0,0,0,"-","-","WEST SACRAMENTO","YOLO","CA",-121.54913,38.59157
"5692728",-121.768213144,38.5464650416,2012,"5701","0","5","3","03",0,1,"A",,,,,,1800,6,"C","C","A","RUSSELL BL","RT 113",0,,"Y","2013-10-09",5701,"2012-06-15",1750,"36","1","5","5","0","0",,"0","001","-","N",,0,0,,,0,,,,"Y",2,"A","-",22350,,"N","A","H","-","A","A","0","Y","A","01",0,1,0,0,0,0,0,0,0,"-","SO","DAVIS","YOLO","CA",0,0
"5687543",-121.731043205,38.5625308126,2012,"5701","0","1","4","03",0,2,"A",,,,,,1800,6,"C","C","A","POLE LINE RD","PICASSO AV",600,"S","N","2013-10-12",5701,"2012-06-11",1759,"45",,"5","5","0","0",,"0","003","-","N",,0,0,,,0,,,,"N",2,"A","-",22350,,"N","A","H","-","A","A","0","Y","A","01",0,0,2,0,0,0,0,0,0,"-","-","DAVIS","YOLO","CA",0,0
"5687539",-121.741175187,38.5515456827,2012,"5701","0","4","4","03",0,1,"A",,,,,,1500,6,"C","C","A","EAST 8TH","G ST",30,"W","N","2013-10-12",5701,"2012-06-14",1339,"107","4","5","5","0","0",,"0","002","-","N",,0,0,,,0,,,,"Y",2,"A","-",22350,,"N","A","H","-","A","D","0","Y","A","01",0,0,1,0,0,0,0,0,0,"-","-","DAVIS","YOLO","CA",0,0
"5684346",-121.632200823,38.564465309,2012,"5700","1","6","3","03",0,5,"A",,,,,,1500,6,"E","I","A","RT 80","WEBSTER",1760,"E","N","2014-01-09",9280,"2012-06-09",1315,"015079",,"1","9","0","1",,"2","010","-","Y","YOL",3,80,"-","-",6.13,"H","-","E","Y",2,"A","-",22350,,"N","A","H","-","A","D","1","Y","D","22",0,2,3,0,0,0,0,0,0,"-","-","UNINCORPORATED","YOLO","CA",-121.63184,38.56448
"5684342",-121.845046406,38.677883455,2012,"5700","3","3","4","04",0,2,"A",,,,,,1500,6,"C","C","A","RT 16","COUNTY ROAD 96",1584,"W","N","2014-01-29",9280,"2012-06-06",1310,"014853",,"1","9","0","1",,"1","024","-","Y","YOL",3,16,"-","-",38.26,"H","-","E","N",2,"A","-",21703,,"N","A","H","-","A","D","0","Y","D","22",0,0,2,0,0,0,0,0,0,"-","-","UNINCORPORATED","YOLO","CA",-121.84433,38.67797
"5683018",-121.736949473,38.5453423092,2012,"5701","0","5","3","01",0,1,"A",,,,,"Y",300,6,"E","I","A","3RD ST","I ST",10,"N","N","2013-10-15",5701,"2012-06-15",150,"89","5","5","5","0","0",,"0","002","-","N",,0,0,,,0,,,,"Y",1,"A","-",23153,"A","N","A","H","-","D","D","0","Y","A","01",0,1,0,0,0,0,0,0,0,"-","-","DAVIS","YOLO","CA",0,0
"5681577",0,0,2012,"5703","0","3","4","08",0,1,"A",,,,,,1200,6,"B","C","A","COUNTY ROAD 102","BRONZE STAR DR",60,"N","N","2014-01-08",5703,"2012-06-13",1150,"862","91","5","4","0","0",,"0","004","-","N",,0,0,,,0,,,,"Y",2,"A","-",22107,,"N","A","H","-","A","A","0","Y","A","01",0,0,1,0,0,0,0,0,0,"-","-","WOODLAND","YOLO","CA",0,0
"5681573",-121.77195316,38.675604996,2012,"5703","0","3","3","09",0,2,"A",,,,,,2100,6,"-","C","A","2ND ST","LINCOLN AV",0,,"Y","2013-10-05",5703,"2012-06-13",1808,"885","12","5","4","0","0",,"0","001","-","N",,0,0,,,0,,,,"Y",2,"A","-",21802,"A","N","A","H","-","A","D","0","Y","A","01",0,1,1,0,0,0,0,0,0,"-","-","WOODLAND","YOLO","CA",0,0
"5681569",-121.765367746,38.6773802306,2012,"5703","0","2","4","03",0,1,"A",,,,,,1800,6,"C","C","A","EAST MAIN ST","EAST ST",25,"E","N","2013-10-05",5703,"2012-06-12",1609,"863","12","5","4","0","0",,"0","001","-","N",,0,0,,,0,,,,"N",2,"A","-",22350,,"N","A","H","-","A","A","0","Y","A","07",0,0,1,0,0,0,0,0,0,"-","-","WOODLAND","YOLO","CA",0,0
"5681531",-121.782055421,38.6629771855,2012,"5703","0","1","4","05",0,1,"A",,,,,,2100,6,"B","E","A","GIBSON RD","MCKINLEY AV",72,"W","N","2013-10-05",5703,"2012-06-04",2045,"862","36","5","4","0","0",,"0","003","-","N",,0,0,,,0,,,,"Y",2,"A","-",21650,,"N","A","H","-","C","D","0","Y","A","01",0,0,1,0,0,0,0,0,0,"-","-","WOODLAND","YOLO","CA",0,0
"5681527",0,0,2012,"5703","0","2","4","08",0,1,"A",,,,,,2100,6,"E","J","A","EAST ST","CHURCHILL DOWNS AV",1385,"N","N","2013-11-05",5703,"2012-06-05",1821,"880","29","5","4","0","0",,"0","001","-","N",,0,0,,,0,,,,"Y",1,"A","-",22107,,"N","A","H","-","A","D","0","Y","A","01",0,0,1,0,0,0,0,0,0,"-","-","WOODLAND","YOLO","CA",0,0
"5680160",-121.75224923,38.5601690342,2012,"5701","0","1","3","08",0,1,"B",,"Y",,,,900,6,"H","G","A","OAK AV","COVELL BL",250,"S","N","2014-01-07",5701,"2012-06-04",745,"106","2","5","5","0","0",,"0","001","-","N",,0,0,,,0,,,,"N",2,"A","-",22107,,"N","A","H","-","A","D","0","Y","A","01",0,1,0,0,0,0,1,0,0,"-","-","DAVIS","YOLO","CA",0,0
"5679844",-121.730313203,38.5898350118,2012,"5700","1","6","3","12",0,6,"A",,,,,,2100,5,"D","C","A","COUNTY ROAD 102","COUNTY ROAD 29",0,,"Y","2013-09-07",9280,"2012-05-26",1925,"15079",,"2","9","0","1",,"2","020","-","N",,0,0,,,0,,,,"Y",2,"A","-",22450,"A","N","A","H","-","A","A","0","Y","A","01",0,1,5,0,0,0,0,0,0,"-","-","UNINCORPORATED","YOLO","CA",-121.4349,38.352
"5679768",-121.584584518,38.573155471,2012,"5700","1","6","4","04",0,2,"A",,,,,,1200,6,"C","C","A","RT 80","ENTERPRISE BL",1584,"W","N","2014-01-09",9280,"2012-06-09",930,"13927",,"1","9","0","1",,"2","010","-","Y","YOL",3,80,"-","-",8.88,"H","-","W","N",2,"A","-",21703,,"N","A","H","-","A","D","1","Y","A","01",0,0,2,0,0,0,0,0,0,"-","-","UNINCORPORATED","YOLO","CA",0,0
"5679764",-121.845046406,38.677883455,2012,"5703","3","2","3","08",0,1,"A",,,,,,600,6,"E","I","A","RT 16","COUNTY ROAD 96",1056,"W","N","2014-01-29",9280,"2012-06-12",400,"17933",,"3","4","0","1",,"1","024","-","Y","YOL",3,16,"-","-",38.26,"H","-","E","Y",1,"A","-",22107,,"N","A","H","-","D","D","0","Y","A","01",0,1,0,0,0,0,0,0,0,"-","-","WOODLAND","YOLO","CA",-121.84412,38.67794
"5678000",-121.655976206,38.560327138,2012,"5700","1","4","4","07",0,1,"A",,,"Y",,,1800,6,"B","C","A","RT 80","MACE BL",11616,"E","N","2014-01-09",9280,"2012-06-28",1650,"11706",,"2","9","0","1",,"2","010","-","Y","YOL",3,80,"-","-",4.88,"H","-","E","Y",2,"A","-",21658,"A","N","A","H","-","A","D","1","Y","C","02",0,0,1,0,0,0,0,0,1,"-","-","UNINCORPORATED","YOLO","CA",-121.65421,38.5605
"5677839",-121.722881597,38.7951328,2012,"5700","3","5","2","01",0,2,"A",,,,,"Y",300,6,"E","I","A","RT 113","DIXON ST",280,"S","N","2014-01-24",9280,"2012-06-15",100,"16665",,"3","9","0","1",,"2","023","-","Y","YOL",3,113,"-","R",21.5,"H","-","N","Y",5,"A","-",23152,"A","F","A","H","-","C","D","0","Y","A","01",1,0,1,0,0,0,0,0,0,"-","-","UNINCORPORATED","YOLO","CA",-121.72333,38.79433
"5674453",-121.533194171,38.5706510454,2012,"5704","0","1","3","05",0,1,"A",,,,,,1200,6,"E","I","A","FALLBROOK ST","GRANDE VISTA AV",100,"S","N","2013-10-12",5704,"2012-06-18",1115,"00158",,"5","4","0","0",,"0","002","-","N",,0,0,,,0,,,,"Y",1,"A","-",21650,,"N","A","H","-","A","D","0","Y","A","01",0,1,0,0,0,0,0,0,0,"-","-","WEST SACRAMENTO","YOLO","CA",0,0
"5674100",-122.031823071,38.495716539,2012,"5700","3","6","3","08",0,4,"A",,,,,"Y",2100,6,"E","I","A","RT 128","PLEASANTS VALLEY RD",1584,"W","N","2014-01-30",9280,"2012-06-16",2015,"13469",,"2","9","0","1",,"2","032","-","Y","YOL",3,128,"-","-",4.28,"H","-","E","Y",1,"A","-",22107,,"F","A","H","-","B","D","0","Y","A","07",0,2,2,0,0,0,0,0,0,"-","-","UNINCORPORATED","YOLO","CA",-121.0335,38.49668
"5673608",-121.784013197,38.6788550442,2012,"5703","0","3","3","12",0,2,"A",,,,,,2100,6,"D","C","A","COURT ST","WEST ST",0,,"Y","2013-10-17",5703,"2012-06-20",1840,"885","62","5","4","0","0",,"0","002","-","N",,0,0,,,0,,,,"Y",2,"A","-",21453,"A","F","A","H","-","A","A","0","Y","D","22",0,2,0,0,0,0,0,0,0,"-","-","WOODLAND","YOLO","CA",0,0
"5673552",-121.738201644,38.5405842438,2012,"5701","0","5","4","03",0,1,"A",,,,,,1500,5,"C","C","A","RICHARDS BL","OLIVE DR",150,"S","N","2014-01-08",5701,"2012-05-11",1300,"67","8","5","5","0","0",,"0","004","-","N",,0,0,,,0,,,,"N",2,"A","-",22350,,"N","A","H","-","A","D","0","Y","D","22",0,0,1,0,0,0,0,0,0,"-","-","DAVIS","YOLO","CA",0,0
"5672220",-121.969123203,38.682015096,2012,"5700","3","7","4","03",0,1,"A",,,,,,2100,6,"C","C","A","RT 16","COUNTY ROAD 89",528,"W","N","2014-01-29",9280,"2012-06-10",1835,"15079",,"2","9","0","1",,"2","034","-","Y","YOL",3,16,"-","-",30.93,"H","-","E","Y",2,"A","-",22350,,"N","A","H","-","A","D","0","Y","A","01",0,0,1,0,0,0,0,0,0,"-","-","UNINCORPORATED","YOLO","CA",-121.96948,38.68201
"5672216",-121.586283154,38.572851073,2012,"5700","1","3","4","03",0,1,"A",,,"Y",,,900,6,"C","C","A","RT 80","ENTERPRISE BL",2112,"W","N","2014-01-09",9280,"2012-06-13",750,"17772",,"1","9","0","1",,"2","010","-","Y","YOL",3,80,"-","-",8.78,"H","-","W","Y",2,"A","-",22350,,"N","A","H","-","A","D","1","Y","C","02",0,0,1,0,0,0,0,0,1,"-","-","UNINCORPORATED","YOLO","CA",-121.58724,38.57278
"5672212",-121.546893124,38.575115119,2012,"5704","2","4","3","01",0,1,"A",,,,,"Y",300,6,"F","A","A","RT 50","HARBOR BL",60,"E","N","2014-01-27",9280,"2012-06-14",35,"17351",,"3","4","0","1",,"2","011","-","Y","YOL",3,50,"-","-",1.21,"R","2","W","Y",1,"A","-",23152,"A","N","A","H","-","C","D","1","Y","A","01",0,1,0,0,0,0,0,0,0,"-","-","WEST SACRAMENTO","YOLO","CA",0,0
"5672208",-121.546705743,38.575113264,2012,"5704","2","6","3","03",0,1,"A",,,,,,1200,6,"C","C","A","RT 50","HARBOR BL",125,"E","N","2014-01-27",9280,"2012-06-16",1135,"17772",,"1","4","0","1",,"2","011","-","Y","YOL",3,50,"-","-",1.22,"H","-","W","Y",3,"A","-",22350,,"N","A","H","-","A","D","1","Y","A","01",0,1,0,0,0,0,0,0,0,"-","-","WEST SACRAMENTO","YOLO","CA",-121.54775,38.57507
"5672204",0,0,2012,"5704","2","6","4","18",0,1,"A",,,,,,1800,6,"E","I","A","RT 50","5TH ST",250,"E","N","2014-03-06",9280,"2012-06-16",1515,"17772",,"2","4","0","1",,"2","011","-","Y","SAC",3,50,"-","L",0.679,"R","2","W","Y",1,"C","-",0,,"N","A","H","-","A","D","1","Y","-","-",0,0,1,0,0,0,0,0,0,"TO","-","WEST SACRAMENTO","YOLO","CA",-121.51874,38.57715
"5671802",-121.752988029,38.5463279482,2012,"5701","0","5","4","03",0,2,"A",,,,,,1200,6,"C","C","A","RUSSELL BL","OAK AV",50,"W","N","2013-10-02",5701,"2012-06-08",1026,"72","3","5","5","0","0",,"0","001","-","N",,0,0,,,0,,,,"Y",2,"A","-",22350,,"N","A","H","-","A","A","0","Y","D","22",0,0,2,0,0,0,0,0,0,"-","-","DAVIS","YOLO","CA",0,0
"5667629",-121.682785106,38.555546916,2012,"5701","1","5","3","03",0,1,"A",,,"Y",,,2100,6,"C","C","A","RT 80","MACE BL",3168,"E","N","2014-01-09",9280,"2012-06-01",1855,"13469",,"2","5","0","1",,"2","010","-","Y","YOL",3,80,"-","-",3.28,"H","-","E","Y",2,"A","-",22350,,"N","A","H","-","A","D","1","Y","C","02",0,1,0,0,0,0,0,0,1,"-","-","DAVIS","YOLO","CA",-121.68156,38.55571