"CASEID","POINT_X","POINT_Y","YEAR_","LOCATION","CHPTYPE","DAYWEEK","CRASHSEV","VIOLCAT","KILLED","INJURED","WEATHER1","PEDCOL","BICCOL","MCCOL","TRUCKCOL","ETOH","TIMECAT","MONTH_","CRASHTYP","INVOLVE","PED","PRIMARYRD","SECONDRD","DISTANCE","DIRECT","INTERSECT_","PROCDATE","JURIS","DATE_","TIME_","BADGE","JURIDIST","SHIFT","POP","SPECIAL","BEATTYPE","LAPDDIV","BEATCLAS","BEATNUMB","WEATHER2","STATEHW","CALTRANC","CALTRAND","STROUTE","ROUTESUF","POSTPRE","POSTMILE","LOCATYPE","RAMP","SIDEHW","TOWAWAY","PARTIES","PCF","VIOLCODE","VIOL","VIOLSUB","HITRUN","ROADSURF","RDCOND1","RDCOND2","LIGHTING","RIGHTWAY","CHPRDTYP","NOTPRIV","STFAULT","CHPFAULT","SEVINJ","OTHERINJ","COP","PEDKILL","PEDINJ","BICKILL","BICINJ","MCKILL","MCINJURE","RAMP1","RAMP2","CITY","COUNTY","STATE","X_CHP","Y_CHP"
"5667625",-121.775887961,38.698591693,2012,"5703","1","7","4","08",0,1,"A",,,,,,1500,6,"E","I","A","RT 5","WEST ST",2640,"S","N","2014-02-10",9280,"2012-06-03",1355,"16527",,"1","4","0","1",,"2","020","-","Y","YOL",3,5,"-","R",8.91,"H","-","S","Y",1,"A","-",22107,,"N","A","H","-","A","D","1","Y","A","01",0,0,1,0,0,0,0,0,0,"-","-","WOODLAND","YOLO","CA",-121.27769,38.69899
"5667433",-122.017527389,38.689191642,2012,"5703","3","7","4","08",0,1,"A",,,"Y",,,1800,5,"H","J","A","RT 16","YOLO AV",20,"E","N","2014-01-29",9280,"2012-05-27",1542,"016632",,"2","4","0","1",,"2","034","-","Y","YOL",3,16,"-","-",28.27,"H","-","E","Y",1,"A","-",22107,,"N","B","H","-","A","D","0","Y","C","02",0,0,1,0,0,0,0,0,1,"-","-","WOODLAND","YOLO","CA",0,0
"5666554",-121.752813181,38.5463250063,2012,"5701","0","2","4","09",0,1,"A",,"Y",,,,1200,4,"H","G","A","OAK AV","RUSSELL BL",0,,"Y","2013-08-21",5701,"2012-04-03",1100,"89","3","5","5","0","0",,"0","001","-","N",,0,0,,,0,,,,"N",2,"A","-",21804,"A","N","A","H","-","A","A","0","Y","L","04",0,0,1,0,0,0,1,0,0,"-","-","DAVIS","YOLO","CA",-121.75308,38.54636
"5666546",0,0,2012,"5701","0","4","4","09",0,1,"A",,"Y",,,,1800,4,"H","G","A","8TH STE","8TH ST",500,"W","N","2013-08-21",5701,"2012-04-05",1502,"89","5","5","5","0","0",,"0","002","-","N",,0,0,,,0,,,,"N",2,"A","-",21801,"A","N","A","H","-","A","D","0","Y","A","01",0,0,1,0,0,0,1,0,0,"-","-","DAVIS","YOLO","CA",0,0
"5666037",-121.75869204,38.5499211181,2012,"5701","0","2","3","08",0,1,"A",,"Y",,,,1800,5,"H","G","A","ANDERSON RD","SUNSET CT",370,"N","N","2013-08-31",5701,"2012-05-08",1722,"83","2","5","5","0","0",,"0","001","-","N",,0,0,,,0,,,,"N",2,"A","-",22103,,"N","A","H","-","A","D","0","Y","A","01",0,1,0,0,0,0,1,0,0,"-","-","DAVIS","YOLO","CA",-121.75585,38.5503
"5666036",-121.735133135,38.5573349451,2012,"5701","0","5","3","09",0,1,"A",,"Y",,,,1200,5,"H","G","A","DREXEL DR","L ST",0,,"Y","2013-08-31",5701,"2012-05-25",1049,"11","5","5","5","0","0",,"0","002","-","N",,0,0,,,0,,,,"N",2,"A","-",21800,"A","N","A","H","-","A","A","0","Y","A","01",0,1,0,0,0,0,1,0,0,"-","-","DAVIS","YOLO","CA",0,0
"5666035",-121.78529946,38.5504293589,2012,"5701","0","6","4","01",0,1,"A",,,,,"Y",900,5,"C","E","A","DANUBE AV","BIENVILLE ST",250,"E","N","2013-10-30",5701,"2012-05-19",609,"11","1","5","5","0","0",,"0","001","-","N",,0,0,,,0,,,,"N",4,"A","-",23152,,"N","A","H","-","A","A","0","Y","A","01",0,0,1,0,0,0,0,0,0,"-","-","DAVIS","YOLO","CA",0,0
"5666034",0,0,2012,"5701","0","7","3","03",0,1,"A",,"Y",,,,1800,5,"E","I","A","2ND ST","THE POLE LINE OVERPASS",528,"W","N","2013-08-31",5701,"2012-05-20",1713,"53","5","5","5","0","0",,"0","002","-","N",,0,0,,,0,,,,"N",1,"A","-",22350,,"N","A","H","-","A","D","0","Y","L","04",0,1,0,0,0,0,1,0,0,"-","-","DAVIS","YOLO","CA",0,0
"5665853",-121.55597317,38.5326850513,2012,"5704","0","3","3","09",0,1,"A",,,,,,900,6,"D","C","A","JEFFERSON BL","GREGORY RD",0,,"N","2013-10-07",5704,"2012-06-06",645,"00158",,"5","4","0","0",,"0","003","-","N",,0,0,,,0,,,,"Y",2,"A","-",21804,"A","N","A","H","-","A","A","0","Y","A","01",0,1,0,0,0,0,0,0,0,"-","-","WEST SACRAMENTO","YOLO","CA",0,0
"5665143",-121.733417759,38.673686265,2012,"5703","1","6","3","08",0,2,"A",,,,,,900,5,"F","I","A","RT 5","COUNTY ROAD 102",1056,"N","N","2014-01-23",9280,"2012-05-26",818,"15353",,"1","4","0","1",,"2","020","-","Y","YOL",3,5,"-","-",5.73,"H","-","S","Y",2,"A","-",22107,,"N","A","D","-","A","D","1","Y","A","07",0,1,1,0,0,0,0,0,0,"-","-","WOODLAND","YOLO","CA",-121.73375,38.67379
"5665127",-121.686090153,38.554795083,2012,"5700","1","6","3","17",0,1,"A",,,"Y",,,1500,5,"H","I","A","RT 80","MACE BL",2112,"E","N","2014-01-09",9280,"2012-05-19",1355,"17375",,"1","9","0","1",,"2","010","-","Y","YOL",3,80,"-","-",3.08,"H","-","E","N",2,"A","-",22109,,"F","A","H","-","A","D","1","Y","A","01",0,1,0,0,0,0,0,0,1,"-","-","UNINCORPORATED","YOLO","CA",-121.6882,38.5542
"5664877",-121.732357611,38.542594259,2012,"5701","1","4","4","03",0,1,"A",,,,,,1800,6,"C","C","A","RT 80","RICHARDS BL",1056,"E","N","2014-01-09",9280,"2012-06-07",1550,"11706",,"2","5","0","1",,"2","010","-","Y","YOL",3,80,"-","-",0.43,"H","-","E","Y",2,"A","-",22350,,"N","A","H","-","A","D","1","Y","A","01",0,0,1,0,0,0,0,0,0,"-","-","DAVIS","YOLO","CA",-121.73418,38.54106
"5664865",-121.57604262,38.574620406,2012,"5704","1","3","4","08",0,1,"A",,,,,,1500,6,"E","I","A","RT 80","WEST CAPITOL",900,"W","N","2014-01-09",9280,"2012-06-06",1350,"17375",,"1","4","0","1",,"2","010","-","Y","YOL",3,80,"-","R",9.99,"H","-","W","N",1,"A","-",22107,,"N","A","H","-","A","D","1","Y","A","07",0,0,1,0,0,0,0,0,0,"-","-","WEST SACRAMENTO","YOLO","CA",-121.56232,38.57751
"5664365",-121.621628462,38.566573423,2012,"5700","1","3","4","03",0,3,"A",,,,"Y",,900,5,"C","C","A","RT 80","WEBSTER RD",4752,"E","N","2014-01-09",9280,"2012-05-23",650,"17772",,"1","9","0","1",,"2","010","-","Y","YOL",3,80,"-","-",6.7,"H","-","W","Y",5,"A","-",22350,,"N","A","H","-","A","D","1","Y","A","01",0,0,3,0,0,0,0,0,0,"-","-","UNINCORPORATED","YOLO","CA",-121.61634,38.56759
"5663695",-121.548541352,38.5807391308,2012,"5704","0","4","4","09",0,1,"A",,,,,,1500,5,"D","C","A","HARBOR BL","WEST CAPITOL AV",550,"N","N","2013-09-17",5704,"2012-05-31",1211,"173","WSPD","5","4","0","0",,"0","002","-","N",,0,0,,,0,,,,"N",2,"A","-",21801,"A","N","A","H","-","A","D","0","Y","A","07",0,0,1,0,0,0,0,0,0,"-","-","WEST SACRAMENTO","YOLO","CA",0,0
"5663655",-121.549907575,38.5392322465,2012,"5704","0","1","3","05",0,1,"B",,"Y",,,,900,6,"D","G","A","JEFFERSON BL","LINDEN RD",100,"S","N","2013-10-05",5704,"2012-06-04",855,"00158",,"5","4","0","0",,"0","003","G","N",,0,0,,,0,,,,"N",2,"A","-",21650,"1","N","A","H","-","A","D","0","Y","L","04",0,1,0,0,0,0,1,0,0,"-","-","WEST SACRAMENTO","YOLO","CA",0,0
"5645951",-121.762293134,38.5484449587,2012,"5701","0","5","4","09",0,1,"B",,"Y",,,,2400,4,"H","G","A","SYCAMORE LN","WAKE FOREST DR",0,,"Y","2013-08-12",5701,"2012-04-13",2359,"75","2","5","5","0","0",,"0","001","C","N",,0,0,,,0,,,,"N",2,"A","-",21801,"A","N","B","H","-","B","D","0","Y","A","01",0,0,1,0,0,0,1,0,0,"-","-","DAVIS","YOLO","CA",0,0
"5645863",-121.779056404,38.641177802,2012,"5700","5","2","3","08",0,2,"A",,,,,,1200,5,"F","J","A","COUNTY ROAD 25A","COUNTY ROAD 99",1584,"E","N","2014-03-24",9280,"2012-05-15",1030,"16292",,"1","9","0","3",,"2","002","-","N",,0,0,,,0,,,,"Y",1,"A","-",22107,,"N","A","H","-","A","D","0","Y","A","01",0,1,1,0,0,0,0,0,0,"-","-","UNINCORPORATED","YOLO","CA",0,0
"5645815",-121.58343313,38.573195115,2012,"5700","1","3","3","08",0,1,"A",,,,,,1500,5,"E","I","A","RT 80","ENTERPRISE BL",1056,"W","N","2014-01-09",9280,"2012-05-30",1404,"017772",,"2","9","0","1",,"2","010","-","Y","YOL",3,80,"-","-",8.98,"H","-","E","Y",1,"A","-",22107,,"N","A","H","-","A","D","1","Y","A","07",0,1,0,0,0,0,0,0,0,"-","-","UNINCORPORATED","YOLO","CA",0,0
"5645814",-121.629291505,38.564988506,2012,"5700","1","1","4","22",0,1,"A",,,,,,900,5,"C","C","A","RT 80","COUNTY ROAD 32A",2640,"E","N","2014-02-03",9280,"2012-05-07",720,"16292",,"1","9","0","1",,"2","010","-","Y","YOL",3,80,"-","-",6.3,"H","-","E","N",2,"B","-",0,,"N","A","H","-","A","D","1","Y","J","49",0,0,1,0,0,0,0,0,0,"-","-","UNINCORPORATED","YOLO","CA",0,0
"5645813",-121.858813192,38.561535013,2012,"5700","5","5","2","01",0,3,"A",,,,,"Y",2400,5,"D","C","A","COUNTY ROAD 31","COUNTY ROAD 95",0,,"Y","2013-09-14",9280,"2012-05-18",2330,"06027",,"3","9","0","3",,"2","003","-","N",,0,0,,,0,,,,"Y",2,"A","-",23152,"A","N","A","H","-","D","A","0","Y","A","01",1,1,1,0,0,0,0,0,0,"-","-","UNINCORPORATED","YOLO","CA",0,0
"5645812",0,0,2012,"5700","5","2","3","08",0,1,"A",,,,,,900,5,"F","I","A","COUNTY ROAD 14","RT 505",3696,"W","N","2013-09-16",9280,"2012-05-22",750,"015353",,"1","9","0","3",,"2","003","-","N",,0,0,,,0,,,,"Y",1,"A","-",22107,,"N","A","H","-","A","D","0","Y","A","01",0,1,0,0,0,0,0,0,0,"-","-","UNINCORPORATED","YOLO","CA",0,0
"5645560",-121.526183041,38.5793150535,2012,"5704","0","1","3","10",0,1,"B","Y",,,,,1500,6,"G","B","B","MERKLEY AV","JEFFERSON BL",0,,"Y","2013-09-28",5704,"2012-06-04",1210,"00165",,"5","4","0","0",,"0","002","C","N",,0,0,,,0,,,,"N",2,"A","-",21950,"A","N","B","H","-","A","A","0","Y","A","01",0,1,0,0,1,0,0,0,0,"-","-","WEST SACRAMENTO","YOLO","CA",0,0
"5639804",-121.535867447,38.580133005,2012,"5704","0","6","1","01",1,0,"C",,"Y",,,"Y",900,12,"H","G","A","WEST CAPITOL AV","SYCAMORE AV",340,"E","N","2013-03-13",5704,"2012-12-22",707,"00173","WSPD","5","4","0","0",,"0","002","G","N",,0,0,,,0,,,,"Y",2,"A","-",23152,"A","N","B","F","-","C","D","0","Y","A","07",0,0,0,0,0,1,0,0,0,"-","-","WEST SACRAMENTO","YOLO","CA",0,0
"5639803",-121.54057312,38.556495019,2012,"5704","0","5","1","05",1,0,"C",,,,"Y",,300,11,"E","I","A","LAKE WASHINGTON BL","SOUTHPORT PKWY",0,,"Y","2013-03-13",5704,"2012-11-30",152,"00158",,"5","4","0","0",,"0","003","G","N",,0,0,,,0,,,,"Y",1,"A","-",21650,,"N","B","-","-","C","A","0","Y","F","26",0,0,0,0,0,0,0,0,0,"-","-","WEST SACRAMENTO","YOLO","CA",0,0
"5639335",-121.803419527,38.722397092,2012,"5700","1","7","1","11",1,0,"A","Y",,,,"Y",300,11,"G","B","E","RT 5","COUNTY ROAD 18",1056,"N","N","2013-01-28",9280,"2012-11-11",112,"015128",,"3","9","0","1",,"2","020","-","Y","YOL",3,5,"-","R",11.04,"H","-","S","N",2,"A","-",21954,"A","N","A","H","-","D","D","1","Y","N","60",0,0,0,1,0,0,0,0,0,"-","-","UNINCORPORATED","YOLO","CA",-121.80326,38.72225
"5639057",-121.751148568,38.668082285,2012,"5703","3","5","1","11",1,0,"A","Y",,,,"Y",2100,10,"G","B","E","RT 113","GUM AV",429,"S","N","2012-12-14",9280,"2012-10-19",1926,"014853",,"2","4","0","1",,"2","022","-","Y","YOL",3,113,"-","R",9.53,"H","-","N","Y",2,"A","-",21461,"5","N","A","D","-","C","D","1","Y","N","60",0,0,0,1,0,0,0,0,0,"-","-","WOODLAND","YOLO","CA",-121.74935,38.67672
"5638946",-121.971306046,38.5739538001,2012,"5700","5","7","1","08",1,0,"A",,,,,,2100,11,"E","I","A","COUNTY ROAD 89","COUNTY ROAD 29A",3696,"S","N","2012-11-29",9280,"2012-11-11",1810,"017763",,"2","9","0","3",,"2","003","-","N",,0,0,,,0,,,,"Y",1,"A","-",22107,,"N","A","H","-","D","D","0","Y","A","01",0,0,0,0,0,0,0,0,0,"-","-","UNINCORPORATED","YOLO","CA",-121.97134,38.57453
"5638612",-121.579429776,38.3708097043,2012,"5700","5","7","1","01",1,0,"A",,,,,"Y",2500,9,"E","I","A","NETHERLANDS RD","JEFFERSON BL",1169,"E","N","2012-12-04",9280,"2012-09-30",2500,"015353",,"4","9","0","3",,"2","001","-","N",,0,0,,,0,,,,"Y",1,"A","-",23152,"A","N","A","H","-","D","D","0","Y","A","07",0,0,0,0,0,0,0,0,0,"-","-","UNINCORPORATED","YOLO","CA",-121.57965,38.37076
"5638566",-122.305674457,38.910634688,2012,"5700","3","1","1","01",2,0,"A",,,,,"Y",1800,9,"E","I","A","RT 16","COUNTY ROAD 40",1056,"E","N","2012-10-16",9280,"2012-09-03",1645,"016929",,"2","9","0","1",,"2","034","-","Y","YOL",3,16,"-","-",2.23,"H","-","W","Y",1,"A","-",23152,"A","N","A","H","-","A","D","0","Y","D","22",0,0,0,0,0,0,0,0,0,"-","-","UNINCORPORATED","YOLO","CA",-122.30843,38.91088
"5638449",-121.730908144,38.543602671,2012,"5701","1","5","1","01",3,0,"A",,,,,,1200,6,"D","C","A","RT 80","RICHARDS BL",1584,"E","N","2014-04-15",9280,"2012-06-29",1023,"017375",,"1","5","0","1",,"2","010","-","Y","YOL",3,80,"-","-",0.53,"H","-","E","Y",2,"A","-",23153,"A","N","A","H","-","A","D","1","Y","D","22",0,0,0,0,0,0,0,0,0,"-","-","DAVIS","YOLO","CA",-121.73131,38.54323
"5638386",-121.555505313,38.5788584504,2012,"5704","0","2","1","-",1,1,"A","Y",,,,"Y",2100,9,"G","B","E","WEST CAPITOL AV","PINE ST",28,"E","N","2012-09-20",5704,"2012-09-04",2027,"158",,"5","4","0","0",,"0","002","-","N",,0,0,,,0,,,,"Y",2,"-","-",0,,"N","A","H","-","D","D","0","Y","-","-",0,1,0,1,0,0,0,0,0,"-","-","WEST SACRAMENTO","YOLO","CA",-121.55541,38.57884
"5638275",-121.948890073,38.765317209,2012,"5700","1","4","1","08",1,0,"A",,,,,,1200,6,"E","I","A","RT 505","COUNTY ROAD 14",4224,"S","N","2012-09-14",9280,"2012-06-28",910,"012272",,"1","9","0","1",,"2","031","-","Y","YOL",3,505,"-","-",16.65,"H","-","S","Y",1,"A","-",22107,,"N","A","H","-","A","D","1","Y","D","22",0,0,0,0,0,0,0,0,0,"-","-","UNINCORPORATED","YOLO","CA",-121.94899,38.76512
"5638245",-121.764344954,38.6800550677,2012,"5703","0","1","1","11",1,0,"A","Y",,,,,900,8,"G","B","D","LEMEN AV","EAST ST",305,"E","N","2014-04-15",5703,"2012-08-20",750,"863","21","5","4","0","0",,"0","001","F","N",,0,0,,,0,,,,"N",2,"A","-",21954,"A","N","A","D","-","A","D","0","Y","N","60",0,0,0,1,0,0,0,0,0,"-","-","WOODLAND","YOLO","CA",0,0
"5638075",-121.730073084,38.598902916,2012,"5700","4","3","1","01",3,7,"A",,,,,"Y",1500,7,"A","C","A","COUNTY ROAD 102","COUNTY ROAD 28H",2640,"N","N","2014-04-03",9280,"2012-07-11",1442,"016527",,"2","9","0","2",,"1","021","-","N",,0,0,,,0,,,,"Y",2,"A","-",23152,"A","N","A","H","-","A","D","0","Y","D","22",6,1,0,0,0,0,0,0,0,"-","-","UNINCORPORATED","YOLO","CA",-121.73017,38.59933
"5637147",-121.741403741,38.5432125757,2012,"5701","0","2","3","22",0,1,"A",,"Y",,,,300,5,"H","-","A","2ND ST","E ST",100,"W","N","2013-09-21",5701,"2012-05-15",7,"67","4","5","5","0","0",,"0","002","-","N",,0,0,,,0,,,,"N",1,"B","-",0,,"N","A","H","-","C","D","0","Y","L","04",0,1,0,0,0,0,1,0,0,"-","-","DAVIS","YOLO","CA",0,0
"5637143",-121.764033158,38.5464449436,2012,"5701","0","7","4","09",0,2,"A",,,,,,300,5,"D","C","A","RUSSELL BL","ORCHARD PARK CIR",0,,"Y","2013-09-21",5701,"2012-05-13",6,"106","2","5","5","0","0",,"0","001","-","N",,0,0,,,0,,,,"N",2,"A","-",21801,"A","N","A","H","-","C","D","0","Y","A","01",0,0,2,0,0,0,0,0,0,"-","-","DAVIS","YOLO","CA",0,0
"5636197",-121.701912853,38.551175272,2012,"5701","1","6","4","03",0,1,"A",,,,,,1800,6,"C","C","A","RT 80","MACE BL",1584,"W","N","2014-01-09",9280,"2012-06-02",1625,"011706",,"2","5","0","1",,"2","010","-","Y","YOL",3,80,"-","-",2.38,"H","-","E","Y",2,"A","-",22350,,"N","A","H","-","A","D","1","Y","A","01",0,0,1,0,0,0,0,0,0,"-","-","DAVIS","YOLO","CA",-121.69824,38.55175
"5636193",-121.766034822,38.6454641084,2012,"5700","5","4","4","03",0,1,"A",,,,,,2100,5,"C","C","A","EAST ST","COUNTY ROAD 25A",1584,"N","N","2013-09-04",9280,"2012-05-31",1843,"16144",,"2","9","0","3",,"2","002","-","N",,0,0,,,0,,,,"N",2,"A","-",22350,,"F","A","H","-","A","D","0","Y","D","22",0,0,1,0,0,0,0,0,0,"-","-","UNINCORPORATED","YOLO","CA",-121.76602,38.64349
"5636177",-121.877716036,38.6926000008,2012,"5700","5","1","3","08",0,2,"A",,,,,"Y",2100,5,"E","I","A","COUNTY ROAD 20","COUNTY ROAD 94B",3960,"W","N","2013-09-04",9280,"2012-05-28",1910,"16527",,"2","9","0","3",,"2","003","-","N",,0,0,,,0,,,,"Y",1,"A","-",22107,,"N","A","H","-","A","D","0","Y","D","22",0,1,1,0,0,0,0,0,0,"-","-","UNINCORPORATED","YOLO","CA",-121.87202,38.69102
"5636161",-121.700318043,38.551532622,2012,"5701","1","5","4","03",0,1,"A",,,,,,1800,5,"C","C","A","RT 80","MACE BL",1056,"W","N","2014-01-09",9280,"2012-05-18",1530,"13469",,"2","5","0","1",,"2","010","-","Y","YOL",3,80,"-","-",2.48,"H","-","E","N",2,"A","-",22350,,"N","A","H","-","A","D","1","Y","D","22",0,0,1,0,0,0,0,0,0,"-","-","DAVIS","YOLO","CA",0,0
"5634721",-121.762576644,38.6774081142,2012,"5703","0","1","4","-",0,1,"-",,,,,,1500,5,"-","-","A","EAST MAIN ST","JOHNSTON ST",178,"W","N","2013-09-20",5703,"2012-05-14",1212,"836",,"5","4","0","0",,"0","001","-","N",,0,0,,,0,,,,"N",3,"A","-",0,,"N","-","-","-","-","-","0","Y","-","-",0,0,1,0,0,0,0,0,0,"-","-","WOODLAND","YOLO","CA",0,0
"5633518",-121.694143106,38.5565150142,2012,"5701","0","5","4","03",0,1,"A",,,,,,1800,5,"C","C","A","MACE BL","2ND ST",0,,"Y","2013-09-13",5701,"2012-05-18",1736,"85","7","5","5","0","0",,"0","003","-","N",,0,0,,,0,,,,"N",2,"A","-",22350,,"N","A","H","-","A","A","0","Y","A","01",0,0,1,0,0,0,0,0,0,"-","-","DAVIS","YOLO","CA",0,0
"5633514",-121.744693186,38.5440150407,2012,"5701","0","5","3","09",0,2,"A",,,,,,300,5,"A","C","A","3RD ST","B ST",0,,"Y","2013-09-13",5701,"2012-05-11",115,"105","4","5","5","0","0",,"0","002","-","N",,0,0,,,0,,,,"Y",2,"A","-",21801,"A","N","A","H","-","C","A","0","Y","A","01",0,2,0,0,0,0,0,0,0,"-","-","DAVIS","YOLO","CA",0,0
"5633510",-121.709543199,38.5642249874,2012,"5701","0","7","4","12",0,2,"A",,,,,,1800,5,"D","C","A","EAST COVELL BL","ALHAMBRA DR",0,,"Y","2013-09-13",5701,"2012-05-06",1600,"101","6","5","5","0","0",,"0","003","-","N",,0,0,,,0,,,,"Y",2,"A","-",21453,"A","N","A","H","-","A","A","0","Y","A","07",0,0,2,0,0,0,0,0,0,"-","-","DAVIS","YOLO","CA",-121.70952,38.56138
"5631040",-121.962716467,38.527874609,2012,"5702","0","4","4","09",0,1,"B",,,,,,1800,3,"D","C","A","RT 128","MORGAN ST",233,"W","N","2013-09-30",5702,"2012-03-15",1602,"527","B","5","2","0","0",,"0","00B","-","Y","YOL",3,128,"-","-",9.11,"H","-","E","Y",2,"A","-",21804,"A","N","-","H","-","A","D","0","Y","A","01",0,0,1,0,0,0,0,0,0,"-","-","WINTERS","YOLO","CA",0,0
"5631036",-121.984843186,38.519915081,2012,"5702","0","4","4","03",0,1,"A",,,,,,1800,3,"C","C","A","RT 128","TAYLOR ST",0,,"Y","2013-09-30",5702,"2012-03-22",1619,"530","D","5","2","0","0",,"0",,"-","Y","YOL",3,128,"-","-",7.93,"I","5","E","Y",2,"A","-",22350,,"N","A","H","-","A","D","0","Y","A","01",0,0,1,0,0,0,0,0,0,"-","-","WINTERS","YOLO","CA",0,0
"5630968",-121.975336734,38.523348205,2012,"5702","0","1","4","04",0,2,"A",,,,,,2100,4,"C","C","A","RT 128","4TH ST",0,,"Y","2013-12-18",5702,"2012-04-16",1928,"527","A","5","2","0","0",,"0","00A","-","Y","YOL",3,128,"-","-",8.43,"H","-","W","N",2,"A","-",21703,,"N","A","H","-","B","D","0","Y","-","-",0,0,2,0,0,0,0,0,0,"-","-","WINTERS","YOLO","CA",0,0
"5630403",-121.510053142,38.5884750635,2012,"5704","0","3","4","03",0,1,"A",,,,,,2100,5,"C","C","A","C ST","3RD ST",0,,"Y","2013-08-31",5704,"2012-05-09",1945,"00174",,"5","4","0","0",,"0","001","-","N",,0,0,,,0,,,,"N",2,"A","-",22350,,"N","A","H","-","A","A","0","Y","A","01",0,0,1,0,0,0,0,0,0,"-","-","WEST SACRAMENTO","YOLO","CA",0,0
"5629707",-121.659020642,38.560092411,2012,"5700","1","5","4","03",0,1,"A",,,,"Y",,600,5,"C","C","A","RT 80","WEBSTER",5808,"W","N","2014-01-09",9280,"2012-05-11",430,"17351",,"3","9","0","1",,"2","010","-","Y","YOL",3,80,"-","-",4.68,"H","-","W","Y",5,"A","-",22350,,"N","A","C","D","D","A","1","Y","G","25",0,0,1,0,0,0,0,0,0,"-","-","UNINCORPORATED","YOLO","CA",0,0
"5629161",0,0,2012,"5704","0","7","3","01",0,1,"A",,,,,"Y",2400,5,"E","I","A","MARSHALL RD","HORNBY ISLAND ST",650,"W","N","2013-09-04",5704,"2012-05-20",2134,"00135",,"5","4","0","0",,"0","003","-","N",,0,0,,,0,,,,"Y",1,"A","-",23153,"A","N","A","H","-","C","D","0","Y","A","01",0,1,0,0,0,0,0,0,0,"-","-","WEST SACRAMENTO","YOLO","CA",0,0
"5627069",0,0,2012,"5700","5","2","3","01",0,1,"A",,,,,"Y",600,4,"E","I","A","COUNTY ROAD 85B","COUNTY ROAD 20A",750,"N","N","2013-08-17",9280,"2012-04-17",355,"13399",,"3","9","0","3",,"2","003","-","N",,0,0,,,0,,,,"Y",1,"A","-",23152,"A","N","A","H","-","D","D","0","Y","A","07",0,1,0,0,0,0,0,0,0,"-","-","UNINCORPORATED","YOLO","CA",0,0
"5627037",-122.089262466,38.704022826,2012,"5700","3","4","3","08",0,2,"B",,,,,,1200,5,"F","I","A","RT 16","COUNTY ROAD 82B",617,"W","N","2014-01-29",9280,"2012-05-17",1015,"12272",,"1","9","0","1",,"2","034","-","Y","YOL",3,16,"-","-",23.4,"H","-","E","Y",1,"A","-",22107,,"N","A","H","-","A","A","0","Y","A","01",0,1,1,0,0,0,0,0,0,"-","-","UNINCORPORATED","YOLO","CA",0,0
"5627033",-121.708597613,38.549872895,2012,"5700","1","7","4","22",0,2,"A",,,,,,2400,5,"F","A","A","RT 80","DAVE PELZ BICYCLE",40,"W","N","2014-01-24",9280,"2012-05-20",2215,"13399",,"3","9","0","1",,"2","010","-","Y","YOL",3,80,"-","-",1.91,"H","-","W","Y",1,"B","-",0,,"N","A","H","-","D","D","1","Y","A","07",0,0,2,0,0,0,0,0,0,"-","-","UNINCORPORATED","YOLO","CA",-121.70849,38.54981
"5627029",-121.522111319,38.576520938,2012,"5704","2","5","4","03",0,1,"A",,,,,,1200,5,"C","C","A","RT 50","RT 84",300,"E","N","2014-02-06",9280,"2012-05-11",1020,"12272",,"1","4","0","1",,"2","011","-","Y","YOL",3,50,"-","-",2.56,"H","-","W","Y",2,"A","-",22350,,"N","A","H","-","A","A","1","Y","A","07",0,0,1,0,0,0,0,0,0,"-","-","WEST SACRAMENTO","YOLO","CA",0,0
"5627025",-121.655976206,38.560327138,2012,"5700","1","4","2","03",0,4,"A",,,,,,1800,5,"C","C","A","RT 80","WEBSTER",4752,"W","N","2014-01-09",9280,"2012-05-10",1700,"11706",,"2","9","0","1",,"2","010","-","Y","YOL",3,80,"-","-",4.88,"H","-","E","Y",4,"A","-",22350,,"N","A","D","-","A","D","1","Y","A","01",1,0,3,0,0,0,0,0,0,"-","-","UNINCORPORATED","YOLO","CA",0,0
"5626973",-121.58161313,38.573695116,2012,"5700","1","6","4","08",0,1,"A",,,,,"Y",2400,5,"E","I","A","RT 80","ENTERPRISE BL",3168,"E","N","2014-04-03",9280,"2012-05-19",2310,"16665",,"3","9","0","1",,"2","010","-","Y","YOL",3,80,"-","R",9.8,"H","-","W","Y",1,"A","-",22107,,"M","A","H","-","D","D","1","Y","A","01",0,0,1,0,0,0,0,0,0,"-","-","UNINCORPORATED","YOLO","CA",0,0
"5626969",-122.267089743,38.912584686,2012,"5700","3","5","2","03",0,1,"A",,,"Y",,,1800,5,"E","I","A","RT 16","COUNTY ROAD 40A",10560,"W","N","2014-01-29",9280,"2012-05-18",1500,"16665",,"2","9","0","1",,"2","034","-","Y","YOL",3,16,"-","-",4.54,"H","-","W","Y",1,"A","-",22350,,"N","A","H","-","A","D","0","Y","C","02",1,0,0,0,0,0,0,0,1,"-","-","UNINCORPORATED","YOLO","CA",0,0