"CASEID","POINT_X","POINT_Y","YEAR_","LOCATION","CHPTYPE","DAYWEEK","CRASHSEV","VIOLCAT","KILLED","INJURED","WEATHER1","PEDCOL","BICCOL","MCCOL","TRUCKCOL","ETOH","TIMECAT","MONTH_","CRASHTYP","INVOLVE","PED","PRIMARYRD","SECONDRD","DISTANCE","DIRECT","INTERSECT_","PROCDATE","JURIS","DATE_","TIME_","BADGE","JURIDIST","SHIFT","POP","SPECIAL","BEATTYPE","LAPDDIV","BEATCLAS","BEATNUMB","WEATHER2","STATEHW","CALTRANC","CALTRAND","STROUTE","ROUTESUF","POSTPRE","POSTMILE","LOCATYPE","RAMP","SIDEHW","TOWAWAY","PARTIES","PCF","VIOLCODE","VIOL","VIOLSUB","HITRUN","ROADSURF","RDCOND1","RDCOND2","LIGHTING","RIGHTWAY","CHPRDTYP","NOTPRIV","STFAULT","CHPFAULT","SEVINJ","OTHERINJ","COP","PEDKILL","PEDINJ","BICKILL","BICINJ","MCKILL","MCINJURE","RAMP1","RAMP2","CITY","COUNTY","STATE","X_CHP","Y_CHP"
"5626965",-121.724532552,38.546251442,2012,"5701","1","7","3","07",0,1,"A",,,,,,1200,5,"B","C","A","RT 80","POLE LINE RD",150,"E","N","2014-01-09",9280,"2012-05-06",952,"16351",,"1","5","0","1",,"2","010","-","Y","YOL",3,80,"-","-",0.92,"H","-","W","Y",3,"A","-",21658,"A","F","A","H","-","A","D","1","Y","A","01",0,1,0,0,0,0,0,0,0,"-","-","DAVIS","YOLO","CA",-121.72843,38.54546
"5626961",-121.557597928,38.3448351363,2012,"5700","2","7","4","01",0,1,"A",,,,,"Y",600,5,"F","A","A","SOUTH RIVER RD","COUNTY ROAD 143",1056,"N","N","2013-08-30",9280,"2012-05-06",300,"17351",,"3","9","0","1",,"2","011","-","N",,0,0,,,0,,,,"Y",1,"A","-",23152,"A","N","A","H","-","D","D","0","Y","A","01",0,0,1,0,0,0,0,0,0,"-","-","UNINCORPORATED","YOLO","CA",0,0
"5623856",0,0,2012,"5700","1","5","2","08",0,2,"A",,,,"Y",,900,5,"B","C","A","COUNTY ROAD 32A","RT 80",3696,"W","N","2014-01-08",9280,"2012-05-04",750,"17772",,"1","9","0","1",,"2","010","-","N",,0,0,,,0,,,,"Y",2,"A","-",22107,,"N","A","H","-","A","D","0","Y","A","01",1,0,1,0,0,0,0,0,0,"-","-","UNINCORPORATED","YOLO","CA",0,0
"5623854",-121.632215186,38.673210308,2012,"5700","1","2","4","18",0,1,"A",,,,"Y",,1800,5,"E","J","A","RT 5","VIETNAM VETERANS BR",162,"N","N","2014-01-23",9280,"2012-05-01",1720,"017763",,"2","9","0","1",,"2","020","-","Y","YOL",3,5,"-","-",0.39,"H","-","S","Y",2,"C","-",0,,"N","A","H","-","A","D","1","Y","-","-",0,0,1,0,0,0,0,0,0,"-","-","UNINCORPORATED","YOLO","CA",0,0
"5623853",-121.561156215,38.575462489,2012,"5704","2","5","3","03",0,1,"A",,,"Y",,,2100,5,"C","C","A","RT 50","RT 80",300,"E","N","2014-01-29",9280,"2012-05-11",1820,"015492",,"2","4","0","1",,"2","011","-","Y","YOL",3,50,"-","-",0.41,"H","-","W","Y",3,"A","-",22350,,"N","A","H","-","A","D","1","Y","C","02",0,1,0,0,0,0,0,0,1,"-","-","WEST SACRAMENTO","YOLO","CA",-121.5631,38.57569
"5623851",-121.708286187,38.549726662,2012,"5701","1","3","3","03",0,3,"A",,,,,,1800,5,"C","C","A","RT 80","MACE BL",3696,"W","N","2014-01-09",9280,"2012-05-16",1600,"011706",,"2","5","0","1",,"2","010","-","Y","YOL",3,80,"-","-",1.98,"H","-","E","Y",4,"A","-",22350,,"N","A","D","-","A","A","1","Y","D","22",0,2,1,0,0,0,0,0,0,"-","-","DAVIS","YOLO","CA",0,0
"5623848",-121.858813192,38.561535013,2012,"5700","5","4","4","09",0,1,"A",,,,,,600,5,"D","C","A","COUNTY ROAD 95","COUNTY ROAD 31",0,,"Y","2013-09-11",9280,"2012-05-10",540,"017375",,"3","9","0","3",,"2","002","-","N",,0,0,,,0,,,,"N",2,"A","-",21802,"A","N","A","H","-","A","A","0","Y","D","22",0,0,1,0,0,0,0,0,0,"-","-","UNINCORPORATED","YOLO","CA",-121.85833,38.56161
"5622300",-121.859128048,38.5615356376,2012,"5700","5","2","3","08",0,1,"A",,,,,,2100,5,"E","I","A","COUNTY ROAD 31","COUNTY ROAD 95",90,"W","N","2013-08-31",9280,"2012-05-01",1837,"16929",,"2","9","0","3",,"2","003","-","N",,0,0,,,0,,,,"Y",1,"A","-",22107,,"N","A","H","-","A","D","0","Y","A","01",0,1,0,0,0,0,0,0,0,"-","-","UNINCORPORATED","YOLO","CA",0,0
"5622299",-121.527226237,38.576908222,2012,"5704","2","2","4","03",0,1,"A",,,,,,1800,5,"C","C","A","RT 50","JEFFERSON BL",1056,"W","N","2014-01-29",9280,"2012-05-08",1612,"16010",,"2","4","0","1",,"2","011","-","Y","YOL",3,50,"-","-",2.3,"H","-","E","N",2,"A","-",22350,,"N","A","H","-","A","D","1","Y","A","07",0,0,1,0,0,0,0,0,0,"-","-","WEST SACRAMENTO","YOLO","CA",0,0
"5622298",-121.517825198,38.572778383,2012,"5704","2","4","4","03",0,1,"A",,,,,,1800,5,"C","C","A","RT 50","YOLO/SACRAMENTO CO LINE",958,"W","N","2014-01-29",9280,"2012-05-10",1612,"15168",,"2","4","0","1",,"2","011","-","Y","YOL",3,50,"-","-",2.97,"H","-","E","Y",2,"A","-",22350,,"N","A","H","-","A","D","1","Y","A","07",0,0,1,0,0,0,0,0,0,"-","-","WEST SACRAMENTO","YOLO","CA",0,0
"5621914",-121.780404448,38.700049851,2012,"5703","1","1","4","03",0,1,"A",,,,,,2100,4,"E","I","A","RT 5","WEST ST",1056,"S","N","2014-01-29",9280,"2012-04-30",1828,"017763",,"2","4","0","1",,"2","020","-","Y","YOL",3,5,"-","R",9.21,"H","-","S","Y",1,"A","-",22350,,"M","A","H","-","A","D","1","Y","A","01",0,0,1,0,0,0,0,0,0,"-","-","WOODLAND","YOLO","CA",-121.78036,38.69997
"5621910",-122.265255092,38.911754273,2012,"5700","3","7","3","03",0,2,"A",,,"Y",,,2100,4,"F","A","A","RT 16","RUMSEY CANYON RD",8976,"W","N","2014-01-29",9280,"2012-04-29",1815,"015079",,"2","9","0","1",,"2","034","-","Y","YOL",3,16,"-","-",4.66,"H","-","W","Y",1,"A","-",22350,,"N","A","H","-","A","D","0","Y","C","02",0,2,0,0,0,0,0,0,2,"-","-","UNINCORPORATED","YOLO","CA",0,0
"5619023",-121.546632341,38.5869276698,2012,"5704","0","7","4","17",0,1,"A",,"Y",,,,1200,5,"H","G","A","HARBOR BL","RICE AV",300,"N","N","2013-09-07",5704,"2012-05-13",1145,"148",,"5","4","0","0",,"0","001","-","N",,0,0,,,0,,,,"N",2,"A","-",21658,"B","F","A","H","-","A","D","0","Y","A","01",0,0,1,0,0,0,1,0,0,"-","-","WEST SACRAMENTO","YOLO","CA",0,0
"5619011",-121.526183041,38.5793150535,2012,"5704","0","1","4","12",0,2,"A",,,,,,900,5,"D","C","A","JEFFERSON BL","MERKLEY AV",0,,"Y","2013-09-07",5704,"2012-05-07",722,"117",,"5","4","0","0",,"0","002","-","N",,0,0,,,0,,,,"Y",2,"A","-",21453,"A","N","A","H","-","A","A","0","Y","-","-",0,0,2,0,0,0,0,0,0,"-","-","WEST SACRAMENTO","YOLO","CA",0,0
"5618973",-121.777382356,38.6775050679,2012,"5703","0","4","4","08",0,1,"A",,,,"Y",,1500,5,"C","E","A","MAIN ST","WALNUT ST",240,"E","N","2013-09-23",5703,"2012-05-10",1222,"863","42","5","4","0","0",,"0","002","-","N",,0,0,,,0,,,,"Y",2,"A","-",22107,,"N","A","H","-","A","A","0","Y","A","01",0,0,1,0,0,0,0,0,0,"-","-","WOODLAND","YOLO","CA",0,0
"5618890",-121.566833061,38.5511150533,2012,"5704","0","5","4","12",0,1,"A",,,,,,1800,5,"D","C","A","SOUTHPORT PKWY","CARLIN DR",0,,"Y","2013-09-24",5704,"2012-05-11",1556,"00117",,"5","4","0","0",,"0","003","-","N",,0,0,,,0,,,,"Y",2,"A","-",21453,"A","N","A","H","-","A","A","0","Y","-","-",0,0,1,0,0,0,0,0,0,"-","-","WEST SACRAMENTO","YOLO","CA",0,0
"5612428",-121.726622623,38.548909488,2012,"5701","0","2","4","03",0,1,"A",,,,,,1500,5,"C","C","A","POLE LINE RD","5TH ST",20,"N","N","2013-09-19",5701,"2012-05-08",1354,"36","7","5","5","0","0",,"0","003","-","N",,0,0,,,0,,,,"Y",2,"A","-",22350,,"N","A","H","-","A","A","0","Y","A","07",0,0,1,0,0,0,0,0,0,"-","-","DAVIS","YOLO","CA",-121.72589,38.54869
"5612424",-121.655143941,38.560646792,2012,"5700","1","5","4","03",0,2,"B",,,,,,1200,5,"C","C","A","RT 80","WEBSTER RD",5808,"W","N","2014-01-30",9280,"2012-05-04",1115,"12272",,"1","9","0","1",,"2","010","-","Y","YOL",3,80,"-","-",4.91,"H","-","W","Y",5,"A","-",22350,,"N","A","D","-","A","D","1","Y","A","01",0,0,2,0,0,0,0,0,0,"-","-","UNINCORPORATED","YOLO","CA",0,0
"5612416",-121.551184474,38.574945396,2012,"5704","2","1","4","18",0,1,"A",,,,,,900,5,"E","J","A","RT 50","HARBOR BL",100,"W","N","2014-01-29",9280,"2012-05-07",841,"16632",,"1","4","0","1",,"2","011","-","Y","YOL",3,50,"-","-",1.18,"H","-","E","Y",1,"C","-",0,,"N","A","H","-","A","D","1","Y","-","-",0,0,1,0,0,0,0,0,0,"-","-","WEST SACRAMENTO","YOLO","CA",0,0
"5612404",-121.524413816,38.5695591163,2012,"5704","0","4","4","03",0,1,"A",,,,,,900,5,"C","C","A","JEFFERSON BL","CIRCLE ST",30,"S","N","2013-09-19",5704,"2012-05-03",845,"00158",,"5","4","0","0",,"0","002","B","N",,0,0,,,0,,,,"Y",2,"A","-",22350,,"N","A","H","-","A","D","0","Y","A","01",0,0,1,0,0,0,0,0,0,"-","-","WEST SACRAMENTO","YOLO","CA",0,0
"5611763",-121.661059411,38.559628828,2012,"5700","1","7","3","03",0,2,"A",,,,,,1800,4,"C","C","A","RT 80","WEBSTER",6336,"W","N","2014-01-09",9280,"2012-04-22",1717,"016929",,"2","9","0","1",,"2","010","-","Y","YOL",3,80,"-","-",4.58,"H","-","E","Y",5,"A","-",22350,,"N","A","D","-","A","D","1","Y","A","01",0,1,1,0,0,0,0,0,0,"-","-","UNINCORPORATED","YOLO","CA",0,0
"5610762",-121.667835469,38.55868696,2012,"5700","1","1","4","03",0,1,"A",,,,,,1800,4,"C","C","A","RT 80","ENTERPRISE BL",26400,"W","N","2014-01-09",9280,"2012-04-30",1739,"016929",,"2","9","0","1",,"2","010","-","Y","YOL",3,80,"-","-",4.18,"H","-","E","Y",2,"A","-",22350,,"N","A","H","-","A","D","1","Y","A","01",0,0,1,0,0,0,0,0,0,"-","-","UNINCORPORATED","YOLO","CA",0,0
"5610758",-121.557161541,38.584817497,2012,"5704","1","1","3","08",0,1,"A",,,,,,1800,4,"F","I","A","RT 80","RT 84",2000,"S","N","2014-02-06",9280,"2012-04-23",1635,"015079",,"2","4","0","1",,"2","010","-","Y","YOL",3,80,"-","R",10.83,"H","-","W","Y",1,"A","-",22107,,"N","A","H","-","A","D","1","Y","A","07",0,1,0,0,0,0,0,0,0,"-","-","WEST SACRAMENTO","YOLO","CA",0,0
"5610746",-121.969965612,38.877165268,2012,"5700","1","1","4","07",0,1,"A",,,,,,1500,4,"B","C","A","RT 5","COUNTY ROAD 6",1584,"S","N","2014-01-23",9280,"2012-04-02",1215,"015353",,"1","9","0","1",,"2","030","-","Y","YOL",3,5,"-","R",25.27,"H","-","N","N",2,"A","-",21658,"A","N","A","H","-","A","D","1","Y","A","07",0,0,1,0,0,0,0,0,0,"-","-","UNINCORPORATED","YOLO","CA",0,0
"5610660",-121.750183152,38.555844984,2012,"5701","0","7","3","00",0,1,"A","Y",,,,"Y",300,4,"G","B","E","14TH ST","EUREKA AV",0,,"Y","2013-08-26",5701,"2012-04-15",234,"92","4","5","5","0","0",,"0","002","-","N",,0,0,,,0,,,,"Y",3,"A","-",23103,"A","F","A","H","-","C","D","0","Y","A","07",0,1,0,0,0,0,0,0,0,"-","-","DAVIS","YOLO","CA",-121.7437,38.56097
"5609550",-121.788146671,38.6761250664,2012,"5703","0","3","3","17",0,1,"B",,"Y",,,"Y",1800,5,"H","G","A","WEST LINCOLN AV","CALIFORNIA ST",156,"E","N","2013-09-09",5703,"2012-05-02",1638,"863","52","5","4","0","0",,"0","003","-","N",,0,0,,,0,,,,"N",2,"A","-",22517,,"N","A","H","-","A","D","0","Y","A","07",0,1,0,0,0,0,1,0,0,"-","-","WOODLAND","YOLO","CA",0,0
"5609358",-121.518003239,38.572940362,2012,"5704","2","4","4","03",0,4,"B",,,,,,1200,4,"C","C","A","RT 50","SACRAMENTO CO LINE",1056,"W","N","2014-01-27",9280,"2012-04-12",1000,"017772",,"1","4","0","1",,"2","011","-","Y","YOL",3,50,"-","-",2.95,"H","-","E","Y",3,"A","-",22350,,"N","B","H","-","A","D","1","Y","A","01",0,0,4,0,0,0,0,0,0,"-","-","WEST SACRAMENTO","YOLO","CA",0,0
"5609354",-121.889581938,38.670679668,2012,"5700","3","1","4","08",0,1,"A",,,,,,900,4,"H","C","A","RT 16","COUNTY ROAD 93",1584,"E","N","2014-01-29",9280,"2012-04-16",800,"16292",,"1","9","0","1",,"2","034","-","Y","YOL",3,16,"-","-",35.66,"H","-","W","Y",1,"A","-",22107,,"N","A","H","-","A","D","0","Y","A","01",0,0,1,0,0,0,0,0,0,"-","-","UNINCORPORATED","YOLO","CA",0,0
"5609350",-121.85779879,38.5615350574,2012,"5700","5","2","3","09",0,3,"B",,,,,,1200,4,"D","C","A","COUNTY ROAD 31","COUNTY ROAD 95",290,"E","N","2013-08-28",9280,"2012-04-24",941,"016632",,"1","9","0","3",,"2","002","-","N",,0,0,,,0,,,,"Y",2,"A","-",21801,"A","N","A","H","-","A","D","0","Y","A","01",0,2,1,0,0,0,0,0,0,"-","-","UNINCORPORATED","YOLO","CA",0,0
"5607434",-121.728623143,38.6739349581,2012,"5703","0","3","4","01",0,1,"C",,,,,"Y",2400,4,"E","I","A","COUNTY ROAD 102","RT 5",0,,"Y","2013-08-16",5703,"2012-04-25",2119,"SNYDER",,"5","4","0","0",,"0","004","-","N",,0,0,,,0,,,,"Y",1,"A","-",23152,"A","N","B","H","-","C","A","0","Y","A","01",0,0,1,0,0,0,0,0,0,"-","SO","WOODLAND","YOLO","CA",0,0
"5607426",-121.802473213,38.6921449623,2012,"5703","0","5","3","09",0,1,"A",,,,,,1500,4,"D","C","A","KENTUCKY AV","COUNTY RD 98",0,,"Y","2013-08-16",5703,"2012-04-20",1219,"832","84","5","4","0","0",,"0","002","-","N",,0,0,,,0,,,,"Y",2,"A","-",21453,"C","N","A","H","-","A","A","0","Y","A","01",0,1,0,0,0,0,0,0,0,"-","-","WOODLAND","YOLO","CA",0,0
"5606145",-121.548013676,38.5823171514,2012,"5704","0","3","4","21",0,1,"A","Y",,,,,1800,4,"G","B","F","HARBOR BL","DULUTH ST",1000,"S","N","2013-08-24",5704,"2012-04-25",1631,"00157",,"5","4","0","0",,"0","002","-","N",,0,0,,,0,,,,"N",2,"A","-",22106,,"N","A","H","-","A","D","0","Y","I","11",0,0,1,0,1,0,0,0,0,"-","-","WEST SACRAMENTO","YOLO","CA",0,0
"5606137",-121.569709042,38.575545572,2012,"5704","0","2","3","08",0,1,"A",,,,"Y",,1200,4,"B","C","A","WEST CAPITOL AV","RT 80",0,,"Y","2013-12-11",5704,"2012-04-17",1124,"165",,"5","4","0","0",,"0","002","-","Y","YOL",3,80,"-","-",9.417,"R","4","W","N",2,"A","-",22100,"B","N","A","H","-","A","A","0","Y","G","25",0,1,0,0,0,0,0,0,0,"-","WF","WEST SACRAMENTO","YOLO","CA",0,0
"5606086",-121.710543087,38.6477950282,2012,"5700","5","5","2","08",0,1,"A",,,,,,1200,4,"B","C","A","COUNTY ROAD 25","COUNTY ROAD 103",0,,"Y","2013-08-27",9280,"2012-04-20",1055,"017763",,"1","9","0","3",,"2","002","-","N",,0,0,,,0,,,,"Y",2,"A","-",22107,,"N","A","H","-","A","D","0","Y","A","01",1,0,0,0,0,0,0,0,0,"-","-","UNINCORPORATED","YOLO","CA",-121.71049,38.64778
"5604509",-121.803252004,38.5468736505,2012,"5700","5","1","3","03",0,1,"A",,"Y",,,,1800,4,"H","G","A","COUNTY ROAD 98","RUSSELL BL",26,"S","N","2013-08-21",9280,"2012-04-16",1555,"15079",,"2","9","0","3",,"2","002","-","N",,0,0,,,0,,,,"N",2,"A","-",22350,,"N","A","H","-","A","A","0","Y","D","22",0,1,0,0,0,0,1,0,0,"-","-","UNINCORPORATED","YOLO","CA",0,0
"5603095",-121.760703218,38.6773849925,2012,"5703","0","2","3","09",0,2,"A",,,,,,2400,4,"D","C","A","MAIN ST","THOMAS ST",0,,"Y","2013-08-10",5703,"2012-04-03",2105,"847","11","5","4","0","0",,"0","001","-","N",,0,0,,,0,,,,"Y",2,"A","-",21453,"C","N","B","H","-","C","A","0","Y","D","22",0,1,1,0,0,0,0,0,0,"-","-","WOODLAND","YOLO","CA",0,0
"5603091",-121.672841758,38.557718865,2012,"5700","1","4","3","04",0,1,"B",,,,,,2100,4,"C","C","A","RT 80","MACE BL",6336,"E","N","2014-01-09",9280,"2012-04-26",1800,"11706",,"2","9","0","1",,"2","010","-","Y","YOL",3,80,"-","-",3.88,"H","-","E","Y",5,"A","-",21703,,"M","A","D","-","A","D","1","Y","D","23",0,1,0,0,0,0,0,0,0,"-","-","UNINCORPORATED","YOLO","CA",0,0
"5603083",0,0,2012,"5700","5","1","3","08",0,1,"A",,,,,,600,4,"A","I","A","COUNTY ROAD 14","COUNTY ROAD 89",1056,"W","N","2013-08-10",9280,"2012-04-30",545,"16632",,"3","9","0","3",,"2","003","-","N",,0,0,,,0,,,,"Y",1,"A","-",22107,,"N","A","H","-","B","D","0","Y","D","22",0,1,0,0,0,0,0,0,0,"-","-","UNINCORPORATED","YOLO","CA",0,0
"5600631",0,0,2012,"5701","0","4","4","03",0,1,"A",,,,,,1500,4,"C","C","A","WEST COVELL BL","REISING CT",0,,"Y","2013-08-10",5701,"2012-04-19",1207,"70","1","5","5","0","0",,"0","001","-","N",,0,0,,,0,,,,"N",2,"A","-",22350,,"N","A","H","-","A","A","0","Y","A","01",0,0,1,0,0,0,0,0,0,"-","-","DAVIS","YOLO","CA",0,0
"5600179",-121.700235095,38.551794936,2012,"5701","0","5","4","08",0,1,"A",,,,"Y",,900,4,"B","C","A","RT 80","MACE BL",1320,"W","N","2013-12-11",5701,"2012-04-20",853,"2","CHP","5","5","0","0",,"0","CHP","-","Y","YOL",3,80,"-","-",2.43,"H","-","W","N",3,"A","-",22107,,"N","A","H","-","A","A","0","Y","A","01",0,0,1,0,0,0,0,0,0,"-","-","DAVIS","YOLO","CA",0,0
"5599354",-121.519783043,38.593685016,2012,"5704","0","1","3","09",0,1,"A",,,,,,1800,4,"D","C","A","CUMMINS WY","DOUGLAS ST",0,,"Y","2013-08-14",5704,"2012-04-16",1605,"00165",,"5","4","0","0",,"0","001","-","N",,0,0,,,0,,,,"N",2,"A","-",21800,"A","N","A","H","-","A","A","0","Y","A","01",0,1,0,0,0,0,0,0,0,"-","-","WEST SACRAMENTO","YOLO","CA",0,0
"5598944",-121.789283112,38.6691650343,2012,"5703","0","1","4","12",0,1,"A",,,,,,1800,4,"D","C","A","CALIFORNIA ST","SOUTHWOOD DR",0,,"Y","2013-08-21",5703,"2012-04-30",1718,"871","54","5","4","0","0",,"0","003","-","N",,0,0,,,0,,,,"Y",2,"A","-",22450,"A","N","A","H","-","A","D","0","Y","D","22",0,0,1,0,0,0,0,0,0,"-","-","WOODLAND","YOLO","CA",0,0
"5597208",-121.812556676,38.5615050552,2012,"5700","5","7","4","08",0,1,"A",,,,,,1800,4,"E","J","A","COUNTY ROAD 31","COUNTY ROAD 97D",21,"W","N","2013-08-10",9280,"2012-04-15",1538,"016929",,"2","9","0","3",,"2","002","-","N",,0,0,,,0,,,,"Y",1,"A","-",22107,,"N","A","H","-","A","D","0","Y","A","08",0,0,1,0,0,0,0,0,0,"-","-","UNINCORPORATED","YOLO","CA",0,0
"5597204",-121.695697875,38.5522306,2012,"5701","1","6","2","08",0,2,"A",,,,,"Y",1200,4,"F","I","A","RT 80","MACE BL",479,"W","N","2014-01-09",9280,"2012-04-14",918,"016351",,"1","5","0","1",,"2","010","-","Y","YOL",3,80,"-","-",2.59,"H","-","E","Y",1,"A","-",22107,,"N","A","H","-","A","D","1","Y","A","07",1,1,0,0,0,0,0,0,0,"-","-","DAVIS","YOLO","CA",0,0
"5595623",-121.765333134,38.6846449559,2012,"5703","0","6","4","12",0,2,"A",,,,,,1800,4,"A","C","A","BEAMER ST","N EAST ST",0,,"Y","2013-10-30",5703,"2012-04-07",1757,"832","23","5","4","0","0",,"0","001","-","N",,0,0,,,0,,,,"Y",2,"A","-",21453,"A","N","A","H","-","A","A","0","Y","A","01",0,0,2,0,0,0,0,0,0,"-","-","WOODLAND","YOLO","CA",0,0
"5595615",-121.773233141,38.6720250265,2012,"5703","0","1","4","12",0,1,"B",,,,,,1800,4,"D","C","A","CROSS ST","1ST ST",0,,"Y","2013-11-15",5703,"2012-04-09",1745,"863","12","5","4","0","0",,"0","004","-","N",,0,0,,,0,,,,"N",2,"A","-",22450,"A","N","A","H","-","A","A","0","Y","A","01",0,0,1,0,0,0,0,0,0,"-","-","WOODLAND","YOLO","CA",0,0
"5594224",-121.548848101,38.5751150752,2012,"5704","2","2","4","07",0,1,"B",,,,"Y",,1200,4,"B","C","A","RT 50","HARBOR BL",50,"W","N","2013-10-11",9280,"2012-04-10",1041,"12870",,"1","4","0","1",,"2","011","C","N",,0,0,,,0,,,,"N",2,"A","-",21658,"A","N","B","H","-","A","D","0","Y","G","25",0,0,1,0,0,0,0,0,0,"WF","-","WEST SACRAMENTO","YOLO","CA",0,0
"5592810",-121.742333946,38.6683171854,2012,"5703","0","4","3","03",0,2,"A",,,,,,900,4,"C","C","A","PIONEER AV","E GUM AV",32,"S","N","2013-08-28",5703,"2012-04-19",754,"862","53","5","4","0","0",,"0","004","-","N",,0,0,,,0,,,,"N",2,"A","-",22350,,"N","A","H","-","A","A","0","Y","J","48",0,1,1,0,0,0,0,0,0,"-","-","WOODLAND","YOLO","CA",0,0
"5591699",0,0,2012,"5700","5","3","3","12",0,3,"B",,,,,,1500,4,"D","C","A","COUNTY ROAD 99W","COUNTY ROAD 1",0,,"Y","2013-08-17",9280,"2012-04-25",1235,"12272",,"1","9","0","3",,"2","003","-","N",,0,0,,,0,,,,"Y",2,"A","-",22450,"A","N","A","H","-","A","A","0","Y","D","22",0,1,2,0,0,0,0,0,0,"-","-","UNINCORPORATED","YOLO","CA",0,0
"5591695",-121.728272701,38.6917327443,2012,"5700","4","5","4","06",0,1,"B",,,,,,900,4,"E","I","A","COUNTY ROAD 102","KENTUCKY AV",21,"N","N","2013-08-17",9280,"2012-04-27",600,"12272",,"1","9","0","2",,"1","021","-","N",,0,0,,,0,,,,"Y",1,"A","-",21750,,"N","A","H","-","B","A","0","Y","D","22",0,0,1,0,0,0,0,0,0,"-","-","UNINCORPORATED","YOLO","CA",-121.7285,38.69177
"5588593",-121.699503145,38.551935105,2012,"5701","0","6","4","12",0,1,"A",,,,,,1800,3,"D","C","A","MACE BL","RT 80",0,,"Y","2013-09-27",5701,"2012-03-24",1720,"85","7","5","5","0","0",,"0","003","-","Y","YOL",3,80,"-","-",2.475,"R","4","W","N",2,"A","-",21453,"A","N","A","H","-","A","A","0","Y","A","01",0,0,1,0,0,0,0,0,0,"-","WO","DAVIS","YOLO","CA",-121.69444,38.55258
"5588503",0,0,2012,"5701","0","4","4","08",0,1,"B",,"Y",,,,1800,4,"H","G","A","3RD ST","1ST ST",123,"W","N","2013-08-28",5701,"2012-04-05",1645,"35","5","5","5","0","0",,"0","002","-","N",,0,0,,,0,,,,"N",2,"A","-",22107,,"N","A","H","-","A","D","0","Y","A","01",0,0,1,0,0,0,1,0,0,"-","-","DAVIS","YOLO","CA",0,0
"5585701",-121.724725023,38.546205614,2012,"5700","1","3","3","01",0,1,"A",,,,,"Y",2400,4,"E","I","A","RT 80","ENTERPRISE BL",528,"W","N","2014-01-09",9280,"2012-04-04",2335,"17351",,"3","9","0","1",,"2","010","-","Y","YOL",3,80,"-","-",0.908,"H","-","W","Y",1,"A","-",23152,"A","N","A","H","-","C","D","1","Y","A","01",0,1,0,0,0,0,0,0,0,"-","-","UNINCORPORATED","YOLO","CA",0,0
"5585693",-121.726982223,38.67365947,2012,"5703","1","2","4","03",0,3,"B",,,,,,2100,4,"D","D","A","RT 5","EAST MAIN ST",1056,"S","N","2014-01-23",9280,"2012-04-10",1955,"17763",,"2","4","0","1",,"2","020","C","Y","YOL",3,5,"-","R",6.31,"H","-","S","Y",2,"A","-",22350,,"F","B","H","-","D","D","1","Y","A","01",0,0,3,0,0,0,0,0,0,"-","-","WOODLAND","YOLO","CA",-121.74342,38.67504
"5583397",-121.789363095,38.5466849819,2012,"5701","0","7","4","03",0,1,"A",,,,,,300,3,"E","I","A","RUSSELL BL","LAKE BL",0,,"Y","2013-10-15",5701,"2012-03-18",239,"60","1","5","5","0","0",,"0","001","-","N",,0,0,,,0,,,,"Y",1,"A","-",22350,,"M","A","H","-","C","A","0","Y","A","01",0,0,1,0,0,0,0,0,0,"-","-","DAVIS","YOLO","CA",0,0
"5581159",-121.52678372,38.5810968248,2012,"5704","0","5","4","07",0,1,"B",,"Y",,,,1800,3,"D","G","A","JEFFERSON BL","WEST CAPITOL AV",125,"N","N","2013-08-01",5704,"2012-03-30",1658,"173","WSPD","5","4","0","0",,"0","002","-","N",,0,0,,,0,,,,"N",2,"A","-",21658,"A","N","A","H","-","A","A","0","Y","L","04",0,0,1,0,0,0,1,0,0,"-","-","WEST SACRAMENTO","YOLO","CA",0,0
"5581155",0,0,2012,"5704","0","5","4","09",0,1,"B",,,,,,1800,3,"A","C","A","LAKE WASHINGTON BL","JEFFERSON BL",300,"E","N","2013-08-01",5704,"2012-03-30",1542,"173","WSPD","5","4","0","0",,"0","003","-","N",,0,0,,,0,,,,"Y",2,"A","-",21804,"A","N","A","H","-","A","D","0","Y","A","01",0,0,1,0,0,0,0,0,0,"-","-","WEST SACRAMENTO","YOLO","CA",0,0
"5577734",-121.767176361,38.603516418,2012,"5700","3","2","3","03",0,3,"A",,,,,,900,4,"C","C","A","RT 113","WILLOW SLOUGH BR",175,"N","N","2013-12-18",9280,"2012-04-17",820,"16632",,"1","9","0","1",,"2","022","-","Y","YOL",3,113,"-","R",5.01,"H","-","S","Y",2,"A","-",22350,,"N","A","H","-","A","D","1","Y","A","01",0,1,2,0,0,0,0,0,0,"-","-","UNINCORPORATED","YOLO","CA",0,0
"5576441",-121.781783133,38.6729749741,2012,"5703","0","4","4","09",0,1,"A",,,,,,1200,4,"D","C","A","PARK AV","MCKINLEY AV",0,,"Y","2013-10-04",5703,"2012-04-19",953,"854","32","5","4","0","0",,"0","003","-","N",,0,0,,,0,,,,"Y",2,"A","-",21802,"A","N","A","A","-","A","A","0","Y","A","01",0,0,1,0,0,0,0,0,0,"-","-","WOODLAND","YOLO","CA",0,0