"CASEID","POINT_X","POINT_Y","YEAR_","LOCATION","CHPTYPE","DAYWEEK","CRASHSEV","VIOLCAT","KILLED","INJURED","WEATHER1","PEDCOL","BICCOL","MCCOL","TRUCKCOL","ETOH","TIMECAT","MONTH_","CRASHTYP","INVOLVE","PED","PRIMARYRD","SECONDRD","DISTANCE","DIRECT","INTERSECT_","PROCDATE","JURIS","DATE_","TIME_","BADGE","JURIDIST","SHIFT","POP","SPECIAL","BEATTYPE","LAPDDIV","BEATCLAS","BEATNUMB","WEATHER2","STATEHW","CALTRANC","CALTRAND","STROUTE","ROUTESUF","POSTPRE","POSTMILE","LOCATYPE","RAMP","SIDEHW","TOWAWAY","PARTIES","PCF","VIOLCODE","VIOL","VIOLSUB","HITRUN","ROADSURF","RDCOND1","RDCOND2","LIGHTING","RIGHTWAY","CHPRDTYP","NOTPRIV","STFAULT","CHPFAULT","SEVINJ","OTHERINJ","COP","PEDKILL","PEDINJ","BICKILL","BICINJ","MCKILL","MCINJURE","RAMP1","RAMP2","CITY","COUNTY","STATE","X_CHP","Y_CHP"
"5575871",-121.76517071,38.697666999,2012,"5703","0","4","4","03",0,2,"B",,,,,,1500,4,"C","C","A","N EAST ST","RT 5",20,"N","N","2014-04-03",5703,"2012-04-12",1320,"863",,"5","4","0","0",,"0","001","G","Y","YOL",3,113,"-","-",11.526,"I","5","N","Y",2,"A","-",22350,,"N","A","H","-","A","A","0","Y","D","22",0,0,2,0,0,0,0,0,0,"-","NF","WOODLAND","YOLO","CA",0,0
"5575724",-121.759223172,38.693805113,2012,"5703","1","5","4","03",0,2,"A",,,,"Y",,900,3,"C","E","A","RT 5","EAST ST",250,"S","N","2013-09-23",9280,"2012-03-23",730,"16527",,"1","4","0","1",,"2","020","-","Y","YOL",3,5,"-","R",7.967,"R","2","S","Y",2,"A","-",22350,,"N","A","H","-","A","D","1","Y","G","25",0,0,2,0,0,0,0,0,0,"-","-","WOODLAND","YOLO","CA",0,0
"5564685",-121.52507853,38.577037237,2012,"5700","2","6","3","08",0,1,"A",,,,,,1500,3,"F","J","A","RT 50","JEFFERSON BL",300,"W","N","2013-09-23",9280,"2012-03-03",1335,"16292",,"1","9","0","1",,"2","011","-","Y","YOL",3,50,"-","-",2.42,"H","-","E","Y",1,"A","-",22107,,"N","A","H","-","A","D","1","Y","A","07",0,1,0,0,0,0,0,0,0,"-","-","UNINCORPORATED","YOLO","CA",0,0
"5564681",-121.715019245,38.673605117,2012,"5700","1","2","4","03",0,1,"B",,,,,,2400,3,"C","C","A","RT 5","COUNTY ROAD 102",3696,"S","N","2013-10-08",9280,"2012-03-20",2119,"017763",,"2","9","0","1",,"2","020","-","Y","YOL",3,5,"-","-",4.83,"H","-","S","Y",2,"A","-",22350,,"N","A","H","-","D","D","1","Y","A","01",0,0,1,0,0,0,0,0,0,"-","-","UNINCORPORATED","YOLO","CA",-121.71309,38.67354
"5564677",-121.550337366,38.594907202,2012,"5704","1","1","2","03",0,2,"A",,,,,,600,3,"C","C","A","RT 80","REED AV",870,"E","N","2013-09-23",9280,"2012-03-26",550,"012272",,"3","4","0","1",,"2","010","-","Y","YOL",3,80,"-","R",11.4,"H","-","W","Y",2,"A","-",22350,,"N","A","H","-","B","A","1","Y","A","01",1,0,1,0,0,0,0,0,0,"-","-","WEST SACRAMENTO","YOLO","CA",0,0
"5564673",-121.552933722,38.574955119,2012,"5704","2","2","4","03",0,1,"B",,,,,,2100,3,"E","I","A","RT 50","HARBOR BL",1584,"W","N","2013-09-23",9280,"2012-03-27",1900,"015079",,"2","4","0","1",,"2","011","C","Y","YOL",3,50,"-","-",0.9,"H","-","E","Y",1,"A","-",22350,,"N","B","H","-","D","D","1","Y","A","01",0,0,1,0,0,0,0,0,0,"-","-","WEST SACRAMENTO","YOLO","CA",0,0
"5563569",-121.790353156,38.6909749721,2012,"5703","0","3","4","09",0,1,"A",,,,,,2100,7,"D","C","A","MARIPOSA ST","MUIR ST",0,,"Y","2012-10-10",5703,"2012-07-18",2042,,,"5","4","0","0",,"0",,"-","N",,0,0,,,0,,,,"N",2,"A","-",21800,"A","N","A","H","-","C","D","0","Y","J","48",0,0,1,0,0,0,0,0,0,"-","-","WOODLAND","YOLO","CA",-121.79034,38.69078
"5563263",-121.765673194,38.6629192193,2012,"5703","0","2","4","03",0,1,"A",,,,,,900,9,"C","C","A","EAST ST","GIBSON RD",27,"N","N","2012-09-27",5703,"2012-09-11",853,"851","14","5","4","0","0",,"0","004","-","N",,0,0,,,0,,,,"N",2,"A","-",22350,,"N","A","H","-","A","A","0","Y","J","48",0,0,1,0,0,0,0,0,0,"-","-","WOODLAND","YOLO","CA",0,0
"5559924",-121.537293076,38.5527150483,2012,"5704","0","4","4","03",0,1,"B",,,,,,1200,3,"C","C","A","LAKE WASHINGTON BL","JEFFERSON BL",0,,"Y","2013-07-30",5704,"2012-03-29",900,"00158",,"5","4","0","0",,"0","003","-","N",,0,0,,,0,,,,"N",2,"A","-",22350,,"F","A","H","-","A","A","0","Y","-","-",0,0,1,0,0,0,0,0,0,"-","-","WEST SACRAMENTO","YOLO","CA",0,0
"5558564",-121.736633173,38.5481050306,2012,"5701","0","4","4","12",0,1,"A",,"Y",,,,1800,3,"H","G","A","5TH ST","J ST",0,,"Y","2013-07-29",5701,"2012-03-08",1536,"70","5","5","5","0","0",,"0","002","-","N",,0,0,,,0,,,,"N",2,"A","-",22450,"A","N","A","H","-","A","A","0","Y","L","04",0,0,1,0,0,0,1,0,0,"-","-","DAVIS","YOLO","CA",-121.73117,38.54699
"5558187",-121.660741853,38.673573312,2012,"5700","1","6","3","03",0,1,"B",,,,,,2100,3,"C","C","A","RT 5","COUNTY ROAD 22",8976,"N","N","2013-09-23",9280,"2012-03-24",1910,"016144",,"2","9","0","1",,"2","020","-","Y","YOL",3,5,"-","-",1.85,"H","-","N","Y",2,"A","-",22350,,"N","B","H","-","A","D","1","Y","A","01",0,1,0,0,0,0,0,0,0,"-","-","UNINCORPORATED","YOLO","CA",-121.76439,38.69529
"5557414",-121.533103139,38.5564550496,2012,"5704","0","7","4","01",0,1,"A",,,,,"Y",1800,3,"C","C","A","JEFFERSON BL","GATEWAY DR",0,,"Y","2013-07-30",5704,"2012-03-04",1733,"00160",,"5","4","0","0",,"0","003","-","N",,0,0,,,0,,,,"Y",3,"A","-",23152,"A","N","A","H","-","A","A","0","Y","-","-",0,0,1,0,0,0,0,0,0,"-","-","WEST SACRAMENTO","YOLO","CA",0,0
"5557391",-121.767181528,38.58551237,2012,"5700","3","5","4","08",0,1,"A",,,,,,2400,3,"E","I","A","RT 113","COUNTY ROAD 29",1056,"S","N","2013-09-23",9280,"2012-03-30",2135,"16144",,"2","9","0","1",,"2","022","-","Y","YOL",3,113,"-","R",3.91,"H","-","S","N",1,"A","-",22107,,"N","A","H","-","D","D","1","Y","A","07",0,0,1,0,0,0,0,0,0,"-","-","UNINCORPORATED","YOLO","CA",-121.76761,38.59615
"5556294",-121.535003162,38.5984349884,2012,"5704","0","7","3","00",0,1,"A","Y",,,,,900,2,"G","B","E","TODHUNTER AV","CARRIE ST",0,,"Y","2013-07-13",5704,"2012-02-26",841,"139",,"5","4","0","0",,"0","001","-","N",,0,0,,,0,,,,"N",2,"D","-",0,,"F","A","H","-","A","D","0","Y","-","-",0,1,0,0,1,0,0,0,0,"-","-","WEST SACRAMENTO","YOLO","CA",0,0
"5556293",-121.520921068,38.58187388,2012,"5704","0","2","4","08",0,1,"A",,"Y",,,,1500,2,"B","G","A","WEST CAPITOL AV","MERKLEY AV",385,"E","N","2013-07-13",5704,"2012-02-21",1345,"165",,"5","4","0","0",,"0","002","-","N",,0,0,,,0,,,,"N",2,"A","-",22107,,"N","A","H","-","A","D","0","Y","L","04",0,0,1,0,0,0,1,0,0,"-","-","WEST SACRAMENTO","YOLO","CA",0,0
"5555868",-121.802440074,38.700326513,2012,"5700","3","2","3","09",0,1,"B",,,,,,1800,4,"D","C","A","RT 16","COUNTY ROAD 19A",502,"N","N","2014-01-29",9280,"2012-04-03",1704,"017763",,"2","9","0","1",,"1","024","-","Y","YOL",3,16,"-","R",42.12,"H","-","W","Y",2,"A","-",21801,"A","N","A","H","-","A","D","0","Y","A","01",0,1,0,0,0,0,0,0,0,"-","-","UNINCORPORATED","YOLO","CA",-121.80242,38.70313
"5555506",-121.789343118,38.6630350541,2012,"5703","0","6","3","01",0,1,"A",,,"Y",,"Y",600,3,"C","C","A","WEST GIBSON RD","CALIFORNIA ST",0,,"Y","2013-07-23",5703,"2012-03-03",300,"836","54","5","4","0","0",,"0","003","-","N",,0,0,,,0,,,,"Y",2,"A","-",23153,"B","N","A","H","-","C","D","0","Y","A","01",0,1,0,0,0,0,0,0,1,"-","-","WOODLAND","YOLO","CA",0,0
"5555320",-121.734061468,38.5616661868,2012,"5701","0","5","3","03",0,2,"C",,,,,"Y",2400,3,"E","I","A","EAST COVELL BL","L ST",400,"E","N","2013-07-25",5701,"2012-03-16",2148,"75","5","5","5","0","0",,"0","002","-","N",,0,0,,,0,,,,"Y",1,"A","-",22350,,"N","B","H","-","C","D","0","Y","A","07",0,1,1,0,0,0,0,0,0,"-","-","DAVIS","YOLO","CA",-121.73237,38.56077
"5553367",-121.768286426,38.537680805,2012,"5700","3","2","2","03",0,4,"B",,,,,,1200,3,"C","C","A","RT 113","HUTCHINSON DR",300,"N","N","2013-09-23",9280,"2012-03-13",1058,"16292",,"1","9","0","1",,"2","022","C","Y","YOL",3,113,"-","R",0.48,"H","-","N","Y",2,"A","-",22350,,"N","B","H","-","A","D","1","Y","A","01",1,2,1,0,0,0,0,0,0,"-","-","UNINCORPORATED","YOLO","CA",0,0
"5552032",-121.74675313,38.6917250071,2012,"5703","0","1","4","12",0,1,"B",,,,,,1500,3,"D","C","A","EAST KENTUCKY AV","PIONEER AV",0,,"Y","2013-08-02",5703,"2012-03-26",1408,"871","65","5","4","0","0",,"0","001","-","N",,0,0,,,0,,,,"Y",2,"A","-",21453,"A","N","A","H","-","A","A","0","Y","A","01",0,0,1,0,0,0,0,0,0,"-","-","WOODLAND","YOLO","CA",0,0
"5550873",0,0,2012,"5700","5","3","3","08",0,1,"A",,,,,,2400,3,"F","A","A","COUNTY ROAD 29","COUNTY ROAD 102",1,"W","N","2013-10-03",9280,"2012-03-28",2200,"15492",,"3","9","0","3",,"2","002","B","N",,0,0,,,0,,,,"Y",1,"A","-",22107,,"N","A","H","-","D","D","0","Y","D","22",0,1,0,0,0,0,0,0,0,"-","-","UNINCORPORATED","YOLO","CA",0,0
"5549125",-121.550411132,38.594795188,2012,"5704","1","1","4","03",0,1,"A",,,,,,600,3,"C","C","A","RT 80","REED AV",770,"E","N","2013-10-10",9280,"2012-03-26",551,"012272",,"3","4","0","1",,"2","010","-","Y","YOL",3,80,"-","R",11.39,"H","-","W","N",2,"A","-",22350,,"M","A","H","-","B","A","1","Y","-","99",0,0,1,0,0,0,0,0,0,"-","-","WEST SACRAMENTO","YOLO","CA",0,0
"5548157",-121.970233108,38.5241750021,2012,"5702","0","2","4","09",0,1,"B",,,,,,900,2,"B","C","A","RAILROAD AV","BAKER ST",0,,"Y","2013-06-28",5702,"2012-02-07",732,"534",,"5","2","0","0",,"0",,"C","N",,0,0,,,0,,,,"N",2,"A","-",21802,"A","N","B","H","-","A","A","0","Y","-","-",0,0,1,0,0,0,0,0,0,"-","-","WINTERS","YOLO","CA",0,0
"5548067",-121.746323064,38.5409149691,2012,"5701","0","3","3","05",0,1,"C",,"Y",,,,300,2,"H","G","A","1ST ST","A ST",0,,"Y","2013-07-09",5701,"2012-02-29",135,"10","1","5","5","0","0",,"0","001","-","N",,0,0,,,0,,,,"N",2,"A","-",21650,"1","N","B","H","-","C","A","0","Y","L","04",0,1,0,0,0,0,1,0,0,"-","-","DAVIS","YOLO","CA",0,0
"5547952",-121.544193123,38.574945119,2012,"5704","0","2","4","-",0,4,"C",,,,,,2400,4,"D","C","A","HARBOR BL","RT 50",0,,"Y","2013-11-27",5704,"2012-04-03",2116,"0160",,"5","4","0","0",,"0",,"-","Y","YOL",3,50,"-","-",1.342,"R","4","E","Y",3,"A","-",0,,"N","B","H","-","C","A","0","Y","-","-",0,0,4,0,0,0,0,0,0,"-","-","WEST SACRAMENTO","YOLO","CA",0,0
"5547924",-121.551758907,38.5157165173,2012,"5704","0","1","3","01",0,1,"A",,,"Y",,"Y",2100,4,"H","J","A","SOUTH RIVER RD","GREGORY AV",500,"E","N","2013-11-20",5704,"2012-04-02",2020,"0142",,"5","4","0","0",,"0","003","-","N",,0,0,,,0,,,,"Y",1,"A","-",23152,"A","N","A","H","-","D","D","0","Y","C","02",0,1,0,0,0,0,0,0,1,"-","-","WEST SACRAMENTO","YOLO","CA",0,0
"5547572",-121.731853236,38.5623450563,2012,"5701","0","7","3","-",0,1,"A",,"Y",,,,2100,2,"H","G","A","EAST COVELL BL","POLE LINE RD",200,"W","N","2013-07-06",5701,"2012-02-19",1930,"67","5","5","5","0","0",,"0","002","-","N",,0,0,,,0,,,,"N",2,"A","-",0,,"N","A","H","-","C","A","0","Y","L","04",0,1,0,0,0,0,1,0,0,"-","-","DAVIS","YOLO","CA",0,0
"5547492",-121.656133329,38.673297979,2012,"5700","1","3","3","08",0,1,"B",,,,,,600,2,"E","I","A","RT 5","COUNTY ROAD 22",7392,"N","N","2013-09-06",9280,"2012-02-29",340,"17933",,"3","9","0","1",,"2","020","C","Y","YOL",3,5,"-","-",1.55,"H","-","S","Y",1,"A","-",22107,,"N","B","H","-","D","D","1","Y","A","07",0,1,0,0,0,0,0,0,0,"-","-","UNINCORPORATED","YOLO","CA",0,0
"5547472",-121.680800646,38.555993093,2012,"5700","1","2","2","03",0,1,"A",,,"Y",,,1800,2,"C","C","A","RT 80","MACE BL",5280,"E","N","2013-09-16",9280,"2012-02-14",1730,"15079",,"2","9","0","1",,"2","010","-","Y","YOL",3,80,"-","-",3.4,"H","-","E","Y",2,"A","-",22350,,"N","A","H","-","B","D","1","Y","C","02",1,0,0,0,0,0,0,0,1,"-","-","UNINCORPORATED","YOLO","CA",0,0
"5546315",-121.68113139,38.555918733,2012,"5700","1","1","3","08",0,1,"A",,,,,,1800,3,"E","I","A","RT 80","MACE BL",3696,"E","N","2013-09-23",9280,"2012-03-19",1731,"16929",,"2","9","0","1",,"2","010","-","Y","YOL",3,80,"-","-",3.38,"H","-","E","Y",1,"A","-",22107,,"N","A","D","-","A","D","1","Y","A","01",0,1,0,0,0,0,0,0,0,"-","-","UNINCORPORATED","YOLO","CA",0,0
"5546311",-121.588551239,38.572275611,2012,"5700","1","1","3","08",0,1,"B",,,,,,1800,3,"E","I","A","RT 80","ENTERPRISE BL",2640,"W","N","2013-09-23",9280,"2012-03-26",1715,"17763",,"2","9","0","1",,"2","010","-","Y","YOL",3,80,"-","-",8.68,"H","-","E","Y",1,"A","-",22107,,"N","A","H","-","A","D","1","Y","A","08",0,1,0,0,0,0,0,0,0,"-","-","UNINCORPORATED","YOLO","CA",-121.60754,38.56895
"5545304",-121.736679042,38.539050969,2012,"5701","1","7","2","01",0,2,"B",,,,,"Y",2100,2,"E","I","A","RT 80","RICHARDS BL",98,"W","N","2013-09-19",9280,"2012-02-12",1805,"15079",,"2","5","0","1",,"2","010","C","Y","YOL",3,80,"-","-",0.21,"H","-","E","Y",2,"A","-",23152,"A","N","B","H","-","D","D","1","Y","A","01",1,0,1,0,0,0,0,0,0,"-","-","DAVIS","YOLO","CA",0,0
"5545162",0,0,2012,"5702","0","1","4","11",0,1,"B","Y",,,,,600,1,"G","B","D","BARKER ST","RAILROAD AV",256,"E","N","2013-06-22",5702,"2012-01-23",551,"534","B","5","2","0","0",,"0","00B","C","N",,0,0,,,0,,,,"N",2,"A","-",21954,"A","N","B","H","-","E","D","0","Y","N","60",0,0,1,0,1,0,0,0,0,"-","-","WINTERS","YOLO","CA",0,0
"5544615",-121.729641518,38.7145720032,2012,"5700","4","7","3","01",0,1,"B",,,,,"Y",300,3,"E","I","A","COUNTY ROAD 102","COUNTY ROAD 18C",2112,"N","N","2013-07-27",9280,"2012-03-18",156,"15128",,"3","9","0","2",,"1","021","-","N",,0,0,,,0,,,,"Y",1,"A","-",23152,"A","N","B","H","-","D","D","0","Y","A","01",0,1,0,0,0,0,0,0,0,"-","-","UNINCORPORATED","YOLO","CA",-121.73016,38.71559
"5544564",-121.731163193,38.5624350231,2012,"5701","0","6","4","12",0,1,"A",,,,,,2100,3,"D","C","A","COVELL BL","POLE LINE RD",0,,"Y","2013-07-20",5701,"2012-03-10",2022,"88","6","5","5","0","0",,"0","003","-","N",,0,0,,,0,,,,"Y",2,"A","-",21453,"A","N","A","H","-","C","A","0","Y","A","01",0,0,1,0,0,0,0,0,0,"-","-","DAVIS","YOLO","CA",0,0
"5544412",-121.765413225,38.6800476038,2012,"5703","0","2","3","08",0,1,"B",,"Y",,,,1500,3,"D","G","A","EAST ST","LEMEN AV",10,"S","N","2013-07-22",5703,"2012-03-13",1433,"832","21","5","4","0","0",,"0","001","C","N",,0,0,,,0,,,,"N",2,"A","-",22107,,"N","B","H","-","A","D","0","Y","A","01",0,1,0,0,0,0,1,0,0,"-","-","WOODLAND","YOLO","CA",0,0
"5543838",-121.548283093,38.5409550076,2012,"5704","0","2","3","05",0,1,"A",,"Y",,,,1800,2,"D","G","A","JEFFERSON BL","BLACKER RD",0,,"Y","2013-07-13",5704,"2012-02-14",1600,"00165",,"5","4","0","0",,"0","003","-","N",,0,0,,,0,,,,"N",2,"A","-",21650,"1","N","A","H","-","A","D","0","Y","L","04",0,1,0,0,0,0,1,0,0,"-","-","WEST SACRAMENTO","YOLO","CA",0,0
"5543834",-121.524789272,38.576145355,2012,"5704","0","2","4","03",0,1,"A",,,,,,2100,2,"C","C","A","JEFFERSON BL","PARK BL",15,"S","N","2013-07-13",5704,"2012-02-21",2059,"00120",,"5","4","0","0",,"0","002","-","N",,0,0,,,0,,,,"N",2,"A","-",22350,,"M","A","H","-","C","A","0","Y","A","01",0,0,1,0,0,0,0,0,0,"-","-","WEST SACRAMENTO","YOLO","CA",0,0
"5543826",-121.529538471,38.576021923,2012,"5704","0","3","4","03",0,2,"A",,,,,,1200,2,"C","C","A","JEFFERSON BL","RT 50",0,,"Y","2013-09-30",5704,"2012-02-15",935,"00165",,"5","4","0","0",,"0","002","-","Y","YOL",3,275,"-","-",11.844,"R","4","E","N",2,"A","-",22350,,"N","A","H","-","A","A","0","Y","-","-",0,0,2,0,0,0,0,0,0,"-","WF","WEST SACRAMENTO","YOLO","CA",0,0
"5543384",-121.522439182,38.576664108,2012,"5704","2","3","4","08",0,3,"C",,,,,,1500,3,"A","I","A","RT 50","JEFFERSON BL",300,"E","N","2013-09-23",9280,"2012-03-14",1259,"16632",,"1","4","0","1",,"2","011","-","Y","YOL",3,50,"-","-",2.54,"H","-","W","Y",1,"A","-",22107,,"N","B","H","-","A","D","1","Y","A","01",0,0,3,0,0,0,0,0,0,"-","-","WEST SACRAMENTO","YOLO","CA",0,0
"5543383",0,0,2012,"5700","4","5","3","01",0,1,"A",,,,,"Y",2400,3,"E","I","A","COUNTY ROAD 102","COUNTY ROAD 29",725,"S","N","2013-07-20",9280,"2012-03-09",2250,"15353",,"3","9","0","2",,"1","021","-","N",,0,0,,,0,,,,"Y",1,"A","-",23152,"A","N","A","H","-","D","D","0","Y","A","07",0,1,0,0,0,0,0,0,0,"-","-","UNINCORPORATED","YOLO","CA",0,0
"5543382",0,0,2012,"5703","4","1","4","03",0,1,"B",,,,,,1200,3,"C","C","A","COUNTY ROAD 98","RT 16",75,"S","N","2013-07-20",9280,"2012-03-12",1125,"12272",,"1","4","0","2",,"2","025","-","N",,0,0,,,0,,,,"N",2,"A","-",22350,,"F","A","H","-","A","A","0","Y","-","99",0,0,1,0,0,0,0,0,0,"-","-","WOODLAND","YOLO","CA",0,0
"5543376",-121.68097944,38.556788068,2012,"5700","5","5","3","03",0,2,"A",,"Y",,,,2100,3,"C","E","A","COUNTY ROAD 32A","COUNTY ROAD 105",1584,"W","N","2013-07-22",9280,"2012-03-02",1807,"15168",,"2","9","0","3",,"2","001","-","N",,0,0,,,0,,,,"N",3,"A","-",22350,,"N","A","H","-","B","D","0","Y","L","04",0,2,0,0,0,0,2,0,0,"-","-","UNINCORPORATED","YOLO","CA",0,0
"5543375",-121.574252481,38.574883055,2012,"5704","1","7","4","03",0,2,"A",,,,,,2100,3,"C","C","A","RT 80","ENTERPRISE BL",300,"E","N","2013-09-23",9280,"2012-03-04",2027,"15079",,"2","4","0","1",,"2","010","-","Y","YOL",3,80,"-","-",9.26,"H","-","W","N",2,"A","-",22350,,"F","A","H","-","D","D","1","Y","-","99",0,0,2,0,0,0,0,0,0,"-","-","WEST SACRAMENTO","YOLO","CA",0,0
"5543374",-121.654441085,38.6735417,2012,"5700","1","4","4","03",0,1,"A",,,,,,900,3,"C","-","A","RT 5","COUNTY ROAD 22",10560,"N","N","2013-10-08",9280,"2012-03-08",725,"16527",,"1","9","0","1",,"2","020","-","Y","YOL",3,5,"-","-",1.5,"H","-","N","Y",2,"A","-",22350,,"N","A","H","-","A","D","1","Y","A","01",0,0,1,0,0,0,0,0,0,"-","-","UNINCORPORATED","YOLO","CA",0,0
"5542182",-121.729123424,38.6429144446,2012,"5703","0","5","1","03",1,0,"A",,,"Y",,,900,4,"F","A","A","COUNTY ROAD 102","COUNTY ROAD 25",1814,"S","N","2012-06-15",5703,"2012-04-20",816,"832","75","5","4","0","0",,"0","004","-","N",,0,0,,,0,,,,"Y",1,"A","-",22350,,"N","A","H","-","A","A","0","Y","C","02",0,0,0,0,0,0,0,1,0,"-","-","WOODLAND","YOLO","CA",0,0
"5542150",-121.518133948,38.4072901684,2012,"5700","5","7","1","01",1,0,"A",,,,,"Y",2500,5,"E","J","A","SOUTH RIVER RD","COUNTY ROAD 141",136,"S","N","2012-06-15",9280,"2012-05-13",2500,"16351",,"4","9","0","3",,"2","001","-","N",,0,0,,,0,,,,"Y",1,"A","-",23152,"A","N","A","H","-","D","D","0","Y","A","07",0,0,0,0,0,0,0,0,0,"-","-","UNINCORPORATED","YOLO","CA",0,0
"5541497",-121.648236266,38.561616706,2012,"5700","1","4","4","04",0,1,"B",,,,,,1800,2,"C","C","A","RT 80","COUNTY ROAD 32B",528,"W","N","2013-09-19",9280,"2012-02-02",1553,"014853",,"2","9","0","1",,"2","010","-","Y","YOL",3,80,"-","-",5.34,"H","-","E","Y",3,"A","-",21703,,"N","A","H","-","A","D","1","Y","A","01",0,0,1,0,0,0,0,0,0,"-","-","UNINCORPORATED","YOLO","CA",0,0
"5541496",-122.016747674,38.692562827,2012,"5700","3","4","4","10",0,1,"A","Y",,,,,1500,2,"G","B","B","RT 16","MADISON ST",10,"E","N","2013-09-18",9280,"2012-02-09",1318,"14853",,"1","9","0","1",,"2","034","-","Y","YOL",3,16,"-","-",28.035,"I","5","E","N",2,"A","-",21950,"A","N","A","H","-","A","A","0","Y","A","01",0,0,1,0,1,0,0,0,0,"-","-","UNINCORPORATED","YOLO","CA",0,0
"5541495",-121.56264003,38.4288550638,2012,"5700","5","1","4","08",0,4,"A",,,,,,1500,2,"E","I","A","WILLOW POINT RD","RT 84",5808,"E","N","2013-07-16",9280,"2012-02-20",1440,"013927",,"2","9","0","3",,"2","001","-","N",,0,0,,,0,,,,"Y",1,"A","-",22107,,"N","A","E","-","A","D","0","Y","A","01",0,0,4,0,0,0,0,0,0,"-","-","UNINCORPORATED","YOLO","CA",0,0
"5540911",-121.758873123,38.546235015,2012,"5701","0","4","3","17",0,1,"A",,"Y",,,,2100,3,"A","G","A","RUSSELL BL","ANDERSON RD",0,,"Y","2013-08-06",5701,"2012-03-08",2016,"92","2","5","5","0","0",,"0","001","-","N",,0,0,,,0,,,,"N",2,"A","-",21451,"B","N","A","H","-","C","A","0","Y","A","01",0,1,0,0,0,0,1,0,0,"-","-","DAVIS","YOLO","CA",0,0
"5540014",-121.783903161,38.6883949688,2012,"5703","0","7","4","12",0,1,"A",,,,,,1200,2,"D","C","A","N WEST ST","WOODLAND AV",0,,"Y","2013-07-22",5703,"2012-02-05",918,"810","64","5","4","0","0",,"0","002","-","N",,0,0,,,0,,,,"Y",2,"A","-",21453,"A","N","A","H","-","A","A","0","Y","A","01",0,0,1,0,0,0,0,0,0,"-","-","WOODLAND","YOLO","CA",0,0
"5537889",-121.527013153,38.5868350702,2012,"5704","0","7","4","01",0,1,"A",,,,,"Y",2400,3,"E","I","A","JEFFERSON BL","F ST",0,,"Y","2013-07-27",5704,"2012-03-11",2309,"0156","5704","5","4","0","0",,"0","001","-","N",,0,0,,,0,,,,"Y",1,"A","-",23152,"A","N","B","H","-","C","D","0","Y","A","01",0,0,1,0,0,0,0,0,0,"-","-","WEST SACRAMENTO","YOLO","CA",0,0
"5537866",-121.529932693,38.5962686934,2012,"5704","0","6","4","09",0,1,"A",,,,,,1800,3,"A","C","A","ANNA ST","HOLLAND DR",6,"E","N","2013-07-30",5704,"2012-03-17",1650,"00124",,"5","4","0","0",,"0","001","-","N",,0,0,,,0,,,,"Y",2,"A","-",21802,"A","N","A","H","-","A","A","0","Y","D","22",0,0,1,0,0,0,0,0,0,"-","-","WEST SACRAMENTO","YOLO","CA",0,0
"5537862",-121.548341696,38.5686659564,2012,"5704","0","7","3","03",0,2,"B",,,,,,1500,3,"C","C","A","INDUSTRIAL BL","HARBOR BL",450,"E","N","2013-07-30",5704,"2012-03-18",1200,"0165",,"5","4","0","0",,"0","002","-","N",,0,0,,,0,,,,"Y",2,"A","-",22350,,"N","A","H","-","A","A","0","Y","D","23",0,1,1,0,0,0,0,0,0,"-","-","WEST SACRAMENTO","YOLO","CA",0,0
"5537853",-121.523525496,38.5712850337,2012,"5704","0","5","3","03",0,2,"C",,,,,,1800,3,"C","C","A","JEFFERSON BL","15TH ST",15,"S","N","2013-08-13",5704,"2012-03-16",1539,"00173","WSPD","5","4","0","0",,"0","002","-","N",,0,0,,,0,,,,"Y",3,"A","-",22350,,"N","B","H","-","A","A","0","Y","A","01",0,1,1,0,0,0,0,0,0,"-","-","WEST SACRAMENTO","YOLO","CA",0,0
"5535576",-121.669061316,38.673347907,2012,"5700","1","2","4","03",0,1,"A",,,,,"Y",2100,3,"C","C","A","RT 5","COUNTY ROAD 22",9504,"N","N","2013-09-23",9280,"2012-03-20",2004,"16144",,"2","9","0","1",,"2","020","-","Y","YOL",3,5,"-","-",2.27,"H","-","S","Y",3,"A","-",22350,,"N","A","D","-","D","A","1","Y","A","01",0,0,1,0,0,0,0,0,0,"-","-","UNINCORPORATED","YOLO","CA",-121.65067,38.67308
"5535185",-121.791215726,38.6884347585,2012,"5703","0","7","3","00",0,2,"A",,,,,,1500,3,"A","C","A","WEST WOODLAND AV","MARIPOSA ST",309,"W","N","2013-07-30",5703,"2012-03-11",1233,"810","64","5","4","0","0",,"0","002","-","N",,0,0,,,0,,,,"Y",3,"A","-",23103,"A","N","A","H","-","A","D","0","Y","A","01",0,1,1,0,0,0,0,0,0,"-","-","WOODLAND","YOLO","CA",0,0