"CASEID","POINT_X","POINT_Y","YEAR_","LOCATION","CHPTYPE","DAYWEEK","CRASHSEV","VIOLCAT","KILLED","INJURED","WEATHER1","PEDCOL","BICCOL","MCCOL","TRUCKCOL","ETOH","TIMECAT","MONTH_","CRASHTYP","INVOLVE","PED","PRIMARYRD","SECONDRD","DISTANCE","DIRECT","INTERSECT_","PROCDATE","JURIS","DATE_","TIME_","BADGE","JURIDIST","SHIFT","POP","SPECIAL","BEATTYPE","LAPDDIV","BEATCLAS","BEATNUMB","WEATHER2","STATEHW","CALTRANC","CALTRAND","STROUTE","ROUTESUF","POSTPRE","POSTMILE","LOCATYPE","RAMP","SIDEHW","TOWAWAY","PARTIES","PCF","VIOLCODE","VIOL","VIOLSUB","HITRUN","ROADSURF","RDCOND1","RDCOND2","LIGHTING","RIGHTWAY","CHPRDTYP","NOTPRIV","STFAULT","CHPFAULT","SEVINJ","OTHERINJ","COP","PEDKILL","PEDINJ","BICKILL","BICINJ","MCKILL","MCINJURE","RAMP1","RAMP2","CITY","COUNTY","STATE","X_CHP","Y_CHP"
"5531273",-121.792175055,38.6776050674,2012,"5703","0","1","3","11",0,1,"A","Y",,,,,1800,3,"G","B","E","W MAIN ST","COTTONWOOD ST",322,"E","N","2013-09-27",5703,"2012-03-05",1634,"852","62","5","4","0","0",,"0","002","-","N",,0,0,,,0,,,,"N",3,"A","-",21956,"A","N","A","H","-","A","A","0","Y","N",,0,1,0,0,1,0,0,0,0,"-","-","WOODLAND","YOLO","CA",0,0
"5530734",-121.754023116,38.5463450209,2012,"5701","0","5","4","03",0,1,"A",,,,,,1800,3,"C","C","A","RUSSELL BL","CALIFORNIA BL",0,,"Y","2013-08-05",5701,"2012-03-02",1718,"92","3","5","5","0","0",,"0","001","-","N",,0,0,,,0,,,,"N",2,"A","-",22350,,"N","A","H","-","A","A","0","Y","A","01",0,0,1,0,0,0,0,0,0,"-","-","DAVIS","YOLO","CA",0,0
"5530560",-121.751343168,38.670255111,2012,"5700","3","5","4","08",0,1,"C",,,,,,2100,3,"F","A","A","RT 113","MAIN ST",528,"S","N","2013-09-23",9280,"2012-03-16",1950,"16144",,"2","9","0","1",,"2","022","-","Y","YOL",3,113,"-","R",9.891,"R","2","S","N",1,"A","-",22107,,"N","B","H","-","D","D","1","Y","D","23",0,0,1,0,0,0,0,0,0,"FR","-","UNINCORPORATED","YOLO","CA",-121.75726,38.67422
"5526198",-121.55782053,38.5307023095,2012,"5704","0","1","3","05",0,1,"A",,,,,,900,3,"F","A","A","JEFFERSON BL","DAVIS RD",702,"S","N","2013-08-06",5704,"2012-03-12",601,"00158",,"5","4","0","0",,"0","003","-","N",,0,0,,,0,,,,"Y",1,"A","-",21650,,"N","A","H","-","B","D","0","Y","A","01",0,1,0,0,0,0,0,0,0,"-","-","WEST SACRAMENTO","YOLO","CA",0,0
"5526194",-121.532403174,38.5783749937,2012,"5704","0","1","2","03",0,1,"A","Y",,,,,900,3,"G","B","D","WILLOW AV","ASH AV",0,,"Y","2013-08-06",5704,"2012-03-12",757,"00158",,"5","4","0","0",,"0","002","-","N",,0,0,,,0,,,,"N",2,"A","-",22350,,"N","A","H","-","A","A","0","Y","A","07",1,0,0,0,1,0,0,0,0,"-","-","WEST SACRAMENTO","YOLO","CA",0,0
"5526190",-121.551233127,38.593045121,2012,"5704","0","4","4","04",0,1,"A",,,,,,1500,3,"C","C","A","REED AV","RT 80",10,"E","N","2013-09-27",5704,"2012-03-08",1344,"00173","WSPD","5","4","0","0",,"0","001","-","Y","YOL",3,80,"-","R",11.219,"R","4","E","N",2,"A","-",21703,,"N","A","H","-","A","A","0","Y","A","07",0,0,1,0,0,0,0,0,0,"-","EO","WEST SACRAMENTO","YOLO","CA",0,0
"5525078",-121.743295461,38.5442593601,2012,"5701","0","5","4","17",0,1,"A",,"Y",,,,2100,1,"B","G","A","3RD ST","D ST",222,"W","N","2013-06-27",5701,"2012-01-20",1827,"45","4","5","5","0","0",,"0","002","-","N",,0,0,,,0,,,,"N",2,"A","-",22517,,"N","A","H","-","C","A","0","Y","A","01",0,0,1,0,0,0,1,0,0,"-","-","DAVIS","YOLO","CA",0,0
"5524960",-121.858633212,38.5906349487,2012,"5700","5","5","2","12",0,2,"A",,,,,,2100,2,"D","D","A","COUNTY ROAD 29","COUNTY ROAD 95",0,,"Y","2013-07-06",9280,"2012-02-10",1859,"15168",,"2","9","0","3",,"2","003","-","N",,0,0,,,0,,,,"Y",2,"A","-",22450,"A","N","A","H","-","D","A","0","Y","A","01",1,1,0,0,0,0,0,0,0,"-","-","UNINCORPORATED","YOLO","CA",0,0
"5524948",-121.774723923,38.6781734117,2012,"5703","0","2","3","01",0,1,"A",,"Y",,,"Y",1800,2,"D","G","A","COLLEGE ST","COURT ST",216,"S","N","2013-07-06",5703,"2012-02-14",1623,"832","22","5","4","0","0",,"0","002","-","N",,0,0,,,0,,,,"N",2,"A","-",21200,"5","N","A","H","-","A","A","0","Y","L","04",0,1,0,0,0,0,1,0,0,"-","-","WOODLAND","YOLO","CA",0,0
"5522480",-121.843390413,38.7077506764,2012,"5700","5","6","4","22",0,1,"A",,,"Y",,,1500,2,"F","A","A","COUNTY ROAD 95B","COUNTY ROAD 18A",2640,"S","N","2013-07-15",9280,"2012-02-04",1400,"12272",,"2","9","0","3",,"2","002","-","N",,0,0,,,0,,,,"N",1,"B","-",0,,"N","A","H","-","A","D","0","Y","C","02",0,0,1,0,0,0,0,0,1,"-","-","UNINCORPORATED","YOLO","CA",0,0
"5522242",-121.680304528,38.556104631,2012,"5701","1","6","4","08",0,1,"A",,,,,,1800,2,"E","I","A","RT 80","MACE BL",3960,"E","N","2013-09-19",9280,"2012-02-18",1520,"13469",,"2","5","0","1",,"2","010","-","Y","YOL",3,80,"-","-",3.43,"H","-","E","Y",1,"A","-",22107,,"N","A","H","-","A","D","1","Y","A","01",0,0,1,0,0,0,0,0,0,"-","-","DAVIS","YOLO","CA",0,0
"5522139",-121.583503105,38.370965099,2012,"5700","3","3","4","05",0,2,"A",,,,,,900,3,"D","C","A","RT 84","HAMILTON RD",0,,"Y","2013-10-04",9280,"2012-03-07",720,"017772",,"1","9","0","1",,"2","013","-","Y","YOL",3,84,"-","-",7.04,"I","5","S","Y",2,"A","-",21460,"A","N","A","H","-","A","D","0","Y","A","01",0,0,2,0,0,0,0,0,0,"-","-","UNINCORPORATED","YOLO","CA",-121.58358,38.37826
"5517206",-121.524433175,38.5750250101,2012,"5704","0","1","3","03",0,3,"A",,,,,,1800,3,"C","C","A","JEFFERSON BL","WEBSTER ST",0,,"Y","2013-07-20",5704,"2012-03-05",1530,"00158",,"5","4","0","0",,"0","002","-","N",,0,0,,,0,,,,"Y",3,"A","-",22350,,"N","A","H","-","A","A","0","Y","A","01",0,1,2,0,0,0,0,0,0,"-","-","WEST SACRAMENTO","YOLO","CA",0,0
"5513660",-121.712943059,38.5475949634,2012,"5701","0","2","4","03",0,1,"B",,,,,,1500,2,"C","C","A","COWELL BL","DRUMMOND AV",0,,"Y","2013-09-24",5701,"2012-02-07",1444,"94","8","5","5","0","0",,"0","004","C","N",,0,0,,,0,,,,"Y",3,"A","-",22350,,"N","B","H","-","A","A","0","Y","A","01",0,0,1,0,0,0,0,0,0,"-","-","DAVIS","YOLO","CA",0,0
"5513140",-121.786153209,38.5611149531,2012,"5701","0","7","4","12",0,2,"A",,,,,,1800,2,"D","C","A","WEST COVELL BL","LAKE BL",0,,"Y","2013-07-06",5701,"2012-02-26",1742,"96","1","5","5","0","0",,"0","001","-","N",,0,0,,,0,,,,"Y",2,"A","-",22450,"A","N","A","H","-","B","A","0","Y","A","07",0,0,2,0,0,0,0,0,0,"-","-","DAVIS","YOLO","CA",0,0
"5511797",-121.529799543,38.57649601,2012,"5704","0","4","3","04",0,3,"A",,,,,,900,2,"C","C","A","JEFFERSON BL","RT 50",15,"N","N","2013-09-30",5704,"2012-02-16",809,"00158",,"5","4","0","0",,"0","002","-","Y","YOL",3,275,"-","-",11.92,"R","4","W","Y",4,"A","-",21703,,"N","A","H","-","A","A","0","Y","A","01",0,1,2,0,0,0,0,0,0,"-","WO","WEST SACRAMENTO","YOLO","CA",0,0
"5510539",0,0,2012,"5700","5","7","3","01",0,1,"A",,,,,"Y",600,2,"E","I","A","COUNTY ROAD 31","COUNTY ROAD 95",6336,,"N","2013-08-08",9280,"2012-02-26",520,"015353",,"3","9","0","3",,"2","003","-","N",,0,0,,,0,,,,"Y",1,"A","-",23152,"A","N","A","H","-","D","D","0","Y","A","01",0,1,0,0,0,0,0,0,0,"-","-","UNINCORPORATED","YOLO","CA",0,0
"5509727",-121.624175549,38.5661124,2012,"5700","1","4","4","03",0,1,"A",,,,,,1800,2,"C","C","A","RT 80","WEBSTER",3960,"E","N","2013-09-19",9280,"2012-02-16",1745,"11706",,"2","9","0","1",,"2","010","-","Y","YOL",3,80,"-","-",6.55,"H","-","W","Y",5,"A","-",22350,,"N","A","H","-","A","D","1","Y","D","22",0,0,1,0,0,0,0,0,0,"-","-","UNINCORPORATED","YOLO","CA",0,0
"5509693",-121.765374701,38.6823383556,2012,"5703","0","5","3","05",0,1,"A",,"Y",,,,900,2,"D","G","A","EAST ST","E BEAMER ST",840,"S","N","2013-06-28",5703,"2012-02-17",810,"FORD849","21","5","4","0","0",,"0","001","-","N",,0,0,,,0,,,,"N",2,"A","-",21202,"A","N","A","H","-","A","D","0","Y","L","04",0,1,0,0,0,0,1,0,0,"-","-","WOODLAND","YOLO","CA",0,0
"5507478",-121.553216282,38.5356587599,2012,"5704","0","2","3","08",0,2,"C",,,,,,1500,2,"D","C","A","JEFFERSON BL","MARSHALL RD",250,"N","N","2013-07-09",5704,"2012-02-07",1453,"00158",,"5","4","0","0",,"0","003","-","N",,0,0,,,0,,,,"N",2,"A","-",22103,,"N","B","H","-","A","D","0","Y","D","22",0,1,1,0,0,0,0,0,0,"-","-","WEST SACRAMENTO","YOLO","CA",0,0
"5507473",-121.537293076,38.5527150483,2012,"5704","0","3","4","09",0,1,"A",,,,,,1800,2,"D","C","A","JEFFERSON BL","LAKE WASHINGTON BL",0,,"Y","2013-07-09",5704,"2012-02-15",1539,"00173","WSPD","5","4","0","0",,"0","003","-","N",,0,0,,,0,,,,"Y",2,"A","-",21453,"C","N","A","H","-","A","A","0","Y","A","08",0,0,1,0,0,0,0,0,0,"-","-","WEST SACRAMENTO","YOLO","CA",0,0
"5506212",-121.548673052,38.5751150669,2012,"5704","0","5","4","03",0,1,"A",,,,,,2400,2,"C","C","A","HARBOR BL","RT 50",0,,"Y","2013-07-20",5704,"2012-02-17",2136,"00120",,"5","4","0","0",,"0","002","-","N",,0,0,,,0,,,,"Y",3,"A","-",22350,,"N","A","H","-","C","A","0","Y","D","22",0,0,1,0,0,0,0,0,0,"-","WO","WEST SACRAMENTO","YOLO","CA",0,0
"5506200",-121.798032351,38.677635617,2012,"5703","0","3","4","01",0,2,"B",,,,,"Y",1800,2,"C","C","A","W MAIN ST","ASHLEY AV",34,"W","N","2013-07-20",5703,"2012-02-29",1631,"863","82","5","4","0","0",,"0","002","-","N",,0,0,,,0,,,,"Y",2,"A","-",23152,,"N","A","H","-","A","A","0","Y","A","08",0,0,2,0,0,0,0,0,0,"-","-","WOODLAND","YOLO","CA",0,0
"5506120",-121.515998015,38.571465795,2012,"5704","2","3","4","03",0,1,"B",,,,,,2100,1,"C","C","A","RT 50","RT 84",3168,"E","N","2013-12-12",9280,"2012-01-18",1830,"11706",,"2","4","0","1",,"2","011","-","Y","YOL",3,50,"-","-",3.15,"H","-","W","Y",2,"A","-",22350,,"N","A","H","-","C","D","1","Y","A","01",0,0,1,0,0,0,0,0,0,"-","-","WEST SACRAMENTO","YOLO","CA",0,0
"5505514",-121.758563199,38.5579649476,2012,"5701","0","1","4","03",0,1,"A",,"Y",,,,900,1,"D","G","A","ANDERSON RD","RADCLIFFE DR",0,,"Y","2013-06-08",5701,"2012-01-30",741,"96","2","5","5","0","0",,"0","001","-","N",,0,0,,,0,,,,"N",2,"A","-",22350,,"N","A","H","-","A","A","0","Y","A","07",0,0,1,0,0,0,1,0,0,"-","-","DAVIS","YOLO","CA",0,0
"5505486",-121.738103116,38.5478543843,2012,"5701","0","1","4","08",0,1,"A",,,,,,900,1,"D","C","A","5TH ST","I ST",120,"W","N","2013-06-08",5701,"2012-01-30",807,"94","5","5","5","0","0",,"0","002","-","N",,0,0,,,0,,,,"N",2,"A","-",22107,,"N","A","H","-","A","A","0","Y","A","01",0,0,1,0,0,0,0,0,0,"-","-","DAVIS","YOLO","CA",0,0
"5505203",-121.552933722,38.574955119,2012,"5704","2","1","4","03",0,1,"C",,,,,,900,1,"E","I","A","RT 50","HARBOR BL",1584,"W","N","2013-09-06",9280,"2012-01-23",717,"016351",,"1","4","0","1",,"2","011","-","Y","YOL",3,50,"-","-",0.9,"H","-","E","Y",1,"A","-",22350,,"N","B","H","-","A","D","1","Y","A","01",0,0,1,0,0,0,0,0,0,"-","-","WEST SACRAMENTO","YOLO","CA",-121.54921,38.5716
"5504036",0,0,2012,"5703","0","3","4","00",0,2,"A",,,,,,1500,2,"E","I","A","PIONEER AV","MERRIT CT",335,"N","N","2013-09-13",5703,"2012-02-01",1412,"862","5703","5","4","0","0",,"0","004","-","N",,0,0,,,0,,,,"Y",1,"A","-",23103,"A","N","A","H","-","A","A","0","Y","A","01",0,0,2,0,0,0,0,0,0,"-","-","WOODLAND","YOLO","CA",0,0
"5503647",-121.582921993,38.428062346,2012,"5700","5","2","4","08",0,1,"A",,,,,,1800,1,"E","I","A","RT 84","WILLOW POINT RD",363,"S","N","2013-09-16",9280,"2012-01-17",1655,"015079",,"2","9","0","3",,"2","001","-","Y","YOL",3,84,"-","-",10.47,"H","-","S","Y",1,"A","-",22107,,"N","A","H","-","D","D","0","Y","A","01",0,0,1,0,0,0,0,0,0,"-","-","UNINCORPORATED","YOLO","CA",0,0
"5503646",-121.767983156,38.555834349,2012,"5701","1","6","4","08",0,1,"B",,,,,,300,1,"E","I","A","RT 113","COVELL BL",1100,"S","N","2013-09-16",9280,"2012-01-21",210,"015353",,"3","5","0","1",,"2","020","-","Y","YOL",3,113,"-","R",1.9,"H","-","S","Y",1,"A","-",22107,,"N","B","H","-","E","D","1","Y","A","01",0,0,1,0,0,0,0,0,0,"-","-","DAVIS","YOLO","CA",-121.76845,38.5592
"5496366",-121.531863982,38.5901579301,2012,"5704","0","7","2","11",0,1,"A","Y",,,,"Y",300,1,"G","B","D","SACRAMENTO AV","TODHUNTER AV",450,"E","N","2013-06-22",5704,"2012-01-29",157,"00155",,"5","4","0","0",,"0","001","-","N",,0,0,,,0,,,,"Y",2,"A","-",21954,"A","N","A","H","-","C","D","0","Y","N","60",1,0,0,0,1,0,0,0,0,"-","-","WEST SACRAMENTO","YOLO","CA",0,0
"5496028",-121.574892996,38.5439618595,2012,"5704","0","6","3","05",0,1,"A",,,,,,600,1,"E","I","A","SOUTHPORT PKWY","PROMENADE ST",1920,"W","N","2013-07-13",5704,"2012-01-07",345,"00155","5704","5","4","0","0",,"0","003","-","N",,0,0,,,0,,,,"Y",1,"A","-",21650,,"M","A","H","-","C","D","0","Y","A","01",0,1,0,0,0,0,0,0,0,"-","-","WEST SACRAMENTO","YOLO","CA",0,0
"5494059",-121.742757214,38.5552010821,2012,"5701","0","6","4","17",0,1,"A",,"Y",,,"Y",900,1,"H","G","A","F ST","12TH ST",25,"N","N","2013-06-15",5701,"2012-01-14",607,"11","4","5","5","0","0",,"0","002","-","N",,0,0,,,0,,,,"N",2,"A","-",21209,"A","F","A","H","-","B","A","0","Y","A","01",0,0,1,0,0,0,1,0,0,"-","-","DAVIS","YOLO","CA",0,0
"5494055",-121.752813181,38.5463250063,2012,"5701","0","4","3","17",0,1,"A",,"Y",,,,1800,1,"H","G","A","RUSSELL BL","OAK BL",0,,"Y","2013-06-15",5701,"2012-01-05",1645,"89","3","5","5","0","0",,"0","001","-","N",,0,0,,,0,,,,"N",2,"A","-",21451,"A","N","A","H","-","A","A","0","Y","A","01",0,1,0,0,0,0,1,0,0,"-","-","DAVIS","YOLO","CA",-121.75293,38.54631
"5494051",-121.741813166,38.5501449724,2012,"5701","0","2","4","03",0,1,"A",,,,,,1500,1,"C","C","A","F ST","7TH ST",0,,"Y","2013-06-15",5701,"2012-01-17",1430,"83","4","5","5","0","0",,"0","002","-","N",,0,0,,,0,,,,"N",2,"A","-",22350,,"N","A","H","-","A","A","0","Y","A","01",0,0,1,0,0,0,0,0,0,"-","-","DAVIS","YOLO","CA",0,0
"5494047",-121.781533207,38.5536550057,2012,"5701","0","5","3","09",0,1,"A",,"Y",,,,900,1,"H","G","A","ARLINGTON BL","SHASTA DR",0,,"Y","2013-06-15",5701,"2012-01-06",828,"89","1","5","5","0","0",,"0","001","-","N",,0,0,,,0,,,,"N",2,"A","-",21453,"B","N","A","H","-","A","A","0","Y","A","07",0,1,0,0,0,0,1,0,0,"-","-","DAVIS","YOLO","CA",0,0
"5494043",-121.742073181,38.5513750046,2012,"5701","0","4","3","18",0,1,"A",,"Y",,,,1500,1,"H","A","A","EAST 8TH","F ST",0,,"Y","2013-07-19",5701,"2012-01-12",1338,"48","4","5","5","0","0",,"0","002","-","N",,0,0,,,0,,,,"N",1,"C","-",0,,"N","A","H","-","A","D","0","Y","-","-",0,1,0,0,0,0,1,0,0,"-","-","DAVIS","YOLO","CA",-121.74229,38.55182
"5493991",-121.706693153,38.5476049721,2012,"5701","0","4","4","14",0,1,"A",,"Y",,,,1800,2,"A","G","A","COWELL BL","OHLONE ST",0,,"Y","2013-07-13",5701,"2012-02-09",1759,"48","9","5","5","0","0",,"0","004","-","N",,0,0,,,0,,,,"N",2,"A","-",21201,"D","N","A","H","-","D","A","0","Y","L","04",0,0,1,0,0,0,1,0,0,"-","-","DAVIS","YOLO","CA",0,0
"5493983",-121.524186528,38.576934409,2012,"5704","2","7","3","08",0,1,"A",,,,,,900,2,"E","I","A","RT 50","RT 84",75,"W","N","2013-09-18",9280,"2012-02-26",710,"012272",,"1","4","0","1",,"2","011","-","Y","YOL",3,50,"-","-",2.47,"H","-","E","Y",1,"A","-",22107,,"N","A","H","-","B","D","1","Y","A","01",0,1,0,0,0,0,0,0,0,"-","-","WEST SACRAMENTO","YOLO","CA",0,0
"5493979",-121.657670861,38.560098129,2012,"5700","1","1","4","11",0,1,"A","Y",,,,,2100,2,"G","B","E","RT 80","WEBSTER RD",5280,"W","N","2013-09-19",9280,"2012-02-13",2015,"013399",,"2","9","0","1",,"2","010","-","Y","YOL",3,80,"-","-",4.78,"H","-","E","N",2,"A","-",21954,"A","N","A","H","-","D","D","1","Y","N","60",0,0,1,0,1,0,0,0,0,"-","-","UNINCORPORATED","YOLO","CA",0,0
"5493975",-121.55196161,38.592484252,2012,"5704","1","4","4","03",0,1,"A",,,,,,2100,2,"C","D","A","RT 80","RT 84",45,"W","N","2013-09-19",9280,"2012-02-16",1900,"015168",,"2","4","0","1",,"2","010","-","Y","YOL",3,80,"-","R",11.2,"H","-","W","Y",3,"A","-",22350,,"N","A","H","-","C","D","1","Y","A","01",0,0,1,0,0,0,0,0,0,"-","-","WEST SACRAMENTO","YOLO","CA",0,0
"5493971",-121.657334778,38.560331671,2012,"5700","1","6","4","08",0,1,"A",,,,,,1500,2,"D","C","A","RT 80","WEBSTER RD",5280,"W","N","2013-09-19",9280,"2012-02-25",1230,"017772",,"1","9","0","1",,"2","010","-","Y","YOL",3,80,"-","-",4.78,"H","-","W","N",2,"A","-",22107,,"N","A","D","-","A","D","1","Y","A","01",0,0,1,0,0,0,0,0,0,"-","-","UNINCORPORATED","YOLO","CA",0,0
"5493967",-121.73690096,38.538867408,2012,"5701","1","4","4","03",0,1,"A",,,,,,1800,2,"C","C","A","RT 80","RICHARDS BL",250,"W","N","2013-09-19",9280,"2012-02-23",1540,"017772",,"2","5","0","1",,"2","010","-","Y","YOL",3,80,"-","-",0.18,"H","-","E","Y",2,"A","-",22350,,"N","A","H","-","A","D","1","Y","A","01",0,0,1,0,0,0,0,0,0,"-","-","DAVIS","YOLO","CA",0,0
"5493963",-121.802766335,38.6310172305,2012,"5700","5","7","4","08",0,7,"A",,,,,,300,2,"F","A","A","COUNTY ROAD 98","HARLAN LN",1128,"S","N","2013-07-13",9280,"2012-02-26",210,"016665",,"3","9","0","3",,"2","002","-","N",,0,0,,,0,,,,"Y",1,"A","-",22107,,"N","A","H","-","C","D","0","Y","A","01",0,0,7,0,0,0,0,0,0,"-","-","UNINCORPORATED","YOLO","CA",0,0
"5493035",-121.709543202,38.5641838656,2012,"5701","0","7","4","01",0,1,"A",,,,,"Y",600,1,"E","I","A","ALHAMBRA DR","EAST COVELL BL",15,"S","N","2013-07-29",5701,"2012-01-22",337,"75","6","5","5","0","0",,"0","003","-","N",,0,0,,,0,,,,"Y",1,"A","-",23152,,"N","A","H","-","C","A","0","Y","A","01",0,0,1,0,0,0,0,0,0,"-","-","DAVIS","YOLO","CA",0,0
"5492763",-121.778633209,38.5490049807,2012,"5701","0","4","4","03",0,1,"A",,,,,,1800,2,"C","C","A","ARLINGTON BL","BUCKLEBERRY RD",0,,"Y","2013-07-19",5701,"2012-02-16",1717,"92","1","5","5","0","0",,"0","001","-","N",,0,0,,,0,,,,"N",2,"A","-",22350,,"N","A","H","-","A","D","0","Y","A","01",0,0,1,0,0,0,0,0,0,"-","-","DAVIS","YOLO","CA",-121.77859,38.54918
"5492755",-121.741763202,38.5417649715,2012,"5701","0","6","4","12",0,1,"B",,,,,,1500,2,"D","C","A","D ST","1ST ST",0,,"Y","2013-07-18",5701,"2012-02-18",1216,"101","4","5","5","0","0",,"0","002","-","N",,0,0,,,0,,,,"N",2,"A","-",21453,"A","N","A","H","-","A","A","0","Y","A","07",0,0,1,0,0,0,0,0,0,"-","-","DAVIS","YOLO","CA",-121.74055,38.54222
"5492751",-121.762293134,38.5484449587,2012,"5701","0","5","4","09",0,2,"A",,,,,,2100,2,"D","C","A","SYCAMORE LN","WAKE FOREST DR",0,,"Y","2013-07-13",5701,"2012-02-03",1805,"92","2","5","5","0","0",,"0","001","-","N",,0,0,,,0,,,,"Y",2,"A","-",21801,"A","N","A","H","-","C","D","0","Y","A","01",0,0,2,0,0,0,0,0,0,"-","-","DAVIS","YOLO","CA",0,0
"5492106",-121.767558975,38.567899858,2012,"5701","3","3","4","21",0,1,"B",,,,,,1800,2,"D","C","A","RT 113","COVELL BL",2112,"N","N","2013-09-19",9280,"2012-02-08",1530,"16632",,"2","5","0","1",,"2","022","-","Y","YOL",3,113,"-","R",2.48,"H","-","N","Y",2,"A","-",22106,,"N","A","H","-","A","D","1","Y","A","08",0,0,1,0,0,0,0,0,0,"-","-","DAVIS","YOLO","CA",0,0
"5492102",-122.122523021,38.709866004,2012,"5700","3","5","4","03",0,1,"A",,,,,,1500,2,"C","C","A","RT 16","COUNTY ROAD 80",50,"E","N","2013-09-18",9280,"2012-02-03",1425,"12873",,"2","9","0","1",,"2","034","-","Y","YOL",3,16,"-","-",21.39,"H","-","W","N",2,"A","-",22350,,"N","A","H","-","A","D","0","Y","A","01",0,0,1,0,0,0,0,0,0,"-","-","UNINCORPORATED","YOLO","CA",0,0
"5492098",-121.516674483,38.572091178,2012,"5704","2","4","4","03",0,1,"A",,,,,,1800,2,"C","C","A","RT 50","SACRAMENTO/YOLO CO LINE",569,"W","N","2013-09-18",9280,"2012-02-09",1658,"15168",,"2","4","0","1",,"2","011","-","Y","YOL",3,50,"-","-",3.04,"H","-","W","Y",2,"A","-",22350,,"N","-","H","-","A","D","1","Y","A","01",0,0,1,0,0,0,0,0,0,"-","-","WEST SACRAMENTO","YOLO","CA",0,0
"5492094",-121.689383963,38.55401773,2012,"5701","1","4","4","04",0,1,"B",,,,,,2100,2,"C","C","A","RT 80","MACE BL",1056,"E","N","2013-09-19",9280,"2012-02-02",1825,"14853",,"2","5","0","1",,"2","010","-","Y","YOL",3,80,"-","-",2.88,"H","-","E","N",2,"A","-",21703,,"N","A","H","-","A","D","1","Y","A","01",0,0,1,0,0,0,0,0,0,"-","-","DAVIS","YOLO","CA",0,0
"5491943",-121.619928823,38.566874135,2012,"5700","1","5","4","18",0,1,"A",,,,,,1800,1,"B","C","A","RT 80","WEBSTER",5280,"E","N","2013-09-16",9280,"2012-01-27",1512,"016527",,"2","9","0","1",,"2","010","-","Y","YOL",3,80,"-","-",6.8,"H","-","W","Y",2,"C","-",0,,"N","A","H","-","A","D","1","Y","-","-",0,0,1,0,0,0,0,0,0,"-","-","UNINCORPORATED","YOLO","CA",0,0
"5490863",0,0,2012,"5700","5","6","4","08",0,1,"A",,,,,,2400,2,"E","I","A","COUNTY ROAD 85B","COUNTY ROAD 19H",210,"S","N","2013-07-11",9280,"2012-02-04",2200,"13399",,"3","9","0","3",,"2","003","-","N",,0,0,,,0,,,,"Y",1,"A","-",22107,,"N","A","H","-","D","D","0","Y","A","07",0,0,1,0,0,0,0,0,0,"-","-","UNINCORPORATED","YOLO","CA",0,0
"5490851",-121.576570474,38.574277723,2012,"5704","1","2","4","08",0,1,"C",,,,,,900,2,"E","I","A","RT 80","ENTERPRISE BL",300,"W","N","2013-09-19",9280,"2012-02-07",700,"12272",,"1","4","0","1",,"2","010","-","Y","YOL",3,80,"-","-",9.1,"H","-","E","Y",1,"A","-",22107,,"N","B","H","-","B","D","1","Y","A","01",0,0,1,0,0,0,0,0,0,"-","-","WEST SACRAMENTO","YOLO","CA",0,0
"5490318",-121.521487129,38.576198104,2012,"5700","1","7","4","04",0,1,"A",,,,,,1500,2,"C","C","A","RT 50","JEFFERSON BL",528,"E","N","2013-09-18",9280,"2012-02-05",1450,"16292",,"2","9","0","1",,"2","010","-","Y","YOL",3,50,"-","-",2.6,"H","-","W","Y",2,"A","-",21703,,"N","A","H","-","-","D","1","Y","A","01",0,0,1,0,0,0,0,0,0,"-","-","UNINCORPORATED","YOLO","CA",0,0
"5490080",-121.679896982,38.556431897,2012,"5700","1","3","4","03",0,1,"A",,,,,,900,2,"C","C","A","RT 80","MACE BL",3960,"E","N","2013-09-19",9280,"2012-02-08",820,"16527",,"1","9","0","1",,"2","010","-","Y","YOL",3,80,"-","-",3.43,"H","-","W","N",2,"A","-",22350,,"N","A","D","-","A","D","1","Y","A","01",0,0,1,0,0,0,0,0,0,"-","-","UNINCORPORATED","YOLO","CA",0,0
"5486859",-121.756758058,38.5463866054,2012,"5701","0","7","2","-",0,1,"C",,,,,,1800,2,"E","J","A","RUSSELL BL","CAMPUS DR",50,"W","N","2013-07-19",5701,"2012-02-12",1550,"96","3","5","5","0","0",,"0","001","-","N",,0,0,,,0,,,,"N",1,"A","-",0,,"N","B","H","-","A","A","0","Y","D","22",1,0,0,0,0,0,0,0,0,"-","-","DAVIS","YOLO","CA",-121.75585,38.5503
"5486696",-121.746343168,38.5506850554,2012,"5701","0","5","3","10",0,2,"A","Y",,,,,1800,2,"G","B","B","8TH ST","B ST",0,,"Y","2013-07-23",5701,"2012-02-03",1600,"48","4","5","5","0","0",,"0","002","-","N",,0,0,,,0,,,,"N",3,"A","-",21950,"A","N","A","H","-","A","A","0","Y","A","07",0,2,0,0,2,0,0,0,0,"-","-","DAVIS","YOLO","CA",0,0