"CASEID","POINT_X","POINT_Y","YEAR_","LOCATION","CHPTYPE","DAYWEEK","CRASHSEV","VIOLCAT","KILLED","INJURED","WEATHER1","PEDCOL","BICCOL","MCCOL","TRUCKCOL","ETOH","TIMECAT","MONTH_","CRASHTYP","INVOLVE","PED","PRIMARYRD","SECONDRD","DISTANCE","DIRECT","INTERSECT_","PROCDATE","JURIS","DATE_","TIME_","BADGE","JURIDIST","SHIFT","POP","SPECIAL","BEATTYPE","LAPDDIV","BEATCLAS","BEATNUMB","WEATHER2","STATEHW","CALTRANC","CALTRAND","STROUTE","ROUTESUF","POSTPRE","POSTMILE","LOCATYPE","RAMP","SIDEHW","TOWAWAY","PARTIES","PCF","VIOLCODE","VIOL","VIOLSUB","HITRUN","ROADSURF","RDCOND1","RDCOND2","LIGHTING","RIGHTWAY","CHPRDTYP","NOTPRIV","STFAULT","CHPFAULT","SEVINJ","OTHERINJ","COP","PEDKILL","PEDINJ","BICKILL","BICINJ","MCKILL","MCINJURE","RAMP1","RAMP2","CITY","COUNTY","STATE","X_CHP","Y_CHP"
"5484170",-121.64560345,38.562276205,2012,"5700","1","4","4","01",0,1,"A",,,,,"Y",2400,1,"F","I","A","RT 80","WEBSTER",1056,"W","N","2013-09-16",9280,"2012-01-05",2320,"015353",,"3","9","0","1",,"2","010","-","Y","YOL",3,80,"-","-",5.48,"H","-","W","Y",1,"A","-",23152,"A","N","A","H","-","D","D","1","Y","A","01",0,0,1,0,0,0,0,0,0,"-","-","UNINCORPORATED","YOLO","CA",-121.64342,38.56289
"5484053",-121.770453084,38.5609750418,2012,"5701","0","1","4","03",0,4,"A",,,,,,1200,1,"C","C","A","WEST COVELL BL","JOHN JONES",0,,"Y","2013-08-08",5701,"2012-01-02",1101,"100","1","5","5","0","0",,"0","001","-","N",,0,0,,,0,,,,"N",2,"A","-",22350,,"N","A","H","-","A","A","0","Y","A","01",0,0,4,0,0,0,0,0,0,"-","-","DAVIS","YOLO","CA",-121.77057,38.561
"5482759",-122.003126989,38.686940264,2012,"5700","3","5","2","08",0,1,"C",,,,,,1200,1,"E","I","A","RT 16","OAKDALE RANCH LN",1056,"W","N","2013-09-16",9280,"2012-01-20",1130,"12873",,"1","9","0","1",,"2","034","-","Y","YOL",3,16,"-","-",29.07,"H","-","E","Y",1,"A","-",22107,,"N","B","H","-","A","D","0","Y","D","22",1,0,0,0,0,0,0,0,0,"-","-","UNINCORPORATED","YOLO","CA",0,0
"5468274",-121.738603398,38.5407924229,2012,"5701","0","1","3","05",0,1,"A",,"Y",,,,1200,1,"H","G","A","RICHARDS BL","OLIVE DR",10,"S","N","2013-06-12",5701,"2012-01-16",1056,"70","8","5","5","0","0",,"0","004","-","N",,0,0,,,0,,,,"N",2,"A","-",21650,"1","N","A","H","-","A","A","0","Y","L","04",0,1,0,0,0,0,1,0,0,"-","-","DAVIS","YOLO","CA",0,0
"5467281",-121.752760461,38.6771838987,2012,"5703","0","2","3","05",0,1,"A",,"Y",,,,1800,1,"D","G","A","EAST MAIN ST","INDUSTRIAL WY",75,"E","N","2013-06-11",5703,"2012-01-17",1511,"875","31","5","4","0","0",,"0","004","-","N",,0,0,,,0,,,,"N",2,"A","-",21650,"1","N","A","H","-","A","D","0","Y","L","04",0,1,0,0,0,0,1,0,0,"-","-","WOODLAND","YOLO","CA",0,0
"5467278",-121.742323135,38.6689349985,2012,"5703","0","2","3","08",0,1,"A",,,,,,1800,1,"F","I","A","PIONEER AV","HATCHER DR",0,,"-","2013-06-22",5703,"2012-01-17",1540,"875","51","5","4","0","0",,"0","004","-","N",,0,0,,,0,,,,"Y",1,"A","-",22107,,"N","A","H","-","A","D","0","Y","A","07",0,1,0,0,0,0,0,0,0,"-","-","WOODLAND","YOLO","CA",0,0
"5465874",-121.952093196,38.637045602,2012,"5700","1","2","4","03",0,1,"A",,,,,,2100,1,"C","C","A","RT 505","COUNTY ROAD 26",528,"N","N","2013-09-12",9280,"2012-01-17",1820,"15128",,"2","9","0","1",,"2","031","-","Y","YOL",3,505,"-","-",7.64,"H","-","N","Y",2,"A","-",22350,,"N","A","H","-","B","D","1","Y","A","01",0,0,1,0,0,0,0,0,0,"-","-","UNINCORPORATED","YOLO","CA",0,0
"5465872",-121.703506708,38.550815353,2012,"5701","1","3","3","09",0,1,"A",,,,"Y",,2400,1,"C","C","A","RT 80","MACE BL",2112,"W","N","2013-09-06",9280,"2012-01-11",2300,"16027",,"3","5","0","1",,"2","010","-","Y","YOL",3,80,"-","-",2.28,"H","-","E","Y",2,"A","-",21804,"A","N","A","D","-","D","D","1","Y","G","25",0,1,0,0,0,0,0,0,0,"-","-","DAVIS","YOLO","CA",0,0
"5465053",-121.755378075,38.690656571,2012,"5703","1","1","3","07",0,1,"C",,,,"Y",,600,1,"B","C","A","RT 5","KENTUCKY AV",700,"N","N","2013-09-06",9280,"2012-01-23",556,"17375",,"3","4","0","1",,"2","020","-","Y","YOL",3,5,"-","R",7.83,"H","-","N","N",2,"A","-",21658,"A","F","B","H","-","D","D","1","Y","-","-",0,1,0,0,0,0,0,0,0,"-","-","WOODLAND","YOLO","CA",-121.75493,38.69028
"5461694",-121.763875668,38.5607559179,2012,"5701","0","1","4","03",0,1,"A",,,,,,1800,1,"C","C","A","WEST COVELL BL","SYCAMORE LN",15,"W","N","2013-06-14",5701,"2012-01-16",1520,"70","2","5","5","0","0",,"0","001","-","N",,0,0,,,0,,,,"N",2,"A","-",22350,,"N","A","H","-","A","A","0","Y","A","01",0,0,1,0,0,0,0,0,0,"-","-","DAVIS","YOLO","CA",-121.7587,38.56098
"5460952",-121.736679042,38.539050969,2012,"5701","1","5","2","08",0,1,"A",,,,,,1500,1,"E","J","A","RT 80","RICHARDS BL",102,"W","N","2013-09-06",9280,"2012-01-27",1250,"11706",,"1","5","0","1",,"2","010","-","Y","YOL",3,80,"-","-",0.21,"H","-","E","Y",1,"A","-",22107,,"N","A","D","-","A","A","1","Y","A","01",1,0,0,0,0,0,0,0,0,"-","-","DAVIS","YOLO","CA",0,0
"5460936",-122.12126828,38.708605317,2012,"5700","3","1","3","08",0,2,"B",,,,,,1500,1,"F","I","A","RT 16","COUNTY ROAD 80",625,"S","N","2013-09-06",9280,"2012-01-23",1410,"12272",,"2","9","0","1",,"2","034","-","Y","YOL",3,16,"-","-",21.5,"H","-","E","Y",1,"A","-",22107,,"N","A","H","-","A","D","0","Y","A","01",0,2,0,0,0,0,0,0,0,"-","-","UNINCORPORATED","YOLO","CA",-122.12112,38.20823
"5460903",-121.751163167,38.667615111,2012,"5703","3","5","4","03",0,1,"-",,,,,,1500,1,"F","A","A","RT 113","GIBSON RD",225,"N","N","2013-09-12",9280,"2012-01-20",1424,"16527",,"2","4","0","1",,"2","022","-","Y","YOL",3,113,"-","R",9.461,"R","2","N","Y",1,"A","-",22350,,"N","B","H","-","A","D","1","Y","A","01",0,0,1,0,0,0,0,0,0,"FR","-","WOODLAND","YOLO","CA",0,0
"5460895",-121.558831802,38.582324143,2012,"5704","1","6","4","07",0,2,"B",,,,,,1500,1,"E","I","A","RT 80","REED AV",2640,"W","N","2013-09-06",9280,"2012-01-28",1210,"16527",,"1","4","0","1",,"2","010","-","Y","YOL",3,80,"-","R",10.71,"H","-","W","Y",2,"A","-",21658,"A","N","A","H","-","A","D","1","Y","A","01",0,0,2,0,0,0,0,0,0,"-","-","WEST SACRAMENTO","YOLO","CA",0,0
"5459655",-121.610049711,38.65890028,2012,"5700","5","4","4","03",0,1,"A",,,,,,2100,2,"C","C","A","OLD RIVER RD","COUNTY ROAD 124",1350,"S","N","2013-07-11",9280,"2012-02-09",1818,"15492",,"2","9","0","3",,"2","002","-","N",,0,0,,,0,,,,"Y",3,"A","-",22350,,"N","A","H","-","D","D","0","Y","D","22",0,0,1,0,0,0,0,0,0,"-","-","UNINCORPORATED","YOLO","CA",0,0
"5457893",-121.746003366,38.677295069,2012,"5703","0","5","4","03",0,1,"A",,,,,,1200,1,"C","C","A","EAST MAIN ST","RT 5",40,"W","N","2013-06-13",5703,"2012-01-27",1119,"875","31","5","4","0","0",,"0","004","-","N",,0,0,,,0,,,,"N",2,"A","-",22350,,"F","A","H","-","A","D","0","Y","A","01",0,0,1,0,0,0,0,0,0,"-","NO","WOODLAND","YOLO","CA",0,0
"5456907",-121.717686059,38.547590581,2012,"5701","1","5","4","18",0,1,"-",,,,,,900,1,"E","J","A","RT 80","POLELINE",2640,"E","N","2013-09-06",9280,"2012-01-13",730,"16527",,"1","5","0","1",,"2","010","-","Y","YOL",3,80,"-","-",1.39,"H","-","E","Y",1,"C","-",0,,"N","A","H","-","A","D","1","Y","-","-",0,0,1,0,0,0,0,0,0,"-","-","DAVIS","YOLO","CA",0,0
"5456903",-121.628106122,38.673483928,2012,"5700","1","3","4","08",0,1,"A",,,,,,2100,1,"E","I","A","RT 5","COUNTY ROAD 22",179,"S","N","2013-09-06",9280,"2012-01-11",2045,"15168",,"2","9","0","1",,"2","020","-","Y","YOL",3,5,"-","-",0.12,"H","-","N","Y",1,"A","-",22107,,"N","A","H","-","D","D","1","Y","A","01",0,0,1,0,0,0,0,0,0,"-","-","UNINCORPORATED","YOLO","CA",0,0
"5456899",-121.597113835,38.570756648,2012,"5700","1","3","3","00",0,2,"A",,,,,,1200,1,"B","C","A","RT 80","ENTERPRISE BL",5280,"W","N","2013-09-06",9280,"2012-01-04",1117,"17772",,"1","9","0","1",,"2","010","-","Y","YOL",3,80,"-","-",8.18,"H","-","E","Y",2,"D","-",0,,"N","A","H","-","A","D","1","Y","-","-",0,1,1,0,0,0,0,0,0,"-","-","UNINCORPORATED","YOLO","CA",0,0
"5456887",-121.717696129,38.673873177,2012,"5700","5","6","3","01",0,1,"A",,,,,"Y",600,1,"E","I","A","RT 5","MAIN ST",340,"S","N","2013-09-06",9280,"2012-01-14",330,"16665",,"3","9","0","3",,"2","002","-","Y","YOL",3,5,"-","R",6.44,"H","-","N","Y",1,"A","-",23152,"A","N","A","H","-","C","D","1","Y","A","01",0,1,0,0,0,0,0,0,0,"-","-","UNINCORPORATED","YOLO","CA",0,0
"5456883",0,0,2012,"5700","5","7","4","09",0,1,"B",,,,,,1200,1,"D","C","A","COUNTY ROAD 6","COUNTY ROAD 89",0,,"Y","2013-06-05",9280,"2012-01-15",905,"012272",,"1","9","0","3",,"2","003","-","N",,0,0,,,0,,,,"Y",2,"A","-",21802,"A","N","A","H","-","A","A","0","Y","A","07",0,0,1,0,0,0,0,0,0,"-","-","UNINCORPORATED","YOLO","CA",0,0
"5455632",0,0,2012,"5703","0","5","4","08",0,1,"A",,,,,,900,1,"E","I","A","COUNTY ROAD 102","HERITAGE PKWY",1231,"S","N","2013-08-30",5703,"2012-01-06",648,"854","77","5","4","0","0",,"0","004","-","N",,0,0,,,0,,,,"N",1,"A","-",22107,,"N","A","H","-","D","D","0","Y","A","01",0,0,1,0,0,0,0,0,0,"-","-","WOODLAND","YOLO","CA",0,0
"5448823",-121.556695072,38.5902709606,2012,"5704","0","3","3","09",0,1,"A",,,,"Y",,2100,1,"E","I","A","STILLWATER RD","HARBOR POINTE PL",450,"S","N","2013-06-22",5704,"2012-01-11",1855,"00173","WSPD","5","4","0","0",,"0","001","-","N",,0,0,,,0,,,,"Y",2,"A","-",21801,"A","N","A","H","-","C","D","0","Y","F","27",0,1,0,0,0,0,0,0,0,"-","-","WEST SACRAMENTO","YOLO","CA",0,0
"5448819",-121.548546965,38.5792050758,2012,"5704","0","4","4","22",0,1,"A",,"Y",,,,900,1,"H","G","A","WEST CAPITOL AV","HARBOR BL",50,"E","N","2013-06-06",5704,"2012-01-12",745,"00158",,"5","4","0","0",,"0","002","-","N",,0,0,,,0,,,,"N",2,"B","-",0,,"N","A","H","-","A","D","0","Y","-","-",0,0,1,0,0,0,1,0,0,"-","-","WEST SACRAMENTO","YOLO","CA",0,0
"5403599",-121.781533207,38.5536550057,2012,"5701","0","6","1","11",1,0,"A","Y",,,,"Y",2400,2,"G","B","D","ARLINGTON BL","SHASTA DR",0,,"Y","2012-04-04",5701,"2012-02-04",2301,"93","1","5","5","0","0",,"0","001","-","N",,0,0,,,0,,,,"N",2,"A","-",21950,"B","N","A","H","-","C","A","0","Y","A","01",0,0,0,1,0,0,0,0,0,"-","-","DAVIS","YOLO","CA",-121.78138,38.55349
"5403544",-121.764503174,38.696215113,2012,"5703","1","3","1","03",1,0,"B",,,,,,1800,3,"E","I","A","RT 5","EAST ST",528,"S","N","2012-04-02",9280,"2012-03-14",1715,"15492",,"2","4","0","1",,"2","020","C","Y","YOL",3,5,"-","R",8.191,"R","2","S","Y",1,"A","-",22350,,"N","B","H","-","A","D","1","Y","A","01",0,0,0,0,0,0,0,0,0,"TO","-","WOODLAND","YOLO","CA",-121.76277,38.69484
"5403477",-121.767047033,38.594859953,2012,"5700","5","6","1","11",1,0,"B","Y",,,,"Y",600,1,"G","B","E","RT 113","COUNTY ROAD 29",2112,"N","N","2012-03-29",9280,"2012-01-21",350,"17351",,"3","9","0","3",,"2","002","-","Y","YOL",3,113,"-","R",4.37,"H","-","N","N",2,"A","-",21954,"A","F","B","H","-","C","D","1","Y","N","60",0,0,0,1,0,0,0,0,0,"-","-","UNINCORPORATED","YOLO","CA",0,0
"5403227",-121.774507394,38.6599534049,2012,"5703","0","1","1","08",1,0,"A",,,,,"Y",1800,2,"E","I","A","COLLEGE ST","MONTE VISTA DR",104,"S","N","2014-04-18",5703,"2012-02-13",1608,,,"5","4","0","0",,"0",,"-","N",,0,0,,,0,,,,"Y",2,"A","-",22107,,"N","A","H","-","A","B","0","Y","A","07",0,0,0,0,0,0,0,0,0,"-","-","WOODLAND","YOLO","CA",-121.7743,38.65982
"5403167",-121.733023165,38.673685113,2012,"5703","1","5","1","01",1,3,"A",,,,,"Y",2400,1,"F","A","A","RT 5","COUNTY ROAD 102",180,"N","N","2012-02-17",9280,"2012-01-06",2100,"16027",,"2","4","0","1",,"2","020","-","Y","YOL",3,5,"-","-",5.704,"R","2","S","Y",1,"A","-",23152,"A","N","A","H","-","C","A","1","Y","A","01",2,1,0,0,0,0,0,0,0,"TO","-","WOODLAND","YOLO","CA",-121.72932,38.67243
"90232212",0,0,2016,"5700","5","7","2","01",0,1,"A",,,,,"Y",600,7,"E","I","A","COUNTY ROAD 85 ","COUNTY ROAD 16A ",3696,"S","N","2016-07-28",9280,"2016-07-24",445,"018205",,"3","9","0","3",,"2","003","-","N",,0,0,,,0,,,,"Y",1,"A","-",23152,"A","N","A","H","-","D","D","0","Y","A","01",1,0,0,0,0,0,0,0,0,"-","-","UNINCORPORATED","YOLO","CA",-121.04547,38.7327
"90232092",0,0,2016,"5700","1","5","3","07",0,1,"A",,,"Y",,,2100,7,"C","C","A","INTERSTATE 80 E/B","WEBSTER ST",7920,"E","N","2016-07-28",9280,"2016-07-22",1830,"018205",,"2","9","0","1",,"2","010","-","Y",,0,0,,,0,,,,"N",2,"A","-",21658,"A","F","A","H","-","A","D","0","Y","-","99",0,1,0,0,0,0,0,0,1,"-","-","UNINCORPORATED","YOLO","CA",-121.3614,38.341
"90232089",0,0,2016,"5700","3","5","3","08",0,3,"A",,,,,,1500,7,"E","I","A","SR-16","SHADOW VALLEY RD.",2640,"E","N","2016-07-28",9280,"2016-07-15",1430,"016144",,"2","9","0","1",,"2","034","-","Y",,0,0,,,0,,,,"Y",1,"A","-",22107,,"N","A","H","-","A","D","0","Y","A","01",0,2,1,0,0,0,0,0,0,"-","-","UNINCORPORATED","YOLO","CA",-122.17965,38.79444
"90232079",0,0,2016,"5700","3","3","4","09",0,1,"A",,,,,,1200,7,"D","C","A","SR-16 W/B","COUNTY ROAD 97 ",528,"E","N","2016-07-28",9280,"2016-07-13",1140,"015534",,"1","9","0","1",,"2","034","-","Y",,0,0,,,0,,,,"Y",2,"A","-",21804,"A","N","A","H","-","A","D","0","Y","D","22",0,0,1,0,0,0,0,0,0,"-","-","UNINCORPORATED","YOLO","CA",-121.81192,38.67776
"90231607",0,0,2016,"5700","3","6","4","00",0,1,"A",,,,,,1200,7,"C","C","A","SR 113 (LOCUST STREET)","COUNTY ROAD 116 ",528,"S","N","2016-07-27",9280,"2016-07-23",1036,"013469",,"1","9","0","1",,"2","023","-","Y",,0,0,,,0,,,,"N",2,"D","-",0,,"N","A","H","-","A","D","0","Y","-","-",0,0,1,0,0,0,0,0,0,"-","-","UNINCORPORATED","YOLO","CA",-121.72279,38.79512
"90231574",0,0,2016,"5700","1","3","4","03",0,1,"A",,,,,,900,7,"C","C","A","I-5 N/B","OLD RIVER ROAD",2640,"N","N","2016-07-27",9280,"2016-07-27",820,"016027",,"1","9","0","1",,"2","020","-","Y",,0,0,,,0,,,,"Y",2,"A","-",22350,,"N","A","H","-","A","D","0","Y","A","01",0,0,1,0,0,0,0,0,0,"-","-","UNINCORPORATED","YOLO","CA",-121.65471,38.67353
"90231132",0,0,2016,"5700","1","4","4","08",0,1,"A",,,,,,300,7,"E","I","A","INTERSTATE 505","COUNTY ROAD 19 ",528,"N","N","2016-07-27",9280,"2016-07-21",220,"018205",,"3","9","0","1",,"2","031","-","Y",,0,0,,,0,,,,"Y",1,"A","-",22107,,"N","A","H","-","D","D","0","Y","D","22",0,0,1,0,0,0,0,0,0,"-","-","UNINCORPORATED","YOLO","CA",-121.95813,38.72424
"90231080",0,0,2016,"5701","1","1","3","03",0,3,"A",,,,,,1800,7,"C","C","A","I-80 E/B","MACE BLVD",6336,"W","N","2016-07-27",9280,"2016-07-18",1536,"016351",,"2","5","0","1",,"2","010","-","Y",,0,0,,,0,,,,"Y",2,"A","-",22350,,"N","A","H","-","A","D","0","Y","A","01",0,1,2,0,0,0,0,0,0,"-","-","DAVIS","YOLO","CA",-121.70616,38.55008
"90231066",0,0,2016,"5700","1","7","4","08",0,1,"A",,,,,,1500,7,"F","A","A","S/B I-5","STATE HIGHWAY 16 OFF",528,"N","N","2016-07-27",9280,"2016-07-17",1250,"017279",,"1","9","0","1",,"2","020","-","Y",,0,0,,,0,,,,"Y",1,"A","-",22107,,"N","A","H","-","A","D","0","Y","A","01",0,0,1,0,0,0,0,0,0,"-","-","UNINCORPORATED","YOLO","CA",-121.80456,38.72405
"90230814",0,0,2016,"5700","1","6","3","01",0,3,"A",,,,,"Y",2400,7,"C","C","A","I-80 W/B","WEBSTER ST",1584,"E","N","2016-07-26",9280,"2016-07-16",2230,"017375",,"3","9","0","1",,"2","010","-","Y",,0,0,,,0,,,,"Y",2,"A","-",23152,"A","N","A","H","-","D","D","0","Y","A","01",0,2,1,0,0,0,0,0,0,"-","-","UNINCORPORATED","YOLO","CA",-121.62782,38.56537
"90230797",-121.9143734,38.6200617,2016,"5700","5","1","4","08",0,1,"A",,,,,,1500,7,"E","I","A","COUNTY ROAD 27 ","COUNTY ROAD 92D",200,"W","N","2016-07-26",9280,"2016-07-18",1315,"017279",,"1","9","0","3",,"2","003","-","N",,0,0,,,0,,,,"Y",1,"A","-",22107,,"N","A","H","-","A","D","0","Y","A","01",0,0,1,0,0,0,0,0,0,"-","-","UNINCORPORATED","YOLO","CA",-121.91464,38.62009
"90230788",0,0,2016,"5701","1","1","4","03",0,1,"A",,,,,,900,7,"C","C","A","I-80 E/B","DWIGHT PELZ MEMORIAL BRIDGE",300,"W","N","2016-07-26",9280,"2016-07-18",740,"017772",,"1","5","0","1",,"2","010","-","Y",,0,0,,,0,,,,"N",2,"A","-",22350,,"N","A","H","-","A","D","0","Y","A","07",0,0,1,0,0,0,0,0,0,"-","-","DAVIS","YOLO","CA",-121.70798,38.54986
"90230750",0,0,2016,"5700","1","1","4","08",0,1,"A",,,,,,900,7,"E","I","A","I-5 S/B FROM WEST STREET","WEST STREET",900,"S","N","2016-07-26",9280,"2016-07-18",600,"017629",,"1","9","0","1",,"2","020","-","Y",,0,0,,,0,,,,"Y",1,"A","-",22107,,"N","A","H","-","A","D","0","Y","A","01",0,0,1,0,0,0,0,0,0,"-","-","UNINCORPORATED","YOLO","CA",-121.78169,38.70076
"90230647",0,0,2016,"5704","1","2","4","03",0,1,"A",,,,"Y",,1800,7,"C","C","A","I-80 W/B","ENTERPRISE BLVD",0,,"N","2016-07-26",9280,"2016-07-12",1650,"016351",,"2","4","0","1",,"2","010","-","Y",,0,0,,,0,,,,"N",2,"A","-",22350,,"N","A","H","-","A","D","0","Y","G","25",0,0,1,0,0,0,0,0,0,"-","-","WEST SACRAMENTO","YOLO","CA",-121.57899,38.57425
"90230608",0,0,2016,"5700","5","2","4","08",0,2,"A",,,,,,1200,7,"E","I","A","COURNTY ROAD 95","COUNTY ROAD 29A ",1056,"S","N","2016-07-26",9280,"2016-07-12",1030,"017629",,"1","9","0","3",,"2","002","-","Y",,0,0,,,0,,,,"Y",1,"A","-",22107,,"N","A","H","-","A","D","0","Y","D","22",0,0,2,0,0,0,0,0,0,"-","-","UNINCORPORATED","YOLO","CA",-121.85865,38.58423
"90230592",0,0,2016,"5704","1","7","3","01",0,1,"A",,,,,"Y",2400,7,"F","I","A","I-80 W/B","WEST CAPITOL AVE",528,"W","N","2016-07-26",9280,"2016-07-10",2243,"017375",,"3","4","0","1",,"2","010","-","Y",,0,0,,,0,,,,"Y",1,"A","-",23152,"A","N","A","H","-","C","D","0","Y","A","07",0,1,0,0,0,0,0,0,0,"-","-","WEST SACRAMENTO","YOLO","CA",-121.5621,38.57759
"90230249",0,0,2016,"5704","1","1","3","08",0,1,"A",,,,,,1200,7,"D","C","A","I-5 NB","E. MAIN STREET OFF RAMP",35,"S","N","2016-07-26",9280,"2016-07-25",1055,"017772",,"1","4","0","1",,"2","020","-","Y",,0,0,,,0,,,,"Y",2,"A","-",22107,,"N","A","H","-","A","D","0","Y","A","01",0,1,0,0,0,0,0,0,0,"-","-","WEST SACRAMENTO","YOLO","CA",-121.73949,38.67425
"90229763",-121.5036289,38.4424925,2016,"5700","5","4","4","09",0,2,"A",,,,,,2100,7,"C","C","A","SOUTH RIVER ROAD","FREEPORT BRIDGE",4752,"S","N","2016-07-25",9280,"2016-07-14",1803,"016632",,"2","9","0","3",,"2","001","-","N",,0,0,,,0,,,,"Y",2,"A","-",21804,"A","N","A","H","-","A","D","0","Y","D","22",0,0,2,0,0,0,0,0,0,"-","-","UNINCORPORATED","YOLO","CA",-121.5045,38.4408
"90228594",0,0,2016,"5700","1","6","4","03",0,1,"A",,,,,,1800,7,"C","C","A","I-5 S/B","OLD RIVER RD.",5280,"N","N","2016-07-22",9280,"2016-07-02",1705,"016292",,"2","9","0","1",,"2","020","-","Y",,0,0,,,0,,,,"Y",2,"A","-",22350,,"N","A","H","-","A","D","0","Y","A","01",0,0,1,0,0,0,0,0,0,"-","-","UNINCORPORATED","YOLO","CA",-121.65365,38.67328
"90226789",0,0,2016,"5700","1","2","3","08",0,1,"A",,,,"Y",,1800,7,"C","C","A","I-5 N/B","COUNTY LINE ROAD",75,"S","N","2016-07-20",9280,"2016-07-05",1605,"015079",,"2","9","0","1",,"2","030","-","Y",,0,0,,,0,,,,"Y",2,"A","-",22107,,"N","A","H","-","A","D","0","Y","A","01",0,1,0,0,0,0,0,0,0,"-","-","UNINCORPORATED","YOLO","CA",-121.01,38.5532
"90226757",0,0,2016,"5700","1","2","3","08",0,2,"A",,,,"Y",,900,7,"D","C","A","I-5 N/B","ROAD 12 ",1373,"S","N","2016-07-20",9280,"2016-07-05",750,"017629",,"1","9","0","1",,"2","030","-","Y",,0,0,,,0,,,,"Y",2,"A","-",22107,,"N","A","H","-","A","D","0","Y","A","01",0,2,0,0,0,0,0,0,0,"-","-","UNINCORPORATED","YOLO","CA",-121.89255,38.8063
"90226749",0,0,2016,"5700","1","7","3","01",0,1,"A",,,,,"Y",900,7,"E","I","A","I-80 W/B","COUNTY ROAD 32A ",3168,"W","N","2016-07-20",9280,"2016-07-03",735,"017629",,"1","9","0","1",,"2","010","-","Y",,0,0,,,0,,,,"Y",1,"A","-",23152,"A","N","A","H","-","A","D","0","Y","A","07",0,1,0,0,0,0,0,0,0,"-","-","UNINCORPORATED","YOLO","CA",-121.64961,38.56149
"90225543",0,0,2016,"5700","3","1","3","08",0,2,"A",,,,,,1800,7,"F","A","A","STATE HIGHWAY 113 ","COUNTY ROAD 102 ",5280,"W","N","2016-07-19",9280,"2016-07-11",1515,"017279",,"2","9","0","1",,"2","023","-","Y",,0,0,,,0,,,,"Y",1,"A","-",22107,,"N","A","H","-","A","D","0","Y","D","22",0,2,0,0,0,0,0,0,0,"-","-","UNINCORPORATED","YOLO","CA",-121.7458,38.79283
"90223669",0,0,2016,"5701","1","3","4","03",0,1,"A",,,,,,900,7,"C","C","A","I-80 W/B","MACE BLVD",1320,"E","N","2016-07-15",9280,"2016-07-13",712,"015534",,"1","5","0","1",,"2","010","-","Y",,0,0,,,0,,,,"Y",3,"A","-",22350,,"N","A","H","-","A","D","0","Y","D","22",0,0,1,0,0,0,0,0,0,"-","-","DAVIS","YOLO","CA",-121.68634,38.5549
"90223636",-121.7846031,38.641195,2016,"5700","5","6","2","01",0,2,"A",,,,,"Y",2400,7,"E","I","A","COUNTY ROAD 25A ","COUNTY ROAD 99 ",0,,"Y","2016-07-15",9280,"2016-07-09",2205,"018205",,"3","9","0","3",,"2","002","-","N",,0,0,,,0,,,,"Y",1,"A","-",23152,"A","N","A","H","-","D","A","0","Y","A","01",2,0,0,0,0,0,0,0,0,"-","-","UNINCORPORATED","YOLO","CA",-121.78463,38.64143
"90223625",-121.5687777,38.6455547,2016,"5700","5","2","3","01",0,1,"A",,,,,"Y",1500,6,"F","A","A","OLD RIVER RD","CR-128A",9504,"N","N","2016-07-15",9280,"2016-06-28",1222,"015128",,"1","9","0","3",,"2","001","-","N",,0,0,,,0,,,,"Y",1,"A","-",23152,"A","N","A","H","-","A","D","0","Y","A","01",0,1,0,0,0,0,0,0,0,"-","-","UNINCORPORATED","YOLO","CA",-121.5697,38.6462
"90221500",-122.0452063,38.5101754,2016,"5700","3","6","3","08",0,2,"A",,,,,,1500,7,"F","A","A","SR-128","PLEASANTS VALLEY RD",8078,"W","N","2016-07-13",9280,"2016-07-02",1215,"017963",,"1","9","0","1",,"2","032","-","Y",,0,0,,,0,,,,"Y",1,"A","-",22107,,"N","A","H","-","A","D","0","Y","D","22",0,2,0,0,0,0,0,0,0,"-","-","UNINCORPORATED","YOLO","CA",-122.04687,38.51077
"90221294",0,0,2016,"5700","3","4","4","09",0,2,"A",,,,,,1200,7,"D","C","A","SR-113 S/B TO COUNTY ROAD 29","COUNTY ROAD 29 ",0,,"Y","2016-07-12",9280,"2016-07-07",1119,"016144",,"1","9","0","1",,"2","022","-","Y",,0,0,,,0,,,,"Y",2,"A","-",21801,"A","N","A","H","-","A","A","0","Y","A","01",0,0,2,0,0,0,0,0,0,"-","-","UNINCORPORATED","YOLO","CA",-121.76953,38.59033
"90221254",0,0,2016,"5701","1","6","4","04",0,1,"A",,,,,,1800,7,"C","C","A","E/B I-80","RICHARDS BLVD",528,"W","N","2016-07-12",9280,"2016-07-02",1635,"017279",,"2","5","0","1",,"2","010","-","Y",,0,0,,,0,,,,"N",3,"A","-",21703,,"N","A","H","-","A","D","0","Y","A","01",0,0,1,0,0,0,0,0,0,"-","-","DAVIS","YOLO","CA",-121.7378,38.53815
"90221234",0,0,2016,"5701","1","1","4","03",0,1,"A",,,,,,1800,6,"C","C","A","I-80 E/B","RICHARDS BLVD",410,"E","N","2016-07-12",9280,"2016-06-27",1521,"017375",,"2","5","0","1",,"2","010","-","Y",,0,0,,,0,,,,"Y",3,"A","-",22350,,"N","A","H","-","A","D","0","Y","A","01",0,0,1,0,0,0,0,0,0,"-","-","DAVIS","YOLO","CA",-121.73351,38.54154