"CASEID","POINT_X","POINT_Y","YEAR_","LOCATION","CHPTYPE","DAYWEEK","CRASHSEV","VIOLCAT","KILLED","INJURED","WEATHER1","PEDCOL","BICCOL","MCCOL","TRUCKCOL","ETOH","TIMECAT","MONTH_","CRASHTYP","INVOLVE","PED","PRIMARYRD","SECONDRD","DISTANCE","DIRECT","INTERSECT_","PROCDATE","JURIS","DATE_","TIME_","BADGE","JURIDIST","SHIFT","POP","SPECIAL","BEATTYPE","LAPDDIV","BEATCLAS","BEATNUMB","WEATHER2","STATEHW","CALTRANC","CALTRAND","STROUTE","ROUTESUF","POSTPRE","POSTMILE","LOCATYPE","RAMP","SIDEHW","TOWAWAY","PARTIES","PCF","VIOLCODE","VIOL","VIOLSUB","HITRUN","ROADSURF","RDCOND1","RDCOND2","LIGHTING","RIGHTWAY","CHPRDTYP","NOTPRIV","STFAULT","CHPFAULT","SEVINJ","OTHERINJ","COP","PEDKILL","PEDINJ","BICKILL","BICINJ","MCKILL","MCINJURE","RAMP1","RAMP2","CITY","COUNTY","STATE","X_CHP","Y_CHP"
"90220329",0,0,2016,"5704","2","7","3","03",0,1,"A",,,,,,1200,6,"C","C","A","US-50 W/B","I-80 W/B TO US-50 E/B",528,"E","N","2016-07-11",9280,"2016-06-26",1034,"015128",,"1","4","0","1",,"2","011","-","Y",,0,0,,,0,,,,"Y",2,"A","-",22350,,"N","A","H","-","A","D","0","Y","A","01",0,1,0,0,0,0,0,0,0,"-","-","WEST SACRAMENTO","YOLO","CA",-121.56198,38.57546
"90220315",0,0,2016,"5700","1","6","4","03",0,2,"A",,,,,,300,7,"C","C","A","I-505 S/B","STATE ROUTE 128 O/C",528,"S","N","2016-07-11",9280,"2016-07-09",50,"017351",,"3","9","0","1",,"2","031","-","Y",,0,0,,,0,,,,"Y",2,"A","-",22350,,"N","A","H","-","C","D","0","Y","A","01",0,0,2,0,0,0,0,0,0,"-","-","UNINCORPORATED","YOLO","CA",-121.95317,38.52946
"90220219",0,0,2016,"5700","1","7","4","03",0,2,"A",,,,,,900,7,"C","C","A","W/B I-80","COUNTY ROAD 32A ",528,"W","N","2016-07-11",9280,"2016-07-03",745,"017279",,"1","9","0","1",,"2","010","-","Y",,0,0,,,0,,,,"Y",2,"A","-",22350,,"N","A","H","-","A","D","0","Y","A","01",0,0,2,0,0,0,0,0,0,"-","-","UNINCORPORATED","YOLO","CA",-121.64695,38.56208
"90220205",0,0,2016,"5701","1","2","4","03",0,1,"A",,,,,,1800,6,"C","C","A","I-80 E/B","WEBSTER U/C",1584,"W","N","2016-07-11",9280,"2016-06-21",1505,"015128",,"2","5","0","1",,"2","010","-","Y",,0,0,,,0,,,,"Y",2,"A","-",22350,,"N","A","H","-","A","D","0","Y","A","01",0,0,1,0,0,0,0,0,0,"-","-","DAVIS","YOLO","CA",-121.6519,38.5609
"90220193",0,0,2016,"5700","5","3","3","03",0,1,"A",,,,,,2100,6,"E","J","A","COUNTY ROAD 31 W/B","BUCKEYE DR.",3696,"E","N","2016-07-11",9280,"2016-06-29",1930,"012007",,"2","9","0","3",,"2","003","-","Y",,0,0,,,0,,,,"Y",1,"A","-",22350,,"N","A","B","-","A","D","0","Y","A","01",0,1,0,0,0,0,0,0,0,"-","-","UNINCORPORATED","YOLO","CA",-121.94161,38.55978
"90219994",0,0,2016,"5704","2","3","4","03",0,1,"A",,,,,,1800,7,"C","C","A","US-50 E/B","JEFFERSON BLVD",2640,"W","N","2016-07-11",9280,"2016-07-06",1730,"016632",,"2","4","0","1",,"2","011","-","Y",,0,0,,,0,,,,"N",2,"A","-",22350,,"F","A","H","-","A","D","0","Y","A","01",0,0,1,0,0,0,0,0,0,"-","-","WEST SACRAMENTO","YOLO","CA",-121.5354,38.5749
"90219968",-121.8585155,38.6073991,2016,"5700","5","7","3","08",0,1,"A",,,,,,300,6,"F","A","A","COUNTY ROAD 95 ","COUNTY ROAD 27 ",4488,"S","N","2016-07-11",9280,"2016-06-26",110,"015534",,"3","9","0","3",,"2","003","-","N",,0,0,,,0,,,,"Y",1,"A","-",22107,,"M","A","H","-","D","D","0","Y","A","01",0,1,0,0,0,0,0,0,0,"-","-","UNINCORPORATED","YOLO","CA",-121.85852,38.6079
"90219716",0,0,2016,"5701","1","1","4","03",0,1,"A",,,,,,1800,6,"C","C","A","I-80 E/B","RICHARDS BLVD",430,"E","N","2016-07-11",9280,"2016-06-27",1520,"017375",,"2","5","0","1",,"2","010","-","Y",,0,0,,,0,,,,"Y",3,"A","-",22350,,"N","A","H","-","A","D","0","Y","A","01",0,0,1,0,0,0,0,0,0,"-","-","DAVIS","YOLO","CA",-121.73351,38.54154
"90218994",0,0,2016,"5700","5","2","4","08",0,1,"A",,,,,,900,6,"E","I","A","GRAFTON ST","CAMPOS DR",268,"S","N","2016-07-08",9280,"2016-06-28",832,"016632",,"1","9","0","3",,"2","003","-","N",,0,0,,,0,,,,"Y",1,"A","-",22107,,"N","A","H","-","A","D","0","Y","A","07",0,0,1,0,0,0,0,0,0,"-","-","UNINCORPORATED","YOLO","CA",-121.0249,38.6945
"90218989",0,0,2016,"5700","5","6","3","01",0,1,"A",,,,,"Y",1500,6,"F","A","A","COUNTY ROAD 29 ","COUNTY ROAD 98 ",528,"W","N","2016-07-08",9280,"2016-06-25",1220,"015168",,"1","9","0","3",,"2","002","-","N",,0,0,,,0,,,,"Y",1,"A","-",23152,"A","N","A","H","-","A","D","0","Y","A","01",0,1,0,0,0,0,0,0,0,"-","-","UNINCORPORATED","YOLO","CA",-121.80452,38.59057
"90218981",0,0,2016,"5701","1","6","3","18",0,2,"A",,,,,,1500,7,"D","C","A","I-80 W/B","RICHARDS BLVD O/C",400,"W","N","2016-07-08",9280,"2016-07-02",1408,"017772",,"2","5","0","1",,"2","010","-","Y",,0,0,,,0,,,,"Y",2,"C","-",0,,"N","A","H","-","A","D","0","Y","-","-",0,1,1,0,0,0,0,0,0,"-","-","DAVIS","YOLO","CA",-121.73786,38.53863
"90218965",0,0,2016,"5700","1","5","4","07",0,1,"A",,,,,,900,6,"B","C","A","INTERSTATE 80 E/B","MACE BLVD",1100,"E","N","2016-08-16",9280,"2016-06-03",715,"013975",,"1","9","0","1",,"2","010","-","Y",,0,0,,,0,,,,"N",2,"A","-",21658,"A","N","A","H","-","A","D","0","Y","A","01",0,0,1,0,0,0,0,0,0,"-","-","UNINCORPORATED","YOLO","CA",-121.683,38.555
"90218871",-121.569873,38.334675,2016,"5700","5","3","4","03",0,1,"A",,,"Y",,,1500,6,"B","C","A","SOUTH RIVER ROAD","COURTLAND RD",0,,"Y","2016-07-08",9280,"2016-06-29",1345,"016042",,"1","9","0","3",,"2","001","-","N",,0,0,,,0,,,,"Y",2,"A","-",22350,,"N","A","H","-","A","D","0","Y","C","02",0,0,1,0,0,0,0,0,1,"-","-","UNINCORPORATED","YOLO","CA",-121.57024,38.33477
"90218785",-121.8895461,38.6634851,2016,"5700","5","3","4","01",0,1,"A",,,,,"Y",1800,6,"F","A","A","COUNTY ROAD 24 ","COUNTY ROAD 93 ",1584,"E","N","2016-07-08",9280,"2016-06-29",1655,"017279",,"2","9","0","3",,"2","003","-","N",,0,0,,,0,,,,"Y",1,"A","-",23152,"A","N","A","H","-","A","D","0","Y","A","07",0,0,1,0,0,0,0,0,0,"-","-","UNINCORPORATED","YOLO","CA",-121.88675,38.66352
"90218743",0,0,2016,"5704","1","1","3","03",0,5,"B",,,,,,1200,6,"C","C","A","I-80 W/B","REED AVE",2640,"W","N","2016-07-08",9280,"2016-06-27",1047,"016632",,"1","4","0","1",,"2","010","-","Y",,0,0,,,0,,,,"Y",2,"A","-",22350,,"N","A","H","-","A","D","0","Y","A","01",0,4,1,0,0,0,0,0,0,"-","-","WEST SACRAMENTO","YOLO","CA",-121.5566,38.5853
"90218411",0,0,2016,"5701","1","6","4","03",0,2,"A",,,,,,1800,7,"C","C","A","I-80 E/B","MACE BLVD",2100,"W","N","2016-07-07",9280,"2016-07-02",1610,"015079",,"2","5","0","1",,"2","010","-","Y",,0,0,,,0,,,,"Y",3,"A","-",22350,,"N","A","H","-","A","D","0","Y","A","01",0,0,2,0,0,0,0,0,0,"-","-","DAVIS","YOLO","CA",-121.427,38.334
"90218299",0,0,2016,"5700","1","5","4","03",0,1,"A",,,,,,900,7,"C","C","A","I-80 EASTBOUND (YOLO CAUSEWAY)","WEBSTER ST",1320,"E","N","2016-07-07",9280,"2016-07-01",745,"013469",,"1","9","0","1",,"2","010","-","Y",,0,0,,,0,,,,"Y",2,"A","-",22350,,"N","A","H","-","A","D","0","Y","A","07",0,0,1,0,0,0,0,0,0,"-","-","UNINCORPORATED","YOLO","CA",-121.63567,38.56388
"90218092",-121.5523674,38.5751005,2016,"5704","2","2","4","03",0,1,"A",,,,,,1200,7,"C","C","A","US-50","HARBOR BLVD",1056,"W","N","2016-07-07",9280,"2016-07-05",1145,"017772",,"1","4","0","1",,"2","011","-","Y",,0,0,,,0,,,,"Y",2,"A","-",22350,,"N","A","H","-","A","D","0","Y","D","22",0,0,1,0,0,0,0,0,0,"-","-","WEST SACRAMENTO","YOLO","CA",-121.55284,38.57516
"90215734",-121.7661632,38.641115,2016,"5700","5","6","3","01",0,1,"A",,,,,"Y",300,6,"E","I","A","COUNTY ROAD 25A ","EAST STREET",0,,"Y","2016-07-05",9280,"2016-06-25",115,"017279",,"3","9","0","3",,"2","002","-","N",,0,0,,,0,,,,"Y",1,"A","-",23152,"A","N","A","H","-","D","D","0","Y","A","01",0,1,0,0,0,0,0,0,0,"-","-","UNINCORPORATED","YOLO","CA",-121.76629,38.64118
"90215727",-121.7838831,38.700325,2016,"5700","5","5","4","09",0,1,"A",,,,,,1500,6,"D","C","A","COUNTY ROAD 99 ","BARNARD STREET",0,,"Y","2016-07-05",9280,"2016-06-24",1318,"016929",,"1","9","0","3",,"2","002","-","N",,0,0,,,0,,,,"Y",2,"A","-",21801,"A","N","A","H","-","A","D","0","Y","A","01",0,0,1,0,0,0,0,0,0,"-","-","UNINCORPORATED","YOLO","CA",-121.78383,38.70034
"90215676",0,0,2016,"5704","2","4","4","03",0,1,"A",,,,,,1800,6,"C","C","A","W/B US-50 OFFRAMP TO S. RIVER RD.","SOUTH RIVER RD",20,"W","N","2016-07-05",9280,"2016-06-23",1745,"017279",,"2","4","0","1",,"2","011","-","Y",,0,0,,,0,,,,"N",2,"A","-",22350,,"N","A","H","-","A","A","0","Y","A","01",0,0,1,0,0,0,0,0,0,"-","-","WEST SACRAMENTO","YOLO","CA",-121.5172,38.57686
"90215666",0,0,2016,"5700","1","4","4","03",0,1,"A",,,,,,1800,6,"C","C","A","I-80 E/B","ENTERPRISE BLVD",7920,"W","N","2016-07-05",9280,"2016-06-23",1600,"016042",,"2","9","0","1",,"2","010","-","Y",,0,0,,,0,,,,"N",2,"A","-",22350,,"N","A","H","-","A","D","0","Y","A","07",0,0,1,0,0,0,0,0,0,"-","-","UNINCORPORATED","YOLO","CA",-121.622,38.56625
"90215653",-121.5026687,38.4482227,2016,"5700","3","3","4","08",0,1,"A",,,,,,1800,6,"E","I","A","SOUTH RIVER ROAD NORTHBOUND","FREEPORT BRIDGE",2640,"S","N","2016-07-05",9280,"2016-06-22",1530,"018034",,"2","9","0","1",,"2","013","-","Y",,0,0,,,0,,,,"Y",1,"A","-",22107,,"N","A","H","-","A","D","0","Y","D","22",0,0,1,0,0,0,0,0,0,"-","-","UNINCORPORATED","YOLO","CA",-121.50312,38.45031
"90215597",0,0,2016,"5701","1","1","4","03",0,1,"A",,,,,,1800,6,"C","C","A","I-80 E/B","MACE BLVD",200,"E","N","2016-07-05",9280,"2016-06-20",1752,"016351",,"2","5","0","1",,"2","010","-","Y",,0,0,,,0,,,,"Y",3,"A","-",22350,,"N","A","H","-","A","D","0","Y","A","01",0,0,1,0,0,0,0,0,0,"-","-","DAVIS","YOLO","CA",-121.69071,38.55346
"90215576",0,0,2016,"5704","2","7","4","03",0,1,"A",,,,,,1200,6,"C","C","A","US-50 W/B","HARBOR CL",300,"W","N","2016-07-05",9280,"2016-06-19",1022,"015128",,"1","4","0","1",,"2","011","-","Y",,0,0,,,0,,,,"Y",2,"A","-",22350,,"N","A","H","-","A","D","0","Y","A","01",0,0,1,0,0,0,0,0,0,"-","-","WEST SACRAMENTO","YOLO","CA",-121.5508,38.5751
"90215565",-121.7650242,38.6966472,2016,"5703","1","5","4","08",0,2,"A",,,,,,1500,6,"E","I","A","I-5 NB","EAST STREET",42,"S","N","2016-07-05",9280,"2016-06-17",1330,"017772",,"1","4","0","1",,"2","020","-","Y",,0,0,,,0,,,,"Y",1,"A","-",22107,,"N","A","H","-","A","D","0","Y","A","01",0,0,2,0,0,0,0,0,0,"-","-","WOODLAND","YOLO","CA",-121.76474,38.67656
"90212217",-122.1231708,38.7075746,2016,"5700","3","6","3","01",0,1,"C",,,,,"Y",2100,5,"E","I","A","STATE HIGHWAY 16 ","COUNTY ROAD 80 ",835,"E","N","2016-06-29",9280,"2016-05-07",1945,"016351",,"2","9","0","1",,"2","034","-","Y",,0,0,,,0,,,,"Y",1,"A","-",23152,"A","N","B","H","-","B","D","0","Y","A","01",0,1,0,0,0,0,0,0,0,"-","-","UNINCORPORATED","YOLO","CA",-121.12065,38.70748
"90212183",-121.5065328,38.4696445,2016,"5700","5","2","1","01",1,1,"A",,,,,"Y",900,4,"A","C","A","SOUTH RIVER ROAD","FREEPORT BRIDGE",5280,"N","N","2016-07-25",9280,"2016-04-05",730,"017279",,"1","9","0","3",,"2","001","-","N",,0,0,,,0,,,,"Y",2,"A","-",23152,"A","N","A","H","-","A","D","0","Y","A","01",1,0,0,0,0,0,0,0,0,"-","-","UNINCORPORATED","YOLO","CA",-121.50661,38.46978
"90212135",-121.5173807,38.3859074,2016,"5700","5","6","1","01",1,2,"A",,,,,"Y",2100,3,"E","I","A","SOUTH RIVER RD","COUNTY ROAD 142 ",5280,"N","N","2016-06-29",9280,"2016-03-26",1852,"015534",,"2","9","0","3",,"2","001","-","N",,0,0,,,0,,,,"Y",1,"A","-",23152,"A","N","A","H","-","A","D","0","Y","A","07",1,1,0,0,0,0,0,0,0,"-","-","UNINCORPORATED","YOLO","CA",-121.51637,38.38746
"90211778",0,0,2016,"5704","2","5","1","01",1,2,"A",,,,,"Y",300,4,"E","I","A","US-50 W/B","HARBOR BLVD O/C",1954,"E","N","2016-06-29",9280,"2016-04-15",200,"017874",,"3","4","0","1",,"2","011","-","Y",,0,0,,,0,,,,"Y",1,"A","-",23152,"A","N","A","H","-","D","D","0","Y","A","01",2,0,0,0,0,0,0,0,0,"-","-","WEST SACRAMENTO","YOLO","CA",-121.54151,38.57524
"90211725",-121.5518217,38.5751031,2016,"5704","2","5","3","03",0,10,"A",,,,,,900,6,"C","C","A","US-50","HARBOR BLVD",900,"W","N","2016-06-29",9280,"2016-06-10",855,"017772",,"1","4","0","1",,"2","011","-","Y",,0,0,,,0,,,,"Y",3,"A","-",22350,,"N","A","H","-","A","D","0","Y","A","07",0,2,8,0,0,0,0,0,0,"-","-","WEST SACRAMENTO","YOLO","CA",-121.51748,38.57291
"90210923",0,0,2016,"5700","5","6","3","09",0,1,"B",,,,,,1500,6,"D","C","A","COUNTY ROAD 22 ","COUNTY ROAD 124 ",0,,"Y","2016-06-28",9280,"2016-06-04",1450,"015079",,"2","9","0","3",,"2","002","-","N",,0,0,,,0,,,,"Y",2,"A","-",21801,"A","N","A","H","-","A","D","0","Y","D","22",0,1,0,0,0,0,0,0,0,"-","-","UNINCORPORATED","YOLO","CA",-121.3833,38.4036
"90210497",0,0,2016,"5704","1","7","2","07",0,1,"A",,,"Y",,,1200,6,"C","C","A","I-80 W/B","ENTERPRISE BLVD",528,"E","N","2016-06-27",9280,"2016-06-19",959,"015128",,"1","4","0","1",,"2","010","-","Y",,0,0,,,0,,,,"Y",2,"A","-",21658,"A","N","A","H","-","A","D","0","Y","A","07",1,0,0,0,0,0,0,0,1,"-","-","WEST SACRAMENTO","YOLO","CA",-121.5743,38.5748
"90210451",-121.5506086,38.5944954,2016,"5704","1","6","3","03",0,2,"A",,,,,,1500,6,"C","C","A","I-80 WB","REED AVENUE",1056,"E","N","2016-06-27",9280,"2016-06-18",1215,"012272",,"1","4","0","1",,"2","010","-","Y",,0,0,,,0,,,,"Y",2,"A","-",22350,,"N","A","H","-","A","D","0","Y","A","07",0,1,1,0,0,0,0,0,0,"-","-","WEST SACRAMENTO","YOLO","CA",-121.5497,38.5951
"90210418",0,0,2016,"5704","1","5","4","03",0,1,"B",,,,,,1800,6,"C","C","A","INTERSTATE 80 E/B","ENTERPRISE BLVD",2640,"W","N","2016-06-27",9280,"2016-06-17",1730,"018205",,"2","4","0","1",,"2","010","-","Y",,0,0,,,0,,,,"N",2,"A","-",22350,,"N","A","H","-","A","D","0","Y","D","22",0,0,1,0,0,0,0,0,0,"-","-","WEST SACRAMENTO","YOLO","CA",-121.58113,38.57352
"90210415",0,0,2016,"5701","1","5","4","03",0,1,"B",,,,,,1800,6,"C","C","A","I-80 E/B","RICHARDS BLVD",500,"E","N","2016-06-27",9280,"2016-06-17",1710,"016042",,"2","5","0","1",,"2","010","-","Y",,0,0,,,0,,,,"N",2,"A","-",22350,,"N","A","H","-","A","D","0","Y","A","01",0,0,1,0,0,0,0,0,0,"-","-","DAVIS","YOLO","CA",-121.73142,38.54322
"90210371",0,0,2016,"5700","5","4","4","03",0,4,"A",,,,,,1800,6,"C","C","A","LOCUST STREET","COUNTY ROAD 116 ",0,,"Y","2016-06-27",9280,"2016-06-16",1530,"017279",,"2","9","0","3",,"2","002","-","N",,0,0,,,0,,,,"Y",3,"A","-",22350,,"N","A","A","-","A","D","0","Y","D","22",0,0,4,0,0,0,0,0,0,"-","-","UNINCORPORATED","YOLO","CA",-121.72249,38.79593
"90210327",0,0,2016,"5700","1","1","4","03",0,1,"A",,,,,,300,6,"C","C","A","I-80 E/B","WEBER ST",528,"E","N","2016-06-27",9280,"2016-06-13",140,"017375",,"3","9","0","1",,"2","010","-","Y",,0,0,,,0,,,,"N",2,"A","-",22350,,"N","A","H","-","D","D","0","Y","A","07",0,0,1,0,0,0,0,0,0,"-","-","UNINCORPORATED","YOLO","CA",-121.63641,38.56364
"90210322",0,0,2016,"5700","1","4","4","08",0,1,"A",,,,,,600,6,"E","I","A","I-5 S/B","YOLO AVE",2112,"N","N","2016-06-27",9280,"2016-06-23",345,"015534",,"3","9","0","1",,"2","020","-","Y",,0,0,,,0,,,,"Y",1,"A","-",22107,,"N","A","H","-","D","D","0","Y","A","01",0,0,1,0,0,0,0,0,0,"-","-","UNINCORPORATED","YOLO","CA",-121.82539,38.74423
"90210262",-121.8396531,38.663355,2016,"5700","5","3","3","09",0,1,"A",,,,,,2100,6,"D","C","A","COUNTY ROAD 24 ","COUNTY ROAD 96 ",0,,"Y","2016-06-27",9280,"2016-06-15",1825,"018034",,"2","9","0","3",,"2","002","-","N",,0,0,,,0,,,,"N",2,"A","-",21802,"A","N","A","H","-","A","A","0","Y","A","01",0,1,0,0,0,0,0,0,0,"-","-","UNINCORPORATED","YOLO","CA",-121.83922,38.66334
"90210252",-121.5602242,38.6078525,2016,"5700","5","3","4","08",0,1,"B",,,,"Y",,1200,6,"A","C","A","OLD RIVER ROAD","COUNTY ROAD 126",200,"N","N","2016-06-27",9280,"2016-06-15",928,"016254",,"1","9","0","3",,"2","001","-","N",,0,0,,,0,,,,"Y",2,"A","-",22107,,"N","A","H","-","A","D","0","Y","A","01",0,0,1,0,0,0,0,0,0,"-","-","UNINCORPORATED","YOLO","CA",-121.56,38.60777
"90210239",0,0,2016,"5700","2","2","3","07",0,1,"A",,,,"Y",,1200,6,"B","C","A","US-50 E/B","HARBOR BLVD.",1584,"E","N","2016-08-10",9280,"2016-06-07",1040,"016292",,"1","9","0","1",,"2","011","-","Y",,0,0,,,0,,,,"Y",2,"A","-",21658,"A","N","A","H","-","A","D","0","Y","F","25",0,1,0,0,0,0,0,0,0,"-","-","UNINCORPORATED","YOLO","CA",-121.54316,38.575
"90210090",-121.9041927,38.6726927,2016,"5700","3","1","3","06",0,1,"A",,,,,,2400,6,"B","C","A","STATE HIGHWAY 16 ","COUNTY ROAD 93 ",2640,"W","N","2016-06-27",9280,"2016-06-13",2233,"016351",,"3","9","0","1",,"2","034","-","Y",,0,0,,,0,,,,"Y",2,"A","-",21751,,"N","A","H","-","D","D","0","Y","A","01",0,1,0,0,0,0,0,0,0,"-","-","UNINCORPORATED","YOLO","CA",-121.89371,38.67296
"90210029",-121.7289462,38.7633012,2016,"5700","5","2","3","08",0,1,"A",,,,,,1200,6,"F","A","A","CR-102","CR-16",5280,"N","N","2016-06-27",9280,"2016-06-14",1020,"015128",,"1","9","0","3",,"2","002","-","N",,0,0,,,0,,,,"Y",1,"A","-",22107,,"N","A","H","-","A","D","0","Y","A","01",0,1,0,0,0,0,0,0,0,"-","-","UNINCORPORATED","YOLO","CA",-121.72901,38.76294
"90210021",0,0,2016,"5704","1","5","3","03",0,2,"A",,,,,,1200,5,"C","C","A","I-80 W/B","REED AVE",2112,"W","N","2016-06-27",9280,"2016-05-27",1121,"016214",,"1","4","0","1",,"2","010","-","Y",,0,0,,,0,,,,"Y",5,"A","-",22350,,"N","A","H","-","A","D","0","Y","A","07",0,1,1,0,0,0,0,0,0,"-","-","WEST SACRAMENTO","YOLO","CA",-121.56041,38.57994
"90209864",0,0,2016,"5700","1","5","4","03",0,2,"A",,,,,,2100,6,"C","C","A","I-5 S/B","YOLO BYPASS",2112,"N","N","2016-06-27",9280,"2016-06-10",1800,"012007",,"2","9","0","1",,"2","020","-","Y",,0,0,,,0,,,,"N",2,"A","-",22350,,"N","A","H","-","A","D","0","Y","A","07",0,0,2,0,0,0,0,0,0,"-","-","UNINCORPORATED","YOLO","CA",-121.64801,38.67323
"90209816",0,0,2016,"5700","1","4","3","03",0,1,"A",,,,,,1800,6,"C","C","A","I-5 S/B","YOLO BYPASS ",200,"S","N","2016-06-27",9280,"2016-06-09",1720,"012007",,"2","9","0","1",,"2","020","-","Y",,0,0,,,0,,,,"Y",3,"A","-",22350,,"N","A","H","-","A","D","0","Y","A","08",0,1,0,0,0,0,0,0,0,"-","-","UNINCORPORATED","YOLO","CA",-121.61756,38.66157
"90209808",0,0,2016,"5704","2","4","4","03",0,1,"A",,,,,,1200,6,"C","C","A","US-50 W/B","HARBOR BLVD",1320,"E","N","2016-06-27",9280,"2016-06-09",945,"015168",,"1","4","0","1",,"2","011","-","Y",,0,0,,,0,,,,"Y",2,"A","-",22350,,"N","A","H","-","A","D","0","Y","A","01",0,0,1,0,0,0,0,0,0,"-","-","WEST SACRAMENTO","YOLO","CA",-121.54467,38.57503
"90209787",0,0,2016,"5704","1","1","3","01",0,3,"A",,,,"Y","Y",300,6,"C","C","A","I-80 W/B","ENTERPRISE BLVD",80,"E","N","2016-06-27",9280,"2016-06-06",231,"015353",,"3","4","0","1",,"2","010","-","Y",,0,0,,,0,,,,"Y",3,"A","-",23152,"A","F","A","H","-","C","D","0","Y","A","01",0,2,1,0,0,0,0,0,0,"-","-","WEST SACRAMENTO","YOLO","CA",-121.57673,38.57448
"90209748",0,0,2016,"5700","5","7","2","01",0,1,"A",,,,,"Y",2400,6,"F","A","A","JEFFERSON BL (SR-84)","BABEL SLOUGH RD",10560,"N","N","2016-06-27",9280,"2016-06-05",2105,"015079",,"2","9","0","3",,"2","001","-","Y",,0,0,,,0,,,,"Y",1,"A","-",23152,"A","N","A","H","-","D","D","0","Y","D","22",1,0,0,0,0,0,0,0,0,"-","-","UNINCORPORATED","YOLO","CA",-121.345,38.2832
"90209113",0,0,2016,"5700","1","2","4","08",0,2,"A",,,,,,900,5,"E","C","A","I-80 W/B","ENTERPRISE BLVD.",1584,"W","N","2016-09-20",9280,"2016-05-24",620,"016292",,"1","9","0","1",,"2","010","B","Y",,0,0,,,0,,,,"Y",2,"A","-",22107,,"N","A","H","-","A","D","0","Y","A","01",0,0,2,0,0,0,0,0,0,"-","-","UNINCORPORATED","YOLO","CA",-121.5913,38.572
"90209024",-121.5635883,38.6245488,2016,"5700","5","6","3","03",0,2,"A",,"Y",,,,900,5,"B","G","A","OLD RIVER RD.","COUNTY ROAD 128A ",1584,"N","N","2016-06-24",9280,"2016-05-21",840,"016292",,"1","9","0","3",,"2","001","-","N",,0,0,,,0,,,,"N",2,"A","-",22350,,"N","A","H","-","A","D","0","Y","L","04",0,1,1,0,0,0,2,0,0,"-","-","UNINCORPORATED","YOLO","CA",-121.56397,38.62816
"90208733",0,0,2016,"5700","1","2","3","03",0,1,"A",,,,,,900,5,"C","C","A","I-80 E/B","ENTERPRISE BLVD.",200,"E","N","2016-06-24",9280,"2016-05-17",750,"016292",,"1","9","0","1",,"2","010","-","Y",,0,0,,,0,,,,"Y",3,"A","-",22350,,"N","A","H","-","A","D","0","Y","A","01",0,1,0,0,0,0,0,0,0,"-","-","UNINCORPORATED","YOLO","CA",-121.57514,38.57456
"90207385",-121.8266283,38.6778304,2016,"5700","3","1","3","01",0,5,"A",,,,,"Y",1500,5,"C","C","A","SR-16","CR-97",1583,"W","N","2016-06-22",9280,"2016-05-30",1450,"015128",,"2","9","0","1",,"1","024","-","Y",,0,0,,,0,,,,"Y",2,"A","-",23152,"A","F","A","H","-","A","D","0","Y","A","01",0,4,1,0,0,0,0,0,0,"-","-","UNINCORPORATED","YOLO","CA",-121.8258,38.6778
"90206909",0,0,2016,"5704","2","3","3","01",0,1,"A",,,,,"Y",300,6,"E","I","A","US50 W/B TO HARBOR BOULEVARD","HARBOR BLVD",190,"E","N","2016-06-22",9280,"2016-06-08",155,"017964",,"3","4","0","1",,"2","011","-","Y",,0,0,,,0,,,,"Y",1,"A","-",23152,"A","N","A","H","-","C","A","0","Y","A","01",0,1,0,0,0,0,0,0,0,"-","-","WEST SACRAMENTO","YOLO","CA",-121.54789,38.57636
"90206458",0,0,2016,"5700","1","4","4","03",0,1,"B",,,,,,1800,6,"C","C","A","I-5 S/B ","WYE LINE O/C",5280,"S","N","2016-06-21",9280,"2016-06-16",1518,"012007",,"2","9","0","1",,"2","020","-","Y",,0,0,,,0,,,,"N",3,"A","-",22350,,"N","A","H","-","A","D","0","Y","D","22",0,0,1,0,0,0,0,0,0,"-","-","UNINCORPORATED","YOLO","CA",-121.67286,38.67331
"90205628",-121.9001031,38.711295,2016,"5700","5","3","4","08",0,2,"A",,,,,,1800,6,"E","I","A","COUNTY ROAD 19 ","COUNTY ROAD 92C ",0,,"Y","2016-06-20",9280,"2016-06-15",1614,"016144",,"2","9","0","3",,"2","003","-","N",,0,0,,,0,,,,"Y",1,"A","-",22107,,"N","A","H","-","A","D","0","Y","A","01",0,0,2,0,0,0,0,0,0,"-","-","UNINCORPORATED","YOLO","CA",-121.9001,38.71111
"90203486",0,0,2016,"5700","5","5","3","09",0,2,"A",,,,,,1500,6,"D","C","A","OLD RIVER RD","COUNTY ROAD 22 OFF-RAMP FROM I-5 N/B",0,,"Y","2016-06-16",9280,"2016-06-03",1430,"018205",,"2","9","0","3",,"2","002","-","N",,0,0,,,0,,,,"Y",2,"A","-",21802,"A","N","A","H","-","A","A","0","Y","A","01",0,1,1,0,0,0,0,0,0,"-","-","UNINCORPORATED","YOLO","CA",-121.63763,38.67668
"90202333",-121.9339864,38.6770167,2016,"5700","3","6","1","11",1,1,"A","Y",,,,"Y",2400,4,"G","B","E","SR-16","I-505 ",5280,"E","N","2016-06-15",9280,"2016-04-02",2254,"016929",,"3","9","0","1",,"2","034","-","Y",,0,0,,,0,,,,"Y",2,"A","-",21956,,"N","A","H","-","D","D","0","Y","N","60",0,1,0,1,0,0,0,0,0,"-","-","UNINCORPORATED","YOLO","CA",-121.93283,38.67683