"CASEID","POINT_X","POINT_Y","YEAR_","LOCATION","CHPTYPE","DAYWEEK","CRASHSEV","VIOLCAT","KILLED","INJURED","WEATHER1","PEDCOL","BICCOL","MCCOL","TRUCKCOL","ETOH","TIMECAT","MONTH_","CRASHTYP","INVOLVE","PED","PRIMARYRD","SECONDRD","DISTANCE","DIRECT","INTERSECT_","PROCDATE","JURIS","DATE_","TIME_","BADGE","JURIDIST","SHIFT","POP","SPECIAL","BEATTYPE","LAPDDIV","BEATCLAS","BEATNUMB","WEATHER2","STATEHW","CALTRANC","CALTRAND","STROUTE","ROUTESUF","POSTPRE","POSTMILE","LOCATYPE","RAMP","SIDEHW","TOWAWAY","PARTIES","PCF","VIOLCODE","VIOL","VIOLSUB","HITRUN","ROADSURF","RDCOND1","RDCOND2","LIGHTING","RIGHTWAY","CHPRDTYP","NOTPRIV","STFAULT","CHPFAULT","SEVINJ","OTHERINJ","COP","PEDKILL","PEDINJ","BICKILL","BICINJ","MCKILL","MCINJURE","RAMP1","RAMP2","CITY","COUNTY","STATE","X_CHP","Y_CHP"
"6273566",-121.8585654,38.6008735,2013,"5700","5","2","3","01",0,1,"B",,,,,"Y",1500,11,"E","I","A","COUNTY ROAD 95","COUNTY ROAD 27",6864,"S","N","2014-05-12",9280,"2013-11-26",1423,"017763",,"2","9","0","3",,"2","003","-","N",,0,0,,,0,,,,"Y",1,"A","-",23152,"A","N","A","H","-","A","D","0","Y","D","22",0,1,0,0,0,0,0,0,0,"-","-","UNINCORPORATED","YOLO","CA",-121.85854,38.59957
"6271583",-121.8612124,38.674472,2013,"5700","3","3","4","03",0,2,"B",,,,,,900,11,"C","C","A","RT 16","COUNTY ROAD 95",1056,"W","N","2014-05-02",9280,"2013-11-20",815,"016632",,"1","9","0","1",,"2","034","-","Y","YOL",3,16,"-","-",37.32,"H","-","W","Y",2,"A","-",22350,,"N","B","H","-","A","D","0","Y","A","07",0,0,2,0,0,0,0,0,0,"-","-","UNINCORPORATED","YOLO","CA",-121.86126,38.67453
"6271582",0,0,2013,"5700","5","2","4","08",0,1,"B",,,,,,1200,11,"E","I","A","COUNTY ROAD 99W","COUNTY ROAD 116",3168,"S","N","2014-05-02",9280,"2013-11-19",1110,"012272",,"1","9","0","3",,"2","003","-","N",,0,0,,,0,,,,"Y",1,"A","-",22107,,"N","B","H","-","A","D","0","Y","D","22",0,0,1,0,0,0,0,0,0,"-","-","UNINCORPORATED","YOLO","CA",-121.90082,38.81664
"6271553",-121.569709,38.5755456,2013,"5704","0","4","3","07",0,1,"A",,,,"Y",,2100,11,"B","C","A","WEST CAPITOL AV","RT 80",0,,"Y","2014-05-07",5704,"2013-11-14",1835,"107",,"5","4","0","0",,"0","002","-","Y","YOL",3,80,"-","-",9.417,"R","4","W","N",2,"A","-",21658,"A","N","-","H","-","C","A","0","Y","A","01",0,1,0,0,0,0,0,0,0,"-","WF","WEST SACRAMENTO","YOLO","CA",0,0
"6269112",-121.5805462,38.4745756,2013,"5700","3","7","4","03",0,2,"A",,,,,,1800,11,"D","C","A","JEFFERSON BL","ARMFIELD AV",12144,"S","N","2014-04-30",9280,"2013-11-10",1745,"16010",,"2","9","0","1",,"2","013","-","Y","YOL",3,84,"-","-",13.7,"H","-","S","Y",2,"A","-",22350,,"N","A","H","-","D","D","0","Y","D","22",0,0,2,0,0,0,0,0,0,"-","-","UNINCORPORATED","YOLO","CA",-121.58046,38.47472
"6269056",-121.5258018,38.5770651,2013,"5704","2","2","3","03",0,2,"A",,,,,,900,11,"C","C","A","RT 50","JEFFERSON BL",640,"W","N","2014-04-30",9280,"2013-11-05",757,"17375",,"1","4","0","1",,"2","011","-","Y","YOL",3,50,"-","-",2.38,"H","-","E","N",3,"A","-",22350,,"N","A","H","-","A","D","1","Y","D","22",0,1,1,0,0,0,0,0,0,"-","-","WEST SACRAMENTO","YOLO","CA",-121.52888,38.57636
"6269052",-121.7346449,38.5407421,2013,"5701","1","3","3","03",0,3,"A",,,,,,1800,11,"C","C","A","RT 80","RICHARDS BL",500,"E","N","2014-04-30",9280,"2013-11-06",1755,"015492",,"2","5","0","1",,"2","010","-","Y","YOL",3,80,"-","-",0.32,"H","-","E","Y",6,"A","-",22350,,"N","A","H","-","A","D","1","Y","A","07",0,2,1,0,0,0,0,0,0,"-","-","DAVIS","YOLO","CA",-121.73219,38.58257
"6268856",-121.7687224,38.5313688,2013,"5701","3","6","4","01",0,1,"A",,,,,"Y",1500,11,"E","I","A","RT 113","SOLANO COUNTY LINE",13,"N","N","2014-05-01",9280,"2013-11-09",1435,"017874",,"2","5","0","1",,"2","022","-","Y","YOL",3,113,"-","R",0.01,"H","-","S","Y",1,"A","-",23152,"A","N","A","H","-","A","D","1","Y","A","01",0,0,1,0,0,0,0,0,0,"-","-","DAVIS","YOLO","CA",-121.76995,38.53128
"6265841",-121.5723563,38.5749135,2013,"5704","1","1","4","03",0,1,"A",,,,,,2400,10,"C","A","A","RT 80","ENTERPRISE BL",300,"E","N","2014-04-22",9280,"2013-10-28",2240,"016351",,"3","4","0","1",,"2","010","-","Y","YOL",3,80,"-","-",9.33,"H","-","E","Y",2,"A","-",22350,,"N","A","H","-","C","D","1","Y","A","01",0,0,1,0,0,0,0,0,0,"-","-","WEST SACRAMENTO","YOLO","CA",-121.56341,38.57598
"6265840",-121.5179137,38.5728597,2013,"5704","2","3","3","08",0,1,"A",,,,,,1200,10,"B","C","A","RT 50","SACRAMENTO/YOLO CO LINE",1056,"W","N","2014-04-22",9280,"2013-10-23",1134,"16632",,"1","4","0","1",,"2","011","-","Y","YOL",3,50,"-","-",2.96,"H","-","E","Y",2,"A","-",22107,,"N","A","H","-","A","D","1","Y","A","01",0,1,0,0,0,0,0,0,0,"-","-","WEST SACRAMENTO","YOLO","CA",-121.51918,38.57394
"6265839",-121.7549901,38.6192059,2013,"5700","5","3","3","08",0,1,"A",,,,,,1200,10,"F","J","A","COUNTY ROAD 27","COUNTY ROAD 100A",2112,"E","N","2014-04-22",9280,"2013-10-23",1050,"16292",,"1","9","0","3",,"2","002","-","N",,0,0,,,0,,,,"Y",1,"A","-",22107,,"N","A","H","-","A","D","0","Y","A","01",0,1,0,0,0,0,0,0,0,"-","-","UNINCORPORATED","YOLO","CA",-121.75399,38.61924
"6262571",-121.7707131,38.6719951,2013,"5703","0","4","3","10",0,1,"A","Y",,,,,1500,10,"G","B","B","CROSS ST","3RD ST",0,,"Y","2014-04-28",5703,"2013-10-31",1431,"832","12","5","4","0","0",,"0","003","-","N",,0,0,,,0,,,,"N",2,"A","-",21950,"A","N","A","H","-","A","A","0","Y","A","01",0,1,0,0,1,0,0,0,0,"-","-","WOODLAND","YOLO","CA",0,0
"6259792",-121.7046564,38.6738168,2013,"5700","1","6","3","01",0,1,"A",,,,,"Y",2400,10,"F","I","A","RT 5","COUNTY ROAD 103",1056,"S","N","2014-05-01",9280,"2013-10-26",2230,"016520",,"3","9","0","1",,"2","020","-","Y","YOL",3,5,"-","-",4.29,"H","-","N","Y",1,"A","-",23152,"A","N","A","H","-","D","D","1","Y","A","01",0,1,0,0,0,0,0,0,0,"-","-","UNINCORPORATED","YOLO","CA",-121.60559,38.67376
"6259788",-121.6270243,38.6734751,2013,"5700","1","2","4","03",0,2,"B",,,,,,900,10,"C","C","A","RT 5","COUNTY ROAD 22",528,"S","N","2014-05-01",9280,"2013-10-29",740,"017763",,"1","9","0","1",,"2","020","-","Y","YOL",3,5,"-","-",0.05,"H","-","N","Y",2,"A","-",22350,,"N","A","H","-","A","D","1","Y","-","-",0,0,2,0,0,0,0,0,0,"-","-","UNINCORPORATED","YOLO","CA",-121.63119,38.67342
"6259784",-121.7282738,38.6916449,2013,"5700","4","4","4","03",0,1,"A",,,,,,1800,10,"C","C","A","COUNTY ROAD 102","KENTUCKY AV",11,"S","N","2014-05-01",9280,"2013-10-31",1525,"013469",,"2","9","0","2",,"1","021","-","N",,0,0,,,0,,,,"Y",2,"A","-",22350,,"N","A","H","-","A","D","0","Y","A","01",0,0,1,0,0,0,0,0,0,"-","-","UNINCORPORATED","YOLO","CA",-121.72881,38.69171
"6257158",-121.7386232,38.540815,2013,"5701","0","4","4","12",0,1,"A",,"Y",,,,300,10,"H","G","A","OLIVE DR","RICHARDS BL",0,,"Y","2014-04-25",5701,"2013-10-03",0,"92","8","5","5","0","0",,"0","004","-","Y",,0,0,,,0,,,,"Y",2,"A","-",21453,"A","N","A","H","-","A","A","0","Y","A","01",0,0,1,0,0,0,1,0,0,"-","-","DAVIS","YOLO","CA",0,0
"6257150",-121.7267498,38.5496664,2013,"5701","0","2","3","17",0,1,"A",,,"Y",,,2100,10,"D","C","A","POLE LINE RD","5TH ST",298,"N","N","2014-04-25",5701,"2013-10-15",1819,"83","6","5","5","0","0",,"0","003","-","N",,0,0,,,0,,,,"N",2,"A","-",21209,"A","N","A","H","-","A","A","0","Y","C","02",0,1,0,0,0,0,0,0,1,"-","-","DAVIS","YOLO","CA",-121.72682,38.54991
"6256558",-121.7340253,38.673688,2013,"5703","1","7","3","01",0,2,"A",,,,,"Y",2400,10,"C","C","A","RT 5","COUNTY ROAD 102",1056,"N","N","2014-05-13",9280,"2013-10-06",2120,"16929",,"2","4","0","1",,"2","020","-","Y","YOL",3,5,"-","-",5.77,"H","-","S","Y",2,"A","-",23152,"A","N","A","H","-","D","D","1","Y","A","01",0,1,1,0,0,0,0,0,0,"-","-","WOODLAND","YOLO","CA",-121.73298,38.67374
"6256554",-122.1508234,38.7507679,2013,"5700","3","6","4","08",0,1,"A",,,,,,1800,10,"E","I","A","RT 16","COUNTY ROAD 76",1584,"S","N","2014-05-13",9280,"2013-10-05",1610,"15079",,"2","9","0","1",,"2","034","-","Y","YOL",3,16,"-","-",18.04,"H","-","E","Y",1,"A","-",22107,,"N","A","H","-","A","D","0","Y","A","01",0,0,1,0,0,0,0,0,0,"-","-","UNINCORPORATED","YOLO","CA",-122.91,38.451
"6256531",-121.5828486,38.3942047,2013,"5700","5","1","3","08",0,1,"B",,,,,,1500,9,"E","J","A","JEFFERSON BL","CENTRAL AV",528,"N","N","2014-04-14",9280,"2013-09-02",1440,"16292",,"2","9","0","3",,"2","001","-","N",,0,0,,,0,,,,"Y",1,"A","-",22107,,"N","A","H","-","A","D","0","Y","A","08",0,1,0,0,0,0,0,0,0,"-","-","UNINCORPORATED","YOLO","CA",-121.58283,38.89431
"6256486",-121.9292263,38.6763398,2013,"5700","3","3","4","03",0,1,"A",,,,,,2100,10,"C","C","A","RT 16","GRAVEL PLANT RD",5280,"E","N","2014-05-13",9280,"2013-10-09",2020,"15492",,"2","9","0","1",,"2","034","-","Y","YOL",3,16,"-","-",33.48,"H","-","E","Y",2,"A","-",22350,,"N","A","H","-","D","D","0","Y","A","01",0,0,1,0,0,0,0,0,0,"-","-","UNINCORPORATED","YOLO","CA",-121.92573,38.67635
"6256411",-121.7270932,38.7924951,2013,"5700","3","5","3","12",0,3,"A",,,,,,1800,10,"D","C","A","COUNTY ROAD 102","RT 113",0,,"Y","2014-04-28",9280,"2013-10-18",1755,"013469",,"2","9","0","1",,"2","023","-","Y","YOL",3,113,"-","M",21.2,"I","5","S","Y",3,"A","-",22450,"A","N","A","H","-","A","A","0","Y","A","01",0,1,2,0,0,0,0,0,0,"-","-","UNINCORPORATED","YOLO","CA",-121.7274,38.79217
"6256134",-121.7362231,38.546825,2013,"5701","0","2","4","12",0,1,"A",,,,,,1800,10,"D","C","A","4TH ST","J ST",0,,"Y","2014-04-26",5701,"2013-10-15",1551,"67","5","5","5","0","0",,"0","002","-","N",,0,0,,,0,,,,"Y",2,"A","-",22450,"A","N","A","H","-","A","A","0","Y","A","01",0,0,1,0,0,0,0,0,0,"-","-","DAVIS","YOLO","CA",-121.73613,38.54671
"6256130",-121.6941957,38.5556922,2013,"5701","0","2","4","03",0,1,"A",,,,,,900,10,"C","C","A","MACE BL","2ND ST",300,"S","N","2014-04-26",5701,"2013-10-22",830,"89","YSO","5","5","0","0",,"0","YSO","-","N",,0,0,,,0,,,,"N",2,"A","-",22350,,"N","A","H","-","A","A","0","Y","A","07",0,0,1,0,0,0,0,0,0,"-","-","DAVIS","YOLO","CA",0,0
"6255594",-121.8195697,38.6777357,2013,"5703","3","6","4","03",0,1,"A",,,,,,1800,10,"C","C","A","RT 16","COUNTY ROAD 97",420,"E","N","2014-04-26",9280,"2013-10-26",1625,"17800",,"2","4","0","1",,"1","024","-","Y","YOL",3,16,"-","-",39.64,"H","-","W",,2,"A","-",22350,,"N","A","H","-","A","D","0","Y","A","01",0,0,1,0,0,0,0,0,0,"-","-","WOODLAND","YOLO","CA",-121.8188,38.67786
"6255590",-122.0220669,38.6941495,2013,"5700","5","6","4","21",0,2,"A",,,,,,1200,10,"D","C","A","GRAFTON ST","ANTELOPE ST",224,"W","N","2014-04-26",9280,"2013-10-26",1135,"12272",,"1","9","0","3",,"2","003","-","N",,0,0,,,0,,,,"Y",3,"A","-",22106,,"N","A","H","-","A","D","0","Y","A","01",0,0,2,0,0,0,0,0,0,"-","-","UNINCORPORATED","YOLO","CA",-122.0109,38.69372
"6255586",-121.9531021,38.5364599,2013,"5700","1","7","3","08",0,2,"A",,,,,,900,10,"F","I","A","RT 505","RT 128",1584,"N","N","2014-04-26",9280,"2013-10-27",730,"122725",,"1","9","0","1",,"2","031","-","Y","YOL",3,505,"-","-",0.7,"H","-","S","Y",1,"A","-",22107,,"N","A","H","-","B","D","1","Y","A","07",0,1,1,0,0,0,0,0,0,"-","-","UNINCORPORATED","YOLO","CA",-121.95324,38.53573
"6255582",-121.5159532,38.4029255,2013,"5700","3","1","4","03",0,1,"A",,,,,,2100,10,"F","A","A","SOUTH RIVER RD","COUNTY ROAD 141",1844,"S","N","2014-04-26",9280,"2013-10-21",1800,"17351",,"2","9","0","1",,"2","013","-","N",,0,0,,,0,,,,"Y",1,"A","-",22350,,"N","A","H","-","A","D","0","Y","A","01",0,0,1,0,0,0,0,0,0,"-","-","UNINCORPORATED","YOLO","CA",-121.315,38.237
"6255578",-122.0175138,38.689249,2013,"5700","3","2","4","03",0,1,"A",,,,,,1800,10,"D","C","A","RT 16","COUNTY ROAD 21A",24,"W","N","2014-04-26",9280,"2013-10-22",1744,"16929",,"2","9","0","1",,"2","034","-","Y","YOL",3,16,"-","-",28.266,"I","5","W","Y",2,"A","-",22350,,"N","A","H","-","A","A","0","Y","A","01",0,0,1,0,0,0,0,0,0,"-","-","UNINCORPORATED","YOLO","CA",-121.01762,38.68922
"6255574",-121.5484617,38.5970891,2013,"5700","1","3","3","08",0,2,"A",,,"Y",,,1800,10,"E","I","A","RT 80","RT 84",1320,"E","N","2014-04-26",9280,"2013-10-23",1755,"11706",,"2","9","0","1",,"2","010","-","Y","YOL",3,80,"-","R",11.6,"H","-","E","Y",2,"A","-",22107,,"N","A","H","-","A","D","1","Y","A","01",0,2,0,0,0,0,0,0,1,"-","-","UNINCORPORATED","YOLO","CA",-121.54892,38.59642
"6255349",-121.5483341,38.5916662,2013,"5704","0","3","3","03",0,2,"A",,,,,,1500,10,"C","C","A","REED AV","RIVERPOINT DR",100,"E","N","2014-05-13",5704,"2013-10-23",1301,"0107",,"5","4","0","0",,"0","001","-","N",,0,0,,,0,,,,"Y",2,"A","-",22350,,"N","A","H","-","A","A","0","Y","A","01",0,1,1,0,0,0,0,0,0,"-","-","WEST SACRAMENTO","YOLO","CA",0,0
"6255345",-121.5403787,38.5573012,2013,"5704","0","6","3","05",0,1,"A",,"Y",,,,1800,10,"A","G","A","LAKE WASHINGTON BL","SOUTHPORT PKWY",300,"N","N","2014-04-25",5704,"2013-10-26",1753,"00107",,"5","4","0","0",,"0","002","-","N",,0,0,,,0,,,,"N",2,"A","-",21650,,"N","A","H","-","A","D","0","Y","L","04",0,1,0,0,0,0,1,0,0,"-","-","WEST SACRAMENTO","YOLO","CA",0,0
"6253883",0,0,2013,"5701","0","2","3","12",0,2,"A",,,,,,1500,10,"D","C","A","1ST ST","4TH ST",0,,"Y","2014-04-23",5701,"2013-10-15",1300,"89","5","5","5","0","0",,"0","002","-","N",,0,0,,,0,,,,"Y",2,"A","-",22450,,"N","A","H","-","A","A","0","Y","A","01",0,1,1,0,0,0,0,0,0,"-","-","DAVIS","YOLO","CA",-121.73701,38.54638
"6253121",-121.5849568,38.5729214,2013,"5704","1","1","4","03",0,1,"A",,,,,,1500,10,"C","C","A","RT 80","ENTERPRISE BL",1542,"W","N","2014-04-22",9280,"2013-10-21",1335,"017800",,"1","4","0","1",,"2","010","-","Y","YOL",3,80,"-","-",8.89,"H","-","E","Y",2,"A","-",22350,,"N","A","H","-","A","D","1","Y","D","22",0,0,1,0,0,0,0,0,0,"-","-","WEST SACRAMENTO","YOLO","CA",-121.58076,38.57348
"6252709",-121.8619682,38.7779916,2013,"5700","1","3","4","01",0,1,"B",,,,,"Y",2100,10,"E","I","A","RT 5","COUNTY ROAD 95",1584,"N","N","2014-04-22",9280,"2013-10-30",1855,"014853",,"2","9","0","1",,"2","030","-","Y","YOL",3,5,"-","R",16.15,"H","-","S","Y",1,"A","-",23152,"A","N","A","H","-","D","D","1","Y","D","22",0,0,1,0,0,0,0,0,0,"-","-","UNINCORPORATED","YOLO","CA",-121.8621,38.77896
"6252708",-121.6827064,38.6733855,2013,"5700","1","2","4","08",0,1,"A",,,,,,900,11,"E","I","A","RT 5","COUNTY ROAD 102",13200,"S","N","2014-04-29",9280,"2013-11-05",730,"12272",,"1","9","0","1",,"2","020","-","Y","YOL",3,5,"-","-",3.03,"H","-","S","Y",1,"A","-",22107,,"N","A","H","-","A","D","1","Y","E","22",0,0,1,0,0,0,0,0,0,"-","-","UNINCORPORATED","YOLO","CA",-121.68285,38.67353
"6251010",-121.5262531,38.5964051,2013,"5704","0","5","3","05",0,2,"A","Y",,,,,2100,10,"G","B","E","KEGLE DR","ANNA ST",0,,"Y","2014-04-21",5704,"2013-10-11",1815,"00102",,"5","4","0","0",,"0","001","-","N",,0,0,,,0,,,,"Y",3,"A","-",21650,,"N","A","H","-","A","D","0","Y","D","22",0,1,1,0,1,0,0,0,0,"-","-","WEST SACRAMENTO","YOLO","CA",0,0
"6248345",-121.5167505,38.5879895,2013,"5704","0","2","3","05",0,1,"A",,,,,,1200,10,"E","I","A","SACRAMENTO AV","8TH ST",100,"E","N","2014-07-02",5704,"2013-10-22",931,"00107",,"5","4","0","0",,"0","001","-","N",,0,0,,,0,,,,"Y",1,"A","-",21650,,"N","A","H","-","A","D","0","Y","A","01",0,1,0,0,0,0,0,0,0,"-","-","WEST SACRAMENTO","YOLO","CA",0,0
"6248341",-121.5267889,38.5813028,2013,"5704","0","1","4","03",0,1,"A",,,,,,1800,10,"C","C","A","JEFFERSON BL","WEST CAPITOL AV",200,"N","N","2014-07-02",5704,"2013-10-21",1530,"00107",,"5","4","0","0",,"0","001","-","N",,0,0,,,0,,,,"N",2,"A","-",22350,,"N","A","H","-","A","A","0","Y","A","01",0,0,1,0,0,0,0,0,0,"-","-","WEST SACRAMENTO","YOLO","CA",0,0
"6248337",0,0,2013,"5704","0","7","2","08",0,1,"A",,,,,,1800,10,"E","J","A","HENSHAW RD","EAGLE ST",0,,"Y","2014-07-02",5704,"2013-10-20",1715,"00160",,"5","4","0","0",,"0","003","-","N",,0,0,,,0,,,,"Y",1,"A","-",22107,,"N","A","H","-","A","D","0","Y","-","-",1,0,0,0,0,0,0,0,0,"-","-","WEST SACRAMENTO","YOLO","CA",0,0
"6248071",0,0,2013,"5703","0","3","3","12",0,1,"A","Y",,,,,900,9,"G","B","B","FARMERS CENTRAL RD","PIONEER AV",0,,"Y","2014-04-11",5703,"2013-09-04",759,"863","57","5","4","0","0",,"0","004","-","N",,0,0,,,0,,,,"N",2,"A","-",22450,"A","N","A","H","-","A","A","0","Y","-","-",0,1,0,0,1,0,0,0,0,"-","-","WOODLAND","YOLO","CA",0,0
"6247559",-121.7609232,38.539075,2013,"5701","0","2","3","08",0,1,"A",,"Y",,,,1500,10,"B","G","A","HUTCHISON DR","LARUE RD",0,,"Y","2014-11-10",5701,"2013-10-22",1253,"1060","UCD","5","5","0","0",,"0",,"-","N",,0,0,,,0,,,,"N",2,"A","-",22101,"D","N","A","H","-","A","A","0","Y","L","04",0,1,0,0,0,0,1,0,0,"-","-","DAVIS","YOLO","CA",0,0
"6246348",-121.5136331,38.584905,2013,"5704","0","5","3","12",0,1,"A",,,,,,1800,9,"D","C","A","5TH ST","F ST",0,,"Y","2014-04-15",5704,"2013-09-27",1600,"124",,"5","4","0","0",,"0","ONE","-","N",,0,0,,,0,,,,"Y",2,"A","-",22450,"A","N","A","H","-","A","A","0","Y","A","01",0,1,0,0,0,0,0,0,0,"-","-","WEST SACRAMENTO","YOLO","CA",0,0
"6245085",-121.7463432,38.5506851,2013,"5701","0","3","3","09",0,1,"A",,"Y",,,,1800,9,"H","G","A","EAST 8TH","B ST",0,,"Y","2014-04-12",5701,"2013-09-18",1729,"108","4","5","5","0","0",,"0","002","-","N",,0,0,,,0,,,,"N",2,"A","-",21801,"A","N","A","H","-","A","A","0","Y","A","01",0,1,0,0,0,0,1,0,0,"-","-","DAVIS","YOLO","CA",-121.76935,38.56714
"6242287",-121.7035067,38.5508154,2013,"5701","1","2","3","03",0,2,"A",,,,"Y",,1800,10,"C","C","A","RT 80","MACE BL",2112,"W","N","2014-04-23",9280,"2013-10-15",1548,"017883",,"2","5","0","1",,"2","010","-","Y","YOL",3,80,"-","-",2.28,"H","-","E","Y",6,"A","-",22350,,"N","A","H","-","A","D","1","Y","A","01",0,2,0,0,0,0,0,0,0,"-","-","DAVIS","YOLO","CA",-121.70214,38.55111
"6242259",-121.5693851,38.5750657,2013,"5704","1","4","4","08",0,1,"A",,,,,,1200,10,"B","C","A","RT 80","ENTERPRISE BL",1056,"E","N","2014-04-30",9280,"2013-10-03",1125,"16292",,"1","4","0","1",,"2","010","-","Y","YOL",3,80,"-","-",9.5,"H","-","E","N",2,"A","-",22107,,"N","A","H","-","A","D","1","Y","D","22",0,0,1,0,0,0,0,0,0,"-","-","WEST SACRAMENTO","YOLO","CA",-121.56989,38.57518
"6242092",-121.5180631,38.5883751,2013,"5704","0","2","3","09",0,1,"A",,,,,,1800,8,"D","C","A","SACRAMENTO AV","REUTER DR",0,,"Y","2014-03-29",5704,"2013-08-27",1730,"146","YOLO","5","4","0","0",,"0","001","-","N",,0,0,,,0,,,,"Y",2,"A","-",21801,"A","N","A","H","-","A","A","0","Y","-","-",0,1,0,0,0,0,0,0,0,"-","-","WEST SACRAMENTO","YOLO","CA",0,0
"6239781",-121.6787432,38.5566873,2013,"5701","1","2","3","08",0,1,"A",,,,,,1800,10,"F","A","A","RT 80","MACE BL",5280,"E","N","2014-04-25",9280,"2013-10-08",1630,"17800",,"2","5","0","1",,"2","010","-","Y","YOL",3,80,"-","-",3.5,"H","-","W","Y",1,"A","-",22107,,"N","A","H","-","A","D","1","Y","A","01",0,1,0,0,0,0,0,0,0,"-","-","DAVIS","YOLO","CA",-121.66331,38.55959
"6239777",-121.5782869,38.4143951,2013,"5700","5","7","4","08",0,2,"A",,,,,,1800,10,"D","C","A","CLARKSBURG AV","JEFFERSON BL",1300,"E","N","2014-04-25",9280,"2013-10-13",1735,"17800",,"2","9","0","3",,"2","001","-","N",,0,0,,,0,,,,"Y",2,"A","-",22107,,"N","A","H","-","A","D","0","Y","A","07",0,0,2,0,0,0,0,0,0,"-","-","UNINCORPORATED","YOLO","CA",-121.57814,38.41445
"6239773",-121.7369749,38.5388062,2013,"5701","1","5","4","03",0,1,"A",,,,,,2100,10,"C","C","A","RT 80","RICHARDS BL",300,"W","N","2014-04-25",9280,"2013-10-04",1915,"15079",,"2","5","0","1",,"2","010","-","Y","YOL",3,80,"-","-",0.17,"H","-","E","Y",2,"A","-",22350,,"N","B","H","-","E","D","1","Y","A","01",0,0,1,0,0,0,0,0,0,"-","-","DAVIS","YOLO","CA",-121.4414,38.3221
"6239769",-121.8581631,38.648835,2013,"5700","5","4","4","09",0,1,"A",,,"Y",,,2100,10,"C","C","A","COUNTY ROAD 95","COUNTY ROAD 25",0,,"Y","2014-04-25",9280,"2013-10-10",1910,"13469",,"2","9","0","3",,"2","002","-","N",,0,0,,,0,,,,"N",2,"A","-",21802,"A","N","A","H","-","D","D","0","Y","A","01",0,0,1,0,0,0,0,0,1,"-","-","UNINCORPORATED","YOLO","CA",-121.8582,38.64882
"6236759",-121.7653331,38.684645,2013,"5703","0","5","4","12",0,2,"A",,,,,,1500,10,"D","C","A","EAST ST","BEAMER ST",0,,"Y","2014-05-05",5703,"2013-10-11",1240,"2807","24","5","4","0","0",,"0","001","-","N",,0,0,,,0,,,,"Y",2,"A","-",21453,"A","N","A","H","-","A","A","0","Y","D","22",0,0,2,0,0,0,0,0,0,"-","-","WOODLAND","YOLO","CA",0,0
"6235808",-121.5262931,38.599155,2013,"5704","0","7","4","10",0,1,"A","Y",,,,,1200,10,"G","B","D","ROGERS ST","KEGLE DR",0,,"Y","2014-04-18",5704,"2013-10-06",1022,"137","WSPD","5","4","0","0",,"0","001","-","N",,0,0,,,0,,,,"N",2,"A","-",21950,"A","N","A","H","-","A","A","0","Y","A","01",0,0,1,0,1,0,0,0,0,"-","-","WEST SACRAMENTO","YOLO","CA",0,0
"6235132",-121.5380836,38.5749412,2013,"5704","2","6","4","03",0,3,"A",,,,,,1800,10,"C","C","A","RT 50","WESTACRE RD",2640,"W","N","2014-04-18",9280,"2013-10-05",1730,"014853",,"2","4","0","1",,"2","011","-","Y","YOL",3,50,"-","-",1.68,"H","-","E","Y",2,"A","-",22350,,"N","A","H","-","A","D","1","Y","D","22",0,0,3,0,0,0,0,0,0,"-","-","WEST SACRAMENTO","YOLO","CA",-121.53404,38.57511
"6235124",-121.5716617,38.5749878,2013,"5704","1","1","4","03",0,1,"A",,,,,,1500,10,"C","C","A","RT 80","RT 50",2112,"W","N","2014-04-23",9280,"2013-10-07",1245,"17764",,"1","4","0","1",,"2","010","-","Y","YOL",3,80,"-","-",9.37,"H","-","E","Y",2,"A","-",22350,,"N","A","H","-","A","D","1","Y","D","22",0,0,1,0,0,0,0,0,0,"-","-","WEST SACRAMENTO","YOLO","CA",-121.57439,38.57448
"6232846",-121.5426815,38.5796307,2013,"5704","0","2","3","11",0,1,"A","Y",,,,"Y",1200,10,"G","B","D","WEST CAPITOL AV","PECAN ST",200,"W","N","2014-04-22",5704,"2013-10-15",1039,"00107",,"5","4","0","0",,"0","002","-","N",,0,0,,,0,,,,"N",2,"A","-",21950,"B","N","A","H","-","A","D","0","Y","N","60",0,1,0,0,1,0,0,0,0,"-","-","WEST SACRAMENTO","YOLO","CA",0,0
"6232101",-121.5516842,38.5749498,2013,"5704","2","3","4","03",0,1,"A",,,,,,1800,10,"C","C","A","RT 50","HARBOR BL",528,"W","N","2014-04-17",9280,"2013-10-02",1747,"011706",,"2","4","0","1",,"2","011","-","Y","YOL",3,50,"-","-",1.1,"H","-","E","Y",3,"A","-",22350,,"N","A","H","-","D","D","1","Y","A","07",0,0,1,0,0,0,0,0,0,"-","-","WEST SACRAMENTO","YOLO","CA",-121.5504,38.57483