"CASEID","POINT_X","POINT_Y","YEAR_","LOCATION","CHPTYPE","DAYWEEK","CRASHSEV","VIOLCAT","KILLED","INJURED","WEATHER1","PEDCOL","BICCOL","MCCOL","TRUCKCOL","ETOH","TIMECAT","MONTH_","CRASHTYP","INVOLVE","PED","PRIMARYRD","SECONDRD","DISTANCE","DIRECT","INTERSECT_","PROCDATE","JURIS","DATE_","TIME_","BADGE","JURIDIST","SHIFT","POP","SPECIAL","BEATTYPE","LAPDDIV","BEATCLAS","BEATNUMB","WEATHER2","STATEHW","CALTRANC","CALTRAND","STROUTE","ROUTESUF","POSTPRE","POSTMILE","LOCATYPE","RAMP","SIDEHW","TOWAWAY","PARTIES","PCF","VIOLCODE","VIOL","VIOLSUB","HITRUN","ROADSURF","RDCOND1","RDCOND2","LIGHTING","RIGHTWAY","CHPRDTYP","NOTPRIV","STFAULT","CHPFAULT","SEVINJ","OTHERINJ","COP","PEDKILL","PEDINJ","BICKILL","BICINJ","MCKILL","MCINJURE","RAMP1","RAMP2","CITY","COUNTY","STATE","X_CHP","Y_CHP"
"6232097",-121.6005355,38.5701387,2013,"5700","1","2","4","03",0,1,"A",,,,,,900,10,"C","C","A","RT 80","ENTERPRISE BL",6336,"W","N","2014-04-17",9280,"2013-10-01",732,"017763",,"1","9","0","1",,"2","010","-","Y","YOL",3,80,"-","-",7.98,"H","-","E","Y",2,"A","-",22350,,"N","A","H","-","A","D","1","Y","A","01",0,0,1,0,0,0,0,0,0,"-","-","UNINCORPORATED","YOLO","CA",-121.60074,38.57005
"6230430",0,0,2013,"5703","0","5","3","-",0,1,"A","Y",,,,,2100,10,"A","B","B","PHEASANT CT","MALLARD RD",10,"W","N","2014-04-16",5703,"2013-10-04",1923,"2893","86","5","4","0","0",,"0","002","-","N",,0,0,,,0,,,,"N",2,"A","-",0,,"N","A","H","-","C","D","0","Y","A","07",0,1,0,0,1,0,0,0,0,"-","-","WOODLAND","YOLO","CA",0,0
"6229816",-121.5497032,38.5394551,2013,"5704","0","3","4","05",0,1,"A",,"Y",,,,1500,9,"B","G","A","JEFFERSON BL","LINDEN RD",0,,"Y","2014-04-15",5704,"2013-09-25",1300,"00165",,"5","4","0","0",,"0","003","-","N",,0,0,,,0,,,,"N",2,"A","-",21650,"1","N","A","D","-","A","A","0","Y","L","04",0,0,1,0,0,0,1,0,0,"-","-","WEST SACRAMENTO","YOLO","CA",0,0
"6229812",-121.5252231,38.577225,2013,"5704","0","1","4","03",0,1,"A",,,,,,1500,9,"C","C","A","JEFFERSON BL","RT 50",0,,"Y","2014-04-16",5704,"2013-09-30",1340,"00165",,"5","4","0","0",,"0","002","-","N",,0,0,,,0,,,,"Y",2,"A","-",22350,,"N","A","H","-","A","A","0","Y","D","22",0,0,1,0,0,0,0,0,0,"-","-","WEST SACRAMENTO","YOLO","CA",0,0
"6229353",-121.6233277,38.5662697,2013,"5700","1","7","4","03",0,3,"A",,,,,,1800,9,"C","C","A","RT 80","WEBSTER",4224,"E","N","2014-04-29",9280,"2013-09-29",1617,"16929",,"2","9","0","1",,"2","010","-","Y","YOL",3,80,"-","-",6.6,"H","-","W","N",3,"A","-",22350,,"N","A","H","-","A","D","1","Y","A","07",0,0,3,0,0,0,0,0,0,"-","-","UNINCORPORATED","YOLO","CA",-121.62426,38.56624
"6229337",-121.6114268,38.5683601,2013,"5700","1","1","3","18",0,1,"A",,,,,,2100,9,"E","J","A","RT 80","WEBSTER",7920,"E","N","2014-04-29",9280,"2013-09-30",1926,"16929",,"2","9","0","1",,"2","010","-","Y","YOL",3,80,"-","-",7.3,"H","-","W","Y",1,"C","-",0,,"N","A","H","-","D","D","1","Y","-","-",0,1,0,0,0,0,0,0,0,"-","-","UNINCORPORATED","YOLO","CA",-121.61431,38.5678
"6229293",-121.5323862,38.5756042,2013,"5704","2","7","4","01",0,1,"A",,,,,"Y",1800,9,"B","C","A","RT 50","JEFFERSON BL",2640,"W","N","2014-04-28",9280,"2013-09-22",1500,"16929",,"2","4","0","1",,"2","011","-","Y","YOL",3,50,"-","-",2,"H","-","E","Y",2,"A","-",23152,"A","N","A","H","-","A","D","1","Y","A","01",0,0,1,0,0,0,0,0,0,"-","-","WEST SACRAMENTO","YOLO","CA",-121.53281,38.57535
"6229281",0,0,2013,"5700","5","5","3","08",0,1,"A",,,,,,1500,9,"F","I","A","COUNTY ROAD 93A","COUNTY ROAD 31",1056,"S","N","2014-04-28",9280,"2013-09-27",1353,"17772",,"1","9","0","3",,"2","003","-","N",,0,0,,,0,,,,"Y",1,"A","-",22107,,"N","A","H","-","A","A","0","Y","A","07",0,1,0,0,0,0,0,0,0,"-","-","UNINCORPORATED","YOLO","CA",-121.90148,38.5576
"6229047",-121.7276745,38.5453465,2013,"5701","1","5","4","03",0,1,"A",,,,"Y",,1500,9,"C","C","A","RT 80","RICHARDS BL",2640,"E","N","2014-04-14",9280,"2013-09-20",1248,"16632",,"1","5","0","1",,"2","010","-","Y","YOL",3,80,"-","-",0.73,"H","-","W","Y",2,"A","-",22350,,"N","A","H","-","A","D","1","Y","F","26",0,0,1,0,0,0,0,0,0,"-","-","DAVIS","YOLO","CA",-121.58875,38.57224
"6227803",-121.6944584,38.5504496,2013,"5701","0","5","4","03",0,1,"A",,,,,,1500,9,"C","C","A","CHILES RD","MACE BL",25,"W","N","2014-04-12",5701,"2013-09-13",1310,"98","9","5","5","0","0",,"0","004","-","N",,0,0,,,0,,,,"N",2,"A","-",22350,,"N","A","H","-","A","A","0","Y","A","01",0,0,1,0,0,0,0,0,0,"-","-","DAVIS","YOLO","CA",-121.69244,38.55108
"6227156",-121.5486332,38.5718939,2013,"5704","0","6","4","03",0,1,"A",,,,,,2100,9,"C","C","A","HARBOR BL","BEACON BL",15,"S","N","2014-04-07",5704,"2013-09-28",1949,"00142",,"5","4","0","0",,"0","002","-","N",,0,0,,,0,,,,"N",2,"A","-",22350,,"N","A","H","-","C","A","0","Y","A","01",0,0,1,0,0,0,0,0,0,"-","-","WEST SACRAMENTO","YOLO","CA",0,0
"6225977",-121.9707132,38.525025,2013,"5702","0","3","4","04",0,3,"-",,,,,,1800,5,"C","C","A","GRANT AV","RAILROAD AV",0,,"Y","2015-01-15",5702,"2013-05-01",1704,"537","B","5","2","0","0",,"0","00B","-","N",,0,0,,,0,,,,"N",2,"A","-",21703,,"N","-","-","-","-","A","0","Y","-","-",0,0,3,0,0,0,0,0,0,"-","-","WINTERS","YOLO","CA",0,0
"6225926",0,0,2013,"5702","0","5","3","03",0,1,"A",,,,,,900,4,"B","C","A","KENNEDY DR","ROOSEVELT AV",118,"E","N","2014-02-12",5702,"2013-04-05",843,"535",,"5","2","0","0",,"0","00D","-","N",,0,0,,,0,,,,"Y",2,"A","-",22350,,"N","A","H","-","B","D","0","Y","A","01",0,1,0,0,0,0,0,0,0,"-","-","WINTERS","YOLO","CA",0,0
"6225922",0,0,2013,"5702","0","6","2","01",0,1,"A",,,"Y",,"Y",2100,4,"E","I","A","SNAPDRAGON ST","FICUS LN",81,"E","N","2014-02-12",5702,"2013-04-27",1947,"532","C","5","2","0","0",,"0","00C","-","N",,0,0,,,0,,,,"N",1,"A","-",23152,"A","N","-","-","-","A","D","0","Y","C","02",1,0,0,0,0,0,0,0,1,"-","-","WINTERS","YOLO","CA",0,0
"6225777",-121.9718027,38.5246248,2013,"5702","0","6","4","03",0,3,"A",,,,,,1800,8,"C","C","A","GRANT AV","RAILROAD AV",344,"W","N","2014-09-09",5702,"2013-08-03",1749,"532","YOLO","5","2","0","0",,"0","00A","-","Y",,0,0,,,0,,,,"Y",4,"A","-",22350,,"F","A","H","-","A","A","0","Y","-","-",0,0,3,0,0,0,0,0,0,"-","-","WINTERS","YOLO","CA",0,0
"6224996",-121.9652762,38.6814729,2013,"5700","3","6","4","01",0,2,"C",,,,,"Y",2100,9,"D","C","A","RT 16","COUNTY ROAD 89",500,"E","N","2014-04-08",9280,"2013-09-21",1813,"016144",,"2","9","0","1",,"2","034","-","Y","YOL",3,16,"-","-",31.18,"H","-","E","Y",2,"A","-",23152,"A","N","B","H","-","A","D","0","Y","A","01",0,0,2,0,0,0,0,0,0,"-","-","UNINCORPORATED","YOLO","CA",-121.96094,38.68087
"6224992",-121.6387131,38.5634451,2013,"5700","5","4","3","12",0,1,"A",,"Y",,,,2100,9,"D","G","A","RT 80","COUNTY ROAD 32A",0,,"Y","2014-04-08",9280,"2013-09-19",1830,"015168",,"2","9","0","3",,"2","001","-","Y","YOL",3,80,"-","-",5.693,"R","4","W","N",2,"A","-",22450,"A","N","A","H","-","A","A","1","Y","A","01",0,1,0,0,0,0,1,0,0,"TO","-","UNINCORPORATED","YOLO","CA",-121.64247,38.56468
"6224988",-121.5233233,38.5767238,2013,"5700","2","5","3","01",0,1,"A",,,,,"Y",2400,9,"E","I","A","RT 50","JEFFERSON BL",100,"E","N","2014-04-08",9280,"2013-09-13",2225,"017351",,"3","9","0","1",,"2","011","-","Y","YOL",3,50,"-","-",2.52,"H","-","E","Y",1,"A","-",23152,"A","N","A","H","-","E","D","1","Y","A","01",0,1,0,0,0,0,0,0,0,"-","-","UNINCORPORATED","YOLO","CA",-121.52487,38.57704
"6224810",-121.7979131,38.677635,2013,"5703","0","7","3","09",0,1,"A",,"Y","Y",,,2100,8,"D","G","A","W MAIN ST","ASHLEY AV",0,,"Y","2014-04-05",5703,"2013-08-25",2012,"816","82","5","4","0","0",,"0","002","-","N",,0,0,,,0,,,,"N",2,"A","-",21453,"C","N","A","H","-","C","A","0","Y","L","04",0,1,0,0,0,0,1,0,0,"-","-","WOODLAND","YOLO","CA",0,0
"6223970",-121.5268331,38.589555,2013,"5704","0","3","2","12",0,1,"A",,"Y",,,,1200,8,"D","G","A","JEFFERSON BL","SACRAMENTO AV",0,,"Y","2014-03-29",5704,"2013-08-28",1118,"00165",,"5","4","0","0",,"0","001","-","N",,0,0,,,0,,,,"N",2,"A","-",21453,"A","N","A","H","-","A","A","0","Y","L","04",1,0,0,0,0,0,1,0,0,"-","-","WEST SACRAMENTO","YOLO","CA",0,0
"6222650",-121.7840132,38.678855,2013,"5703","0","7","4","12",0,3,"A",,,,,,2100,9,"A","C","A","W COURT ST","WEST ST",0,,"Y","2014-04-14",5703,"2013-09-15",1850,"2888","62","5","4","0","0",,"0","002","-","N",,0,0,,,0,,,,"Y",4,"A","-",21453,"A","N","A","H","-","B","A","0","Y","A","01",0,0,3,0,0,0,0,0,0,"-","-","WOODLAND","YOLO","CA",0,0
"6222169",-121.7469432,38.680985,2013,"5703","0","6","3","03",0,4,"A",,,,,,1800,9,"C","C","A","PIONEER AV","TIDE CT",0,,"Y","2014-04-07",5703,"2013-09-14",1519,"865","61","5","4","0","0",,"0","001","-","N",,0,0,,,0,,,,"Y",3,"A","-",22350,,"N","A","D","-","A","A","0","Y","D","22",0,1,3,0,0,0,0,0,0,"-","-","WOODLAND","YOLO","CA",0,0
"6221706",-121.7839631,38.684755,2013,"5703","0","1","3","09",0,1,"A",,,"Y",,,2100,9,"D","C","A","BEAMER ST","WEST ST",0,,"Y","2014-11-03",5703,"2013-09-16",1812,"2882","62","5","4","0","0",,"0","002","-","N",,0,0,,,0,,,,"Y",2,"A","-",21801,"A","N","A","H","-","A","A","0","Y","A","01",0,1,0,0,0,0,0,0,0,"-","-","WOODLAND","YOLO","CA",0,0
"6221356",-121.5497123,38.5769036,2013,"5704","0","5","3","06",0,1,"A",,,,,,1800,9,"D","C","A","EVERGREEN AV","HARBOR BL",300,"W","N","2014-04-02",5704,"2013-09-27",1616,"00142",,"5","4","0","0",,"0","002","-","N",,0,0,,,0,,,,"N",2,"A","-",21750,,"N","A","H","-","A","D","0","Y","A","01",0,1,0,0,0,0,0,0,0,"-","-","WEST SACRAMENTO","YOLO","CA",0,0
"6221144",0,0,2013,"5704","0","1","3","08",0,1,"A",,,"Y",,,1800,9,"C","E","A","SAN VICENTE RD","MARTIS ST",0,,"Y","2014-04-10",5704,"2013-09-23",1610,"165",,"5","4","0","0",,"0","003","-","N",,0,0,,,0,,,,"N",2,"A","-",22107,,"N","A","H","-","A","D","0","Y","C","02",0,1,0,0,0,0,0,0,1,"-","-","WEST SACRAMENTO","YOLO","CA",0,0
"6221145",-121.5202034,38.5857094,2013,"5704","0","3","3","03",0,2,"A",,,,,,1800,9,"C","C","A","F ST","WEST ST",740,"E","N","2014-04-10",5704,"2013-09-25",1515,"158","WSPD","5","4","0","0",,"0","001","-","N",,0,0,,,0,,,,"N",2,"A","-",22350,,"N","A","H","-","A","D","0","Y","A","01",0,1,1,0,0,0,0,0,0,"-","-","WEST SACRAMENTO","YOLO","CA",0,0
"6221143",-121.5334331,38.590255,2013,"5704","0","6","3","05",0,1,"C",,"Y",,,,1500,9,"D","G","A","TODHUNTER AV","SACRAMENTO AV",0,,"Y","2014-04-10",5704,"2013-09-21",1353,"169","5704","5","4","0","0",,"0","001","-","N",,0,0,,,0,,,,"N",2,"A","-",21650,"1","N","B","H","-","A","A","0","Y","I","11",0,1,0,0,0,0,1,0,0,"-","-","WEST SACRAMENTO","YOLO","CA",0,0
"6219469",-121.9580415,38.7152138,2013,"5700","1","7","4","08",0,1,"B",,,,,,2100,9,"F","A","A","RT 505","COUNTY ROAD 19",1320,"S","N","2014-04-09",9280,"2013-09-29",1800,"017800",,"2","9","0","1",,"2","031","-","Y","YOL",3,505,"-","-",13.18,"H","-","N","Y",1,"A","-",22107,,"N","A","H","-","A","D","1","Y","A","01",0,0,1,0,0,0,0,0,0,"-","-","UNINCORPORATED","YOLO","CA",-121.98715,38.71096
"6218706",-121.7329879,38.6844751,2013,"5703","0","1","4","09",0,1,"A",,,,,,900,9,"A","C","A","E BEAMER ST","PIONEER AV",3960,"E","N","2014-04-28",5703,"2013-09-16",720,"839","23","5","4","0","0",,"0","001","-","N",,0,0,,,0,,,,"Y",2,"A","-",21801,"A","N","A","H","-","A","D","0","Y","A","01",0,0,1,0,0,0,0,0,0,"-","-","WOODLAND","YOLO","CA",0,0
"6218193",-121.6489515,38.6732647,2013,"5700","1","1","2","03",0,3,"A",,,,,,1800,9,"C","C","A","RT 5","OLD RIVER RD",5280,"N","N","2014-04-16",9280,"2013-09-23",1647,"16929",,"2","9","0","1",,"2","020","-","Y","YOL",3,5,"-","-",1.15,"H","-","S","Y",5,"A","-",22350,,"N","A","H","-","A","D","1","Y","D","22",1,1,1,0,0,0,0,0,0,"-","-","UNINCORPORATED","YOLO","CA",-121.6477,38.67324
"6218122",-121.7447758,38.5595354,2013,"5701","0","5","4","21",0,1,"A",,"Y",,,,2100,7,"H","G","A","F ST","COVELL BL",456,"S","N","2014-03-17",5701,"2013-07-26",2007,"110","3","5","5","0","0",,"0","001","-","N",,0,0,,,0,,,,"N",2,"A","-",22106,,"N","A","H","-","A","D","0","Y","A","01",0,0,1,0,0,0,1,0,0,"-","-","DAVIS","YOLO","CA",-121.73117,38.54699
"6217587",-121.6046296,38.5695673,2013,"5700","1","4","3","08",0,1,"A",,,,,,1800,9,"E","I","A","RT 80","WEBSTER",10032,"E","N","2014-04-12",9280,"2013-09-26",1542,"11706",,"2","9","0","1",,"2","010","-","Y","YOL",3,80,"-","-",7.7,"H","-","W","Y",1,"A","-",22107,,"N","A","H","-","A","D","1","Y","A","08",0,1,0,0,0,0,0,0,0,"-","-","UNINCORPORATED","YOLO","CA",-121.60708,38.56922
"6217583",-121.5758151,38.5746538,2013,"5704","1","4","4","07",0,1,"A",,,"Y",,,900,9,"-","-","A","RT 80","ENTERPRISE BL",100,"E","N","2014-10-20",9280,"2013-09-26",740,"17772",,"1","4","0","1",,"2","010","-","Y","YOL",3,80,"-","-",9.22,"H","-","W","N",2,"A","-",21658,"A","N","A","H","-","A","-","1","Y","-","-",0,0,1,0,0,0,0,0,1,"-","-","WEST SACRAMENTO","YOLO","CA",-121.57108,38.57531
"6215876",-121.5365331,38.5534051,2013,"5704","0","5","4","03",0,1,"A",,,,,"Y",2400,9,"E","I","A","JEFFERSON BL","MANCHESTER ST",0,,"Y","2014-04-09",5704,"2013-09-20",2221,"00142",,"5","4","0","0",,"0","003","-","N",,0,0,,,0,,,,"N",1,"A","-",22350,,"N","A","H","-","C","A","0","Y","A","01",0,0,1,0,0,0,0,0,0,"-","-","WEST SACRAMENTO","YOLO","CA",0,0
"6215365",0,0,2013,"5701","0","1","3","12",0,1,"A",,"Y",,,,1500,9,"D","G","A","HUTCHISON DR","EXTENSION CENTER DR",0,,"Y","2014-04-07",5701,"2013-09-09",1245,"1060","UCD","5","5","0","0",,"0",,"-","N",,0,0,,,0,,,,"N",2,"A","-",22450,"A","N","A","H","-","A","D","0","Y","L","04",0,1,0,0,0,0,1,0,0,"-","-","DAVIS","YOLO","CA",0,0
"6212755",0,0,2013,"5701","0","5","4","05",0,1,"A",,"Y",,,"Y",300,5,"H","G","A","1ST ST","J ST",300,"S","N","2014-02-28",5701,"2013-05-24",137,"106","5","5","5","0","0",,"0","002","-","N",,0,0,,,0,,,,"N",2,"A","-",21650,"1","N","A","H","-","C","D","0","Y","A","01",0,0,1,0,0,0,1,0,0,"-","-","DAVIS","YOLO","CA",0,0
"6212728",-121.7657931,38.655595,2013,"5703","0","2","2","12",0,1,"A",,"Y",,,,2100,9,"D","G","A","COUNTY ROAD 24A","EAST ST",0,,"Y","2014-04-05",5703,"2013-09-03",1959,,,"5","4","0","0",,"0",,"-","N",,0,0,,,0,,,,"Y",2,"A","-",21453,"A","N","A","H","-","C","A","0","Y","L","04",1,0,0,0,0,0,1,0,0,"-","-","WOODLAND","YOLO","CA",-121.76574,38.65549
"6212673",-121.7334131,38.544795,2013,"5701","0","1","3","01",0,1,"A",,,,,"Y",600,8,"A","I","A","L ST","2ND ST",0,,"Y","2014-03-28",5701,"2013-08-26",339,"38","5","5","5","0","0",,"0","002","-","N",,0,0,,,0,,,,"Y",1,"A","-",23152,"A","N","A","H","-","C","A","0","Y","A","07",0,1,0,0,0,0,0,0,0,"-","-","DAVIS","YOLO","CA",-121.73362,38.54489
"6211040",-121.5372828,38.5916128,2013,"5704","0","1","4","05",0,1,"A",,,"Y",,,2100,9,"A","C","A","HOBSON AV","BRYTE AV",40,"W","N","2014-04-11",5704,"2013-09-23",1820,"00161","5704","5","4","0","0",,"0","003","-","N",,0,0,,,0,,,,"N",2,"A","-",21650,,"N","A","H","-","A","D","0","Y","C","03",0,0,1,0,0,0,0,0,1,"-","-","WEST SACRAMENTO","YOLO","CA",0,0
"6210151",-121.630117,38.6734649,2013,"5700","1","1","4","03",0,1,"A",,,,,,900,8,"C","C","A","RT 5","OLD RIVER RD",528,"N","N","2014-04-01",9280,"2013-08-26",850,"016292",,"1","9","0","1",,"2","020","-","Y","YOL",3,5,"-","-",0.25,"H","-","N","Y",2,"A","-",22350,,"N","A","H","-","A","D","1","Y","A","07",0,0,1,0,0,0,0,0,0,"-","-","UNINCORPORATED","YOLO","CA",-121.63894,38.6734
"6210147",-121.7130648,38.5486354,2013,"5701","1","6","4","03",0,1,"A",,,,,,1800,8,"C","C","A","RT 80","MACE BL",5280,"W","N","2014-04-01",9280,"2013-08-31",1550,"015079",,"2","5","0","1",,"2","010","-","Y","YOL",3,80,"-","-",1.68,"H","-","E","Y",2,"A","-",22350,,"N","A","H","-","A","D","1","Y","A","01",0,0,1,0,0,0,0,0,0,"-","-","DAVIS","YOLO","CA",-121.4238,38.3253
"6209904",-122.0405871,38.6922235,2013,"5700","5","2","4","03",0,1,"A",,,,,,2400,9,"C","C","A","COUNTY ROAD 85B","COUNTY ROAD 21A",25,"N","N","2014-04-11",9280,"2013-09-17",2100,"017800",,"2","9","0","3",,"2","003","-","N",,0,0,,,0,,,,"Y",2,"A","-",22350,,"N","A","H","-","D","D","0","Y","A","01",0,0,1,0,0,0,0,0,0,"-","-","UNINCORPORATED","YOLO","CA",-122.03922,38.69213
"6209892",-121.5879821,38.5725467,2013,"5700","1","1","4","04",0,1,"A",,,,,,900,9,"C","C","A","RT 80","ENTERPRISE BL",2640,"W","N","2014-04-08",9280,"2013-09-16",829,"017375",,"1","9","0","1",,"2","010","-","Y","YOL",3,80,"-","-",8.68,"H","-","W","N",4,"A","-",21703,,"N","A","H","-","A","D","1","Y","A","07",0,0,1,0,0,0,0,0,0,"-","-","UNINCORPORATED","YOLO","CA",-121.59091,38.572
"6209888",-121.9874332,38.9057551,2013,"5700","1","1","4","03",0,1,"A",,,,,,2100,9,"C","C","A","RT 5","COUNTY ROAD 2",2112,"S","N","2014-04-08",9280,"2013-09-02",1830,"017763",,"2","9","0","1",,"2","030","-","Y","YOL",3,5,"-","R",27.38,"H","-","S","Y",3,"A","-",22350,,"N","A","H","-","A","D","1","Y","A","01",0,0,1,0,0,0,0,0,0,"-","-","UNINCORPORATED","YOLO","CA",-121.9875,38.90608
"6209815",-121.767346,38.5944245,2013,"5700","3","5","4","08",0,1,"A",,,,,,1500,9,"F","A","A","RT 113","COUNTY ROAD 29",1056,"N","N","2014-04-08",9280,"2013-09-13",1450,"014853",,"2","9","0","1",,"2","022","-","Y","YOL",3,113,"-","R",4.31,"H","-","S","Y",1,"A","-",22107,,"N","A","H","-","A","D","1","Y","A","01",0,0,1,0,0,0,0,0,0,"-","-","UNINCORPORATED","YOLO","CA",-121.46049,38.35771
"6209787",-121.6019058,38.5698967,2013,"5700","1","3","3","08",0,1,"A",,,,,,2100,9,"E","I","A","RT 80","WEBSTER",11088,"E","N","2014-04-08",9280,"2013-09-18",1845,"011706",,"2","9","0","1",,"2","010","-","Y","YOL",3,80,"-","-",7.9,"H","-","E","Y",1,"A","-",22107,,"N","A","H","-","A","D","1","Y","A","08",0,1,0,0,0,0,0,0,0,"-","-","UNINCORPORATED","YOLO","CA",-121.59987,38.57034
"6209742",-121.6387131,38.5634451,2013,"5700","5","4","3","09",0,1,"A",,,"Y",,,1800,9,"D","C","A","COUNTY ROAD 32A","RT 80",0,,"Y","2014-04-12",9280,"2013-09-19",1635,"11706",,"2","9","0","3",,"2","001","-","Y","YOL",3,80,"-","-",5.693,"R","4","W","Y",2,"A","-",21802,"A","N","A","H","-","A","A","1","Y","A","01",0,1,0,0,0,0,0,0,1,"-","TO","UNINCORPORATED","YOLO","CA",-121.6424,38.56457
"6209710",-121.5885512,38.5722756,2013,"5704","1","5","4","08",0,1,"A",,,,,,900,9,"B","I","A","RT 80","ENTERPRISE BL",2640,"W","N","2014-04-12",9280,"2013-09-20",826,"16632",,"1","4","0","1",,"2","010","-","Y","YOL",3,80,"-","-",8.68,"H","-","E","Y",2,"A","-",22107,,"N","A","H","-","A","D","1","Y","A","07",0,0,1,0,0,0,0,0,0,"-","-","WEST SACRAMENTO","YOLO","CA",-121.58875,38.57224
"6209706",-121.5532636,38.5906343,2013,"5704","1","5","4","03",0,2,"A",,,,,,2100,9,"C","C","A","RT 80","RT 84",528,"W","N","2014-04-12",9280,"2013-09-20",1800,"11706",,"2","4","0","1",,"2","010","-","Y","YOL",3,80,"-","R",11.11,"H","-","W","Y",3,"A","-",22350,,"N","A","H","-","A","D","1","Y","A","01",0,0,2,0,0,0,0,0,0,"-","-","WEST SACRAMENTO","YOLO","CA",-121.55271,38.59135
"6209568",-121.759705,38.6411692,2013,"5700","3","4","2","08",0,1,"A",,,,,,2400,9,"E","I","A","RT 113","COUNTY ROAD 25A",171,"S","N","2014-04-07",9280,"2013-09-05",2250,"12873",,"3","9","0","1",,"2","022","-","Y","YOL",3,113,"-","R",7.67,"H","-","N","Y",1,"A","-",22107,,"N","A","H","-","D","D","1","Y","A","01",1,0,0,0,0,0,0,0,0,"-","-","UNINCORPORATED","YOLO","CA",-121.75964,38.64095
"6209564",-121.6715403,38.6736251,2013,"5700","1","5","3","03",0,1,"A",,,"Y",,,2400,9,"C","C","A","RT 5","COUNTY ROAD 22",12144,"N","N","2014-04-12",9280,"2013-09-06",2245,"16027",,"3","9","0","1",,"2","020","-","Y","YOL",3,5,"-","-",2.45,"H","-","N","Y",2,"A","-",22350,,"N","A","H","-","D","D","1","Y","A","01",0,1,0,0,0,0,0,0,1,"-","-","UNINCORPORATED","YOLO","CA",0,0
"6209528",-121.7646814,38.7178265,2013,"5700","3","1","3","09",0,2,"A",,,,,,1800,9,"A","C","A","RT 113","BEST RANCH RD",232,"N","N","2014-04-12",9280,"2013-09-09",1606,"16929",,"2","9","0","1",,"2","023","-","Y","YOL",3,113,"-","-",12.92,"H","-","S","Y",2,"A","-",21804,"A","N","A","H","-","A","D","0","Y","A","01",0,2,0,0,0,0,0,0,0,"-","-","UNINCORPORATED","YOLO","CA",-121.76476,38.71781
"6207458",-121.9714332,38.6205249,2013,"5700","5","3","3","12",0,2,"A",,,,,,1200,9,"D","C","A","COUNTY ROAD 89","COUNTY ROAD 27",0,,"Y","2014-04-12",9280,"2013-09-25",935,"012272",,"1","9","0","3",,"2","003","-","N",,0,0,,,0,,,,"Y",2,"A","-",22450,"A","N","A","A","-","A","A","0","Y","A","01",0,1,1,0,0,0,0,0,0,"-","-","UNINCORPORATED","YOLO","CA",-121.97132,38.62053
"6207290",-121.7504331,38.560835,2013,"5701","0","3","3","09",0,1,"A",,,,,,1200,8,"A","C","A","CATALINA DR","WEST COVELL BL",0,,"Y","2014-03-29",5701,"2013-08-28",906,"72","3","5","5","0","0",,"0","001","-","N",,0,0,,,0,,,,"Y",2,"A","-",21800,"D","N","A","H","-","A","B","0","Y","A","08",0,1,0,0,0,0,0,0,0,"-","-","DAVIS","YOLO","CA",-121.75714,38.55931
"6206400",-121.7892831,38.669165,2013,"5703","0","6","2","12",0,1,"A",,,,,,2400,9,"D","D","A","CALIFORNIA ST","SOUTHWOOD DR",0,,"Y","2014-04-11",5703,"2013-09-14",2111,"895","54","5","4","0","0",,"0","003","-","N",,0,0,,,0,,,,"Y",2,"A","-",22450,"A","F","A","H","-","C","A","0","Y","A","07",1,0,0,0,0,0,0,0,0,"-","-","WOODLAND","YOLO","CA",0,0
"6206236",-121.7988132,38.681605,2013,"5703","0","5","2","03",0,1,"A",,,"Y",,,2100,8,"C","C","A","PORTER ST","INYO PL",0,,"Y","2014-03-27",5703,"2013-08-16",2055,"831","82","5","4","0","0",,"0","002","-","N",,0,0,,,0,,,,"N",2,"A","-",22350,,"N","A","H","-","D","D","0","Y","C","02",1,0,0,0,0,0,0,0,1,"-","-","WOODLAND","YOLO","CA",0,0
"6205975",-121.7885452,38.6848046,2013,"5703","0","4","3","11",0,1,"A","Y",,,,,900,9,"G","B","B","BEAMER ST","CALIFORNIA ST",8,"E","N","2014-04-04",5703,"2013-09-05",743,"832","64","5","4","0","0",,"0","002","-","N",,0,0,,,0,,,,"N",2,"A","-",21950,"B","N","A","H","-","A","A","0","Y","N","60",0,1,0,0,1,0,0,0,0,"-","-","WOODLAND","YOLO","CA",0,0
"6204559",-121.7022318,38.5511039,2013,"5701","1","5","4","03",0,3,"A",,,,"Y",,1500,9,"C","C","A","RT 80","MACE BL",1056,"W","N","2014-04-11",9280,"2013-09-20",1436,"016632",,"2","5","0","1",,"2","010","-","Y","YOL",3,80,"-","-",2.36,"H","-","E","Y",3,"A","-",22350,,"N","A","H","-","A","D","1","Y","G","25",0,0,3,0,0,0,0,0,0,"-","-","DAVIS","YOLO","CA",-121.70032,38.5514