"CASEID","POINT_X","POINT_Y","YEAR_","LOCATION","CHPTYPE","DAYWEEK","CRASHSEV","VIOLCAT","KILLED","INJURED","WEATHER1","PEDCOL","BICCOL","MCCOL","TRUCKCOL","ETOH","TIMECAT","MONTH_","CRASHTYP","INVOLVE","PED","PRIMARYRD","SECONDRD","DISTANCE","DIRECT","INTERSECT_","PROCDATE","JURIS","DATE_","TIME_","BADGE","JURIDIST","SHIFT","POP","SPECIAL","BEATTYPE","LAPDDIV","BEATCLAS","BEATNUMB","WEATHER2","STATEHW","CALTRANC","CALTRAND","STROUTE","ROUTESUF","POSTPRE","POSTMILE","LOCATYPE","RAMP","SIDEHW","TOWAWAY","PARTIES","PCF","VIOLCODE","VIOL","VIOLSUB","HITRUN","ROADSURF","RDCOND1","RDCOND2","LIGHTING","RIGHTWAY","CHPRDTYP","NOTPRIV","STFAULT","CHPFAULT","SEVINJ","OTHERINJ","COP","PEDKILL","PEDINJ","BICKILL","BICINJ","MCKILL","MCINJURE","RAMP1","RAMP2","CITY","COUNTY","STATE","X_CHP","Y_CHP"
"6204513",-121.7050999,38.5504527,2013,"5701","1","6","4","03",0,3,"A",,,,,,1800,9,"C","C","A","RT 80","MACE BL",2640,"W","N","2014-04-09",9280,"2013-09-14",1618,"016929",,"2","5","0","1",,"2","010","-","Y","YOL",3,80,"-","-",2.18,"H","-","E","Y",5,"A","-",22350,,"N","A","H","-","A","D","1","Y","D","22",0,0,3,0,0,0,0,0,0,"-","-","DAVIS","YOLO","CA",-121.70423,38.55072
"6204511",-121.5828231,38.4144404,2013,"5700","3","4","4","09",0,1,"A",,,,,,2100,9,"D","C","A","JEFFERSON BL","CLARKSBURG RD",0,,"Y","2014-04-08",9280,"2013-09-19",1840,"011706",,"2","9","0","1",,"2","013","-","Y","YOL",3,84,"-","-",9.53,"I","5","N","Y",2,"A","-",21802,"A","N","A","H","-","A","A","0","Y","D","22",0,0,1,0,0,0,0,0,0,"-","-","UNINCORPORATED","YOLO","CA",-121.58279,38.41438
"6204470",-121.7258102,38.5457417,2013,"5701","1","5","4","03",0,2,"A",,,,,,1500,9,"C","C","A","RT 80","POLE LINE RD",35,"W","N","2014-04-07",9280,"2013-09-13",1430,"17772",,"2","5","0","1",,"2","010","-","Y","YOL",3,80,"-","-",0.88,"H","-","E","Y",3,"A","-",22350,,"N","A","H","-","A","A","1","Y","A","01",0,0,2,0,0,0,0,0,0,"-","-","DAVIS","YOLO","CA",-121.72671,38.54562
"6203918",-121.7510832,38.6702551,2013,"5703","3","4","3","08",0,2,"A",,,,,,1800,8,"D","C","A","RT 113","EAST MAIN ST",650,"N","N","2014-04-03",9280,"2013-08-29",1640,"014853",,"2","4","0","1",,"2","022","-","Y","YOL",3,113,"-","R",9.851,"R","2","N","Y",2,"A","-",22107,,"N","A","H","-","A","D","1","Y","E","22",0,1,1,0,0,0,0,0,0,"TO","-","WOODLAND","YOLO","CA",-121.74974,38.62453
"6203910",-121.8395832,38.6778851,2013,"5700","3","5","4","09",0,1,"A",,,,,,1800,8,"D","C","A","RT 16","COUNTY ROAD 96",0,,"Y","2014-03-27",9280,"2013-08-30",1745,"015492",,"2","9","0","1",,"1","024","-","Y","YOL",3,16,"-","-",38.556,"I","5","W","Y",2,"A","-",21802,"A","N","A","H","-","A","A","0","Y","A","01",0,0,1,0,0,0,0,0,0,"-","-","UNINCORPORATED","YOLO","CA",-121.03961,38.67781
"6203902",-121.9515833,38.531849,2013,"5700","5","2","4","03",0,1,"A",,,,,,1800,9,"C","C","A","RUSSELL BL","RT 505",124,"W","N","2014-04-07",9280,"2013-09-10",1618,"017763",,"2","9","0","3",,"2","003","-","Y","YOL",3,128,"-","-",9.79,"H","-","W","Y",2,"A","-",22350,,"N","A","H","-","A","D","0","Y","D","22",0,0,1,0,0,0,0,0,0,"-","-","UNINCORPORATED","YOLO","CA",-121.95439,38.53096
"6203898",0,0,2013,"5700","5","6","3","03",0,1,"A",,,,,,600,8,"E","J","A","COUNTY ROAD 97F","COUNTY ROAD 17",528,"N","N","2014-03-27",9280,"2013-08-31",500,"16292",,"3","9","0","3",,"2","002","-","N",,0,0,,,0,,,,"Y",1,"A","-",22350,,"N","A","H","-","C","D","0","Y","D","22",0,1,0,0,0,0,0,0,0,"-","-","UNINCORPORATED","YOLO","CA",-121.8239,38.74264
"6203886",-121.8584995,38.6095743,2013,"5700","5","2","3","05",0,1,"A",,,,,,1200,8,"B","C","A","COUNTY ROAD 95","COUNTY ROAD 27",3696,"S","N","2014-04-19",9280,"2013-08-13",1110,"015485",,"1","9","0","3",,"2","003","-","N",,0,0,,,0,,,,"N",2,"A","-",21650,,"M","A","H","-","A","D","0","Y","-","-",0,1,0,0,0,0,0,0,0,"-","-","UNINCORPORATED","YOLO","CA",-121.85845,38.61043
"6203870",-121.690977,38.6737466,2013,"5700","1","4","4","07",0,1,"A",,,,"Y",,1500,8,"B","C","A","RT 5","COUNTY ROAD 102",10560,"S","N","2014-10-23",9280,"2013-08-29",1240,"014853",,"1","9","0","1",,"2","020","-","Y","YOL",3,5,"-","-",3.53,"H","-","N","Y",2,"A","-",21658,"A","N","A","H","-","A","D","1","Y","G","25",0,0,1,0,0,0,0,0,0,"-","-","UNINCORPORATED","YOLO","CA",-121.68899,38.67366
"6203388",-121.7536888,38.6771926,2013,"5703","0","5","4","09",0,2,"A",,,,,,1500,8,"D","C","A","EAST MAIN ST","INDUSTRIAL WY",190,"W","N","2014-03-27",5703,"2013-08-23",1412,"863","41","5","4","0","0",,"0","001","-","N",,0,0,,,0,,,,"Y",2,"A","-",21804,"A","N","A","H","-","A","A","0","Y","D","22",0,0,2,0,0,0,0,0,0,"-","-","WOODLAND","YOLO","CA",0,0
"6203111",-121.5646836,38.5233679,2013,"5704","0","1","4","21",0,1,"A",,,,,,1800,9,"H","I","A","JEFFERSON BL","BEVAN RD",50,"N","N","2014-04-03",5704,"2013-09-09",1710,"00161","5704","5","4","0","0",,"0","003","-","N",,0,0,,,0,,,,"Y",2,"A","-",22106,,"N","A","H","-","A","D","0","Y","A","01",0,0,1,0,0,0,0,0,0,"-","-","WEST SACRAMENTO","YOLO","CA",0,0
"6200853",-121.5340031,38.580255,2013,"5704","0","5","3","12",0,4,"A",,,,,,1200,8,"D","C","A","WEST CAPITOL AV","POPLAR AV",0,,"Y","2014-04-03",5704,"2013-08-30",1144,"00173","WSPD","5","4","0","0",,"0","002","-","N",,0,0,,,0,,,,"Y",2,"A","-",21453,"A","N","A","H","-","A","A","0","Y","A","01",0,3,1,0,0,0,0,0,0,"-","-","WEST SACRAMENTO","YOLO","CA",0,0
"6198756",-121.8686725,38.6777102,2013,"5700","5","4","3","18",0,1,"A",,,,,,1500,9,"E","I","A","COUNTY ROAD 94B","COUNTY ROAD 22",104,"S","N","2014-04-11",9280,"2013-09-05",1445,"12272",,"2","9","0","3",,"2","003","-","N",,0,0,,,0,,,,"N",1,"C","-",0,,"N","A","H","-","A","A","0","Y","-","-",0,1,0,0,0,0,0,0,0,"-","-","UNINCORPORATED","YOLO","CA",-121.8683,38.6787
"6198716",-121.7435931,38.548255,2013,"5701","0","5","3","09",0,3,"A",,,,,,1800,8,"D","C","A","D ST","6TH ST",0,,"Y","2014-04-01",5701,"2013-08-16",1620,"110","4","5","5","0","0",,"0","002","-","N",,0,0,,,0,,,,"Y",2,"A","-",21802,"A","N","A","H","-","A","A","0","Y","A","01",0,3,0,0,0,0,0,0,0,"-","-","DAVIS","YOLO","CA",-121.74057,38.54318
"6198715",-121.7448224,38.5603732,2013,"5701","0","1","4","03",0,1,"A",,,,,,1200,8,"C","C","A","F ST","COVELL BL",150,"S","N","2014-04-01",5701,"2013-08-19",950,"11","3","5","5","0","0",,"0","001","-","N",,0,0,,,0,,,,"Y",3,"A","-",22350,,"N","A","H","-","A","A","0","Y","A","01",0,0,1,0,0,0,0,0,0,"-","-","DAVIS","YOLO","CA",0,0
"6198714",-121.7052145,38.5474251,2013,"5701","0","1","2","10",0,1,"A","Y",,,,,2100,8,"G","B","C","COWELL BL","WASHOE ST",221,"W","N","2014-04-01",5701,"2013-08-19",1958,"22","9","5","5","0","0",,"0","004","-","N",,0,0,,,0,,,,"N",2,"A","-",21950,"A","N","A","H","-","B","A","0","Y","A","01",1,0,0,0,1,0,0,0,0,"-","-","DAVIS","YOLO","CA",-121.70356,38.54787
"6198713",-121.7311632,38.562435,2013,"5701","0","4","2","22",0,2,"A",,,,,,1200,8,"A","I","A","POLE LINE RD","COVELL BL",0,,"Y","2014-04-01",5701,"2013-08-29",1014,"98","6","5","5","0","0",,"0","003","-","N",,0,0,,,0,,,,"Y",1,"B","-",0,,"N","A","H","-","A","D","0","Y","A","01",1,0,1,0,0,0,0,0,0,"-","-","DAVIS","YOLO","CA",0,0
"6198698",-121.7035067,38.5508154,2013,"5701","1","6","4","03",0,1,"A",,,,,,1500,7,"C","C","A","RT 80","MACE BL",2112,"W","N","2014-03-18",9280,"2013-07-13",1425,"11706",,"2","5","0","1",,"2","010","-","Y","YOL",3,80,"-","-",2.28,"H","-","E","N",2,"A","-",22350,,"F","A","H","-","A","D","1","Y","A","01",0,0,1,0,0,0,0,0,0,"-","-","DAVIS","YOLO","CA",-121.7017,38.55109
"6197895",0,0,2013,"5704","0","2","4","09",0,1,"A",,,,,,2100,9,"C","C","A","MARSHALL RD","MARTINIQUE ST",10,"W","N","2014-04-03",5704,"2013-09-03",1945,"00161","5704","5","4","0","0",,"0","003","-","N",,0,0,,,0,,,,"Y",2,"A","-",21802,"A","N","A","H","-","B","A","0","Y","D","22",0,0,1,0,0,0,0,0,0,"-","-","WEST SACRAMENTO","YOLO","CA",0,0
"6194320",-121.7932732,38.678925,2013,"5703","0","4","3","12",0,1,"A",,"Y",,,,1200,7,"-","G","A","COTTONWOOD ST","W COURT ST",0,,"Y","2014-09-27",5703,"2013-07-18",1125,"822","62","5","4","0","0",,"0","002","-","N",,0,0,,,0,,,,"N",2,"A","-",21453,"A","N","A","H","-","A","A","0","Y","L","04",0,1,0,0,0,0,1,0,0,"-","-","WOODLAND","YOLO","CA",0,0
"6193917",-121.5160596,38.5715226,2013,"5704","2","6","4","03",0,1,"A",,,,,,2100,8,"C","C","A","RT 50","SACRAMENTO/YOLO CO LINE",100,"W","N","2014-04-01",9280,"2013-08-17",1940,"016520",,"2","4","0","1",,"2","011","-","Y","YOL",3,50,"-","-",3.14,"H","-","W","Y",3,"A","-",22350,,"N","A","H","-","A","D","1","Y","A","01",0,0,1,0,0,0,0,0,0,"-","-","WEST SACRAMENTO","YOLO","CA",0,0
"6193916",-121.5163058,38.5717499,2013,"5704","2","3","4","03",0,1,"A",,,,,,2100,8,"C","C","A","RT 50","JEFFERSON BL",3168,"E","N","2014-04-01",9280,"2013-08-28",2020,"011706",,"2","4","0","1",,"2","011","-","Y","YOL",3,50,"-","-",3.1,"H","-","W","Y",4,"A","-",22350,,"N","A","H","-","B","D","1","Y","A","07",0,0,1,0,0,0,0,0,0,"-","-","WEST SACRAMENTO","YOLO","CA",-121.517,38.57263
"6193915",-121.7510832,38.6702551,2013,"5703","3","3","4","03",0,1,"A",,,,,,1500,8,"C","C","A","RT 113","MAIN ST",100,"S","N","2014-04-01",9280,"2013-08-28",1420,"017772",,"2","4","0","1",,"2","022","-","Y","YOL",3,113,"-","R",9.851,"R","1","N","Y",2,"A","-",22350,,"N","A","H","-","A","A","1","Y","A","01",0,0,1,0,0,0,0,0,0,"NF","-","WOODLAND","YOLO","CA",-121.74939,38.67658
"6192198",-121.5187631,38.5739551,2013,"5704","2","3","4","03",0,2,"A",,,,,,2100,8,"C","C","A","RT 50","JEFFERSON BL",2112,"E","N","2014-03-29",9280,"2013-08-28",1900,"11706",,"2","4","0","1",,"2","011","-","Y","YOL",3,50,"-","-",2.812,"R","1","W","N",3,"A","-",22350,,"N","A","H","-","A","D","1","Y","A","01",0,0,2,0,0,0,0,0,0,"TO","-","WEST SACRAMENTO","YOLO","CA",-121.51898,38.57455
"6191380",-121.7321876,38.5429977,2013,"5701","1","3","4","18",0,1,"A",,,,,,2400,8,"E","I","A","RT 80","RICHARDS BL",1056,"E","N","2014-10-24",9280,"2013-08-21",2200,"016027",,"3","5","0","1",,"2","010","-","Y","YOL",3,80,"-","-",0.43,"H","-","W","Y",1,"C","-",0,,"N","A","H","-","D","D","1","Y","-","-",0,0,1,0,0,0,0,0,0,"-","-","DAVIS","YOLO","CA",-121.73318,38.54246
"6191359",-121.5183431,38.407625,2013,"5700","5","6","3","06",0,2,"A",,,"Y",,,1500,8,"B","C","A","SOUTH RIVER RD","COUNTY ROAD 141",0,,"Y","2014-04-02",9280,"2013-08-31",1237,"17375",,"1","9","0","3",,"2","002","-","N",,0,0,,,0,,,,"N",2,"A","-",21750,,"N","A","H","-","A","D","0","Y","C","02",0,1,1,0,0,0,0,0,2,"-","-","UNINCORPORATED","YOLO","CA",-121.51843,38.40762
"6191284",-121.7365531,38.5391551,2013,"5701","1","7","2","03",0,1,"B",,,,,,1500,9,"F","A","A","RT 80","RICHARDS BL",466,"E","N","2014-04-01",9280,"2013-09-01",1250,"15485",,"1","5","0","1",,"2","010","-","Y","YOL",3,80,"-","-",0.227,"R","2","E","Y",1,"A","-",22350,,"N","A","H","-","A","D","1","Y","A","01",1,0,0,0,0,0,0,0,0,"TO","-","DAVIS","YOLO","CA",-121.73366,38.54107
"6190995",-121.5341326,38.5752395,2013,"5704","2","4","4","18",0,1,"A",,,,"Y",,1500,8,"E","I","A","RT 50","HARBOR BL",3696,"E","N","2014-04-02",9280,"2013-08-29",1350,"017772",,"1","4","0","1",,"2","011","-","Y","YOL",3,50,"-","-",1.9,"H","-","E","Y",2,"C","-",0,,"N","A","H","-","A","D","1","Y","-","-",0,0,1,0,0,0,0,0,0,"-","-","WEST SACRAMENTO","YOLO","CA",-121.53491,38.57496
"6190991",-121.8557477,38.7722805,2013,"5700","5","5","4","08",0,1,"A",,,,,,2400,8,"E","J","A","RT 5","COUNTY ROAD 95",1056,"S","N","2014-03-29",9280,"2013-08-30",2300,"17351",,"3","9","0","3",,"2","002","-","Y","YOL",3,5,"-","R",15.65,"H","-","N","Y",1,"A","-",22107,,"N","A","H","-","C","D","1","Y","D","22",0,0,1,0,0,0,0,0,0,"-","-","UNINCORPORATED","YOLO","CA",-121.85568,38.77231
"6190987",-121.5567831,38.5751951,2013,"5704","2","6","3","08",0,1,"A",,,,"Y",,2500,8,"D","E","A","RT 80","RT 50",300,"N","N","2014-03-29",9280,"2013-08-31",2500,"16010",,"4","4","0","1",,"2","011","-","Y","YOL",3,50,"-","-",0.639,"R","2","W","Y",2,"A","-",22107,,"N","A","H","-","A","D","1","Y","A","01",0,1,0,0,0,0,0,0,0,"-","-","WEST SACRAMENTO","YOLO","CA",-121.56138,38.57668
"6190983",-121.869895,38.5615551,2013,"5700","5","3","3","03",0,3,"A",,,,"Y",,1800,9,"C","C","A","COUNTY ROAD 31","COUNTY ROAD 95",3168,"W","N","2014-04-10",9280,"2013-09-04",1555,"015492",,"2","9","0","3",,"2","003","-","N",,0,0,,,0,,,,"Y",4,"A","-",22350,,"N","A","H","-","A","D","0","Y","A","01",0,1,2,0,0,0,0,0,0,"-","-","UNINCORPORATED","YOLO","CA",-121.86874,38.56165
"6189061",-121.7747132,38.678765,2013,"5703","0","3","3","12",0,1,"A",,,,,,1800,8,"D","C","A","COLLEGE ST","COURT ST",0,,"Y","2014-04-09",5703,"2013-08-21",1749,"899","42","5","4","0","0",,"0","001","-","N",,0,0,,,0,,,,"Y",2,"A","-",21453,"A","N","A","H","-","A","A","0","Y","A","01",0,1,0,0,0,0,0,0,0,"-","-","WOODLAND","YOLO","CA",0,0
"6189057",-121.7591932,38.662855,2013,"5703","0","4","4","09",0,1,"A",,,,,,2100,8,"D","C","A","EAST GIBSON RD","WASHINGTON DR",0,,"Y","2014-04-09",5703,"2013-08-08",1845,"822","33","5","4","0","0",,"0","004","-","N",,0,0,,,0,,,,"Y",2,"A","-",21802,"A","N","A","H","-","A","A","0","Y","A","07",0,0,1,0,0,0,0,0,0,"-","-","WOODLAND","YOLO","CA",0,0
"6189053",-121.7806432,38.657595,2013,"5703","0","2","2","09",0,2,"A",,,,,,1800,8,"D","C","A","MCKINLEY AV","HACIENDA LN",0,,"Y","2014-04-09",5703,"2013-08-20",1700,"806","36","5","4","0","0",,"0","003","-","N",,0,0,,,0,,,,"Y",2,"A","-",21800,"A","N","A","H","-","A","D","0","Y","A","01",2,0,0,0,0,0,0,0,0,"-","-","WOODLAND","YOLO","CA",0,0
"6188594",-121.9713777,38.5857393,2013,"5700","5","5","3","06",0,2,"A",,,,"Y",,1500,8,"B","C","A","COUNTY ROAD 89","COUNTY ROAD 29A",595,"N","N","2014-03-28",9280,"2013-08-16",1305,"014853",,"1","9","0","3",,"2","003","-","N",,0,0,,,0,,,,"Y",2,"A","-",21750,,"N","A","H","-","A","D","0","Y","A","01",0,1,1,0,0,0,0,0,0,"-","-","UNINCORPORATED","YOLO","CA",-121.97145,38.58615
"6187866",-121.5731427,38.5483359,2013,"5704","0","4","4","08",0,1,"A",,,,,,900,8,"D","C","A","OATES DR","MASSIE CT",200,"S","N","2014-03-20",5704,"2013-08-08",825,"00158","WSPD","5","4","0","0",,"0","003","-","N",,0,0,,,0,,,,"Y",2,"A","-",22107,,"N","A","H","-","A","D","0","Y","A","08",0,0,1,0,0,0,0,0,0,"-","-","WEST SACRAMENTO","YOLO","CA",0,0
"6187862",-121.5235517,38.5812561,2013,"5704","0","5","3","21",0,1,"A",,"Y",,,,1200,8,"C","G","A","WEST CAPITOL AV","MERKLEY AV",400,"W","N","2014-03-20",5704,"2013-08-30",1015,"00173","WSPD","5","4","0","0",,"0","002","-","N",,0,0,,,0,,,,"Y",2,"A","-",22106,,"F","A","H","-","A","D","0","Y","A","01",0,1,0,0,0,0,1,0,0,"-","-","WEST SACRAMENTO","YOLO","CA",0,0
"6186802",-121.7568808,38.5391488,2013,"5701","0","5","3","03",0,2,"A",,,,,,1800,8,"E","I","A","HUTCHINSON DR","KLEIBER HALL DR",158,"E","N","2014-10-14",5701,"2013-08-30",1511,"1033","5797","5","5","0","0",,"0",,"-","N",,0,0,,,0,,,,"N",1,"A","-",22350,,"N","A","H","-","A","D","0","Y","M","96",0,1,1,0,0,0,0,0,0,"-","-","DAVIS","YOLO","CA",0,0
"6184605",-121.7287833,38.7705504,2013,"5700","5","6","4","08",0,1,"A",,,,,,600,8,"E","I","A","COUNTY ROAD 102","COUNTY ROAD 16",7920,"N","N","2014-03-20",9280,"2013-08-24",515,"014853",,"3","9","0","3",,"2","002","-","N",,0,0,,,0,,,,"Y",1,"A","-",22107,,"N","A","H","-","D","D","0","Y","A","01",0,0,1,0,0,0,0,0,0,"-","-","UNINCORPORATED","YOLO","CA",-121.72882,38.77182
"6184598",-121.5440486,38.5749451,2013,"5704","1","7","3","01",0,1,"A",,,,,"Y",300,8,"E","I","A","RT 50","HARBOR BL",450,"E","N","2014-03-20",9280,"2013-08-25",220,"017883",,"3","4","0","1",,"2","010","-","Y","YOL",3,50,"-","-",1.35,"H","-","E","Y",1,"A","-",23152,"A","N","A","H","-","C","D","1","Y","A","01",0,1,0,0,0,0,0,0,0,"-","-","WEST SACRAMENTO","YOLO","CA",-121.54519,38.5748
"6182946",0,0,2013,"5700","5","2","4","06",0,5,"A",,,,,,2100,8,"D","C","A","COUNTY ROAD 99W","COUNTY ROAD 96",0,,"Y","2014-10-06",9280,"2013-08-13",1915,"015353",,"2","9","0","3",,"2","002","-","N",,0,0,,,0,,,,"Y",2,"A","-",21750,,"N","A","H","-","A","D","0","Y","A","01",0,0,5,0,0,0,0,0,0,"-","-","UNINCORPORATED","YOLO","CA",-121.59496,38.57138
"6182795",-121.6395732,38.6734751,2013,"5700","1","1","3","08",0,1,"A",,,,,,900,8,"E","I","A","RT 5","COUNTY ROAD 22",1056,"N","N","2014-03-26",9280,"2013-08-26",824,"017375",,"1","9","0","1",,"2","020","-","Y","YOL",3,5,"-","-",0.674,"R","2","N","N",1,"A","-",22107,,"N","A","H","-","A","D","1","Y","A","07",0,1,0,0,0,0,0,0,0,"FR","-","UNINCORPORATED","YOLO","CA",-121.6385,38.67363
"6182791",-121.6909595,38.6734905,2013,"5700","1","5","4","03",0,2,"A",,,,,,1800,8,"C","C","A","RT 5","COUNTY ROAD 103",5280,"S","N","2014-03-25",9280,"2013-08-23",1555,"015492",,"2","9","0","1",,"2","020","-","Y","YOL",3,5,"-","-",3.49,"H","-","S","Y",3,"A","-",22350,,"N","A","H","-","A","D","1","Y","A","01",0,0,2,0,0,0,0,0,0,"-","-","UNINCORPORATED","YOLO","CA",-121.69598,38.67356
"6182787",-121.7356959,38.6736929,2013,"5703","1","5","4","03",0,2,"A",,,,,,1800,8,"C","C","A","RT 5","COUNTY ROAD 102",1848,"W","N","2014-03-26",9280,"2013-08-23",1655,"013469",,"2","4","0","1",,"2","020","-","Y","YOL",3,5,"-","-",5.88,"H","-","S","Y",2,"A","-",22350,,"N","A","H","-","A","D","1","Y","A","01",0,0,2,0,0,0,0,0,0,"-","-","WOODLAND","YOLO","CA",-121.54895,38.59648
"6182695",0,0,2013,"5700","5","2","3","08",0,1,"A",,,,,,2100,8,"E","I","A","COUNTY ROAD 87","COUNTY ROAD 19",2112,"S","N","2014-04-02",9280,"2013-08-20",1817,"17800",,"2","9","0","3",,"2","003","-","N",,0,0,,,0,,,,"Y",1,"A","-",22107,,"N","A","H","-","A","D","0","Y","D","22",0,1,0,0,0,0,0,0,0,"-","-","UNINCORPORATED","YOLO","CA",0,0
"6182683",-121.6385303,38.5633142,2013,"5700","1","5","4","03",0,1,"A",,,,"Y",,2400,8,"C","C","A","RT 80","WEBSTER",100,"W","N","2014-04-02",9280,"2013-08-16",2255,"016027",,"3","9","0","1",,"2","010","-","Y","YOL",3,80,"-","-",5.76,"H","-","E","Y",3,"A","-",22350,,"N","A","H","-","D","D","1","Y","D","22",0,0,1,0,0,0,0,0,0,"-","-","UNINCORPORATED","YOLO","CA",-121.63986,38.56309
"6181709",-121.8982113,38.5486741,2013,"5700","5","7","4","03",0,2,"A",,,"Y",,,2400,8,"E","I","A","RUSSELL BL","COUNTY ROAD 92F",1584,"E","N","2014-03-28",9280,"2013-08-11",2100,"017800",,"2","9","0","3",,"2","003","-","N",,0,0,,,0,,,,"Y",1,"A","-",22350,,"N","A","H","-","D","D","0","Y","C","02",0,0,2,0,0,0,0,0,2,"-","-","UNINCORPORATED","YOLO","CA",-121.89891,38.5499
"6181705",-121.728274,38.6916366,2013,"5700","4","7","4","05",0,2,"A",,,,,,1800,8,"B","C","A","COUNTY ROAD 102","KENTUCKY AV",14,"S","N","2014-03-28",9280,"2013-08-11",1635,"017763",,"2","9","0","2",,"1","021","-","N",,0,0,,,0,,,,"Y",2,"A","-",21460,"B","N","A","H","-","A","D","0","Y","A","01",0,0,2,0,0,0,0,0,0,"-","-","UNINCORPORATED","YOLO","CA",-121.72819,38.69156
"6181701",-121.7507226,38.5844567,2013,"5700","5","5","3","01",0,1,"A",,,,,"Y",1800,8,"E","I","A","COUNTY ROAD 101A","COUNTY ROAD 29",2112,"S","N","2014-03-28",9280,"2013-08-16",1743,"013469",,"2","9","0","3",,"2","002","-","N",,0,0,,,0,,,,"Y",1,"A","-",23152,"A","N","A","H","-","A","D","0","Y","A","01",0,1,0,0,0,0,0,0,0,"-","-","UNINCORPORATED","YOLO","CA",-121.75014,38.58343
"6181681",-121.5598187,38.5753836,2013,"5704","2","1","4","03",0,4,"A",,,,,,1200,8,"C","C","A","RT 50","RT 80",100,"E","N","2014-03-28",9280,"2013-08-12",1047,"016351",,"1","4","0","1",,"2","011","-","Y","YOL",3,50,"-","-",0.48,"H","-","W","Y",2,"A","-",22350,,"N","A","H","-","A","-","1","Y","A","01",0,0,4,0,0,0,0,0,0,"-","-","WEST SACRAMENTO","YOLO","CA",-121.56364,38.57552
"6181246",-121.7472831,38.7646859,2013,"5700","5","4","4","08",0,1,"A",,,,,,1500,8,"F","J","A","COUNTY ROAD 101","COUNTY ROAD 15",390,"N","N","2014-03-27",9280,"2013-08-08",1351,"16632",,"1","9","0","3",,"2","002","-","N",,0,0,,,0,,,,"Y",1,"A","-",22107,,"N","A","H","-","A","D","0","Y","A","01",0,0,1,0,0,0,0,0,0,"-","-","UNINCORPORATED","YOLO","CA",-121.74732,38.76251
"6181242",-121.736901,38.5388674,2013,"5701","1","5","4","03",0,2,"A",,,,,,2100,8,"C","C","A","RT 80","RICHARDS BL",281,"W","N","2014-03-26",9280,"2013-08-09",1859,"15168",,"2","5","0","1",,"2","010","-","Y","YOL",3,80,"-","-",0.18,"H","-","E","Y",4,"A","-",22350,,"N","A","H","-","A","D","1","Y","A","01",0,0,2,0,0,0,0,0,0,"-","-","DAVIS","YOLO","CA",-121.73525,38.53989
"6181238",-121.8032822,38.7221687,2013,"5700","5","7","4","03",0,1,"-",,,,,,600,8,"E","I","A","RT 5","RT 16",500,"N","N","2014-03-27",9280,"2013-08-11",300,"17764",,"3","9","0","3",,"2","002","-","Y","YOL",3,5,"-","R",11.02,"H","-","S","Y",1,"A","-",22350,,"N","A","H","-","D","D","1","Y","A","01",0,0,1,0,0,0,0,0,0,"TO","-","UNINCORPORATED","YOLO","CA",-121.80245,38.72051
"6180729",-121.7547969,38.6773437,2013,"5703","0","2","4","09",0,2,"A",,,,,,1800,8,"D","C","A","EAST MAIN ST","MATMOR RD",390,"E","N","2014-05-28",5703,"2013-08-06",1531,"812","31","5","4","0","0",,"0","002","-","N",,0,0,,,0,,,,"Y",2,"A","-",21804,"A","N","A","H","-","A","D","0","Y","A","07",0,0,2,0,0,0,0,0,0,"-","-","WOODLAND","YOLO","CA",0,0
"6180716",-121.9531811,38.5517545,2013,"5700","3","5","3","08",0,2,"A",,,,,,2400,8,"F","A","A","RT 505","RT 128",7392,"N","N","2014-03-24",9280,"2013-08-09",2320,"017351",,"3","9","0","1",,"2","034","-","Y","YOL",3,505,"-","-",1.8,"H","-","S","Y",1,"A","-",22107,,"N","A","H","-","C","D","1","Y","A","07",0,1,1,0,0,0,0,0,0,"-","-","UNINCORPORATED","YOLO","CA",-121.95332,38.55623
"6180643",-121.6610594,38.5596288,2013,"5700","1","6","4","03",0,2,"A","Y",,,,,300,8,"C","C","E","RT 80","COUNTY ROAD 32A",6336,"W","N","2014-03-24",9280,"2013-08-10",100,"017764",,"3","9","0","1",,"2","010","-","Y","YOL",3,80,"-","-",4.58,"H","-","E","Y",4,"A","-",22350,,"N","A","C","-","D","D","1","Y","A","01",0,0,2,0,1,0,0,0,0,"-","-","UNINCORPORATED","YOLO","CA",-121.66813,38.55868
"6180266",-121.7591305,38.6424946,2013,"5700","3","6","2","01",0,3,"A",,,,,"Y",2100,7,"C","C","A","RT 113","COUNTY ROAD 25A",375,"N","N","2014-03-28",9280,"2013-07-20",2031,"16929",,"2","9","0","1",,"2","022","-","Y","YOL",3,113,"-","R",7.74,"H","-","N","Y",2,"A","-",23152,"A","N","A","H","-","A","D","1","Y","A","01",1,0,2,0,0,0,0,0,0,"-","-","UNINCORPORATED","YOLO","CA",-121.75897,38.64262