"CASEID","POINT_X","POINT_Y","YEAR_","LOCATION","CHPTYPE","DAYWEEK","CRASHSEV","VIOLCAT","KILLED","INJURED","WEATHER1","PEDCOL","BICCOL","MCCOL","TRUCKCOL","ETOH","TIMECAT","MONTH_","CRASHTYP","INVOLVE","PED","PRIMARYRD","SECONDRD","DISTANCE","DIRECT","INTERSECT_","PROCDATE","JURIS","DATE_","TIME_","BADGE","JURIDIST","SHIFT","POP","SPECIAL","BEATTYPE","LAPDDIV","BEATCLAS","BEATNUMB","WEATHER2","STATEHW","CALTRANC","CALTRAND","STROUTE","ROUTESUF","POSTPRE","POSTMILE","LOCATYPE","RAMP","SIDEHW","TOWAWAY","PARTIES","PCF","VIOLCODE","VIOL","VIOLSUB","HITRUN","ROADSURF","RDCOND1","RDCOND2","LIGHTING","RIGHTWAY","CHPRDTYP","NOTPRIV","STFAULT","CHPFAULT","SEVINJ","OTHERINJ","COP","PEDKILL","PEDINJ","BICKILL","BICINJ","MCKILL","MCINJURE","RAMP1","RAMP2","CITY","COUNTY","STATE","X_CHP","Y_CHP"
"6180161",-121.7679832,38.5557151,2013,"5701","0","7","2","-",0,4,"A",,,,,,1500,7,"D","C","A","WEST COVELL BL","RT 113",0,,"Y","2014-03-22",5701,"2013-07-07",1429,"79","1","5","5","0","0",,"0","001","-","Y","YOL",3,113,"-","R",1.895,"R","4","S","Y",2,"A","-",0,,"N","A","H","-","A","A","0","Y","A","01",1,1,2,0,0,0,0,0,0,"-","-","DAVIS","YOLO","CA",-121.76894,38.56079
"6179865",-121.7030532,38.557495,2013,"5701","0","6","4","09",0,1,"A",,,,,,900,8,"D","C","A","CARICIA DR","VISTOSA CT",0,,"Y","2014-03-25",5701,"2013-08-03",756,"100","7","5","5","0","0",,"0","003","-","N",,0,0,,,0,,,,"N",2,"A","-",21800,"A","N","A","H","-","A","D","0","Y","A","01",0,0,1,0,0,0,0,0,0,"-","-","DAVIS","YOLO","CA",0,0
"6179861",-121.7477631,38.546265,2013,"5701","0","2","3","12",0,1,"A",,"Y",,,,1800,8,"H","G","A","RUSSELL BL","A ST",0,,"Y","2014-03-25",5701,"2013-08-06",1614,"83","4","5","5","0","0",,"0","002","-","N",,0,0,,,0,,,,"N",2,"A","-",21453,"A","N","A","H","-","A","A","0","Y","L","04",0,1,0,0,0,0,1,0,0,"-","-","DAVIS","YOLO","CA",-121.75171,38.54161
"6179857",-121.7269619,38.5488337,2013,"5701","0","2","3","00",0,1,"A",,"Y",,,,1800,8,"H","A","A","5TH ST","POLE LINE RD",100,"W","N","2014-03-25",5701,"2013-08-06",1614,"94","5","5","5","0","0",,"0","003","-","N",,0,0,,,0,,,,"N",1,"D","-",0,,"N","A","H","-","A","A","0","Y","-","-",0,1,0,0,0,0,1,0,0,"-","-","DAVIS","YOLO","CA",-121.72587,38.54374
"6176057",-121.6199288,38.5668741,2013,"5700","1","1","3","03",0,2,"A",,,,,,1200,8,"C","C","A","RT 80","WEBSTER",5280,"E","N","2014-03-26",9280,"2013-08-05",910,"017375",,"1","9","0","1",,"2","010","-","Y","YOL",3,80,"-","-",6.8,"H","-","W","N",2,"A","-",22350,,"N","A","H","-","A","D","1","Y","A","01",0,1,1,0,0,0,0,0,0,"-","-","UNINCORPORATED","YOLO","CA",-121.62009,38.56683
"6176053",-121.9532145,38.5628776,2013,"5700","1","1","4","08",0,1,"A",,,,,,1800,8,"E","I","A","RT 505","RT 128",11616,"N","N","2014-03-26",9280,"2013-08-05",1510,"017800",,"2","9","0","1",,"2","031","-","Y","YOL",3,505,"-","-",2.6,"H","-","S","Y",1,"A","-",22107,,"N","A","H","-","A","D","1","Y","A","01",0,0,1,0,0,0,0,0,0,"-","-","UNINCORPORATED","YOLO","CA",-121.95327,38.54746
"6176049",-121.7297264,38.6186264,2013,"5700","5","1","4","03",0,1,"A",,,,,,1500,8,"C","C","A","COUNTY ROAD 102","COUNTY ROAD 27",76,"S","N","2014-03-26",9280,"2013-08-05",1410,"015485",,"2","9","0","3",,"2","002","-","N",,0,0,,,0,,,,"N",2,"A","-",22350,,"N","A","H","-","A","D","0","Y","A","01",0,0,1,0,0,0,0,0,0,"-","-","UNINCORPORATED","YOLO","CA",-121.7295,38.61874
"6175929",-122.0626003,38.7056933,2013,"5700","3","6","4","05",0,1,"A",,"Y",,,"Y",2400,8,"C","G","A","RT 16","COUNTY ROAD 85",4224,"W","N","2014-03-25",9280,"2013-08-03",2155,"17933",,"2","9","0","1",,"2","034","-","Y","YOL",3,16,"-","-",24.87,"H","-","W","N",2,"A","-",21202,"A","F","A","H","-","D","D","0","Y","L","04",0,0,1,0,0,0,1,0,0,"-","-","UNINCORPORATED","YOLO","CA",-122.06501,38.70598
"6175925",-121.9532056,38.6150779,2013,"5700","1","7","4","08",0,2,"A",,,,,,600,8,"F","A","A","RT 505","COUNTY ROAD 27",1584,"S","N","2014-03-25",9280,"2013-08-04",500,"15353",,"3","9","0","1",,"2","031","-","Y","YOL",3,505,"-","-",6.23,"H","-","N","Y",1,"A","-",22107,,"N","A","H","-","B","D","1","Y","A","07",0,0,2,0,0,0,0,0,0,"-","-","UNINCORPORATED","YOLO","CA",-121.95326,38.61637
"6175921",-121.5790753,38.6461933,2013,"5700","5","6","2","01",0,1,"A",,,,,"Y",1500,8,"E","I","A","OLD RIVER RD","COUNTY ROAD 124",13728,"S","N","2014-03-25",9280,"2013-08-03",1240,"15485",,"1","9","0","3",,"2","001","-","N",,0,0,,,0,,,,"Y",1,"A","-",23152,"A","N","A","H","-","A","D","0","Y","A","07",1,0,0,0,0,0,0,0,0,"-","-","UNINCORPORATED","YOLO","CA",-121.57867,38.64655
"6175350",-121.6739065,38.5905602,2013,"5700","5","6","3","03",0,1,"A",,"Y",,,,2500,7,"E","I","A","COUNTY ROAD 28H","COUNTY ROAD 105",345,"E","N","2014-03-22",9280,"2013-07-27",2500,"014853",,"4","9","0","3",,"2","002","-","N",,0,0,,,0,,,,"N",1,"A","-",22350,,"N","A","H","-","D","D","0","Y","L","04",0,1,0,0,0,0,1,0,0,"-","-","UNINCORPORATED","YOLO","CA",-121.67442,38.59059
"6175346",-121.8143302,38.5615051,2013,"5700","5","2","4","08",0,2,"A",,,,,,600,7,"E","I","A","COUNTY ROAD 31","COUNTY ROAD 97D",528,"W","N","2014-03-22",9280,"2013-07-30",535,"015485",,"3","9","0","3",,"2","002","-","N",,0,0,,,0,,,,"Y",1,"A","-",22107,,"N","A","H","-","D","D","0","Y","A","01",0,0,2,0,0,0,0,0,0,"-","-","UNINCORPORATED","YOLO","CA",-121.81632,38.56161
"6175276",0,0,2013,"5700","5","1","4","09",0,1,"A",,,,,,1800,7,"D","C","A","RUSSELL BL","COUNTY ROAD 93A",0,,"Y","2014-03-24",9280,"2013-07-29",1640,"017763",,"2","9","0","3",,"2","003","-","N",,0,0,,,0,,,,"N",2,"A","-",21802,"A","F","A","H","-","A","A","0","Y","A","01",0,0,1,0,0,0,0,0,0,"-","-","UNINCORPORATED","YOLO","CA",-121.90428,38.54944
"6175272",-121.972032,38.6824448,2013,"5700","3","7","1","03",1,1,"A","Y",,,"Y",,600,7,"C","C","E","RT 16","TUTT ST",205,"E","N","2015-01-16",9280,"2013-07-28",305,"17351",,"3","9","0","1",,"2","034","-","Y","YOL",3,16,"-","-",30.77,"H","-","E","Y",4,"A","-",22350,,"N","A","H","-","C","D","0","Y","A","01",0,0,1,1,0,0,0,0,0,"-","-","UNINCORPORATED","YOLO","CA",-121.97204,38.68241
"6175268",0,0,2013,"5700","5","6","2","18",0,1,"A",,,,"Y",,900,7,"H","A","A","COUNTY ROAD 118","OLD RIVER RD",2112,"W","N","2014-03-24",9280,"2013-07-27",823,"014853",,"1","9","0","3",,"2","002","-","N",,0,0,,,0,,,,"Y",1,"C","-",0,,"N","A","H","-","A","D","0","Y","-","-",1,0,0,0,0,0,0,0,0,"-","-","UNINCORPORATED","YOLO","CA",-121.63792,38.672
"6174018",-121.5300546,38.5713304,2013,"5704","0","3","4","21",0,1,"A","Y",,,,,2100,8,"G","B","B","15TH ST","PARK BL",3,"E","N","2014-04-01",5704,"2013-08-14",1915,"161","5704","5","4","0","0",,"0","002","-","N",,0,0,,,0,,,,"N",2,"A","-",22106,,"N","A","H","-","A","A","0","Y","A","08",0,0,1,0,1,0,0,0,0,"-","-","WEST SACRAMENTO","YOLO","CA",0,0
"6174014",-121.5468931,38.5751151,2013,"5704","0","4","4","12",0,1,"A",,,,,,1500,8,"D","C","A","HARBOR BL","RT 50",0,,"Y","2014-04-01",5704,"2013-08-08",1323,"173","WSPD","5","4","0","0",,"0","002","-","Y","YOL",3,50,"-","-",1.21,"R","4","W","Y",2,"A","-",21453,"A","N","A","H","-","A","A","0","Y","A","01",0,0,1,0,0,0,0,0,0,"-","WF","WEST SACRAMENTO","YOLO","CA",0,0
"6173330",-121.9528707,38.5479507,2013,"5700","1","4","3","18",0,1,"A",,,,,,1500,8,"F","I","A","RT 505","RT 128",5808,"N","N","2014-03-27",9280,"2013-08-15",1205,"012272",,"1","9","0","1",,"2","031","-","Y","YOL",3,505,"-","-",1.5,"H","-","N","Y",1,"C","-",0,,"N","A","H","-","A","D","1","Y","-","-",0,1,0,0,0,0,0,0,0,"-","-","UNINCORPORATED","YOLO","CA",-121.9526,38.5484
"6173280",-121.7403732,38.544795,2013,"5701","0","1","4","01",0,1,"A",,,,,"Y",300,8,"D","C","A","3RD ST","F ST",0,,"Y","2014-03-25",5701,"2013-08-05",50,"38","4","5","5","0","0",,"0","002","-","N",,0,0,,,0,,,,"Y",2,"A","-",23152,,"N","A","H","-","C","A","0","Y","A","01",0,0,1,0,0,0,0,0,0,"-","-","DAVIS","YOLO","CA",-121.74038,38.54466
"6173216",-121.7406732,38.546045,2013,"5701","0","4","4","08",0,1,"A",,"Y",,,,1500,8,"H","G","A","F ST","4TH ST",0,"S","N","2014-03-24",5701,"2013-08-08",1355,"101","4","5","5","0","0",,"0","002","-","N",,0,0,,,0,,,,"N",2,"A","-",22107,,"N","A","H","-","A","D","0","Y","A","01",0,0,1,0,0,0,1,0,0,"-","-","DAVIS","YOLO","CA",0,0
"6173212",-121.7262132,38.5683749,2013,"5701","0","2","3","03",0,1,"A",,,"Y",,,2100,8,"F","A","A","MOORE BL","ROCKWELL DR",0,,"Y","2014-03-24",5701,"2013-08-06",1850,"45","6","5","5","0","0",,"0","003","-","N",,0,0,,,0,,,,"Y",1,"A","-",22350,,"N","A","H","-","A","A","0","Y","C","02",0,1,0,0,0,0,0,0,1,"-","-","DAVIS","YOLO","CA",0,0
"6173047",-121.7266132,38.5488551,2013,"5701","0","4","4","03",0,1,"A",,,,,,1800,7,"C","C","A","POLE LINE RD","5TH ST",0,,"Y","2014-05-28",5701,"2013-07-18",1630,"34","7","5","5","0","0",,"0","003","-","N",,0,0,,,0,,,,"N",2,"A","-",22350,,"N","A","H","-","A","A","0","Y","A","08",0,0,1,0,0,0,0,0,0,"-","-","DAVIS","YOLO","CA",0,0
"6173004",-121.7009331,38.551105,2013,"5701","0","5","4","03",0,2,"A",,,,,,900,7,"A","C","A","CHILES RD","ENSENADA DR",0,,"Y","2014-03-21",5701,"2013-07-19",839,"89","9","5","5","0","0",,"0","004","-","N",,0,0,,,0,,,,"Y",2,"A","-",22350,,"N","A","H","-","A","D","0","Y","A","07",0,0,2,0,0,0,0,0,0,"-","-","DAVIS","YOLO","CA",0,0
"6168112",-121.6728418,38.5577189,2013,"5700","1","4","4","03",0,1,"A",,,,,,1800,8,"C","C","A","RT 80","MACE BL",6336,"E","N","2014-04-01",9280,"2013-08-01",1740,"015492",,"2","9","0","1",,"2","010","-","Y","YOL",3,80,"-","-",3.88,"H","-","E","Y",3,"A","-",22350,,"N","A","H","-","A","D","1","Y","A","01",0,0,1,0,0,0,0,0,0,"-","-","UNINCORPORATED","YOLO","CA",-121.67255,38.55765
"6168084",-121.5709098,38.6468109,2013,"5700","5","4","4","08",0,1,"A",,,"Y",,,2100,8,"D","C","A","OLD RIVER RD","COUNTY ROAD 124",16368,"S","N","2014-04-01",9280,"2013-08-01",1910,"013469",,"2","9","0","3",,"2","001","-","N",,0,0,,,0,,,,"Y",2,"A","-",22107,,"N","A","H","-","A","D","0","Y","A","01",0,0,1,0,0,0,0,0,1,"-","-","UNINCORPORATED","YOLO","CA",-121.56938,38.64559
"6164134",-121.5634723,38.5555205,2013,"5704","0","4","4","03",0,1,"A",,,,,,600,8,"D","-","A","RAMCO ST","SOUTHPORT PKWY",14,"W","N","2014-03-29",5704,"2013-08-01",551,"173","WSPD","5","4","0","0",,"0","003","-","N",,0,0,,,0,,,,"N",2,"A","-",22350,,"N","A","H","-","A","A","0","Y","A","01",0,0,1,0,0,0,0,0,0,"-","-","WEST SACRAMENTO","YOLO","CA",0,0
"6164015",0,0,2013,"5704","0","5","4","08",0,1,"A",,"Y",,,"Y",2400,7,"B","G","A","5TH ST","TOWER BRIDGE GATEWAY",0,,"Y","2014-03-21",5704,"2013-07-19",2209,"00120",,"5","4","0","0",,"0","002","-","Y",,0,0,,,0,,,,"N",2,"A","-",22100,"A","F","A","H","-","C","A","0","Y","L","04",0,0,1,0,0,0,1,0,0,"-","-","WEST SACRAMENTO","YOLO","CA",0,0
"6163815",0,0,2013,"5700","5","3","4","08",0,1,"A",,,,,"Y",300,5,"F","A","A","COUNTY ROAD 99W","COUNTY ROAD 13",2640,"N","N","2014-03-27",9280,"2013-05-15",120,"16027",,"3","9","0","3",,"2","003","-","N",,0,0,,,0,,,,"Y",1,"A","-",22107,,"N","A","H","-","D","D","0","Y","D","22",0,0,1,0,0,0,0,0,0,"-","-","UNINCORPORATED","YOLO","CA",-121.88515,38.80093
"6162835",0,0,2013,"5700","1","5","4","22",0,1,"-","Y",,,,,1200,7,"G","B","F","COUNTY ROAD 8","COUNTY ROAD 8",150,"S","N","2014-03-22",9280,"2013-07-26",1035,"017772",,"1","9","0","1",,"2","030","-","N",,0,0,,,0,,,,"N",2,"B","-",0,,"N","A","A","-","A","D","0","Y","A","01",0,0,1,0,1,0,0,0,0,"-","-","UNINCORPORATED","YOLO","CA",-121.9507,38.8624
"6162823",-121.5758151,38.5746538,2013,"5704","1","4","4","03",0,2,"A",,,,,,1200,7,"C","C","A","RT 80","ENTERPRISE BL",100,"E","N","2014-03-24",9280,"2013-07-25",900,"017772",,"1","4","0","1",,"2","010","-","Y","YOL",3,80,"-","-",9.22,"H","-","W","Y",3,"A","-",22350,,"N","A","H","-","A","D","1","Y","A","01",0,0,2,0,0,0,0,0,0,"-","-","WEST SACRAMENTO","YOLO","CA",-121.5771,38.5744
"6162819",-121.7547233,38.6528163,2013,"5700","3","5","3","07",0,2,"A",,,,,,1500,7,"C","C","A","RT 113","GIBSON RD",3696,"S","N","2014-03-24",9280,"2013-07-26",1452,"014853",,"2","9","0","1",,"2","022","-","Y","YOL",3,113,"-","R",8.53,"H","-","N","Y",2,"A","-",21658,"A","N","A","H","-","A","D","1","Y","A","01",0,1,1,0,0,0,0,0,0,"-","-","UNINCORPORATED","YOLO","CA",-121.75461,38.65275
"6162815",-121.5298131,38.5762451,2013,"5700","1","5","4","04",0,2,"A",,,,,,1800,7,"C","C","A","RT 5","OLD RIVER RD",10560,"N","N","2014-03-24",9280,"2013-07-26",1550,"014853",,"2","9","0","1",,"2","020","-","Y","YOL",3,50,"-","-",2.15,"H","-","E","Y",2,"A","-",21703,,"N","A","H","-","A","D","1","Y","A","01",0,0,2,0,0,0,0,0,0,"-","-","UNINCORPORATED","YOLO","CA",-121.67101,38.67333
"6162811",-121.5845141,38.5731681,2013,"5704","1","6","3","08",0,1,"A",,,,,"Y",2100,7,"B","C","A","RT 80","ENTERPRISE BL",2640,"E","N","2014-03-24",9280,"2013-07-27",2050,"015168",,"2","4","0","1",,"2","010","-","Y","YOL",3,80,"-","R",9.7,"H","-","W","Y",2,"A","-",22107,,"N","A","H","-","C","D","1","Y","A","01",0,1,0,0,0,0,0,0,0,"-","-","WEST SACRAMENTO","YOLO","CA",-121.56956,38.57571
"6162394",-121.6955163,38.5525075,2013,"5701","1","6","3","08",0,1,"A",,,,,"Y",1500,7,"E","I","A","RT 80","MACE BL",297,"W","N","2014-03-19",9280,"2013-07-27",1445,"015168",,"2","5","0","1",,"2","010","-","Y","YOL",3,80,"-","-",2.62,"H","-","W","Y",1,"A","-",22107,,"N","A","H","-","A","D","1","Y","D","22",0,1,0,0,0,0,0,0,0,"-","-","DAVIS","YOLO","CA",-121.69603,38.55253
"6162390",-121.7094544,38.6735851,2013,"5700","1","5","3","08",0,1,"A",,,,"Y",,1800,8,"C","C","A","RT 5","COUNTY ROAD 103",175,"W","N","2014-04-01",9280,"2013-08-02",1700,"13469",,"2","9","0","1",,"2","020","-","Y","YOL",3,5,"-","-",4.52,"H","-","S","Y",2,"A","-",22107,,"N","A","H","-","A","D","1","Y","D","22",0,1,0,0,0,0,0,0,0,"-","-","UNINCORPORATED","YOLO","CA",-121.71159,38.67352
"6161521",-121.7362231,38.546825,2013,"5701","0","5","4","09",0,1,"A",,,,,,1800,1,"D","C","A","J ST","4TH ST",0,,"Y","2014-01-21",5701,"2013-01-25",1644,"31","5","5","5","0","0",,"0","002","-","N",,0,0,,,0,,,,"N",2,"A","-",21802,"A","N","A","H","-","A","A","0","Y","A","08",0,0,1,0,0,0,0,0,0,"-","-","DAVIS","YOLO","CA",0,0
"6161504",0,0,2013,"5701","0","7","4","-",0,1,"A",,"Y",,,,1500,3,"H","A","A","GREENBELT","FRANCISCO PL",40,"W","N","2014-02-12",5701,"2013-03-17",1456,"91","3","5","5","0","0",,"0","001","-","N",,0,0,,,0,,,,"N",1,"-","-",0,,"N","A","H","-","A","D","0","Y","-","-",0,0,1,0,0,0,1,0,0,"-","-","DAVIS","YOLO","CA",-121.75589,38.56549
"6161496",-121.7540515,38.5671597,2013,"5701","0","2","4","21",0,1,"A",,,,,,2500,4,"D","C","A","GRANDE AV","CATALINA DR",100,"E","N","2014-02-12",5701,"2013-04-09",2500,"91","3","5","5","0","0",,"0","001","-","N",,0,0,,,0,,,,"N",2,"A","-",22106,,"N","A","H","-","A","D","0","Y","A","01",0,0,1,0,0,0,0,0,0,"-","-","DAVIS","YOLO","CA",0,0
"6161492",-121.7067131,38.5450651,2013,"5701","0","3","4","01",0,1,"A",,,,,,900,5,"C","E","A","OHLONE ST","MIWOK PL",0,,"Y","2014-02-27",5701,"2013-05-29",613,"72","9","5","5","0","0",,"0","004","-","N",,0,0,,,0,,,,"Y",3,"A","-",23152,"A","N","A","H","-","A","A","0","Y","A","01",0,0,1,0,0,0,0,0,0,"-","-","DAVIS","YOLO","CA",0,0
"6160240",-121.7588914,38.5461595,2013,"5701","0","2","4","09",0,1,"A",,"Y",,,,1200,7,"D","G","A","LA RUE RD","RUSSELL BL",28,"S","N","2014-03-27",5701,"2013-07-30",1122,"1050","UCD","5","5","0","0",,"0",,"-","N",,0,0,,,0,,,,"N",2,"A","-",21804,"A","N","A","H","-","A","D","0","Y","L","04",0,0,1,0,0,0,1,0,0,"-","-","DAVIS","YOLO","CA",0,0
"6159030",-121.5178989,38.5732019,2013,"5704","2","2","2","03",0,1,"A",,,"Y",,"Y",1800,7,"C","C","A","RT 50","RT 84",2000,"E","N","2014-03-18",9280,"2013-07-30",1725,"15079",,"2","4","0","1",,"2","011","-","Y","YOL",3,50,"-","-",2.88,"H","-","W","Y",5,"A","-",22350,,"N","A","H","-","A","D","1","Y","A","01",1,0,0,0,0,0,0,0,1,"-","-","WEST SACRAMENTO","YOLO","CA",-121.51683,38.57248
"6159026",-122.1187353,38.7047186,2013,"5700","3","1","4","08",0,1,"A",,,,,,2100,7,"E","J","A","RT 16","TABERS CORNER",86,"W","N","2014-03-18",9280,"2013-07-29",2007,"17763",,"2","9","0","1",,"2","034","-","Y","YOL",3,16,"-","-",21.8,"H","-","W","Y",1,"A","-",22107,,"N","A","H","-","A","D","0","Y","A","71",0,0,1,0,0,0,0,0,0,"-","-","UNINCORPORATED","YOLO","CA",-122.11862,38.70476
"6158821",-121.6407518,38.5629052,2013,"5701","1","5","4","03",0,2,"A",,,,,,1800,7,"C","C","A","RT 80","WEBSTER",792,"W","N","2014-03-18",9280,"2013-07-26",1640,"013469",,"2","5","0","1",,"2","010","-","Y","YOL",3,80,"-","-",5.63,"H","-","E","N",3,"A","-",22350,,"N","A","H","-","A","D","1","Y","A","01",0,0,2,0,0,0,0,0,0,"-","-","DAVIS","YOLO","CA",-121.65076,38.56108
"6158817",-121.6762199,38.6736251,2013,"5700","1","3","4","07",0,1,"A",,,,,,900,7,"D","C","A","RT 5","COUNTY ROAD 103",8976,"S","N","2014-03-18",9280,"2013-07-24",845,"017772",,"1","9","0","1",,"2","020","-","Y","YOL",3,5,"-","-",2.71,"H","-","N","N",3,"A","-",21658,"A","M","A","H","-","A","D","1","Y","-","99",0,0,1,0,0,0,0,0,0,"-","-","UNINCORPORATED","YOLO","CA",-121.4338,38.4013
"6158813",-121.5459548,38.5751058,2013,"5704","2","6","3","03",0,1,"A",,,,,,1200,7,"C","C","A","RT 50","HARBOR BL",292,"E","N","2014-03-18",9280,"2013-07-20",1107,"017375",,"1","4","0","1",,"2","011","-","Y","YOL",3,50,"-","-",1.26,"H","-","W","N",3,"A","-",22350,,"N","A","H","-","A","D","1","Y","A","01",0,1,0,0,0,0,0,0,0,"-","-","WEST SACRAMENTO","YOLO","CA",-121.54668,38.57509
"6158809",-121.9079406,38.822525,2013,"5700","1","2","3","08",0,1,"A",,,,,,1500,7,"E","I","A","RT 5","COUNTY ROAD 12",4715,"N","N","2014-03-17",9280,"2013-07-09",1310,"017800",,"1","9","0","1",,"2","030","-","Y","YOL",3,5,"-","R",20.1,"H","-","S","Y",1,"A","-",22107,,"N","A","H","-","A","D","1","Y","A","01",0,1,0,0,0,0,0,0,0,"-","-","UNINCORPORATED","YOLO","CA",-121.90694,38.82156
"6158805",-121.5269185,38.4051099,2013,"5700","5","7","3","03",0,2,"A",,,,,,1200,7,"F","J","A","COUNTY ROAD 141","SOUTH RIVER RD",2640,"W","N","2014-03-17",9280,"2013-07-14",1145,"16292",,"1","9","0","3",,"2","001","-","N",,0,0,,,0,,,,"Y",1,"A","-",22350,,"N","A","H","-","A","D","0","Y","A","01",0,2,0,0,0,0,0,0,0,"-","-","UNINCORPORATED","YOLO","CA",0,0
"6158801",-121.6855727,38.6734593,2013,"5700","1","5","4","03",0,1,"A",,,,,,2100,7,"C","C","A","RT 5","COUNTY ROAD 103",6864,"S","N","2014-03-18",9280,"2013-07-26",1820,"015492",,"2","9","0","1",,"2","020","-","Y","YOL",3,5,"-","-",3.19,"H","-","S","Y",3,"A","-",22350,,"N","A","H","-","A","D","1","Y","A","01",0,0,1,0,0,0,0,0,0,"-","-","UNINCORPORATED","YOLO","CA",-121.67419,38.67345
"6156446",-121.7444635,38.5607788,2013,"5701","0","1","3","18",0,1,"A","Y",,,,,1800,6,"C","C","E","EAST COVELL BL","F ST",100,"E","N","2014-04-02",5701,"2013-06-10",1604,"83","3","5","5","0","0",,"0","001","-","N",,0,0,,,0,,,,"N",3,"C","-",0,,"N","A","H","-","A","A","0","Y","-","-",0,1,0,0,1,0,0,0,0,"-","-","DAVIS","YOLO","CA",0,0
"6156442",-121.744541,38.5509315,2013,"5701","0","3","3","11",0,1,"A","Y",,,,,2100,6,"G","B","D","8TH ST","D ST",20,"W","N","2014-03-11",5701,"2013-06-19",1841,"31","4","5","5","0","0",,"0","002","-","N",,0,0,,,0,,,,"N",2,"A","-",21954,"A","N","A","H","-","A","D","0","Y","N","60",0,1,0,0,1,0,0,0,0,"-","-","DAVIS","YOLO","CA",-121.75585,38.5503
"6156438",-121.6967306,38.5645298,2013,"5701","0","7","3","00",0,1,"A",,,,,,1500,6,"F","-","A","EAST COVELL BL","COUNTY ROAD 104",900,"W","N","2015-01-15",5701,"2013-06-30",1358,"94","7","5","5","0","0",,"0","003","-","N",,0,0,,,0,,,,"Y",1,"A","-",23103,"A","N","A","H","-","A","A","0","Y","A","01",0,1,0,0,0,0,0,0,0,"-","-","DAVIS","YOLO","CA",0,0
"6156427",-121.6944831,38.546695,2013,"5701","0","1","3","09",0,1,"A",,"Y",,,,1200,7,"H","G","A","MACE BL","EL MACERO DR",0,,"Y","2014-03-14",5701,"2013-07-22",1034,"89","9","5","5","0","0",,"0","004","-","N",,0,0,,,0,,,,"N",2,"A","-",21802,"A","N","A","H","-","A","A","0","Y","A","01",0,1,0,0,0,0,1,0,0,"-","-","DAVIS","YOLO","CA",0,0
"6156423",-121.7369832,38.545335,2013,"5701","0","4","3","09",0,1,"A",,"Y",,,,1800,7,"H","G","A","3RD ST","I ST",0,,"Y","2014-03-14",5701,"2013-07-11",1502,"89","D","5","5","0","0",,"0","002","-","N",,0,0,,,0,,,,"N",2,"A","-",21801,"A","N","A","H","-","A","A","0","Y","A","01",0,1,0,0,0,0,1,0,0,"-","-","DAVIS","YOLO","CA",0,0
"6156401",-121.7546331,38.555975,2013,"5701","0","1","3","03",0,1,"A",,"Y",,,,1200,7,"H","I","A","VILLANOVA DR","CAROB PL",0,,"Y","2014-03-22",5701,"2013-07-08",1120,"91","2","5","5","0","0",,"0","001","-","N",,0,0,,,0,,,,"N",1,"A","-",22350,,"N","A","H","-","A","D","0","Y","-","-",0,1,0,0,0,0,1,0,0,"-","-","DAVIS","YOLO","CA",0,0
"6156193",-121.7638231,38.560755,2013,"5701","0","3","4","00",0,1,"A",,,,,,1500,7,"D","C","A","SYCAMORE LN","COVELL BL",0,,"Y","2014-03-19",5701,"2013-07-17",1311,"89","3","5","5","0","0",,"0","001","-","N",,0,0,,,0,,,,"Y",2,"D","-",0,,"N","A","H","-","A","A","0","Y","-","-",0,0,1,0,0,0,0,0,0,"-","-","DAVIS","YOLO","CA",-121.76394,38.56095
"6155860",-121.5475197,38.5769498,2013,"5704","0","2","4","03",0,1,"A","Y",,,,,2400,7,"G","B","E","EVERGREEN AV","HARBOR BL",327,"E","N","2014-03-13",5704,"2013-07-16",2145,"00118",,"5","4","0","0",,"0","002","-","N",,0,0,,,0,,,,"N",2,"A","-",22350,,"F","A","H","-","C","D","0","Y","-","-",0,0,1,0,1,0,0,0,0,"-","-","WEST SACRAMENTO","YOLO","CA",0,0
"6155856",-121.5634531,38.5554851,2013,"5704","0","4","4","09",0,1,"A",,,,,,900,7,"D","C","A","SOUTHPORT PKWY","RAMCO ST",0,,"Y","2014-03-13",5704,"2013-07-25",819,"00173","WSPD","5","4","0","0",,"0","003","-","N",,0,0,,,0,,,,"Y",2,"A","-",21453,"C","N","A","H","-","A","A","0","Y","A","01",0,0,1,0,0,0,0,0,0,"-","-","WEST SACRAMENTO","YOLO","CA",0,0
"6155674",-121.5372931,38.552715,2013,"5704","0","4","4","01",0,1,"A",,,,,"Y",2100,7,"D","C","A","LAKE WASHINGTON BL","JEFFERSON BL",0,,"Y","2014-10-01",5704,"2013-07-25",1950,"170","BEAT","5","4","0","0",,"0","003","-","N",,0,0,,,0,,,,"N",2,"A","-",23152,"A","M","A","H","-","A","A","0","Y","A","01",0,0,1,0,0,0,0,0,0,"-","-","WEST SACRAMENTO","YOLO","CA",0,0
"6154870",-121.5567424,38.5854407,2013,"5704","1","5","3","03",0,4,"A",,,,"Y",,1500,7,"C","C","A","RT 80","REED AV",1848,"W","N","2014-03-21",9280,"2013-07-26",1330,"13469",,"1","4","0","1",,"2","010","-","Y","YOL",3,80,"-","R",10.86,"H","-","W","Y",4,"A","-",22350,,"N","A","H","-","A","D","1","Y","F","55",0,1,3,0,0,0,0,0,0,"-","-","WEST SACRAMENTO","YOLO","CA",-121.54895,38.59648