"CASEID","POINT_X","POINT_Y","YEAR_","LOCATION","CHPTYPE","DAYWEEK","CRASHSEV","VIOLCAT","KILLED","INJURED","WEATHER1","PEDCOL","BICCOL","MCCOL","TRUCKCOL","ETOH","TIMECAT","MONTH_","CRASHTYP","INVOLVE","PED","PRIMARYRD","SECONDRD","DISTANCE","DIRECT","INTERSECT_","PROCDATE","JURIS","DATE_","TIME_","BADGE","JURIDIST","SHIFT","POP","SPECIAL","BEATTYPE","LAPDDIV","BEATCLAS","BEATNUMB","WEATHER2","STATEHW","CALTRANC","CALTRAND","STROUTE","ROUTESUF","POSTPRE","POSTMILE","LOCATYPE","RAMP","SIDEHW","TOWAWAY","PARTIES","PCF","VIOLCODE","VIOL","VIOLSUB","HITRUN","ROADSURF","RDCOND1","RDCOND2","LIGHTING","RIGHTWAY","CHPRDTYP","NOTPRIV","STFAULT","CHPFAULT","SEVINJ","OTHERINJ","COP","PEDKILL","PEDINJ","BICKILL","BICINJ","MCKILL","MCINJURE","RAMP1","RAMP2","CITY","COUNTY","STATE","X_CHP","Y_CHP"
"6154869",-121.5651467,38.5761004,2013,"5704","1","2","4","03",0,1,"A",,,,,,900,7,"C","C","A","RT 80","WEST CAPITOL AV",1056,"E","N","2014-03-14",9280,"2013-07-23",831,"017375",,"1","4","0","1",,"2","010","-","Y","YOL",3,80,"-","R",10.36,"H","-","W","N",3,"A","-",22350,,"N","A","H","-","A","D","1","Y","D","22",0,0,1,0,0,0,0,0,0,"-","-","WEST SACRAMENTO","YOLO","CA",-121.55803,38.58353
"6153942",-121.5458659,38.5769954,2013,"5704","0","1","3","09",0,2,"B",,,,,,1500,7,"D","C","A","EVERGREEN AV","HARBOR BL",800,"E","N","2014-03-14",5704,"2013-07-22",1210,"00165",,"5","4","0","0",,"0","002","-","N",,0,0,,,0,,,,"Y",2,"A","-",21804,"A","N","A","H","-","A","D","0","Y","A","01",0,1,1,0,0,0,0,0,0,"-","-","WEST SACRAMENTO","YOLO","CA",0,0
"6153406",-121.7844906,38.648445,2013,"5700","4","3","3","09",0,2,"A",,,,,,1200,6,"D","C","A","COUNTY ROAD 99","COUNTY ROAD 25A",2640,"N","N","2014-03-06",9280,"2013-06-12",1040,"014853",,"1","9","0","2",,"1","021","-","N",,0,0,,,0,,,,"Y",2,"A","-",21804,"A","N","A","H","-","A","D","0","Y","A","01",0,1,1,0,0,0,0,0,0,"-","-","UNINCORPORATED","YOLO","CA",-121.78443,38.64883
"6153402",0,0,2013,"5700","5","4","4","08",0,1,"A",,,,,,900,6,"F","I","A","RUSSELL BL","COUNTY ROAD 93A",1200,"E","N","2014-03-05",9280,"2013-06-27",650,"017772",,"1","9","0","3",,"2","002","-","N",,0,0,,,0,,,,"Y",1,"A","-",22107,,"N","A","H","-","A","D","0","Y","A","01",0,0,1,0,0,0,0,0,0,"-","-","UNINCORPORATED","YOLO","CA",-121.89899,38.55011
"6153398",-121.6902569,38.6737416,2013,"5700","1","4","4","08",0,1,"A",,,,,,900,6,"F","I","A","RT 5","COUNTY ROAD 103",5280,"S","N","2014-03-05",9280,"2013-06-27",605,"017772",,"1","9","0","1",,"2","020","-","Y","YOL",3,5,"-","-",3.49,"H","-","N","Y",1,"A","-",22107,,"N","A","H","-","A","D","1","Y","A","07",0,0,1,0,0,0,0,0,0,"-","-","UNINCORPORATED","YOLO","CA",-121.68492,38.67377
"6153314",-121.5287776,38.5765258,2013,"5704","2","2","3","03",0,1,"A",,,,,,1800,7,"C","C","A","RT 50","WEST ACRE RD",36,"E","N","2014-03-13",9280,"2013-07-16",1745,"017763",,"2","4","0","1",,"2","011","-","Y","YOL",3,50,"-","-",2.21,"H","-","E","Y",3,"A","-",22350,,"N","A","H","-","A","D","1","Y","A","01",0,1,0,0,0,0,0,0,0,"-","-","WEST SACRAMENTO","YOLO","CA",-121.53045,38.57596
"6153310",-121.8079387,38.6776933,2013,"5700","3","7","4","08",0,2,"A",,,,,,1200,7,"C","C","A","RT 16","COUNTY ROAD 98",1584,"W","N","2014-03-13",9280,"2013-07-14",1135,"015485",,"1","9","0","1",,"1","024","-","Y","YOL",3,16,"-","-",40.27,"H","-","W","Y",2,"A","-",22107,,"N","A","H","-","A","D","0","Y","A","07",0,0,2,0,0,0,0,0,0,"-","-","UNINCORPORATED","YOLO","CA",-121.80756,38.67777
"6153306",-121.9397735,38.6778523,2013,"5700","3","7","4","03",0,2,"A",,,,,,1200,7,"F","I","A","RT 16","GRAVEL PLANT RD",2640,"E","N","2014-03-13",9280,"2013-07-14",1133,"017375",,"1","9","0","1",,"2","034","-","Y","YOL",3,16,"-","-",32.9,"H","-","W","N",1,"A","-",22350,,"N","A","H","-","A","D","0","Y","A","01",0,0,2,0,0,0,0,0,0,"-","-","UNINCORPORATED","YOLO","CA",-121.93955,38.67776
"6153302",-121.7856932,38.590395,2013,"5700","5","6","3","12",0,3,"A",,,,,,2400,7,"D","C","A","COUNTY ROAD 29","COUNTY ROAD 99",0,,"Y","2014-03-13",9280,"2013-07-06",2100,"015079",,"2","9","0","3",,"2","002","-","N",,0,0,,,0,,,,"Y",2,"A","-",22450,"A","N","A","H","-","D","D","0","Y","A","01",0,1,2,0,0,0,0,0,0,"-","-","UNINCORPORATED","YOLO","CA",-121.478,38.3525
"6152746",-121.5602009,38.5754068,2013,"5704","1","4","4","03",0,1,"A",,,,,,1200,7,"C","C","A","RT 50","RT 80",10,"E","N","2014-09-30",9280,"2013-07-25",1030,"017772",,"1","4","0","1",,"2","010","-","Y","YOL",3,50,"-","-",0.46,"H","-","W","Y",2,"A","-",22350,,"N","A","H","-","A","D","1","Y","A","08",0,0,1,0,0,0,0,0,0,"-","-","WEST SACRAMENTO","YOLO","CA",-121.5636,38.5755
"6152452",-121.7372708,38.5385615,2013,"5701","1","5","4","08",0,1,"A",,,,"Y",,900,7,"C","C","A","RT 80","RICHARDS BL",528,"W","N","2014-03-19",9280,"2013-07-19",604,"016632",,"1","5","0","1",,"2","010","-","Y","YOL",3,80,"-","-",0.13,"H","-","E","Y",2,"A","-",22107,,"N","A","H","-","A","D","1","Y","D","22",0,0,1,0,0,0,0,0,0,"-","-","DAVIS","YOLO","CA",-121.73703,38.53864
"6152448",-121.5482713,38.5749051,2013,"5704","2","7","4","21",0,2,"A",,,,"Y",,900,7,"C","C","A","RT 50","HARBOR BL",280,"E","N","2014-03-19",9280,"2013-07-07",740,"13890",,"1","4","0","1",,"2","011","-","Y","YOL",3,50,"-","-",1.25,"H","-","E","N",2,"A","-",22106,,"N","A","H","-","A","D","1","Y","F","26",0,0,2,0,0,0,0,0,0,"-","-","WEST SACRAMENTO","YOLO","CA",-121.5456,38.47486
"6152440",-121.7789435,38.6996912,2013,"5703","1","5","4","18",0,1,"A",,,,,,2100,7,"H","A","A","RT 5","COUNTY ROAD 99",1584,"S","N","2014-03-21",9280,"2013-07-19",1845,"013469",,"2","4","0","1",,"2","020","-","Y","YOL",3,5,"-","R",9.11,"H","-","N","Y",2,"C","-",0,,"N","A","H","-","A","D","1","Y","-","-",0,0,1,0,0,0,0,0,0,"-","-","WOODLAND","YOLO","CA",-121.77659,38.69895
"6152436",-121.5487842,38.3468664,2013,"5700","5","1","3","08",0,3,"A",,,,,,1200,7,"F","I","A","SOUTH RIVER RD","COUNTY ROAD 143",3696,"N","N","2014-03-21",9280,"2013-07-15",1025,"015485",,"1","9","0","3",,"2","001","-","N",,0,0,,,0,,,,"Y",1,"A","-",22107,,"N","A","H","-","A","D","0","Y","D","22",0,1,2,0,0,0,0,0,0,"-","-","UNINCORPORATED","YOLO","CA",-121.53349,38.35269
"6148490",-121.7652139,38.5369187,2013,"5701","0","3","4","03",0,1,"A",,,,,,900,7,"C","C","A","HUTCHISON DR","HEALTH SCIENCE DR",200,"W","N","2014-03-17",5701,"2013-07-17",805,"1050","UCD","5","5","0","0",,"0",,"-","N",,0,0,,,0,,,,"N",2,"A","-",22350,,"N","A","H","-","A","D","0","Y","A","01",0,0,1,0,0,0,0,0,0,"-","-","DAVIS","YOLO","CA",0,0
"6148489",-121.7609547,38.5390745,2013,"5701","0","1","3","09",0,1,"A",,"Y",,,,1200,7,"H","G","A","HUTCHINSON DR","LA RUE RD",9,"W","N","2014-03-17",5701,"2013-07-08",953,"1050","UCD","5","5","0","0",,"0",,"-","N",,0,0,,,0,,,,"N",2,"A","-",21804,"A","N","A","H","-","A","A","0","Y","L","04",0,1,0,0,0,0,1,0,0,"-","-","DAVIS","YOLO","CA",0,0
"6148488",-121.7640209,38.5453332,2013,"5701","0","3","3","05",0,1,"A",,"Y",,,,1800,7,"H","E","A","ORCHARD PARK DR","RUSSELL BL",405,"S","N","2014-03-17",5701,"2013-07-17",1640,"1060","UCD","5","5","0","0",,"0",,"-","N",,0,0,,,0,,,,"N",2,"A","-",21650,,"N","A","H","-","A","D","0","Y","L","04",0,1,0,0,0,0,1,0,0,"-","-","DAVIS","YOLO","CA",0,0
"6148231",-121.7747549,38.6754218,2013,"5703","0","5","4","11",0,1,"A","Y",,,,,2100,7,"G","B","D","COLLEGE ST","LINCOLN AV",85,"S","N","2014-03-14",5703,"2013-07-19",1908,"899","32","5","4","0","0",,"0","001","-","N",,0,0,,,0,,,,"N",2,"A","-",21954,"A","N","A","H","-","A","D","0","Y","N","60",0,0,1,0,1,0,0,0,0,"-","-","WOODLAND","YOLO","CA",0,0
"6148164",-121.7082862,38.5497267,2013,"5701","1","6","4","08",0,1,"A",,,,,,1800,7,"D","C","A","RT 80","MACE BL",3696,"W","N","2014-03-13",9280,"2013-07-20",1620,"017763",,"2","5","0","1",,"2","010","-","Y","YOL",3,80,"-","-",1.98,"H","-","E","Y",2,"A","-",22107,,"N","A","H","-","A","D","1","Y","A","01",0,0,1,0,0,0,0,0,0,"-","-","DAVIS","YOLO","CA",-121.7055,38.55024
"6146904",-121.7747263,38.6783053,2013,"5703","0","5","4","09",0,1,"A",,,,,"Y",1200,6,"D","C","A","COLLEGE ST","DEAD CAT ALY",62,"N","N","2014-03-05",5703,"2013-06-14",1125,"826","42","5","4","0","0",,"0","002","-","N",,0,0,,,0,,,,"N",2,"A","-",21804,"A","N","A","H","-","A","D","0","Y","A","01",0,0,1,0,0,0,0,0,0,"-","-","WOODLAND","YOLO","CA",0,0
"6146629",0,0,2013,"5703","0","2","4","08",0,2,"A",,,,,,1800,7,"D","C","A","HARDY DR","HERSHEY ST",153,"E","N","2014-03-19",5703,"2013-07-16",1715,"808","71","5","4","0","0",,"0","004","-","N",,0,0,,,0,,,,"Y",2,"A","-",22103,,"N","A","H","-","A","D","0","Y","A","01",0,0,2,0,0,0,0,0,0,"-","-","WOODLAND","YOLO","CA",0,0
"6146625",-121.7162232,38.677075,2013,"5703","0","2","4","03",0,1,"A",,,,"Y",,300,7,"D","C","A","EAST MAIN ST","HANSON WY",0,,"Y","2014-03-21",5703,"2013-07-02",235,"816","101","5","4","0","0",,"0","002","-","N",,0,0,,,0,,,,"Y",2,"A","-",22350,,"N","A","H","-","C","A","0","Y","A","01",0,0,1,0,0,0,0,0,0,"-","-","WOODLAND","YOLO","CA",0,0
"6146459",-121.7130648,38.5486354,2013,"5701","1","6","4","03",0,1,"A",,,,,,1800,7,"C","C","A","RT 80","MACE BL",5280,"W","N","2014-03-18",9280,"2013-07-13",1540,"15168",,"2","5","0","1",,"2","010","-","Y","YOL",3,80,"-","-",1.68,"H","-","E","Y",2,"A","-",22350,,"N","A","H","-","A","D","1","Y","A","01",0,0,1,0,0,0,0,0,0,"-","-","DAVIS","YOLO","CA",-121.71172,38.54882
"6146304",-121.5277731,38.563135,2013,"5704","0","5","4","03",0,1,"A",,,,,,2100,6,"C","C","A","STONE BL","JEFFERSON BL",0,,"Y","2014-03-06",5704,"2013-06-28",1905,"157",,"5","4","0","0",,"0","002","-","N",,0,0,,,0,,,,"N",2,"A","-",22350,,"N","A","H","-","A","D","0","Y","A","01",0,0,1,0,0,0,0,0,0,"-","-","WEST SACRAMENTO","YOLO","CA",0,0
"6146285",-121.5277731,38.563135,2013,"5704","0","3","4","12",0,1,"A",,"Y",,,,2400,7,"D","G","A","JEFFERSON BL","STONE BL",0,,"Y","2014-03-18",5704,"2013-07-03",2338,"00117",,"5","4","0","0",,"0","002","-","N",,0,0,,,0,,,,"N",2,"A","-",21453,"A","N","A","H","-","C","A","0","Y","L","04",0,0,1,0,0,0,1,0,0,"-","-","WEST SACRAMENTO","YOLO","CA",0,0
"6144169",-121.5247796,38.5942781,2013,"5704","0","1","4","08",0,1,"B",,"Y",,,,1800,6,"B","G","A","CUMMINS WY","JULIAN DR",150,"E","N","2014-09-23",5704,"2013-06-24",1530,"00165",,"5","4","0","0",,"0","001","-","N",,0,0,,,0,,,,"N",2,"A","-",22107,,"N","B","H","-","A","D","0","Y","L","04",0,0,1,0,0,0,1,0,0,"-","-","WEST SACRAMENTO","YOLO","CA",0,0
"6143994",-121.5497584,38.5393949,2013,"5704","0","6","4","03",0,1,"A",,,,,,1200,6,"C","C","A","JEFFERSON BL","LINDEN RD",27,"S","N","2014-03-06",5704,"2013-06-01",936,"00140","WSPD","5","4","0","0",,"0","003","-","N",,0,0,,,0,,,,"Y",2,"A","-",22350,,"N","A","H","-","A","A","0","Y","D","22",0,0,1,0,0,0,0,0,0,"-","-","WEST SACRAMENTO","YOLO","CA",0,0
"6143755",-121.6335008,38.5643859,2013,"5700","1","7","2","08",0,1,"A",,,"Y",,,600,6,"E","I","A","RT 80","WEBSTER",1056,"E","N","2014-03-07",9280,"2013-06-09",332,"017883",,"3","9","0","1",,"2","010","-","Y","YOL",3,80,"-","-",6,"H","-","W","Y",1,"A","-",22107,,"N","A","H","-","D","D","1","Y","C","02",1,0,0,0,0,0,0,0,1,"-","-","UNINCORPORATED","YOLO","CA",-121.63733,38.56367
"6143595",-121.5495378,38.4806403,2013,"5700","5","1","3","03",0,1,"A",,,,,,900,7,"F","I","A","SOUTH RIVER RD","BABEL SLOUGH RD",200,"N","N","2014-03-11",9280,"2013-07-08",855,"017375",,"1","9","0","3",,"2","002","-","N",,0,0,,,0,,,,"N",1,"A","-",22350,,"N","A","H","-","A","D","0","Y","A","07",0,1,0,0,0,0,0,0,0,"-","-","UNINCORPORATED","YOLO","CA",-121.54942,38.48014
"6143556",-121.6874112,38.5544909,2013,"5700","1","3","3","08",0,1,"A",,,,,,2400,7,"E","J","A","RT 80","MACE BL",1848,"E","N","2014-03-11",9280,"2013-07-17",2105,"011706",,"2","9","0","1",,"2","010","-","Y","YOL",3,80,"-","-",3,"H","-","E","Y",1,"A","-",22107,,"N","A","H","-","C","D","1","Y","A","01",0,1,0,0,0,0,0,0,0,"-","-","UNINCORPORATED","YOLO","CA",-121.68866,38.55407
"6143528",-121.6934094,38.5527374,2013,"5701","1","4","3","00",0,1,"A",,,"Y",,,1800,7,"C","C","A","RT 80","MACE BL",75,"W","N","2014-03-11",9280,"2013-07-11",1700,"011706",,"2","5","0","1",,"2","010","-","Y","YOL",3,80,"-","-",2.67,"H","-","E","N",2,"D","-",0,,"N","A","H","-","A","D","1","Y","-","-",0,1,0,0,0,0,0,0,1,"-","-","DAVIS","YOLO","CA",-121.69149,38.55244
"6143239",-121.737643,38.5382577,2013,"5700","1","4","4","03",0,2,"A",,,,,,1800,7,"C","C","A","RT 80","RICHARDS BL",800,"W","N","2014-06-02",9280,"2013-07-18",1620,"16144",,"2","9","0","1",,"2","010","-","Y","YOL",3,80,"-","-",0.08,"H","-","E","Y",4,"A","-",22350,,"N","A","H","-","A","D","1","Y","J","48",0,0,2,0,0,0,0,0,0,"-","-","UNINCORPORATED","YOLO","CA",-121.73741,38.53855
"6143227",-121.6657684,38.5591583,2013,"5700","1","1","3","07",0,1,"A",,,,,,900,7,"D","C","A","RT 80","WEBSTER",7920,"W","N","2014-03-21",9280,"2013-07-08",600,"017375",,"1","9","0","1",,"2","010","-","Y","YOL",3,80,"-","-",4.28,"H","-","W","N",2,"A","-",21658,"A","N","A","H","-","A","D","1","Y","A","01",0,1,0,0,0,0,0,0,0,"-","-","UNINCORPORATED","YOLO","CA",-121.6621,38.55963
"6143209",-121.9461983,38.8541902,2013,"5700","1","6","4","08",0,1,"A",,,,,,900,7,"B","C","A","RT 505","RT 5",3696,"N","N","2014-03-13",9280,"2013-07-13",718,"016632",,"1","9","0","1",,"2","030","-","Y","YOL",3,5,"-","R",23.207,"R","1","N","Y",2,"A","-",22107,,"N","A","H","-","A","D","1","Y","A","08",0,0,1,0,0,0,0,0,0,"-","-","UNINCORPORATED","YOLO","CA",-121.94697,38.85517
"6140389",-121.5452531,38.591565,2013,"5704","0","4","4","08",0,1,"A",,,,,,2100,6,"B","C","A","REED AV","HARBOR BL",0,,"Y","2015-01-15",5704,"2013-06-13",1808,"00170","WSPD","5","4","0","0",,"0","001","-","N",,0,0,,,0,,,,"N",2,"A","-",22107,,"M","A","H","-","A","A","0","Y","A","01",0,0,1,0,0,0,0,0,0,"-","-","WEST SACRAMENTO","YOLO","CA",0,0
"6138910",0,0,2013,"5701","0","6","3","03",0,1,"A",,,,,,300,5,"A","E","A","4TH ST","1ST ST",100,"E","N","2014-02-26",5701,"2013-05-04",227,"106","5","5","5","0","0",,"0","002","-","N",,0,0,,,0,,,,"Y",2,"A","-",22350,,"M","A","H","-","C","A","0","Y","A","01",0,1,0,0,0,0,0,0,0,"-","-","DAVIS","YOLO","CA",0,0
"6138906",-121.731453,38.5408675,2013,"5701","0","6","4","09",0,1,"A",,,,,,1800,5,"D","C","A","RESEARCH PARK DR","RICHARDS BL",325,"N","N","2014-02-26",5701,"2013-05-11",1700,"74","8","5","5","0","0",,"0","004","-","N",,0,0,,,0,,,,"Y",2,"A","-",21801,"A","N","A","H","-","A","D","0","Y","A","01",0,0,1,0,0,0,0,0,0,"-","-","DAVIS","YOLO","CA",0,0
"6138685",-122.090597,38.5163072,2013,"5700","3","1","3","01",0,2,"A",,,,,"Y",2400,7,"E","I","A","RT 128","SOLANO CO LINE",1901,"E","N","2014-03-12",9280,"2013-07-01",2155,"017800",,"2","9","0","1",,"2","032","-","Y","YOL",3,128,"-","-",0.36,"H","-","E","N",1,"A","-",23152,"A","N","A","H","-","D","D","0","Y","A","01",0,1,1,0,0,0,0,0,0,"-","-","UNINCORPORATED","YOLO","CA",-122.09008,38.5163
"6135701",-121.8025032,38.684915,2013,"5703","0","7","3","09",0,2,"A",,,,,,2100,7,"D","C","A","COUNTY ROAD 98","WEST BEAMER RD",0,,"Y","2014-03-17",5703,"2013-07-14",1943,"808",,"5","4","0","0",,"0","002","-","N",,0,0,,,0,,,,"Y",2,"A","-",21802,"A","N","A","H","-","A","D","0","Y","A","01",0,2,0,0,0,0,0,0,0,"-","-","WOODLAND","YOLO","CA",0,0
"6135697",-122.1951195,38.8322193,2013,"5700","3","6","3","08",0,1,"A",,,"Y",,,2400,7,"E","I","A","RT 16","COUNTY ROAD 52",30,"E","N","2014-03-17",9280,"2013-07-06",2330,"013390",,"3","9","0","1",,"2","034","-","Y","YOL",3,16,"-","-",11.76,"H","-","E","Y",1,"A","-",22107,,"N","A","H","-","D","A","0","Y","C","02",0,1,0,0,0,0,0,0,1,"-","-","UNINCORPORATED","YOLO","CA",-122.19495,38.83201
"6135693",-121.7354655,38.5400585,2013,"5701","1","2","4","03",0,1,"A",,,,,,1500,8,"C","C","A","RT 80","RICHARDS BL",264,"E","N","2014-03-17",9280,"2013-08-13",1410,"011706",,"2","5","0","1",,"2","010","-","Y","YOL",3,80,"-","-",0.28,"H","-","E","N",2,"A","-",22350,,"N","A","H","-","A","D","1","Y","A","08",0,0,1,0,0,0,0,0,0,"-","-","DAVIS","YOLO","CA",-121.73403,38.54117
"6135689",-121.6695262,38.5584396,2013,"5701","1","4","3","03",0,1,"A",,,,,,2100,7,"C","C","A","RT 80","MACE BL",7392,"E","N","2014-03-17",9280,"2013-07-11",1855,"011706",,"2","5","0","1",,"2","010","-","Y","YOL",3,80,"-","-",4.08,"H","-","E","Y",3,"A","-",22350,,"N","A","H","-","A","D","1","Y","A","01",0,1,0,0,0,0,0,0,0,"-","-","DAVIS","YOLO","CA",-121.67114,38.55801
"6135285",0,0,2013,"5703","0","3","4","05",0,1,"A",,,,,,300,7,"E","I","A","PIONEER AV","MERRIT CT",99,"N","N","2014-03-10",5703,"2013-07-03",209,"813","51","5","4","0","0",,"0","004","-","N",,0,0,,,0,,,,"Y",1,"A","-",21650,,"N","A","H","-","C","D","0","Y","A","01",0,0,1,0,0,0,0,0,0,"-","-","WOODLAND","YOLO","CA",0,0
"6135003",-121.7672732,38.678715,2013,"5703","0","3","4","03",0,1,"A",,,"Y",,,1800,6,"C","C","A","COURT ST","5TH ST",0,,"Y","2014-03-05",5703,"2013-06-19",1720,"831","22","5","4","0","0",,"0","001","-","N",,0,0,,,0,,,,"Y",2,"A","-",22350,,"N","A","H","-","A","A","0","Y","C","02",0,0,1,0,0,0,0,0,1,"-","-","WOODLAND","YOLO","CA",0,0
"6134999",0,0,2013,"5703","0","5","4","08",0,1,"A",,"Y",,,,1800,6,"D","G","A","GIBSON RD","GIBSON RD 1016",7,"S","N","2014-03-05",5703,"2013-06-21",1625,"835","14","5","4","0","0",,"0","004","-","N",,0,0,,,0,,,,"N",2,"A","-",22107,,"N","A","H","-","A","A","0","Y","A","01",0,0,1,0,0,0,1,0,0,"-","-","WOODLAND","YOLO","CA",0,0
"6134995",-121.7438537,38.6719798,2013,"5703","0","6","4","01",0,1,"A",,,,,"Y",900,6,"E","I","A","FARNHAM AV","PIONEER AV",26,"W","N","2014-03-05",5703,"2013-06-22",658,"893","51","5","4","0","0",,"0","004","-","N",,0,0,,,0,,,,"Y",1,"A","-",23152,"B","N","A","H","-","A","A","0","Y","A","08",0,0,1,0,0,0,0,0,0,"-","-","WOODLAND","YOLO","CA",0,0
"6134557",-121.5616831,38.535115,2013,"5704","0","7","4","-",0,1,"A",,,,,,2400,7,"H","-","A","MARSHALL RD","SEYMOUR AV",0,,"Y","2014-03-12",5704,"2013-07-07",2129,"00170",,"5","4","0","0",,"0",,"-","N",,0,0,,,0,,,,"Y",1,"A","-",0,,"N","A","H","-","C","A","0","Y","A","01",0,0,1,0,0,0,0,0,0,"-","-","WEST SACRAMENTO","YOLO","CA",0,0
"6134556",-121.5332003,38.5802973,2013,"5704","0","7","3","05",0,1,"A",,"Y",,,,600,7,"D","G","A","WEST CAPITOL AV","POPLAR AV",230,"E","N","2014-03-12",5704,"2013-07-07",325,"00118",,"5","4","0","0",,"0","001","-","N",,0,0,,,0,,,,"N",2,"A","-",21650,"1","F","A","H","-","C","D","0","Y","A","01",0,1,0,0,0,0,1,0,0,"-","-","WEST SACRAMENTO","YOLO","CA",0,0
"6133719",-121.5236731,38.5727151,2013,"5704","0","1","3","05",0,1,"B",,"Y",,,,1200,6,"D","G","A","JEFFERSON BL","11TH ST",0,,"Y","2014-03-04",5704,"2013-06-10",1030,"158","WSPD","5","4","0","0",,"0","002","G","N",,0,0,,,0,,,,"N",2,"A","-",21650,"1","N","A","H","-","A","A","0","Y","L","04",0,1,0,0,0,0,1,0,0,"-","-","WEST SACRAMENTO","YOLO","CA",0,0
"6133718",-121.5248031,38.576185,2013,"5704","0","4","4","12",0,4,"A",,,,,,900,6,"D","C","A","JEFFERSON BL","PARK BL",0,,"Y","2014-03-04",5704,"2013-06-06",840,"158","WSPD","5","4","0","0",,"0","002","-","N",,0,0,,,0,,,,"Y",2,"A","-",21453,"A","N","A","-","-","A","A","0","Y","A","01",0,0,4,0,0,0,0,0,0,"-","-","WEST SACRAMENTO","YOLO","CA",0,0
"6133717",-121.5541731,38.5886951,2013,"5704","0","4","4","03",0,1,"A",,,,,,1500,6,"C","C","A","REED AV","RT 80",0,,"Y","2014-03-04",5704,"2013-06-13",1415,"158","WSPD","5","4","0","0",,"0","001","-","Y","YOL",3,80,"-","R",11.042,"R","4","E","N",2,"A","-",22350,,"N","A","H","-","A","A","0","Y","A","01",0,0,1,0,0,0,0,0,0,"-","EF","WEST SACRAMENTO","YOLO","CA",0,0
"6133716",-121.526183,38.5793151,2013,"5704","0","2","3","09",0,2,"C",,,,,,1500,6,"A","C","A","JEFFERSON BL","MERKLEY AV",0,,"N","2014-03-04",5704,"2013-06-25",1220,"137","WSPD","5","4","0","0",,"0","002","-","N",,0,0,,,0,,,,"Y",2,"A","-",21801,"A","N","B","H","-","A","A","0","Y","A","01",0,2,0,0,0,0,0,0,0,"-","-","WEST SACRAMENTO","YOLO","CA",0,0
"6132352",-121.7449881,38.5607882,2013,"5701","0","6","3","08",0,2,"A",,,"Y",,,2100,6,"B","C","A","WEST COVELL BL","F ST",50,"W","N","2014-03-04",5701,"2013-06-29",1942,"92","3","5","5","0","0",,"0","001","-","N",,0,0,,,0,,,,"N",2,"A","-",22107,,"N","A","H","-","A","A","0","Y","A","01",0,2,0,0,0,0,0,0,2,"-","-","DAVIS","YOLO","CA",-121.73237,38.56077
"6132348",-121.7463432,38.5506851,2013,"5701","0","1","4","12",0,1,"B",,,,,,1200,6,"D","C","A","B ST","8TH ST",0,,"Y","2014-03-04",5701,"2013-06-24",1130,"61","4","5","5","0","0",,"0","002","-","N",,0,0,,,0,,,,"N",2,"A","-",21453,"A","N","A","H","-","A","A","0","Y","A","01",0,0,1,0,0,0,0,0,0,"-","-","DAVIS","YOLO","CA",0,0
"6132324",-121.7266603,38.5491272,2013,"5701","0","1","4","03",0,1,"C",,,,,,1800,6,"C","C","A","POLE LINE RD","5TH ST",100,"N","N","2014-03-04",5701,"2013-06-24",1725,"67","7","5","5","0","0",,"0","003","-","N",,0,0,,,0,,,,"N",2,"A","-",22350,,"N","B","H","-","A","A","0","Y","A","01",0,0,1,0,0,0,0,0,0,"-","-","DAVIS","YOLO","CA",0,0
"6131570",-121.7588731,38.546235,2013,"5701","0","7","4","03",0,1,"A",,,,,,900,4,"C","C","A","RUSSELL BL","ANDERSON RD",0,,"Y","2014-02-18",5701,"2013-04-21",810,"109","2","5","5","0","0",,"0","001","-","N",,0,0,,,0,,,,"N",2,"A","-",22350,,"N","A","H","-","A","A","0","Y","A","01",0,0,1,0,0,0,0,0,0,"-","-","DAVIS","YOLO","CA",0,0
"6131389",-121.7284132,38.684445,2013,"5700","4","4","4","00",0,1,"A",,,,,,1500,6,"D","C","A","COUNTY ROAD 102","BEAMER ST",0,,"Y","2014-03-10",9280,"2013-06-06",1200,"012525",,"1","9","0","2",,"1","021","-","N",,0,0,,,0,,,,"Y",2,"D","-",0,,"N","A","H","-","A","A","0","Y","-","-",0,0,1,0,0,0,0,0,0,"-","-","UNINCORPORATED","YOLO","CA",-121.72834,38.68446
"6127963",0,0,2013,"5703","0","4","3","-",0,3,"A",,,,,,1500,6,"-","C","A","GARRETT PL","CAMPOS AV",0,,"Y","2014-03-06",5703,"2013-06-06",1216,"832",,"5","4","0","0",,"0",,"-","N",,0,0,,,0,,,,"Y",2,"A","-",0,,"N","A","H","-","A","D","0","Y","A","07",0,1,2,0,0,0,0,0,0,"-","-","WOODLAND","YOLO","CA",0,0
"6127524",-121.7327886,38.6626956,2013,"5703","0","4","4","09",0,2,"A",,,,,,1200,6,"D","C","A","EAST GIBSON RD","OGDEN ST",835,"E","N","2014-03-11",5703,"2013-06-06",1002,"832","75","5","4","0","0",,"0","004","-","N",,0,0,,,0,,,,"Y",2,"A","-",21804,"A","N","A","H","-","A","A","0","Y","A","01",0,0,2,0,0,0,0,0,0,"-","-","WOODLAND","YOLO","CA",0,0