"CASEID","POINT_X","POINT_Y","YEAR_","LOCATION","CHPTYPE","DAYWEEK","CRASHSEV","VIOLCAT","KILLED","INJURED","WEATHER1","PEDCOL","BICCOL","MCCOL","TRUCKCOL","ETOH","TIMECAT","MONTH_","CRASHTYP","INVOLVE","PED","PRIMARYRD","SECONDRD","DISTANCE","DIRECT","INTERSECT_","PROCDATE","JURIS","DATE_","TIME_","BADGE","JURIDIST","SHIFT","POP","SPECIAL","BEATTYPE","LAPDDIV","BEATCLAS","BEATNUMB","WEATHER2","STATEHW","CALTRANC","CALTRAND","STROUTE","ROUTESUF","POSTPRE","POSTMILE","LOCATYPE","RAMP","SIDEHW","TOWAWAY","PARTIES","PCF","VIOLCODE","VIOL","VIOLSUB","HITRUN","ROADSURF","RDCOND1","RDCOND2","LIGHTING","RIGHTWAY","CHPRDTYP","NOTPRIV","STFAULT","CHPFAULT","SEVINJ","OTHERINJ","COP","PEDKILL","PEDINJ","BICKILL","BICINJ","MCKILL","MCINJURE","RAMP1","RAMP2","CITY","COUNTY","STATE","X_CHP","Y_CHP"
"6126618",-121.7335442,38.7091102,2013,"5700","5","3","3","01",0,1,"A",,,,,"Y",1800,6,"F","I","A","COUNTY ROAD 18C","COUNTY ROAD 102",1584,"W","N","2014-03-11",9280,"2013-06-26",1600,"13469",,"2","9","0","3",,"2","002","-","N",,0,0,,,0,,,,"Y",1,"A","-",23152,"A","N","A","H","-","A","D","0","Y","A","01",0,1,0,0,0,0,0,0,0,"-","-","UNINCORPORATED","YOLO","CA",-121.73301,38.70912
"6125650",-121.5370431,38.579995,2013,"5704","0","2","2","08",0,3,"A",,,,,,1800,5,"E","I","A","WEST CAPITOL AV","SYCAMORE AV",0,,"Y","2014-03-01",5704,"2013-05-28",1655,"00165",,"5","4","0","0",,"0","002","-","N",,0,0,,,0,,,,"Y",1,"A","-",22107,,"N","A","H","-","A","D","0","Y","A","08",1,2,0,0,0,0,0,0,0,"-","-","WEST SACRAMENTO","YOLO","CA",0,0
"6125464",-121.5431831,38.565285,2013,"5704","0","1","4","09",0,1,"A",,,,,,1800,6,"D","C","A","INDUSTRIAL BL","TERMINAL ST",0,,"Y","2014-03-10",5704,"2013-06-03",1510,"00165",,"5","4","0","0",,"0","002","-","N",,0,0,,,0,,,,"N",2,"A","-",21453,"C","N","A","H","-","A","A","0","Y","A","01",0,0,1,0,0,0,0,0,0,"-","-","WEST SACRAMENTO","YOLO","CA",0,0
"6125460",-121.7903532,38.690975,2013,"5703","0","6","4","09",0,3,"A",,,,,,1800,6,"D","C","A","MARIPOSA ST","MUIR ST",0,,"Y","2014-03-10",5703,"2013-06-15",1720,"831","64","5","4","0","0",,"0","002","-","N",,0,0,,,0,,,,"Y",2,"A","-",21800,"A","N","A","H","-","A","D","0","Y","A","01",0,0,3,0,0,0,0,0,0,"-","-","WOODLAND","YOLO","CA",0,0
"6123037",-122.1381572,38.7208477,2013,"5700","3","3","4","08",0,1,"A",,,,,,1500,6,"E","I","A","RT 16","COUNTY ROAD 78A",400,"E","N","2014-09-11",9280,"2013-06-19",1300,"14853",,"1","9","0","1",,"2","034","-","Y","YOL",3,16,"-","-",20.25,"H","-","E","Y",1,"A","-",22107,,"N","A","H","-","A","D","0","Y","A","01",0,0,1,0,0,0,0,0,0,"-","-","UNINCORPORATED","YOLO","CA",-122.13847,38.72117
"6122779",-121.8806261,38.7962628,2013,"5700","1","4","3","07",0,2,"A",,,,,,1500,6,"F","A","A","RT 5","COUNTY ROAD 13",550,"N","N","2014-03-01",9280,"2013-06-13",1203,"14853",,"1","9","0","1",,"2","030","-","Y","YOL",3,5,"-","R",17.73,"H","-","N","Y",2,"A","-",21658,"A","F","A","H","-","A","D","1","Y","-","99",0,2,0,0,0,0,0,0,0,"-","-","UNINCORPORATED","YOLO","CA",-121.88078,38.79586
"6122654",-121.5845845,38.5731555,2013,"5700","1","1","4","04",0,1,"A",,,,,,900,5,"C","C","A","RT 80","ENTERPRISE DR",15840,"W","N","2014-02-21",9280,"2013-05-20",650,"16292",,"1","9","0","1",,"2","010","-","Y","YOL",3,80,"-","-",8.88,"H","-","W","Y",3,"A","-",21703,,"M","A","H","-","A","D","1","Y","A","01",0,0,1,0,0,0,0,0,0,"-","-","UNINCORPORATED","YOLO","CA",-121.58523,38.573
"6121092",-121.5630659,38.575568,2013,"5704","2","3","4","03",0,2,"A",,,,,,1200,7,"C","C","A","RT 50","RT 80",200,"W","N","2014-03-12",9280,"2013-07-10",943,"016632",,"1","4","0","1",,"2","011","-","Y","YOL",3,50,"-","-",0.31,"H","-","W","Y",2,"A","-",22350,,"N","A","H","-","A","D","1","Y","A","01",0,0,2,0,0,0,0,0,0,"-","-","WEST SACRAMENTO","YOLO","CA",-121.56496,38.57577
"6121088",-121.5683431,38.5757122,2013,"5704","1","1","4","03",0,1,"A",,,,,,1200,7,"C","C","A","RT 80","ENTERPRISE BL",1584,"E","N","2014-03-12",9280,"2013-07-08",945,"017933",,"1","4","0","1",,"2","010","-","Y","YOL",3,80,"-","-",9.5,"H","-","W","Y",2,"A","-",22350,,"N","A","H","-","A","D","1","Y","A","01",0,0,1,0,0,0,0,0,0,"-","-","WEST SACRAMENTO","YOLO","CA",-121.56078,38.57553
"6121085",-122.1186055,38.7046145,2013,"5700","3","4","3","08",0,1,"A",,,"Y",,,600,6,"E","I","A","RT 16","TABERS CORNER",19,"E","N","2014-03-06",9280,"2013-06-27",558,"016632",,"3","9","0","1",,"2","034","-","Y","YOL",3,16,"-","-",21.81,"H","-","E","Y",1,"A","-",22107,,"N","A","H","-","A","D","0","Y","C","02",0,1,0,0,0,0,0,0,1,"-","-","UNINCORPORATED","YOLO","CA",-122.11797,38.70417
"6121084",-121.5502727,38.5944328,2013,"5704","1","3","4","03",0,1,"A",,,,,,1200,7,"C","C","A","RT 80","REED AV",528,"E","N","2014-03-12",9280,"2013-07-03",1056,"016632",,"1","4","0","1",,"2","010","-","Y","YOL",3,80,"-","R",11.35,"H","-","E","Y",2,"A","-",22350,,"N","A","H","-","A","D","1","Y","A","08",0,0,1,0,0,0,0,0,0,"-","-","WEST SACRAMENTO","YOLO","CA",-121.54997,38.59504
"6121065",-121.676161,38.5570093,2013,"5700","1","5","4","03",0,3,"A",,,,,,1800,6,"C","C","A","RT 80","MACE BL",5280,"E","N","2014-03-07",9280,"2013-06-28",1630,"011706",,"2","9","0","1",,"2","010","-","Y","YOL",3,80,"-","-",3.68,"H","-","E","Y",2,"A","-",22350,,"N","A","H","-","A","D","1","Y","A","01",0,0,3,0,0,0,0,0,0,"-","-","UNINCORPORATED","YOLO","CA",-121.67824,38.55642
"6121045",-121.9283595,38.6347051,2013,"5700","5","1","2","08",0,1,"A",,,,,,1800,6,"E","I","A","COUNTY ROAD 26","RT 505",6864,"E","N","2014-03-06",9280,"2013-06-17",1730,"016929",,"2","9","0","3",,"2","003","-","Y",,0,0,,,0,,,,"Y",1,"A","-",22107,,"F","A","H","-","A","D","0","Y","A","01",1,0,0,0,0,0,0,0,0,"-","-","UNINCORPORATED","YOLO","CA",-121.92821,38.63476
"6120838",-121.8659682,38.6887496,2013,"5700","3","5","4","05",0,1,"A",,,,,,1500,6,"A","C","A","COUNTY ROAD 94B","COUNTY ROAD 20",1584,"S","N","2014-03-11",9280,"2013-06-28",1220,"17933",,"1","9","0","1",,"2","034","-","N",,0,0,,,0,,,,"Y",2,"A","-",21460,"A","N","A","H","-","A","D","0","Y","A","08",0,0,1,0,0,0,0,0,0,"-","-","UNINCORPORATED","YOLO","CA",-121.86602,38.68857
"6120263",-121.7204067,38.6736451,2013,"5703","1","6","3","01",0,1,"A",,,,,"Y",1500,6,"E","I","A","RT 5","COUNTY ROAD 102",2112,"S","N","2014-03-06",9280,"2013-06-08",1258,"016929",,"1","4","0","1",,"2","020","-","Y","YOL",3,5,"-","-",5.13,"H","-","S","Y",1,"A","-",23152,"A","N","A","H","-","A","D","1","Y","A","01",0,1,0,0,0,0,0,0,0,"-","-","WOODLAND","YOLO","CA",-121.72081,38.67359
"6120259",-122.1426249,38.7307323,2013,"5700","3","5","4","03",0,1,"A",,,,,,2400,6,"C","C","A","RT 16","WINNERS WY",1056,"E","N","2014-03-06",9280,"2013-06-07",2140,"016027",,"2","9","0","1",,"2","034","-","Y","YOL",3,16,"-","-",19.53,"H","-","W","Y",2,"A","-",22350,,"N","A","H","-","D","D","0","Y","A","01",0,0,1,0,0,0,0,0,0,"-","-","UNINCORPORATED","YOLO","CA",-122.14346,38.73275
"6118412",-121.7705662,38.6626269,2013,"5703","0","5","3","05",0,1,"A",,,,,"Y",300,5,"E","I","A","AUBURN WY","GIBSON RD",98,"S","N","2014-03-29",5703,"2013-05-31",200,"826","16","5","4","0","0",,"0","004","-","N",,0,0,,,0,,,,"N",1,"A","-",21650,,"M","A","H","-","C","D","0","Y","A","07",0,1,0,0,0,0,0,0,0,"-","-","WOODLAND","YOLO","CA",0,0
"6118060",-121.8627657,38.6736862,2013,"5700","3","7","2","01",0,7,"A",,,,,"Y",2400,6,"B","C","A","RT 16","COUNTY ROAD 95",1584,"W","N","2014-03-05",9280,"2013-06-02",2240,"015353",,"3","9","0","1",,"2","034","-","Y","YOL",3,16,"-","-",37.22,"H","-","W","Y",3,"A","-",23152,"A","N","A","H","-","D","D","0","Y","A","01",1,0,6,0,0,0,0,0,0,"-","-","UNINCORPORATED","YOLO","CA",-121.86292,38.67368
"6118059",-121.7169757,38.5479949,2013,"5701","1","7","4","01",0,1,"A",,,,,"Y",300,6,"E","J","A","RT 80","POLE LINE RD",2640,"E","N","2014-03-22",9280,"2013-06-09",150,"015079",,"3","5","0","1",,"2","010","-","Y","YOL",3,80,"-","-",1.39,"H","-","W","Y",1,"A","-",23152,"A","N","A","H","-","D","D","1","Y","A","01",0,0,1,0,0,0,0,0,0,"-","-","DAVIS","YOLO","CA",-117.1897,38.5759
"6118029",-121.6910709,38.5510939,2013,"5701","0","5","3","09",0,2,"A",,,,,,2100,6,"D","C","A","EL CEMONTE AV","GLIDE DR",10,"S","N","2015-01-15",5701,"2013-06-07",1822,"103","2","5","5","0","0",,"0","002","-","N",,0,0,,,0,,,,"Y",2,"A","-",21801,"A","N","A","H","-","A","D","0","Y","-","-",0,2,0,0,0,0,0,0,0,"-","-","DAVIS","YOLO","CA",0,0
"6118028",-121.6720806,38.6736251,2013,"5700","1","1","3","03",0,1,"A",,,,,,600,6,"C","E","A","RT 5","COUNTY ROAD 22",9504,"N","N","2014-03-10",9280,"2013-06-17",428,"015353",,"3","9","0","1",,"2","020","-","Y","YOL",3,5,"-","-",2.48,"H","-","N","Y",3,"A","-",22350,,"N","A","H","-","B","D","1","Y","A","01",0,1,0,0,0,0,0,0,0,"-","-","UNINCORPORATED","YOLO","CA",-121.67234,38.67365
"6118027",-121.557528,38.5752414,2013,"5704","2","6","3","03",0,2,"A",,,,,,1200,6,"C","C","A","RT 50","HARBOR BL",3168,"W","N","2014-03-10",9280,"2013-06-15",1147,"017772",,"1","4","0","1",,"2","011","-","Y","YOL",3,50,"-","-",0.6,"H","-","W","Y",2,"A","-",22350,,"N","A","H","-","A","D","1","Y","A","07",0,1,1,0,0,0,0,0,0,"-","-","WEST SACRAMENTO","YOLO","CA",-121.55969,38.57535
"6118026",-122.0389417,38.7056936,2013,"5700","3","4","4","08",0,1,"A",,,,,,600,6,"E","I","A","RT 16","COUNTY ROAD 85B",850,"W","N","2014-03-10",9280,"2013-06-13",315,"917764",,"3","9","0","1",,"2","034","-","Y","YOL",3,16,"-","-",26.21,"H","-","W","Y",1,"A","-",22107,,"N","A","H","-","D","D","0","Y","A","01",0,0,1,0,0,0,0,0,0,"-","-","UNINCORPORATED","YOLO","CA",-122.04096,38.70606
"6118025",-121.731981,38.5431439,2013,"5701","1","5","4","03",0,1,"A",,,"Y",,,2100,6,"F","A","A","RT 80","RICHARDS BL",1584,"E","N","2014-03-10",9280,"2013-06-14",1900,"011706",,"2","5","0","1",,"2","010","-","N",,0,0,,,0,,,,"Y",1,"A","-",22350,,"N","A","H","-","A","D","0","Y","C","02",0,0,1,0,0,0,0,0,1,"-","-","DAVIS","YOLO","CA",-121.73132,38.54345
"6117662",-121.7248577,38.5459672,2013,"5701","1","2","3","08",0,1,"B",,,,,,900,6,"E","I","A","RT 80","POLE LINE RD",255,"E","N","2014-03-07",9280,"2013-06-25",730,"015485",,"1","5","0","1",,"2","010","-","Y","YOL",3,80,"-","-",0.94,"H","-","E","Y",2,"A","-",22107,,"N","B","H","-","A","D","1","Y","A","01",0,1,0,0,0,0,0,0,0,"-","-","DAVIS","YOLO","CA",-121.72493,38.54601
"6117660",-121.7354655,38.5400585,2013,"5701","1","3","4","03",0,1,"A",,,,,,1800,6,"C","C","A","RT 80","RICHARDS BL",264,"E","N","2014-03-12",9280,"2013-06-26",1603,"011706",,"2","5","0","1",,"2","010","-","Y","YOL",3,80,"-","-",0.28,"H","-","E","N",2,"A","-",22350,,"N","A","H","-","A","D","1","Y","D","22",0,0,1,0,0,0,0,0,0,"-","-","DAVIS","YOLO","CA",-121.73422,38.54101
"6117659",-121.9382316,38.716648,2013,"5700","5","1","4","08",0,1,"C",,,,"Y",,1500,6,"E","I","A","COUNTY ROAD 19","COUNTY ROAD 90A",5280,"E","N","2014-09-19",9280,"2013-06-24",1310,"12272",,"1","9","0","3",,"2","003","-","N",,0,0,,,0,,,,"Y",1,"A","-",22107,,"N","B","H","-","A","D","0","Y","F","21",0,0,1,0,0,0,0,0,0,"-","-","UNINCORPORATED","YOLO","CA",-121.9399,38.717
"6117658",-121.7197379,38.6478434,2013,"5700","5","4","3","08",0,1,"A",,,,,,1800,6,"E","I","A","COUNTY ROAD 25","COUNTY ROAD 102",2640,"E","N","2014-09-11",9280,"2013-06-27",1730,"13469",,"2","9","0","3",,"2","002","-","N",,0,0,,,0,,,,"Y",1,"A","-",22107,,"N","A","H","-","A","D","0","Y","D","22",0,1,0,0,0,0,0,0,0,"-","-","UNINCORPORATED","YOLO","CA",-121.71553,38.64785
"6116980",-121.5516731,38.5928951,2013,"5704","0","1","3","09",0,1,"A",,,,,,1500,6,"A","C","A","REED AV","RT 80",0,,"Y","2014-03-04",5704,"2013-06-17",1255,"00137","WSPD","5","4","0","0",,"0","001","-","Y","YOL",3,80,"-","R",11.22,"R","4","W","Y",2,"A","-",21801,"A","N","A","H","-","A","A","0","Y","A","07",0,1,0,0,0,0,0,0,0,"-","WF","WEST SACRAMENTO","YOLO","CA",0,0
"6115150",-121.7934879,38.6599621,2013,"5703","0","5","4","21",0,1,"A",,,,,,1500,6,"C","E","A","COTTONWOOD ST","W EL DORADO DR",323,"N","N","2014-09-11",5703,"2013-06-21",1321,"895","76","5","4","0","0",,"0","003","-","N",,0,0,,,0,,,,"N",2,"A","-",22106,,"N","A","H","-","A","D","0","Y","A","01",0,0,1,0,0,0,0,0,0,"-","-","WOODLAND","YOLO","CA",0,0
"6112842",-121.7654332,38.678685,2013,"5703","0","4","4","09",0,2,"A",,,,,,1500,6,"D","C","A","EAST ST","COURT ST",0,,"Y","2014-09-12",5703,"2013-06-20",1405,"832","22","5","4","0","0",,"0","001","-","N",,0,0,,,0,,,,"N",2,"A","-",21801,"A","N","A","H","-","A","A","0","Y","A","01",0,0,2,0,0,0,0,0,0,"-","-","WOODLAND","YOLO","CA",0,0
"6112738",-121.5203531,38.571625,2013,"5704","0","3","3","05",0,1,"A",,"Y",,,,900,6,"B","G","A","15TH ST","SOUTH RIVER RD",0,,"Y","2014-02-28",5704,"2013-06-05",800,"00165",,"5","4","0","0",,"0","002","-","N",,0,0,,,0,,,,"N",2,"A","-",21202,,"F","A","H","-","A","D","0","Y","L","04",0,1,0,0,0,0,1,0,0,"-","-","WEST SACRAMENTO","YOLO","CA",0,0
"6111262",-121.5380836,38.5749412,2013,"5704","2","6","3","08",0,1,"A",,,,,,1500,6,"F","A","A","RT 50","WESTACRE AV",2640,"W","N","2014-02-27",9280,"2013-06-01",1435,"011706",,"2","4","0","1",,"2","011","-","Y","YOL",3,50,"-","-",1.68,"H","-","E","Y",1,"A","-",22107,,"N","A","H","-","A","D","1","Y","A","01",0,1,0,0,0,0,0,0,0,"-","-","WEST SACRAMENTO","YOLO","CA",-121.53841,38.5748
"6111258",0,0,2013,"5700","5","7","4","03",0,1,"A",,,,,,300,6,"F","A","A","COUNTY ROAD 14","RT 505",6336,"E","N","2014-02-27",9280,"2013-06-02",25,"017351",,"3","9","0","3",,"2","002","-","N",,0,0,,,0,,,,"Y",1,"A","-",22350,,"N","A","H","-","D","D","0","Y","A","01",0,0,1,0,0,0,0,0,0,"-","-","UNINCORPORATED","YOLO","CA",-121.9254,38.78404
"6111018",-121.5405731,38.556495,2013,"5704","0","7","4","03",0,3,"A",,,,,,1500,5,"D","C","A","LAKE WASHINGTON BL","SOUTHPORT PKWY",0,,"Y","2014-02-24",5704,"2013-05-19",1222,"137","WSPD","5","4","0","0",,"0","003","-","N",,0,0,,,0,,,,"Y",2,"A","-",22350,,"N","A","H","-","A","A","0","Y","A","01",0,0,3,0,0,0,0,0,0,"-","-","WEST SACRAMENTO","YOLO","CA",0,0
"6110655",-121.5546993,38.5751187,2013,"5700","2","2","4","18",0,2,"A",,,,,,600,6,"E","I","A","RT 50","HARBOR BL",1056,"W","N","2014-03-03",9280,"2013-06-11",350,"017933",,"3","9","0","1",,"2","011","-","Y","YOL",3,50,"-","-",1,"H","-","W","N",1,"C","-",0,,"N","A","H","-","C","D","1","Y","-","-",0,0,2,0,0,0,0,0,0,"-","-","UNINCORPORATED","YOLO","CA",-121.55824,38.57528
"6110654",-121.7130648,38.5486354,2013,"5701","1","4","4","03",0,1,"A",,,,,,1800,6,"C","C","A","RT 80","MACE BL",5280,"W","N","2014-03-03",9280,"2013-06-06",1515,"017772",,"2","5","0","1",,"2","010","-","Y","YOL",3,80,"-","-",1.68,"H","-","E","N",2,"A","-",22350,,"N","A","H","-","A","D","1","Y","A","01",0,0,1,0,0,0,0,0,0,"-","-","DAVIS","YOLO","CA",-121.71017,38.54931
"6110653",-121.5637828,38.5765681,2013,"5700","1","2","4","03",0,2,"A",,,,,,900,6,"D","C","A","RT 80","REED DR",4224,"W","N","2014-03-03",9280,"2013-06-04",745,"015485",,"1","9","0","1",,"2","010","-","Y","YOL",3,80,"-","R",10.41,"H","-","W","Y",3,"A","-",22350,,"N","A","H","-","A","D","1","Y","A","01",0,0,2,0,0,0,0,0,0,"-","-","UNINCORPORATED","YOLO","CA",-121.55985,38.58036
"6110652",-121.9500144,38.6793244,2013,"5700","3","6","4","01",0,2,"A",,,,,"Y",1500,6,"A","C","A","RT 16","2ND ST",131,"W","N","2014-03-03",9280,"2013-06-08",1420,"015485",,"2","9","0","1",,"2","034","-","Y","YOL",3,16,"-","-",32.33,"H","-","E","Y",2,"A","-",23152,"A","N","A","H","-","A","D","0","Y","A","01",0,0,2,0,0,0,0,0,0,"-","-","UNINCORPORATED","YOLO","CA",-122.05457,38.70838
"6110560",0,0,2013,"5700","5","5","3","08",0,2,"A",,,,,,1500,5,"E","I","A","100TH AV","NETHERLANDS RD",528,"S","N","2014-03-18",9280,"2013-05-31",1321,"16632",,"1","9","0","3",,"2","001","-","N",,0,0,,,0,,,,"Y",1,"A","-",22107,,"N","A","H","-","A","D","0","Y","A","07",0,2,0,0,0,0,0,0,0,"-","-","UNINCORPORATED","YOLO","CA",-121.52375,38.41498
"6110559",-122.0385732,38.701245,2013,"5700","5","5","4","01",0,3,"A",,,,,"Y",2400,5,"A","C","A","COUNTY ROAD 85B","COUNTY ROAD 20A",0,,"Y","2014-02-27",9280,"2013-05-24",2155,"12873",,"2","9","0","3",,"2","003","-","N",,0,0,,,0,,,,"Y",2,"A","-",23152,"A","N","A","H","-","D","D","0","Y","A","01",0,0,3,0,0,0,0,0,0,"-","-","UNINCORPORATED","YOLO","CA",-122.03814,38.69653
"6104578",-121.7528132,38.546325,2013,"5701","0","2","4","09",0,1,"A",,,,,,2400,2,"D","C","A","RUSSELL BL","OAK AV",0,,"Y","2014-01-27",5701,"2013-02-19",2120,"71","3","5","5","0","0",,"0","001","-","N",,0,0,,,0,,,,"N",2,"A","-",21801,"A","N","A","H","-","C","A","0","Y","A","01",0,0,1,0,0,0,0,0,0,"-","-","DAVIS","YOLO","CA",0,0
"6103481",-121.7448131,38.5607849,2013,"5701","0","4","4","03",0,1,"A",,,,,,1500,5,"C","C","A","WEST COVELL BL","F ST",0,,"Y","2014-03-05",5701,"2013-05-16",1220,"92","3","5","5","0","0",,"0","001","-","N",,0,0,,,0,,,,"N",2,"A","-",22350,,"N","A","H","-","A","A","0","Y","A","01",0,0,1,0,0,0,0,0,0,"-","-","DAVIS","YOLO","CA",0,0
"6100944",-121.7237412,38.5462168,2013,"5700","1","7","4","07",0,1,"A",,,,,,600,6,"B","C","A","RT 80","POLE LINE RD",645,"W","N","2014-02-28",9280,"2013-06-09",515,"015485",,"3","9","0","1",,"2","010","-","Y","YOL",3,80,"-","-",1.01,"H","-","E","Y",2,"A","-",21658,"A","N","A","-","-","A","D","1","Y","E","23",0,0,1,0,0,0,0,0,0,"-","-","UNINCORPORATED","YOLO","CA",-121.7236,38.54614
"6100942",-121.7378662,38.673999,2013,"5703","1","3","4","03",0,2,"A",,,,,,1200,5,"C","C","A","RT 5","EAST MAIN ST",2112,"S","N","2014-03-01",9280,"2013-05-29",1148,"014853",,"1","4","0","1",,"2","020","-","Y","YOL",3,5,"-","-",6.1,"H","-","N","Y",2,"A","-",22350,,"N","A","H","-","A","D","1","Y","A","07",0,0,2,0,0,0,0,0,0,"-","-","WOODLAND","YOLO","CA",-121.73966,38.67431
"6100306",-121.9798463,38.665499,2013,"5700","5","7","3","01",0,1,"A",,,,,"Y",300,5,"F","A","A","COUNTY ROAD 23","COUNTY ROAD 89",2640,"W","N","2014-02-27",9280,"2013-05-19",55,"17764",,"3","9","0","3",,"2","003","-","N",,0,0,,,0,,,,"Y",1,"A","-",23152,"A","N","A","H","-","D","D","0","Y","A","01",0,1,0,0,0,0,0,0,0,"-","-","UNINCORPORATED","YOLO","CA",-121.98034,38.6655
"6100302",-121.7098877,38.5495863,2013,"5701","1","7","2","08",0,3,"A",,,,,,1800,5,"E","I","A","RT 80","DAVE PELZ",528,"W","N","2014-02-27",9280,"2013-05-26",1659,"17763",,"2","5","0","1",,"2","010","-","Y","YOL",3,80,"-","-",1.83,"H","-","W","Y",1,"A","-",22107,,"N","A","H","-","A","D","1","Y","A","07",2,0,1,0,0,0,0,0,0,"-","-","DAVIS","YOLO","CA",-121.70954,38.54973
"6100294",-121.5567198,38.5751917,2013,"5704","2","1","4","04",0,3,"C",,,,,,1500,5,"C","C","A","RT 50","HARBOR BL",2112,"W","N","2014-02-27",9280,"2013-05-27",1305,"17375",,"1","4","0","1",,"2","011","-","Y","YOL",3,50,"-","-",0.65,"H","-","W","N",2,"A","-",21703,,"N","B","H","-","A","D","1","Y","A","01",0,0,3,0,0,0,0,0,0,"-","-","WEST SACRAMENTO","YOLO","CA",0,0
"6099409",-121.7227832,38.7929351,2013,"5700","5","4","4","05",0,1,"A",,"Y",,,,2100,5,"D","G","A","HERSHEY ST","DANIEL ST",0,,"Y","2014-04-07",9280,"2013-05-23",1910,"15168",,"2","9","0","3",,"2","002","-","N",,0,0,,,0,,,,"N",2,"A","-",21650,"1","N","A","H","-","A","D","0","Y","L","04",0,0,1,0,0,0,1,0,0,"-","-","UNINCORPORATED","YOLO","CA",-121.72268,38.79313
"6098440",-121.5242837,38.5697941,2013,"5704","0","7","4","03",0,2,"A",,,,,,1200,5,"C","C","A","JEFFERSON BL","15TH ST",600,"S","N","2014-02-28",5704,"2013-05-19",1135,"137","WSPD","5","4","0","0",,"0","002","-","N",,0,0,,,0,,,,"Y",2,"A","-",22350,,"N","A","H","-","A","A","0","Y","A","07",0,0,2,0,0,0,0,0,0,"-","-","WEST SACRAMENTO","YOLO","CA",0,0
"6098436",-121.5174115,38.5727735,2013,"5704","2","3","4","03",0,1,"A",,,,,,1800,5,"C","C","A","RT 50","RT 84",2112,"E","N","2014-02-28",9280,"2013-05-22",1717,"11706",,"2","4","0","1",,"2","011","-","Y","YOL",3,50,"-","-",2.92,"H","-","W","N",2,"A","-",22350,,"N","A","H","-","A","D","1","Y","A","01",0,0,1,0,0,0,0,0,0,"-","-","WEST SACRAMENTO","YOLO","CA",-121.51825,38.57348
"6097375",-121.8029031,38.619625,2013,"5700","5","2","3","09",0,3,"A",,,,,,2100,6,"D","C","A","COUNTY ROAD 98","COUNTY ROAD 27",0,,"Y","2014-03-01",9280,"2013-06-04",2045,"15079",,"2","9","0","3",,"2","002","-","N",,0,0,,,0,,,,"Y",2,"A","-",21802,"B","N","A","H","-","B","A","0","Y","D","22",0,1,2,0,0,0,0,0,0,"-","-","UNINCORPORATED","YOLO","CA",-121.8031,38.61975
"6097373",-121.7647001,38.7176849,2013,"5700","3","1","3","08",0,2,"A",,,,,,1200,6,"A","C","A","RT 113","BEST RANCH RD",150,"N","N","2014-03-01",9280,"2013-06-03",950,"15485",,"1","9","0","1",,"2","023","-","Y","YOL",3,113,"-","-",12.91,"H","-","N","Y",2,"A","-",22107,,"N","A","H","-","A","D","0","Y","D","23",0,1,1,0,0,0,0,0,0,"-","-","UNINCORPORATED","YOLO","CA",-121.76472,38.71732
"6091861",-121.5237134,38.5708719,2013,"5704","0","6","4","03",0,3,"A",,,,,,1800,6,"C","C","A","JEFFERSON BL","15TH ST",175,"S","N","2015-01-15",5704,"2013-06-01",1740,"168",,"5","4","0","0",,"0","002","-","N",,0,0,,,0,,,,"Y",3,"A","-",22350,,"N","A","H","-","A","D","0","Y","A","01",0,0,3,0,0,0,0,0,0,"-","-","WEST SACRAMENTO","YOLO","CA",0,0
"6091755",-121.7477631,38.546265,2013,"5701","0","3","3","09",0,1,"A",,"Y",,,,900,5,"H","G","A","RUSSELL BL","A ST",0,,"Y","2014-02-25",5701,"2013-05-22",850,"89","4","5","5","0","0",,"0","002","-","N",,0,0,,,0,,,,"N",2,"A","-",21801,"A","N","A","H","-","A","A","0","Y","A","07",0,1,0,0,0,0,1,0,0,"-","-","DAVIS","YOLO","CA",0,0
"6091751",-121.7337331,38.5458949,2013,"5701","0","3","4","09",0,1,"A",,"Y",,,,900,5,"H","G","A","L ST","3RD ST",0,,"Y","2014-02-25",5701,"2013-05-22",820,"89","5","5","5","0","0",,"0","002","-","N",,0,0,,,0,,,,"N",2,"A","-",21800,"A","N","A","H","-","A","A","0","Y","A","08",0,0,1,0,0,0,1,0,0,"-","-","DAVIS","YOLO","CA",0,0
"6091698",-121.7509832,38.6768351,2013,"5703","0","2","4","09",0,1,"A",,,,,,1800,5,"D","C","A","EAST MAIN ST","RT 5",157,"W","N","2014-02-26",5703,"2013-05-28",1549,"832",,"5","4","0","0",,"0","001","-","Y","YOL",3,113,"-","R",10.079,"R","4","N","Y",2,"A","-",21804,"A","N","A","H","-","A","A","0","Y","A","01",0,0,1,0,0,0,0,0,0,"-","NO","WOODLAND","YOLO","CA",0,0