"CASEID","POINT_X","POINT_Y","YEAR_","LOCATION","CHPTYPE","DAYWEEK","CRASHSEV","VIOLCAT","KILLED","INJURED","WEATHER1","PEDCOL","BICCOL","MCCOL","TRUCKCOL","ETOH","TIMECAT","MONTH_","CRASHTYP","INVOLVE","PED","PRIMARYRD","SECONDRD","DISTANCE","DIRECT","INTERSECT_","PROCDATE","JURIS","DATE_","TIME_","BADGE","JURIDIST","SHIFT","POP","SPECIAL","BEATTYPE","LAPDDIV","BEATCLAS","BEATNUMB","WEATHER2","STATEHW","CALTRANC","CALTRAND","STROUTE","ROUTESUF","POSTPRE","POSTMILE","LOCATYPE","RAMP","SIDEHW","TOWAWAY","PARTIES","PCF","VIOLCODE","VIOL","VIOLSUB","HITRUN","ROADSURF","RDCOND1","RDCOND2","LIGHTING","RIGHTWAY","CHPRDTYP","NOTPRIV","STFAULT","CHPFAULT","SEVINJ","OTHERINJ","COP","PEDKILL","PEDINJ","BICKILL","BICINJ","MCKILL","MCINJURE","RAMP1","RAMP2","CITY","COUNTY","STATE","X_CHP","Y_CHP"
"6091694",-121.7720131,38.6702051,2013,"5703","0","5","4","09",0,1,"A",,,,,,1800,5,"F","C","A","2ND ST","PENDEGAST ST",0,,"Y","2014-02-26",5703,"2013-05-10",1505,"835","14","5","4","0","0",,"0","004","-","N",,0,0,,,0,,,,"Y",2,"A","-",21802,"A","N","A","H","-","A","A","0","Y","A","07",0,0,1,0,0,0,0,0,0,"-","-","WOODLAND","YOLO","CA",0,0
"6089354",-121.8954032,38.6198949,2013,"5700","5","3","4","09",0,1,"A",,,,"Y",,1200,5,"D","C","A","COUNTY ROAD 27","COUNTY ROAD 93",0,,"Y","2014-02-28",9280,"2013-05-15",1125,"014853",,"1","9","0","3",,"2","003","-","N",,0,0,,,0,,,,"Y",2,"A","-",21802,"A","N","A","H","-","A","A","0","Y","G","25",0,0,1,0,0,0,0,0,0,"-","-","UNINCORPORATED","YOLO","CA",-121.89538,38.62008
"6087513",-121.9950066,38.6684242,2013,"5700","5","5","4","08",0,1,"A",,,,,,2400,4,"E","J","A","COUNTY ROAD 23","COUNTY ROAD 87B",1056,"E","N","2014-02-15",9280,"2013-04-26",2310,"012873",,"3","9","0","3",,"2","003","-","N",,0,0,,,0,,,,"Y",1,"A","-",22107,,"N","A","-","-","D","D","0","Y","A","01",0,0,1,0,0,0,0,0,0,"-","-","UNINCORPORATED","YOLO","CA",-121.99182,38.66774
"6087014",-121.8678436,38.6634451,2013,"5700","5","6","4","08",0,1,"A",,,,,,1800,5,"F","I","A","COUNTY ROAD 24","HILLCREST DR",528,"E","N","2014-02-20",9280,"2013-05-11",1605,"12272",,"2","9","0","3",,"2","003","-","N",,0,0,,,0,,,,"Y",1,"A","-",22107,,"N","A","H","-","A","A","0","Y","A","07",0,0,1,0,0,0,0,0,0,"-","-","UNINCORPORATED","YOLO","CA",-121.8668,38.6634
"6087013",0,0,2013,"5700","5","7","4","09",0,2,"B",,,,,,1500,5,"D","C","A","COUNTY ROAD 105D","COUNTY ROAD 32B",500,"S","N","2014-02-20",9280,"2013-05-05",1230,"15079",,"1","9","0","3",,"2","001","-","N",,0,0,,,0,,,,"Y",2,"A","-",21804,"A","N","A","H","-","A","D","0","Y","A","07",0,0,2,0,0,0,0,0,0,"-","-","UNINCORPORATED","YOLO","CA",-121.66469,38.55702
"6087012",-121.5689931,38.5756251,2013,"5704","1","6","3","06",0,2,"A",,,"Y",,,1500,5,"C","E","A","RT 80","ENTERPRISE BL",1370,"E","N","2014-02-20",9280,"2013-05-11",1224,"17375",,"1","4","0","1",,"2","010","-","Y","YOL",3,80,"-","-",9.46,"H","-","W","N",2,"A","-",21755,,"N","A","H","-","A","D","1","Y","C","02",0,1,1,0,0,0,0,0,1,"-","-","WEST SACRAMENTO","YOLO","CA",-121.57004,38.57563
"6086261",-121.9569119,38.6803069,2013,"5700","3","6","4","04",0,1,"A",,,,,,1800,5,"C","C","A","RT 16","COUNTY ROAD 90",595,"E","N","2014-02-26",9280,"2013-05-25",1737,"17763",,"2","9","0","1",,"2","034","-","Y","YOL",3,16,"-","-",31.81,"H","-","W","Y",3,"A","-",21703,,"N","A","H","-","A","D","0","Y","A","01",0,0,1,0,0,0,0,0,0,"-","-","UNINCORPORATED","YOLO","CA",-121.95328,38.67975
"6085661",-121.7337331,38.5458949,2013,"5701","0","6","3","09",0,1,"A",,"Y",,,,2400,5,"D","G","A","L ST","3RD ST",0,,"Y","2014-03-25",5701,"2013-05-04",2115,"86","4","5","5","0","0",,"0","002","-","N",,0,0,,,0,,,,"N",2,"A","-",21802,"A","N","A","H","-","C","A","0","Y","A","08",0,1,0,0,0,0,1,0,0,"-","-","DAVIS","YOLO","CA",0,0
"6085660",-121.7265259,38.5482549,2013,"5701","0","3","3","15",0,1,"A",,"Y",,,,2100,5,"E","I","A","POLE LINE RD","5TH ST",220,"S","N","2014-02-20",5701,"2013-05-15",2022,"101","6","5","5","0","0",,"0","003","-","N",,0,0,,,0,,,,"N",1,"A","-",21201,"A","N","A","H","-","B","D","0","Y","L","04",0,1,0,0,0,0,1,0,0,"-","-","DAVIS","YOLO","CA",0,0
"6085514",-121.728943,38.5400251,2013,"5701","0","5","4","03",0,2,"A",,,,,,1800,5,"C","C","A","COWELL BL","DREW AV",530,"W","N","2014-02-21",5701,"2013-05-10",1741,"101","8","5","5","0","0",,"0","004","-","N",,0,0,,,0,,,,"Y",2,"A","-",22350,,"N","A","H","-","A","A","0","Y","A","01",0,0,2,0,0,0,0,0,0,"-","-","DAVIS","YOLO","CA",0,0
"6081903",-121.815704,38.7324663,2013,"5700","1","5","3","08",0,2,"A",,,,,,2100,5,"E","I","A","RT 5","YOLO BYPASS",945,"S","N","2014-02-19",9280,"2013-05-17",1945,"15168",,"2","9","0","1",,"2","020","-","Y","YOL",3,5,"-","R",12.16,"H","-","S","Y",1,"A","-",22107,,"N","A","H","-","A","D","1","Y","A","07",0,1,1,0,0,0,0,0,0,"-","-","UNINCORPORATED","YOLO","CA",-121.81456,38.73168
"6081899",-121.6258674,38.5655974,2013,"5700","1","2","4","03",0,1,"A",,,,,,2100,5,"C","C","A","RT 80","WEBSTER RD",3696,"E","N","2014-02-19",9280,"2013-05-21",1818,"17763",,"2","9","0","1",,"2","010","-","Y","YOL",3,80,"-","-",6.5,"H","-","E","Y",2,"A","-",22350,,"N","A","H","-","A","D","1","Y","A","01",0,0,1,0,0,0,0,0,0,"-","-","UNINCORPORATED","YOLO","CA",-121.62594,38.56555
"6081879",-121.6728418,38.5577189,2013,"5701","1","7","4","03",0,1,"A",,,,,,1800,5,"C","C","A","RT 80","MACE BL",6335,"E","N","2014-02-19",9280,"2013-05-19",1535,"17883",,"2","5","0","1",,"2","010","-","Y","YOL",3,80,"-","-",3.88,"H","-","E","Y",3,"A","-",22350,,"N","A","H","-","A","D","1","Y","A","08",0,0,1,0,0,0,0,0,0,"-","-","DAVIS","YOLO","CA",-121.67229,38.55768
"6081801",-121.7294824,38.7418651,2013,"5700","4","3","3","01",0,7,"A",,,,,"Y",2100,5,"C","C","A","COUNTY ROAD 102","COUNTY ROAD 17",2640,"N","N","2014-02-19",9280,"2013-05-08",1840,"15492",,"2","9","0","2",,"1","021","-","N",,0,0,,,0,,,,"Y",3,"A","-",23152,"A","N","A","H","-","A","D","0","Y","A","07",0,4,3,0,0,0,0,0,0,"-","-","UNINCORPORATED","YOLO","CA",-121.66735,38.67333
"6081765",0,0,2013,"5700","5","4","3","12",0,1,"A",,,,,,2100,5,"A","C","A","COUNTY ROAD 13","COUNTY ROAD 99E",0,,"Y","2014-02-19",9280,"2013-05-09",1930,"16144",,"2","9","0","3",,"2","002","-","N",,0,0,,,0,,,,"Y",2,"A","-",22450,"A","F","A","H","-","A","A","0","Y","A","07",0,1,0,0,0,0,0,0,0,"-","-","UNINCORPORATED","YOLO","CA",-121.77463,38.79311
"6081761",-121.5726934,38.5751241,2013,"5704","1","4","4","07",0,2,"A",,,,,,600,5,"D","C","A","RT 80","ENTERPRISE BL",528,"E","N","2014-02-19",9280,"2013-05-02",542,"16632",,"3","4","0","1",,"2","010","-","Y","YOL",3,80,"-","-",9.3,"H","-","W","Y",3,"A","-",21658,"A","M","A","H","-","B","D","1","Y","A","01",0,0,2,0,0,0,0,0,0,"-","-","WEST SACRAMENTO","YOLO","CA",-121.57066,38.57553
"6075912",-121.7439531,38.541345,2013,"5701","0","1","4","12",0,1,"A",,"Y",,,,2100,3,"H","G","A","1ST ST","B ST",0,,"Y","2014-02-07",5701,"2013-03-25",1906,"45","4","5","5","0","0",,"0","002","-","N",,0,0,,,0,,,,"N",2,"A","-",22450,"A","N","A","H","-","A","A","0","Y","A","01",0,0,1,0,0,0,1,0,0,"-","-","DAVIS","YOLO","CA",-121.74392,38.54138
"6075892",-121.5218629,38.5889037,2013,"5704","0","5","3","09",0,1,"A","Y",,,,,1500,3,"G","B","D","SACRAMENTO AV","DOUGLAS ST",325,"W","N","2014-02-07",5704,"2013-03-22",1304,"00173","WSPD","5","4","0","0",,"0","001","G","N",,0,0,,,0,,,,"N",2,"A","-",21804,"A","N","A","H","-","A","D","0","Y","A","01",0,1,0,0,1,0,0,0,0,"-","-","WEST SACRAMENTO","YOLO","CA",0,0
"6075888",-121.75483,38.6682577,2013,"5703","0","7","3","08",0,2,"B",,"Y",,,"Y",2100,3,"A","G","A","E GUM AV","STETSON ST",78,"E","N","2014-04-25",5703,"2013-03-31",2025,"840","13","5","4","0","0",,"0","004","-","N",,0,0,,,0,,,,"Y",3,"A","-",22107,,"N","B","H","-","C","D","0","Y","L","04",0,2,0,0,0,0,1,0,0,"-","-","WOODLAND","YOLO","CA",0,0
"6075875",0,0,2013,"5700","5","2","4","18",0,1,"A",,,"Y",,,1200,3,"H","H","A","COUNTY ROAD 85","COUNTY ROAD 11",1584,"N","N","2014-02-07",9280,"2013-03-12",1030,"16292",,"1","9","0","3",,"2","003","-","N",,0,0,,,0,,,,"N",1,"C","-",0,,"N","A","H","-","A","D","0","Y","-","-",0,0,1,0,0,0,0,0,1,"-","-","UNINCORPORATED","YOLO","CA",-122.04313,38.82152
"6075658",-121.9496832,38.6792751,2013,"5700","3","1","4","12",0,1,"B",,,,,,1200,5,"D","C","A","RT 505","RT 16",0,,"Y","2014-02-20",9280,"2013-05-06",1120,"12272",,"1","9","0","1",,"2","034","-","Y","YOL",3,16,"-","-",32.355,"I","5","E","Y",2,"A","-",21453,"A","N","A","H","-","A","A","0","Y","A","01",0,0,1,0,0,0,0,0,0,"-","-","UNINCORPORATED","YOLO","CA",-121.94987,38.67925
"6075654",-121.7657731,38.756655,2013,"5700","5","1","4","03",0,1,"B",,,,,,1200,5,"E","I","A","COUNTY ROAD 100","COUNTY ROAD 15B",0,,"Y","2014-02-20",9280,"2013-05-06",1130,"12272",,"1","9","0","3",,"2","002","-","N",,0,0,,,0,,,,"N",1,"A","-",22350,,"N","A","H","-","A","A","0","Y","A","01",0,0,1,0,0,0,0,0,0,"-","-","UNINCORPORATED","YOLO","CA",-121.7657,38.75666
"6074892",-121.9394229,38.8368234,2013,"5700","1","2","3","08",0,2,"A",,,,,,900,4,"E","I","A","RT 505","OATES CRK",2112,"N","N","2014-02-15",9280,"2013-04-30",833,"017375",,"1","9","0","1",,"2","031","-","Y","YOL",3,505,"-","-",21.19,"H","-","N","N",1,"A","-",22107,,"N","A","H","-","A","D","1","Y","A","01",0,1,1,0,0,0,0,0,0,"-","-","UNINCORPORATED","YOLO","CA",-121.93983,38.84607
"6074888",0,0,2013,"5700","1","6","3","08",0,2,"A",,,,,,1500,4,"E","I","A","COUNTY ROAD 99W","COUNTY ROAD 11A",1568,"S","N","2014-02-15",9280,"2013-04-27",1247,"017883",,"1","9","0","1",,"2","030","-","N",,0,0,,,0,,,,"Y",1,"A","-",22107,,"N","A","H","-","A","D","0","Y","A","01",0,1,1,0,0,0,0,0,0,"-","-","UNINCORPORATED","YOLO","CA",-121.9079,38.82689
"6071452",-121.7798461,38.6774983,2013,"5703","0","6","4","03",0,1,"A",,,,,,600,6,"C","C","A","MAIN ST","CLEVELAND ST",135,"W","N","2014-09-22",5703,"2013-06-08",331,"834","32","5","4","0","0",,"0","003","-","N",,0,0,,,0,,,,"N",2,"A","-",22350,,"N","A","H","-","C","D","0","Y","A","01",0,0,1,0,0,0,0,0,0,"-","-","WOODLAND","YOLO","CA",0,0
"6071386",-121.7664431,38.6628714,2013,"5703","0","1","4","05",0,1,"A",,"Y",,,,1500,6,"D","G","A","GIBSON RD","EAST ST",220,"W","N","2013-09-17",5703,"2013-06-17",1423,"848","16","5","4","0","0",,"0","004","-","N",,0,0,,,0,,,,"N",2,"A","-",21650,"1","N","A","H","-","A","D","0","Y","L","04",0,0,1,0,0,0,1,0,0,"-","-","WOODLAND","YOLO","CA",0,0
"6070443",-121.5270132,38.5868351,2013,"5704","0","1","3","08",0,1,"A",,"Y",,,,1200,4,"D","G","A","JEFFERSON BL","TRIANGLE CT",0,,"Y","2014-02-15",5704,"2013-04-29",900,"158",,"5","4","0","0",,"0","002","-","N",,0,0,,,0,,,,"N",2,"A","-",22107,,"N","A","H","-","A","A","0","Y","A","01",0,1,0,0,0,0,1,0,0,"-","-","WEST SACRAMENTO","YOLO","CA",0,0
"6070253",0,0,2013,"5704","0","2","4","08",0,1,"B",,,,,,900,5,"B","C","A","JEFFERSON BL","VALLEY OAK LN",70,"S","N","2014-08-27",5704,"2013-05-07",820,"158",,"5","4","0","0",,"0","003","-","N",,0,0,,,0,,,,"N",2,"A","-",22107,,"N","A","H","-","A","A","0","Y","A","01",0,0,1,0,0,0,0,0,0,"-","-","WEST SACRAMENTO","YOLO","CA",0,0
"6069846",-121.7230231,38.541345,2013,"5701","0","1","3","11",0,1,"A","Y",,,,,2100,1,"G","B","B","COWELL BL","LILLARD DR",0,,"Y","2014-01-22",5701,"2013-01-28",1800,"67","8","5","5","0","0",,"0","004","-","N",,0,0,,,0,,,,"N",2,"A","-",21950,"B","N","A","H","-","C","A","0","Y","N","60",0,1,0,0,1,0,0,0,0,"-","-","DAVIS","YOLO","CA",-121.72315,38.54073
"6069728",-121.7528132,38.546325,2013,"5701","0","3","4","09",0,1,"A",,,,,,1800,5,"D","C","A","RUSSELL BL","OAK AV",0,,"Y","2014-09-29",5701,"2013-05-01",1709,"105","3","5","5","0","0",,"0","001","-","N",,0,0,,,0,,,,"Y",2,"A","-",21801,"A","N","A","H","-","A","A","0","Y","A","07",0,0,1,0,0,0,0,0,0,"-","-","DAVIS","YOLO","CA",0,0
"6069687",-121.7527132,38.5507251,2013,"5701","0","5","2","08",0,1,"A",,"Y",,,,1200,5,"H","G","A","OAK AV","8TH ST",0,,"Y","2014-02-22",5701,"2013-05-03",1000,"11","4","5","5","0","0",,"0","002","-","N",,0,0,,,0,,,,"Y",2,"A","-",22107,,"N","A","H","-","A","A","0","Y","L","04",1,0,0,0,0,0,1,0,0,"-","-","DAVIS","YOLO","CA",-121.75947,38.54766
"6068678",-121.7537905,38.6682622,2013,"5703","0","1","3","-",0,1,"A","Y",,,,,900,5,"G","B","D","E GUM AV","KATE LN",75,"E","N","2014-02-25",5703,"2013-05-13",717,"863","33","5","4","0","0",,"0","001","-","N",,0,0,,,0,,,,"N",2,"-","-",0,,"N","A","H","-","A","A","0","Y","-","-",0,1,0,0,1,0,0,0,0,"-","-","WOODLAND","YOLO","CA",0,0
"6068674",-121.7655937,38.6682966,2013,"5703","0","4","2","-",0,1,"A","Y",,,,,1800,5,"G","B","B","EAST ST","GUM AV",14,"S","N","2014-02-25",5703,"2013-05-02",1647,"842","13","5","4","0","0",,"0","004","-","Y",,0,0,,,0,,,,"N",2,"A","-",0,,"N","A","H","-","A","A","0","Y","-","-",1,0,0,0,1,0,0,0,0,"-","-","WOODLAND","YOLO","CA",0,0
"6068662",-121.5267029,38.5805518,2013,"5704","0","6","4","09",0,2,"A",,,,,,2400,5,"D","C","A","JEFFERSON BL","WEST CAPITOL AV",75,"S","N","2014-02-25",5704,"2013-05-04",2115,"00165",,"5","4","0","0",,"0","002","-","N",,0,0,,,0,,,,"Y",2,"A","-",21804,"A","N","A","H","-","C","D","0","Y","A","07",0,0,2,0,0,0,0,0,0,"-","-","WEST SACRAMENTO","YOLO","CA",0,0
"6068390",-121.5230081,38.5962651,2013,"5704","0","1","3","08",0,1,"A",,,,,,900,4,"B","C","A","ANNA ST","HARDY DR",50,"W","N","2014-02-15",5704,"2013-04-15",850,"00165",,"5","4","0","0",,"0","001","-","N",,0,0,,,0,,,,"Y",2,"A","-",22107,,"N","A","H","-","A","D","0","Y","A","01",0,1,0,0,0,0,0,0,0,"-","-","WEST SACRAMENTO","YOLO","CA",0,0
"6068386",-121.5128531,38.588825,2013,"5704","0","1","4","08",0,1,"A",,,,,,1200,4,"B","C","A","5TH ST","C ST",0,,"Y","2014-02-15",5704,"2013-04-15",950,"00165",,"5","4","0","0",,"0","001","-","N",,0,0,,,0,,,,"N",2,"A","-",22100,"A","N","A","H","-","A","A","0","Y","A","01",0,0,1,0,0,0,0,0,0,"-","-","WEST SACRAMENTO","YOLO","CA",0,0
"6068382",-121.5420537,38.5969842,2013,"5704","0","7","3","21",0,1,"B","Y",,,,,2100,4,"G","B","E","SOLANO ST","RIVERBANK RD",100,"S","N","2014-02-15",5704,"2013-04-07",1900,"00165",,"5","4","0","0",,"0","001","-","N",,0,0,,,0,,,,"N",2,"A","-",22106,,"N","A","H","-","A","D","0","Y","N","60",0,1,0,0,1,0,0,0,0,"-","-","WEST SACRAMENTO","YOLO","CA",0,0
"6067827",-121.5546993,38.5751187,2013,"5700","2","1","4","03",0,1,"A",,,,,,900,4,"C","C","A","RT 50","HARBOR BL",1056,"W","N","2014-02-19",9280,"2013-04-29",825,"16292",,"1","9","0","1",,"2","011","-","Y","YOL",3,50,"-","-",1,"H","-","W","Y",2,"A","-",22350,,"N","A","H","-","A","D","1","Y","D","22",0,0,1,0,0,0,0,0,0,"-","-","UNINCORPORATED","YOLO","CA",-121.55279,38.57507
"6065899",-121.5382049,38.583747,2013,"5704","0","1","3","09",0,1,"A",,"Y",,,,900,5,"D","G","A","MAPLE ST","MICHIGAN BL",150,"N","N","2014-02-20",5704,"2013-05-13",658,"00137","WSPD","5","4","0","0",,"0","002","-","N",,0,0,,,0,,,,"N",2,"A","-",21804,"A","N","A","H","-","A","A","0","Y","L","04",0,1,0,0,0,0,1,0,0,"-","-","WEST SACRAMENTO","YOLO","CA",0,0
"6065772",-121.5486364,38.5726628,2013,"5704","0","3","4","05",0,1,"A",,,,,,1200,4,"E","I","A","HARBOR BL","BEACON BL",265,"N","N","2014-02-21",5704,"2013-04-03",1038,"00158","WSPD","5","4","0","0",,"0","002","-","N",,0,0,,,0,,,,"Y",1,"A","-",21650,,"N","A","H","-","A","A","0","Y","A","01",0,0,1,0,0,0,0,0,0,"-","-","WEST SACRAMENTO","YOLO","CA",0,0
"6065480",-121.7337331,38.5458949,2013,"5701","0","5","4","09",0,1,"A",,"Y",,,,900,5,"H","G","A","L ST","3RD ST",0,,"Y","2014-03-13",5701,"2013-05-03",758,"11","4","5","5","0","0",,"0","002","-","N",,0,0,,,0,,,,"N",2,"A","-",21802,"A","N","A","H","-","A","A","0","Y","A","01",0,0,1,0,0,0,1,0,0,"-","-","DAVIS","YOLO","CA",0,0
"6063905",-121.7311541,38.5624895,2013,"5701","0","7","4","03",0,2,"A",,,,,,2100,5,"C","C","A","POLE LINE RD","EAST COVELL BL",20,"N","N","2014-02-24",5701,"2013-05-05",1824,"45","6","5","5","0","0",,"0","003","-","N",,0,0,,,0,,,,"N",2,"A","-",22350,,"N","A","H","-","A","A","0","Y","A","01",0,0,2,0,0,0,0,0,0,"-","-","DAVIS","YOLO","CA",-121.74375,38.55944
"6063581",-121.7855922,38.5932941,2013,"5700","4","5","3","18",0,1,"A",,,"Y",,,600,4,"E","H","A","COUNTY ROAD 99","COUNTY ROAD 29",1056,"N","N","2014-02-18",9280,"2013-04-12",533,"14853",,"3","9","0","2",,"1","021","-","N",,0,0,,,0,,,,"Y",1,"C","-",0,,"N","A","H","-","D","D","0","Y","-","-",0,1,0,0,0,0,0,0,1,"-","-","UNINCORPORATED","YOLO","CA",-121.78566,38.59311
"6063577",-121.9384627,38.8466806,2013,"5700","1","5","4","07",0,1,"B",,,,,,1200,4,"E","I","A","RT 5","RT 505",425,"S","N","2014-02-18",9280,"2013-04-12",1135,"14853",,"1","9","0","1",,"2","030","-","Y","YOL",3,5,"-","R",22.53,"H","-","N","Y",1,"A","-",21658,"A","N","A","H","-","A","D","1","Y","A","01",0,0,1,0,0,0,0,0,0,"-","-","UNINCORPORATED","YOLO","CA",-121.93861,38.8473
"6063472",-122.1485524,38.7417156,2013,"5700","3","3","2","08",0,1,"A",,,,,,600,4,"E","I","A","RT 16","COUNTY ROAD 79",1056,"W","N","2014-02-18",9280,"2013-04-10",505,"16351",,"3","9","0","1",,"2","034","-","Y","YOL",3,16,"-","-",18.68,"H","-","W","Y",1,"A","-",22107,,"N","A","H","-","D","D","0","Y","A","01",1,0,0,0,0,0,0,0,0,"-","-","UNINCORPORATED","YOLO","CA",-122.13226,38.71576
"6063468",-121.5050741,38.4625245,2013,"5700","5","2","3","08",0,2,"A",,,,,,1500,4,"E","J","A","SOUTH RIVER RD","FREEPORT BR",2640,"N","N","2014-02-18",9280,"2013-04-02",1247,"16292",,"1","9","0","3",,"2","001","-","N",,0,0,,,0,,,,"Y",1,"A","-",22107,,"N","A","H","-","A","D","0","Y","A","01",0,2,0,0,0,0,0,0,0,"-","-","UNINCORPORATED","YOLO","CA",-121.5051,38.46269
"6063464",-121.5701684,38.5754943,2013,"5704","1","1","3","04",0,1,"A",,,"Y",,,900,4,"B","C","A","RT 80","WEST CAPITOL AV",100,"N","N","2014-02-18",9280,"2013-04-22",820,"16292",,"1","4","0","1",,"2","010","-","Y","YOL",3,80,"-","R",10.19,"H","-","W","Y",2,"A","-",21703,,"N","A","H","-","A","D","1","Y","C","02",0,1,0,0,0,0,0,0,1,"-","-","WEST SACRAMENTO","YOLO","CA",-121.56106,38.57909
"6063460",-121.5586733,38.5753125,2013,"5704","2","6","3","03",0,2,"A",,,,,,1200,4,"-","C","A","RT 50","HARBOR BL",528,"W","N","2014-03-29",9280,"2013-04-20",935,"16520",,"1","4","0","1",,"2","011","-","Y","YOL",3,50,"-","-",0.54,"H","-","W","Y",3,"A","-",22350,,"N","A","H","-","A","D","1","Y","A","01",0,1,1,0,0,0,0,0,0,"-","-","WEST SACRAMENTO","YOLO","CA",-121.5602,38.57533
"6063456",-121.676161,38.5570093,2013,"5700","1","2","3","08",0,2,"A",,,,,,1200,4,"E","J","A","RT 80","MACE BL",5280,"E","N","2014-02-18",9280,"2013-04-09",1135,"16292",,"1","9","0","1",,"2","010","-","Y","YOL",3,80,"-","-",3.68,"H","-","E","Y",1,"A","-",22107,,"N","A","H","-","A","D","1","Y","A","07",0,2,0,0,0,0,0,0,0,"-","-","UNINCORPORATED","YOLO","CA",-121.66388,38.55916
"6063452",-121.5964767,38.5710291,2013,"5700","1","7","4","17",0,1,"B",,,,,,2100,4,"E","J","A","RT 80","ENTERPRISE BL",5280,"W","N","2014-02-18",9280,"2013-04-07",1855,"15079",,"2","9","0","1",,"2","010","-","Y","YOL",3,80,"-","-",8.18,"H","-","W","N",2,"A","-",23114,"A","N","A","H","-","A","D","1","Y","A","01",0,0,1,0,0,0,0,0,0,"-","-","UNINCORPORATED","YOLO","CA",-121.64238,38.56443
"6063448",-121.8029544,38.6167251,2013,"5700","4","5","4","08",0,1,"A",,,,,,1800,4,"E","I","A","COUNTY ROAD 98","COUNTY ROAD 27",1056,"S","N","2014-02-18",9280,"2013-04-19",1640,"15492",,"2","9","0","2",,"2","025","-","N",,0,0,,,0,,,,"Y",1,"A","-",22107,,"N","A","H","-","A","D","0","Y","A","01",0,0,1,0,0,0,0,0,0,"-","-","UNINCORPORATED","YOLO","CA",-121.80297,38.61731
"6063444",-121.6568488,38.4713598,2013,"5700","5","7","2","01",0,2,"A",,,,,"Y",300,4,"F","A","A","COUNTY ROAD 106","COUNTY ROAD 36",5808,"S","N","2014-02-18",9280,"2013-04-21",50,"16027",,"3","9","0","3",,"2","001","-","N",,0,0,,,0,,,,"Y",1,"A","-",23152,"A","N","A","H","-","D","D","0","Y","A","01",1,1,0,0,0,0,0,0,0,"-","-","UNINCORPORATED","YOLO","CA",-121.65682,38.47173
"6062034",-121.7197811,38.8016914,2013,"5700","3","6","3","01",0,1,"A",,,,,"Y",2100,4,"E","I","A","RT 113","3RD ST",96,"N","N","2014-02-14",9280,"2013-04-27",1815,"015353",,"2","9","0","1",,"2","023","-","Y","YOL",3,113,"-","-",22.01,"H","-","N","Y",1,"A","-",23152,"A","F","A","H","-","A","D","0","Y","A","07",0,1,0,0,0,0,0,0,0,"-","-","UNINCORPORATED","YOLO","CA",-121.80197,38.80145
"6062030",-121.8026832,38.641415,2013,"5700","4","2","4","03",0,3,"A",,,,,,1200,4,"C","C","A","COUNTY ROAD 98","COUNTY ROAD 25A",0,,"Y","2014-02-14",9280,"2013-04-23",1115,"012272",,"1","9","0","2",,"2","025","-","N",,0,0,,,0,,,,"Y",2,"A","-",22350,,"N","A","H","-","A","A","0","Y","A","01",0,0,3,0,0,0,0,0,0,"-","-","UNINCORPORATED","YOLO","CA",-121.8026,38.64154
"6062026",-121.6945831,38.5524451,2013,"5701","1","1","3","03",0,2,"A",,,,,,1800,4,"C","C","A","RT 80","MACE BL",336,"W","N","2014-02-14",9280,"2013-04-08",1648,"015079",,"2","5","0","1",,"2","010","-","Y","YOL",3,80,"-","-",2.615,"R","1","E","Y",2,"A","-",22350,,"N","A","H","-","A","D","1","Y","-","-",0,1,1,0,0,0,0,0,0,"-","-","DAVIS","YOLO","CA",-121.69558,38.55188
"6060852",-121.7588797,38.5462081,2013,"5701","0","1","3","03",0,1,"A",,"Y",,,,1200,4,"D","G","A","LARUE RD","RUSSELL BL",10,"S","N","2014-04-07",5701,"2013-04-29",900,"1060","UCD","5","5","0","0",,"0",,"-","N",,0,0,,,0,,,,"N",2,"A","-",22350,,"N","A","H","-","A","A","0","Y","A","01",0,1,0,0,0,0,1,0,0,"-","-","DAVIS","YOLO","CA",0,0
"6060739",-121.7917931,38.675825,2013,"5703","0","5","4","08",0,2,"A",,,,,,2100,3,"D","C","A","LINCOLN AV","COMMUNITY LN",0,,"Y","2014-08-08",5703,"2013-03-29",1909,"895","52","5","4","0","0",,"0","003","-","N",,0,0,,,0,,,,"N",2,"A","-",22107,,"N","A","H","-","B","D","0","Y","A","01",0,0,2,0,0,0,0,0,0,"-","-","WOODLAND","YOLO","CA",0,0
"6058457",-121.7748447,38.6690299,2013,"5703","0","1","3","03",0,1,"A",,,,,,900,4,"C","C","A","COLLEGE ST","BARTLETT AV",31,"S","N","2014-02-14",5703,"2013-04-22",834,"875","34","5","4","0","0",,"0","003","-","N",,0,0,,,0,,,,"N",2,"A","-",22350,,"N","A","H","-","A","A","0","Y","A","01",0,1,0,0,0,0,0,0,0,"-","-","WOODLAND","YOLO","CA",0,0