"CASEID","POINT_X","POINT_Y","YEAR_","LOCATION","CHPTYPE","DAYWEEK","CRASHSEV","VIOLCAT","KILLED","INJURED","WEATHER1","PEDCOL","BICCOL","MCCOL","TRUCKCOL","ETOH","TIMECAT","MONTH_","CRASHTYP","INVOLVE","PED","PRIMARYRD","SECONDRD","DISTANCE","DIRECT","INTERSECT_","PROCDATE","JURIS","DATE_","TIME_","BADGE","JURIDIST","SHIFT","POP","SPECIAL","BEATTYPE","LAPDDIV","BEATCLAS","BEATNUMB","WEATHER2","STATEHW","CALTRANC","CALTRAND","STROUTE","ROUTESUF","POSTPRE","POSTMILE","LOCATYPE","RAMP","SIDEHW","TOWAWAY","PARTIES","PCF","VIOLCODE","VIOL","VIOLSUB","HITRUN","ROADSURF","RDCOND1","RDCOND2","LIGHTING","RIGHTWAY","CHPRDTYP","NOTPRIV","STFAULT","CHPFAULT","SEVINJ","OTHERINJ","COP","PEDKILL","PEDINJ","BICKILL","BICINJ","MCKILL","MCINJURE","RAMP1","RAMP2","CITY","COUNTY","STATE","X_CHP","Y_CHP"
"6055467",-121.9706732,38.8778151,2013,"5700","1","6","4","03",0,1,"A",,,,,,1200,5,"C","C","A","COUNTY ROAD 6","RT 5",20,"W","N","2014-02-21",9280,"2013-05-04",1145,"17772",,"1","9","0","1",,"2","030","-","Y","YOL",3,5,"-","R",25.334,"R","4","N","Y",2,"A","-",22350,,"F","A","H","-","A","D","1","Y","A","01",0,0,1,0,0,0,0,0,0,"-","-","UNINCORPORATED","YOLO","CA",-121.97324,38.88166
"6055463",-121.5151293,38.4008411,2013,"5700","3","7","2","01",0,3,"A",,,,,"Y",600,5,"A","C","A","SOUTH RIVER RD","COUNTY ROAD 141",2640,"S","N","2015-01-15",9280,"2013-05-05",300,"17351",,"3","9","0","1",,"2","013","-","N",,0,0,,,0,,,,"Y",2,"A","-",23152,"A","N","A","H","-","D","D","0","Y","A","01",1,0,2,0,0,0,0,0,0,"-","-","UNINCORPORATED","YOLO","CA",-121.51515,38.39028
"6054361",-121.7866265,38.7054043,2013,"5700","1","7","3","08",0,1,"A",,,,"Y",,1200,4,"E","I","A","RT 5","WEST ST",528,"N","N","2014-02-20",9280,"2013-04-21",1020,"17375",,"1","9","0","1",,"2","020","-","Y","YOL",3,5,"-","R",9.57,"H","-","S","N",1,"A","-",22107,,"N","A","H","-","A","D","1","Y","G","26",0,1,0,0,0,0,0,0,0,"-","-","UNINCORPORATED","YOLO","CA",-121.78469,38.70236
"6054194",-121.6535412,38.6735379,2013,"5700","1","2","3","01",0,1,"A",,,,,"Y",2400,4,"E","I","A","RT 5","OLD RIVER RD",6864,"N","N","2014-08-20",9280,"2013-04-23",2152,"16929",,"2","9","0","1",,"2","020","-","Y","YOL",3,5,"-","-",1.45,"H","-","N","N",1,"A","-",23152,"A","N","A","H","-","D","D","1","Y","-","-",0,1,0,0,0,0,0,0,0,"-","-","UNINCORPORATED","YOLO","CA",-121.65491,38.67359
"6052950",-121.5407031,38.579735,2013,"5704","0","2","3","09",0,3,"A",,,,,,1200,4,"D","C","A","WEST CAPITOL AV","WALNUT ST",0,,"Y","2014-02-13",5704,"2013-04-30",1015,"158",,"5","4","0","0",,"0","002","G","N",,0,0,,,0,,,,"Y",2,"A","-",21804,"A","F","A","H","-","A","A","0","Y","A","01",0,3,0,0,0,0,0,0,0,"-","-","WEST SACRAMENTO","YOLO","CA",0,0
"6052946",-121.5108432,38.584545,2013,"5704","0","6","3","11",0,1,"A","Y",,,,,1500,4,"G","B","B","3RD ST","F ST",0,,"Y","2014-02-13",5704,"2013-04-27",1443,"102",,"5","4","0","0",,"0","002","-","N",,0,0,,,0,,,,"N",2,"A","-",21456,"B","N","A","H","-","A","A","0","Y","N","60",0,1,0,0,1,0,0,0,0,"-","-","WEST SACRAMENTO","YOLO","CA",0,0
"6052594",0,0,2013,"5704","0","1","4","08",0,1,"A",,,,,,600,4,"E","I","A","GATEWAY DR","NORTH BEACH AV",50,"W","N","2014-08-20",5704,"2013-04-29",453,"00136",,"5","4","0","0",,"0","003","-","N",,0,0,,,0,,,,"N",1,"A","-",22107,,"N","A","H","-","C","D","0","Y","A","01",0,0,1,0,0,0,0,0,0,"-","-","WEST SACRAMENTO","YOLO","CA",0,0
"6051838",0,0,2013,"5700","5","1","4","09",0,1,"A",,,,,,2400,4,"D","C","A","COUNTY ROAD 13","COUNTY ROAD 99W",0,,"Y","2014-02-26",9280,"2013-04-29",2103,"017763",,"2","9","0","3",,"2","003","-","N",,0,0,,,0,,,,"Y",2,"A","-",21802,"A","N","A","H","-","D","A","0","Y","A","01",0,0,1,0,0,0,0,0,0,"-","-","UNINCORPORATED","YOLO","CA",-121.87711,38.79426
"6051769",0,0,2013,"5700","5","5","3","09",0,2,"A",,,,,,1200,4,"A","C","A","COUNTY ROAD 98","HUTCHINSON DR",0,,"Y","2014-02-26",9280,"2013-04-26",1156,"014853",,"1","9","0","3",,"2","002","-","N",,0,0,,,0,,,,"Y",2,"A","-",21801,"A","N","A","H","-","A","A","0","Y","A","07",0,1,1,0,0,0,0,0,0,"-","-","UNINCORPORATED","YOLO","CA",-121.80317,38.53984
"6051270",-121.7859633,38.5785161,2013,"5700","5","6","3","00",0,1,"A",,,,,,1800,5,"E","J","A","COUNTY ROAD 99","WEST COVELL BL",6336,"N","N","2014-02-22",9280,"2013-05-04",1550,"011706",,"2","9","0","3",,"2","002","-","N",,0,0,,,0,,,,"Y",1,"D","-",0,,"N","A","H","-","A","D","0","Y","-","-",0,1,0,0,0,0,0,0,0,"-","-","UNINCORPORATED","YOLO","CA",-121.78593,38.57791
"6051266",-121.7752298,38.765653,2013,"5700","5","2","3","08",0,1,"A",,,,,,1800,4,"F","A","A","RT 113","COUNTY ROAD 15",600,"N","N","2014-02-18",9280,"2013-04-30",1505,"15079",,"2","9","0","3",,"2","002","-","Y","YOL",3,113,"-","-",16.78,"H","-","S","Y",1,"A","-",22107,,"N","A","H","-","A","D","0","Y","D","22",0,1,0,0,0,0,0,0,0,"-","-","UNINCORPORATED","YOLO","CA",-121.77527,38.76564
"6048684",-121.7414231,38.544585,2013,"5701","0","3","3","09",0,1,"A",,"Y",,,,1800,4,"D","G","A","3RD ST","E ST",0,,"Y","2014-02-12",5701,"2013-04-17",1717,"74","4","5","5","0","0",,"0","002","-","N",,0,0,,,0,,,,"N",2,"A","-",21802,"A","N","A","H","-","A","A","0","Y","-","-",0,1,0,0,0,0,1,0,0,"-","-","DAVIS","YOLO","CA",-121.74149,38.54465
"6048680",-121.7475731,38.556155,2013,"5701","0","5","3","-",0,1,"A",,"Y",,,"Y",300,4,"H","G","A","B ST","14TH ST",0,,"Y","2014-02-12",5701,"2013-04-19",30,"100","4","5","5","0","0",,"0","002","-","N",,0,0,,,0,,,,"N",2,"A","-",0,,"F","A","H","-","C","A","0","Y","-","-",0,1,0,0,0,0,1,0,0,"-","-","DAVIS","YOLO","CA",0,0
"6048676",-121.7439531,38.541345,2013,"5701","0","3","4","03",0,1,"A",,,,,,900,4,"C","C","A","B ST","1ST ST",0,,"Y","2014-02-12",5701,"2013-04-17",815,"89","4","5","5","0","0",,"0","002","-","N",,0,0,,,0,,,,"N",2,"A","-",22350,,"N","A","H","-","A","A","0","Y","-","-",0,0,1,0,0,0,0,0,0,"-","-","DAVIS","YOLO","CA",0,0
"6048672",-121.7389403,38.5477084,2013,"5701","0","2","3","09",0,2,"A",,,,,,1500,4,"D","C","A","5TH ST","G ST",300,"E","N","2014-02-12",5701,"2013-04-23",1200,"89","4","5","5","0","0",,"0","002","-","N",,0,0,,,0,,,,"Y",2,"A","-",21801,"A","N","A","H","-","A","D","0","Y","A","01",0,1,1,0,0,0,0,0,0,"-","-","DAVIS","YOLO","CA",0,0
"6047981",-121.8468933,38.6778812,2013,"5700","3","2","4","03",0,3,"A",,,,,,900,4,"C","C","A","RT 16","COUNTY ROAD 96",2112,"W","N","2014-02-14",9280,"2013-04-23",835,"12272",,"1","9","0","1",,"1","024","-","Y","YOL",3,16,"-","-",38.16,"H","-","W","Y",3,"A","-",22350,,"N","A","D","-","A","A","0","Y","D","22",0,0,3,0,0,0,0,0,0,"-","-","UNINCORPORATED","YOLO","CA",-121.84832,38.67795
"6043635",-121.5339932,38.5792567,2013,"5704","0","2","4","11",0,1,"A","Y",,,,"Y",2400,3,"G","B","E","POPLAR AV","MERKLEY AV",37,"N","N","2014-02-12",5704,"2013-03-12",2122,"0120",,"5","4","0","0",,"0","002","-","N",,0,0,,,0,,,,"N",2,"A","-",21954,"A","N","A","H","-","C","D","0","Y","N","60",0,0,1,0,1,0,0,0,0,"-","-","WEST SACRAMENTO","YOLO","CA",0,0
"6041731",-121.7655132,38.671945,2013,"5703","0","4","3","12",0,1,"A",,"Y",,,,2400,4,"D","G","A","EAST ST","CROSS ST",0,,"Y","2014-02-12",5703,"2013-04-11",2232,"808","12","5","4","0","0",,"0","001","-","N",,0,0,,,0,,,,"N",2,"A","-",21453,"A","N","A","H","-","C","A","0","Y","L","04",0,1,0,0,0,0,1,0,0,"-","-","WOODLAND","YOLO","CA",0,0
"6038554",-121.8060611,38.7262274,2013,"5700","1","7","3","01",0,1,"C",,,,,"Y",1800,3,"E","I","A","RT 5","RT 16",3168,"N","N","2014-10-29",9280,"2013-03-31",1755,"16929",,"2","9","0","1",,"2","020","-","Y","YOL",3,5,"-","R",11.4,"H","-","N","Y",1,"A","-",23152,"A","N","B","H","-","A","D","1","Y","D","22",0,1,0,0,0,0,0,0,0,"-","-","UNINCORPORATED","YOLO","CA",-121.80653,38.72687
"6038546",-121.6610594,38.5596288,2013,"5700","1","2","4","03",0,2,"A",,,,,,1800,4,"C","C","A","RT 80","WEBSTER RD",6336,"W","N","2014-02-15",9280,"2013-04-02",1550,"17763",,"2","9","0","1",,"2","010","-","Y","YOL",3,80,"-","-",4.58,"H","-","E","Y",2,"A","-",22350,,"N","A","H","-","A","D","1","Y","A","01",0,0,2,0,0,0,0,0,0,"-","-","UNINCORPORATED","YOLO","CA",-121.66426,38.5591
"6038542",-121.5524339,38.5749551,2013,"5704","2","1","4","07",0,1,"A",,,,,,1500,4,"B","D","A","RT 50","HARBOR BL",1180,"W","N","2014-02-15",9280,"2013-04-08",1425,"17375",,"2","4","0","1",,"2","011","-","Y","YOL",3,50,"-","-",0.98,"H","-","E","N",2,"A","-",21658,"A","N","A","H","-","A","D","1","Y","A","01",0,0,1,0,0,0,0,0,0,"-","-","WEST SACRAMENTO","YOLO","CA",-121.55443,38.57482
"6038538",-121.7344408,38.5409134,2013,"5701","1","5","4","03",0,3,"A",,,,,,1500,4,"C","C","A","RT 80","RICHARDS BL",528,"E","N","2014-08-13",9280,"2013-04-12",1445,"16520",,"2","5","0","1",,"2","010","-","Y","YOL",3,80,"-","-",0.33,"H","-","E","Y",5,"A","-",22350,,"N","A","H","-","A","D","1","Y","D","22",0,0,3,0,0,0,0,0,0,"-","-","DAVIS","YOLO","CA",-121.73191,38.54296
"6038506",0,0,2013,"5700","5","7","3","01",0,1,"A",,,,,"Y",1500,4,"E","I","A","RT 128","WALNUT BAYOU LN",552,"E","N","2014-02-15",9280,"2013-04-21",1400,"15079",,"2","9","0","3",,"2","002","-","Y",,0,0,,,0,,,,"Y",1,"A","-",23152,"A","N","A","H","-","A","D","0","Y","D","22",0,1,0,0,0,0,0,0,0,"-","-","UNINCORPORATED","YOLO","CA",-121.90699,38.54804
"6038486",-122.0072095,38.5117206,2013,"5700","3","3","3","08",0,1,"A",,,,,,1500,4,"D","C","A","RT 128","COUNTY ROAD 87",0,,"Y","2014-02-15",9280,"2013-04-10",1225,"14853",,"1","9","0","1",,"2","032","-","Y","YOL",3,128,"-","-",6.54,"I","5","W","Y",2,"A","-",22100,"B","N","A","H","-","A","A","0","Y","A","08",0,1,0,0,0,0,0,0,0,"-","-","UNINCORPORATED","YOLO","CA",-122.00804,38.51145
"6035914",-121.7471984,38.6772932,2013,"5703","0","2","3","03",0,1,"C",,,,,,1800,3,"C","C","A","EAST MAIN ST","PIONEER AV",50,"W","N","2014-04-12",5703,"2013-03-19",1744,"859","41","5","4","0","0",,"0","001","-","N",,0,0,,,0,,,,"Y",2,"A","-",22350,,"N","B","H","-","A","A","0","Y","-","-",0,1,0,0,0,0,0,0,0,"-","-","WOODLAND","YOLO","CA",0,0
"6035910",-121.7706132,38.6774451,2013,"5703","0","4","3","12",0,2,"A",,,,,,900,3,"D","C","A","MAIN ST","3RD ST",0,,"Y","2014-02-10",5703,"2013-03-21",817,"832","22","5","4","0","0",,"0","001","-","N",,0,0,,,0,,,,"Y",2,"A","-",21453,"A","N","A","H","-","A","A","0","Y","A","01",0,2,0,0,0,0,0,0,0,"-","-","WOODLAND","YOLO","CA",0,0
"6035217",-121.7734331,38.6608651,2013,"5703","0","3","3","09",0,2,"A",,,,,,1500,4,"D","C","A","TRUCKEE WY","PLACER DR",0,,"Y","2014-02-18",5703,"2013-04-17",1339,"832",,"5","4","0","0",,"0","003","-","N",,0,0,,,0,,,,"Y",2,"A","-",21810,"A","F","A","H","-","A","D","0","Y","D","22",0,1,1,0,0,0,0,0,0,"-","-","WOODLAND","YOLO","CA",0,0
"6032958",-121.5306631,38.5804551,2013,"5704","0","6","3","12",0,1,"A",,,,,,1800,4,"D","C","A","WEST CAPITOL AV","WEST ACRE RD",0,,"Y","2015-01-15",5704,"2013-04-20",1718,"168","5704","5","4","0","0",,"0","002","-","N",,0,0,,,0,,,,"Y",2,"A","-",21453,"A","N","A","H","-","A","A","0","Y","A","01",0,1,0,0,0,0,0,0,0,"-","-","WEST SACRAMENTO","YOLO","CA",0,0
"6032880",-121.5306232,38.579135,2013,"5704","0","2","3","09",0,1,"A",,"Y",,,,900,4,"D","G","A","MERKLEY AV","WESTACRE RD",0,,"Y","2014-02-11",5704,"2013-04-16",746,"00137","WSPD","5","4","0","0",,"0","002","-","N",,0,0,,,0,,,,"N",2,"A","-",21804,"A","N","A","H","-","A","A","0","Y","A","01",0,1,0,0,0,0,1,0,0,"-","-","WEST SACRAMENTO","YOLO","CA",0,0
"6032398",-121.5354449,38.5791743,2013,"5704","0","7","3","01",0,1,"A",,,,,"Y",300,3,"C","E","A","MERKLEY AV","POPLAR AV",415,"W","N","2014-02-10",5704,"2013-03-17",150,"00154",,"5","4","0","0",,"0","002","-","N",,0,0,,,0,,,,"N",4,"A","-",23152,"B","M","A","H","-","C","D","0","Y","D","22",0,1,0,0,0,0,0,0,0,"-","-","WEST SACRAMENTO","YOLO","CA",0,0
"6032394",-121.5241831,38.574275,2013,"5704","0","2","4","09",0,2,"A",,,,,,900,4,"D","C","A","JEFFERSON BL","JACKSON ST",0,,"Y","2014-02-11",5704,"2013-04-23",750,"00158","WSPD","5","4","0","0",,"0","002","-","N",,0,0,,,0,,,,"N",2,"A","-",21804,"A","N","A","H","-","A","A","0","Y","D","22",0,0,2,0,0,0,0,0,0,"-","-","WEST SACRAMENTO","YOLO","CA",0,0
"6030869",-121.7146331,38.5638049,2013,"5701","0","6","4","09",0,1,"B",,"Y",,,,1200,4,"D","G","A","MONARCH LN","COVELL BL",0,,"Y","2014-02-04",5701,"2013-04-06",900,"98","7","5","5","0","0",,"0","003","-","N",,0,0,,,0,,,,"N",2,"A","-",21803,"A","N","A","H","-","A","A","0","Y","L","04",0,0,1,0,0,0,1,0,0,"-","-","DAVIS","YOLO","CA",0,0
"6030854",-122.1368184,38.7196371,2013,"5700","3","4","3","01",0,1,"A",,,,,"Y",300,4,"E","I","A","RT 16","COUNTY ROAD 79",2640,"W","N","2014-02-04",9280,"2013-04-11",225,"016027",,"3","9","0","1",,"2","034","-","Y","YOL",3,16,"-","-",20.36,"H","-","E","Y",1,"A","-",23152,"A","N","A","H","-","D","D","0","Y","A","01",0,1,0,0,0,0,0,0,0,"-","-","UNINCORPORATED","YOLO","CA",-122.13757,38.72026
"6030850",-122.0108561,38.7156772,2013,"5700","5","7","3","01",0,1,"A",,,,,"Y",2400,4,"F","A","A","COUNTY ROAD 87","COUNTY ROAD 19A",1056,"S","N","2014-02-04",9280,"2013-04-07",2100,"017800",,"2","9","0","3",,"2","003","-","N",,0,0,,,0,,,,"Y",1,"A","-",23152,"A","N","A","H","-","D","D","0","Y","A","01",0,1,0,0,0,0,0,0,0,"-","-","UNINCORPORATED","YOLO","CA",0,0
"6029401",-122.0324782,38.4960219,2013,"5700","3","3","4","08",0,1,"B",,,,,,900,3,"E","I","A","RT 128","PLEASANTS VALLEY RD",2112,"W","N","2014-07-28",9280,"2013-03-20",800,"014853",,"1","9","0","1",,"2","032","-","Y","YOL",3,128,"-","-",4.24,"H","-","E","Y",1,"A","-",22107,,"N","B","H","-","A","D","0","Y","A","01",0,0,1,0,0,0,0,0,0,"-","-","UNINCORPORATED","YOLO","CA",-122.03373,38.49659
"6029280",-121.7488084,38.590046,2013,"5700","5","6","3","06",0,1,"B",,,,,,1800,3,"F","A","A","COUNTY ROAD 29","COUNTY ROAD 101A",1056,"E","N","2014-02-04",9280,"2013-03-30",1633,"017763",,"2","9","0","3",,"2","002","-","N",,0,0,,,0,,,,"Y",2,"A","-",21751,,"N","A","H","-","A","D","0","Y","-","-",0,1,0,0,0,0,0,0,0,"-","-","UNINCORPORATED","YOLO","CA",-121.74995,38.59008
"6029272",-121.9943452,38.5164508,2013,"5700","3","7","3","01",0,2,"A",,,,,"Y",1200,3,"E","J","A","RT 128","COUNTY ROAD 87D",200,"E","N","2014-10-21",9280,"2013-03-24",950,"16292",,"1","9","0","1",,"2","032","-","Y","YOL",3,128,"-","-",7.34,"H","-","E","Y",1,"A","-",23152,"A","N","A","H","-","A","D","0","Y","A","07",0,2,0,0,0,0,0,0,0,"-","-","UNINCORPORATED","YOLO","CA",-121.99511,38.51629
"6029268",-121.9199129,38.543285,2013,"5700","5","5","4","08",0,1,"A",,,,,,2400,3,"E","I","A","RUSSELL BL","CARMELO WY",196,"W","N","2014-02-04",9280,"2013-03-29",2125,"13469",,"2","9","0","3",,"2","003","-","N",,0,0,,,0,,,,"Y",1,"A","-",22107,,"N","A","H","-","D","D","0","Y","A","07",0,0,1,0,0,0,0,0,0,"-","-","UNINCORPORATED","YOLO","CA",-121.92026,38.54382
"6029191",-121.7838232,38.6938979,2013,"5700","5","4","3","08",0,2,"A",,,,"Y",,1200,3,"B","C","A","COUNTY ROAD 99","ASPEN ST",387,"N","N","2014-02-12",9280,"2013-03-28",1005,"014853",,"1","9","0","3",,"2","002","-","N",,0,0,,,0,,,,"Y",2,"A","-",22107,,"N","A","D","-","A","D","0","Y","F","26",0,1,1,0,0,0,0,0,0,"-","-","UNINCORPORATED","YOLO","CA",-121.78378,38.69404
"6029179",-121.9711455,38.6538837,2013,"5700","5","4","4","08",0,1,"C",,,,,,900,4,"F","I","A","COUNTY ROAD 89","COUNTY ROAD 25",1584,"N","N","2014-02-05",9280,"2013-04-04",625,"016632",,"1","9","0","3",,"2","003","-","N",,0,0,,,0,,,,"Y",1,"A","-",22107,,"N","B","H","-","B","D","0","Y","D","22",0,0,1,0,0,0,0,0,0,"-","-","UNINCORPORATED","YOLO","CA",-121.97109,38.65418
"6029151",-121.6882851,38.5545124,2013,"5700","1","4","4","03",0,2,"A",,,,,,1800,3,"C","C","A","RT 80","MACE BL",792,"E","N","2014-11-05",9280,"2013-03-28",1630,"011706",,"2","9","0","1",,"2","010","-","Y","YOL",3,80,"-","-",2.92,"H","-","W","Y",3,"A","-",22350,,"N","A","B","H","A","D","1","Y","D","23",0,0,2,0,0,0,0,0,0,"-","-","UNINCORPORATED","YOLO","CA",-121.69096,38.55396
"6029147",-121.6694204,38.6733532,2013,"5700","1","3","3","03",0,4,"A",,,,"Y",,1800,3,"C","C","A","RT 5","COUNTY ROAD 103",11616,"S","N","2014-10-29",9280,"2013-03-27",1730,"015492",,"2","9","0","1",,"2","020","-","Y","YOL",3,5,"-","-",2.29,"H","-","S","Y",3,"A","-",22350,,"N","A","H","-","A","D","1","Y","G","25",0,1,3,0,0,0,0,0,0,"-","-","UNINCORPORATED","YOLO","CA",-121.66735,38.67333
"6027838",-121.5762331,38.5743251,2013,"5704","0","2","3","12",0,4,"A",,,,,,900,3,"D","C","A","ENTERPRISE BL","RT 80",0,,"Y","2014-11-05",5704,"2013-03-19",730,"158","WSPD","5","4","0","0",,"0","002","-","Y","YOL",3,80,"-","-",9.105,"R","4","E","Y",2,"A","-",21453,"A","N","A","H","-","A","A","0","Y","A","01",0,2,2,0,0,0,0,0,0,"-","EO","WEST SACRAMENTO","YOLO","CA",0,0
"6027786",-121.5452531,38.591565,2013,"5704","0","5","4","12",0,1,"A",,,,,,1200,3,"A","C","A","REED AV","HARBOR BL",0,,"Y","2014-02-05",5704,"2013-03-15",1005,"173","WSPD","5","4","0","0",,"0","001","-","N",,0,0,,,0,,,,"Y",2,"A","-",21453,"A","N","A","H","-","A","A","0","Y","A","01",0,0,1,0,0,0,0,0,0,"-","-","WEST SACRAMENTO","YOLO","CA",0,0
"6027782",-121.5368432,38.5906051,2013,"5704","0","6","3","10",0,1,"B","Y",,,,,1200,3,"G","B","B","SACRAMENTO AV","BRYTE AV",0,,"Y","2014-02-05",5704,"2013-03-30",1043,"173","WSPD","5","4","0","0",,"0","001","-","N",,0,0,,,0,,,,"N",2,"A","-",21950,"A","F","A","H","-","A","A","0","Y","A","01",0,1,0,0,1,0,0,0,0,"-","-","WEST SACRAMENTO","YOLO","CA",0,0
"6027778",-121.5497032,38.5394551,2013,"5704","0","2","3","03",0,1,"A",,,"Y",,,900,3,"H","A","A","JEFFERSON BL","LINDEN RD",0,,"Y","2014-02-05",5704,"2013-03-26",800,"158","WSPD","5","4","0","0",,"0","003","-","N",,0,0,,,0,,,,"N",1,"A","-",22350,,"N","A","H","-","A","A","0","Y","C","02",0,1,0,0,0,0,0,0,1,"-","-","WEST SACRAMENTO","YOLO","CA",0,0
"6027774",-121.5488732,38.570275,2013,"5704","0","2","4","12",0,3,"A",,,,,,2400,3,"A","C","A","HARBOR BL","DEL MONTE ST",0,,"Y","2014-12-04",5704,"2013-03-26",2248,"120",,"5","4","0","0",,"0","002","-","N",,0,0,,,0,,,,"Y",3,"A","-",21453,"A","N","A","H","-","C","A","0","Y","A","01",0,0,3,0,0,0,0,0,0,"-","-","WEST SACRAMENTO","YOLO","CA",0,0
"6027770",-121.525212,38.5771848,2013,"5704","0","6","4","03",0,1,"B",,,,,,1200,3,"C","C","A","JEFFERSON BL","RT 50",15,"S","N","2014-10-29",5704,"2013-03-30",1141,"173","WSPD","5","4","0","0",,"0","002","-","N",,0,0,,,0,,,,"Y",2,"A","-",22350,,"N","A","H","-","A","A","0","Y","A","01",0,0,1,0,0,0,0,0,0,"-","EF","WEST SACRAMENTO","YOLO","CA",0,0
"6027766",-121.5222131,38.5815751,2013,"5704","0","3","4","12",0,1,"A",,,,,,1800,3,"D","C","A","MERKLEY AV","WEST CAPITOL AV",0,,"Y","2014-02-05",5704,"2013-03-06",1729,"102",,"5","4","0","0",,"0","002","-","N",,0,0,,,0,,,,"Y",2,"A","-",21453,"A","N","A","H","-","A","A","0","Y","A","01",0,0,1,0,0,0,0,0,0,"-","-","WEST SACRAMENTO","YOLO","CA",0,0
"6025701",-121.7423632,38.6646851,2013,"5703","0","3","4","09",0,2,"A",,,,,,2100,4,"A","C","A","BRANIGAN AV","PIONEER AV",0,,"Y","2014-02-05",5703,"2013-04-10",1847,"854","33","5","4","0","0",,"0","004","-","N",,0,0,,,0,,,,"Y",2,"A","-",21801,"A","N","A","H","-","A","A","0","Y","D","22",0,0,2,0,0,0,0,0,0,"-","-","WOODLAND","YOLO","CA",0,0
"6025698",-121.7373231,38.5403409,2013,"5701","0","6","3","18",0,2,"A",,,,,,2400,3,"A","C","A","RICHARDS BL","RT 80",435,"W","N","2014-10-29",5701,"2013-03-09",2359,"59","8","5","5","0","0",,"0","004","-","N",,0,0,,,0,,,,"Y",2,"C","-",0,,"N","A","H","-","A","A","0","Y","-","-",0,1,1,0,0,0,0,0,0,"-","-","DAVIS","YOLO","CA",0,0
"6023308",-121.5512331,38.5930451,2013,"5704","1","7","3","08",0,4,"B",,,,,,1800,3,"D","I","A","RT 80","RT 84",30,"S","N","2014-11-05",9280,"2013-03-31",1725,"015079",,"2","4","0","1",,"2","010","C","Y","YOL",3,80,"-","R",11.219,"R","1","E","Y",3,"A","-",22107,,"N","B","H","-","A","D","1","Y","D","22",0,1,3,0,0,0,0,0,0,"-","-","WEST SACRAMENTO","YOLO","CA",-121.55223,38.59148
"6023000",0,0,2013,"5703","0","6","3","01",0,1,"A",,,,,"Y",2100,4,"C","E","A","FARNHAM AV","M AV",11,"N","N","2014-02-05",5703,"2013-04-13",1853,"842","73","5","4","0","0",,"0","004","-","Y",,0,0,,,0,,,,"Y",3,"A","-",23152,"A","N","A","H","-","A","A","0","Y","A","01",0,1,0,0,0,0,0,0,0,"-","-","WOODLAND","YOLO","CA",0,0
"6022996",-121.7748032,38.6742077,2013,"5703","0","2","4","10",0,1,"A","Y",,,,,1200,4,"G","B","D","COLLEGE ST","OAK AV",41,"N","N","2014-02-05",5703,"2013-04-02",1156,"839","42","5","4","0","0",,"0","001","-","N",,0,0,,,0,,,,,2,"A","-",21950,"A","N","A","H","-","A","-","0","Y","N","60",0,0,1,0,1,0,0,0,0,"-","-","WOODLAND","YOLO","CA",0,0
"6020507",-121.7526559,38.5463225,2013,"5701","0","2","3","03",0,2,"A",,,,,,2400,2,"C","C","A","RUSSELL BL","OAK AV",45,"E","N","2014-01-29",5701,"2013-02-12",2354,"60","3","5","5","0","0",,"0","001","-","N",,0,0,,,0,,,,"N",3,"A","-",22350,,"F","A","H","-","C","A","0","Y","A","07",0,1,1,0,0,0,0,0,0,"-","-","DAVIS","YOLO","CA",0,0
"6020196",-121.5471331,38.584975,2013,"5704","0","4","2","03",0,1,"B",,,"Y",,,900,3,"C","C","A","HARBOR BL","DULUTH ST",0,,"N","2014-02-06",5704,"2013-03-07",743,"00158","WSPD","5","4","0","0",,"0",,"G","N",,0,0,,,0,,,,"Y",3,"A","-",22350,,"N","A","H","-","A","A","0","Y","C","02",1,0,0,0,0,0,0,0,1,"-","-","WEST SACRAMENTO","YOLO","CA",0,0
"6017888",0,0,2013,"5701","0","3","4","-",0,1,"A",,"Y",,,"Y",900,3,"H","G","A","POLE LINE RD","POLE LINE RD 771",0,,"Y","2014-04-03",5701,"2013-03-06",800,"83","5","5","5","0","0",,"0","002","-","N",,0,0,,,0,,,,"N",2,"A","-",0,,"N","A","H","-","A","A","0","Y","L","04",0,0,1,0,0,0,1,0,0,"-","-","DAVIS","YOLO","CA",0,0
"6017856",-121.6465731,38.5619051,2013,"5701","0","5","3","-",0,1,"A",,,,,,1800,3,"C","C","A","CHILES RD","CHILES RD 4400",0,,"Y","2014-02-04",5701,"2013-03-15",1705,"103","9","5","5","0","0",,"0","004","-","Y","YOL",3,80,"-","-",5.439,"R","4","E","Y",2,"A","-",0,,"N","A","H","-","A","A","0","Y","A","01",0,1,0,0,0,0,0,0,0,"-","-","DAVIS","YOLO","CA",0,0
"6017852",-121.7270564,38.5463194,2013,"5701","0","7","4","03",0,1,"A",,,,,,1800,3,"C","C","A","2ND ST","L ST",1901,"E","N","2014-02-04",5701,"2013-03-24",1510,"83","5","5","5","0","0",,"0","002","-","N",,0,0,,,0,,,,"N",3,"A","-",22350,,"N","A","H","-","A","A","0","Y","A","01",0,0,1,0,0,0,0,0,0,"-","-","DAVIS","YOLO","CA",-121.72763,38.5461