"CASEID","POINT_X","POINT_Y","YEAR_","LOCATION","CHPTYPE","DAYWEEK","CRASHSEV","VIOLCAT","KILLED","INJURED","WEATHER1","PEDCOL","BICCOL","MCCOL","TRUCKCOL","ETOH","TIMECAT","MONTH_","CRASHTYP","INVOLVE","PED","PRIMARYRD","SECONDRD","DISTANCE","DIRECT","INTERSECT_","PROCDATE","JURIS","DATE_","TIME_","BADGE","JURIDIST","SHIFT","POP","SPECIAL","BEATTYPE","LAPDDIV","BEATCLAS","BEATNUMB","WEATHER2","STATEHW","CALTRANC","CALTRAND","STROUTE","ROUTESUF","POSTPRE","POSTMILE","LOCATYPE","RAMP","SIDEHW","TOWAWAY","PARTIES","PCF","VIOLCODE","VIOL","VIOLSUB","HITRUN","ROADSURF","RDCOND1","RDCOND2","LIGHTING","RIGHTWAY","CHPRDTYP","NOTPRIV","STFAULT","CHPFAULT","SEVINJ","OTHERINJ","COP","PEDKILL","PEDINJ","BICKILL","BICINJ","MCKILL","MCINJURE","RAMP1","RAMP2","CITY","COUNTY","STATE","X_CHP","Y_CHP"
"6017453",-122.0338967,38.7010526,2013,"5700","3","7","2","08",0,1,"A",,,"Y",,,1800,2,"F","A","A","RT 16","COUNTY ROAD 85B",1584,"E","N","2014-01-25",9280,"2013-02-24",1702,"17763",,"2","9","0","1",,"2","034","-","Y","YOL",3,16,"-","-",26.67,"H","-","E","Y",1,"A","-",22107,,"N","A","H","-","B","D","0","Y","C","02",1,0,0,0,0,0,0,0,1,"-","-","UNINCORPORATED","YOLO","CA",-122.03378,38.70093
"6017441",-121.5754245,38.5747111,2013,"5704","1","4","4","03",0,2,"A",,,,,,1800,2,"C","C","A","RT 80","ENTERPRISE BL",275,"E","N","2014-11-18",9280,"2013-02-28",1740,"13469",,"2","4","0","1",,"2","010","-","Y","YOL",3,80,"-","-",9.23,"H","-","W","Y",4,"A","-",22350,,"M","A","H","-","A","D","1","Y","A","07",0,0,2,0,0,0,0,0,0,"-","-","WEST SACRAMENTO","YOLO","CA",-121.57573,38.57482
"6016703",-122.0745254,38.7068181,2013,"5700","3","4","3","08",0,1,"A",,,,,,600,3,"E","I","A","RT 16","COUNTY ROAD 82B",3696,"E","N","2014-11-13",9280,"2013-03-21",455,"16027",,"3","9","0","1",,"2","034","-","Y","YOL",3,16,"-","-",24.22,"H","-","E","Y",1,"A","-",22107,,"N","A","H","-","D","D","0","Y","A","01",0,1,0,0,0,0,0,0,0,"-","-","UNINCORPORATED","YOLO","CA",-122.07316,38.70682
"6016504",-121.7509295,38.6796089,2013,"5703","3","4","4","01",0,1,"A",,,,,"Y",900,3,"E","I","A","RT 113","EAST MAIN ST",120,"S","N","2014-10-21",9280,"2013-03-14",630,"014853",,"1","4","0","1",,"2","022","-","Y","YOL",3,113,"-","R",10.2,"H","-","N","Y",1,"A","-",23152,"A","N","A","H","-","C","D","1","Y","A","01",0,0,1,0,0,0,0,0,0,"-","-","WOODLAND","YOLO","CA",-121.75105,38.67676
"6016500",-122.0162719,38.6946445,2013,"5700","3","7","3","11",0,1,"A","Y",,,,"Y",300,3,"G","B","B","YOLO AV","CAPAY ST",2,"N","N","2014-12-26",9280,"2013-03-17",140,"016010",,"3","9","0","1",,"2","034","-","Y","YOL",3,16,"-","-",27.89,"I","5","W","N",2,"A","-",21950,"B","N","A","H","-","D","D","0","Y","N","60",0,1,0,0,1,0,0,0,0,"-","-","UNINCORPORATED","YOLO","CA",-122.01627,38.69445
"6016496",-121.5220643,38.4358044,2013,"5700","3","5","3","00",0,1,"A",,,"Y",,,1200,3,"B","C","A","SOUTH RIVER RD","ROSE RD",2640,"N","N","2014-02-07",9280,"2013-03-15",1135,"017772",,"1","9","0","1",,"2","013","-","N",,0,0,,,0,,,,"Y",2,"D","-",0,,"N","A","H","-","A","D","0","Y","-","-",0,1,0,0,0,0,0,0,1,"-","-","UNINCORPORATED","YOLO","CA",-121.51916,38.43596
"6016492",-121.5322507,38.4021968,2013,"5700","5","4","3","03",0,1,"A",,,,,,2100,3,"E","I","A","COUNTY ROAD 141","SOUTH RIVER RD",4500,"W","N","2014-04-19",9280,"2013-03-14",2000,"017800",,"2","9","0","3",,"2","001","-","N",,0,0,,,0,,,,"Y",1,"A","-",22350,,"N","A","H","-","D","D","0","Y","A","08",0,1,0,0,0,0,0,0,0,"-","-","UNINCORPORATED","YOLO","CA",-121.53236,38.4019
"6016477",-121.9579737,38.680455,2013,"5700","3","6","4","03",0,3,"A",,,,,,2400,3,"C","C","A","RT 16","RT 505",600,"E","N","2014-02-06",9280,"2013-03-23",2105,"017800",,"2","9","0","1",,"2","034","-","Y","YOL",3,16,"-","-",31.73,"H","-","E","N",2,"A","-",22350,,"N","A","H","-","C","D","0","Y","A","07",0,0,3,0,0,0,0,0,0,"-","-","UNINCORPORATED","YOLO","CA",-121.94878,38.67905
"6016473",-121.5329549,38.4728647,2013,"5700","3","5","3","01",0,1,"A",,,,,"Y",1200,3,"E","I","A","SOUTH RIVER RD","FREEPORT BR",13200,"N","N","2014-02-08",9280,"2013-03-22",925,"017772",,"1","9","0","1",,"2","013","-","N",,0,0,,,0,,,,"Y",1,"A","-",23152,"A","N","A","H","-","A","D","0","Y","A","01",0,1,0,0,0,0,0,0,0,"-","-","UNINCORPORATED","YOLO","CA",-121.53394,38.47286
"6016469",-121.8029079,38.6193944,2013,"5700","4","4","2","05",0,2,"A",,"Y",,,"Y",2100,3,"C","G","A","COUNTY ROAD 98","COUNTY ROAD 27",84,"S","N","2014-02-06",9280,"2013-03-21",2000,"15492",,"2","9","0","2",,"2","025","-","N",,0,0,,,0,,,,"Y",2,"A","-",21202,"A","N","A","H","-","D","D","0","Y","L","04",1,1,0,0,0,0,1,0,0,"-","-","UNINCORPORATED","YOLO","CA",-121.80291,38.61985
"6012853",-121.7710903,38.6629099,2013,"5703","0","3","4","03",0,2,"B",,,,,,1500,3,"C","C","A","GIBSON RD","AUBURN WY",142,"W","N","2014-02-04",5703,"2013-03-20",1404,"832","34","5","4","0","0",,"0","004","C","N",,0,0,,,0,,,,"Y",2,"A","-",22350,,"N","B","H","-","A","D","0","Y","-","-",0,0,2,0,0,0,0,0,0,"-","-","WOODLAND","YOLO","CA",0,0
"6012849",-121.7979032,38.679227,2013,"5703","0","2","4","03",0,1,"A",,,,,,1200,3,"E","I","A","ASHLEY AV","W COURT ST",99,"N","N","2014-02-04",5703,"2013-03-12",1137,"816","82","5","4","0","0",,"0","002","-","N",,0,0,,,0,,,,"Y",1,"A","-",22350,,"N","A","H","-","A","D","0","Y","A","01",0,0,1,0,0,0,0,0,0,"-","-","WOODLAND","YOLO","CA",0,0
"6011643",0,0,2013,"5704","0","3","4","03",0,1,"A",,,,,,900,2,"A","C","A","C ST","3RD ST",553,"E","N","2014-01-29",5704,"2013-02-20",630,"00158","WSPD","5","4","0","0",,"0","001","F","N",,0,0,,,0,,,,"Y",2,"A","-",22350,,"N","C","G","-","B","A","0","Y","A","01",0,0,1,0,0,0,0,0,0,"-","-","WEST SACRAMENTO","YOLO","CA",0,0
"6011639",-121.5414077,38.5698139,2013,"5704","0","5","4","12",0,2,"A",,,,,,900,2,"D","C","A","DEL MONTE ST","TERMINAL ST",12,"W","N","2014-01-29",5704,"2013-02-22",749,"00173","WSPD","5","4","0","0",,"0","002","-","N",,0,0,,,0,,,,"Y",2,"A","-",22450,"A","N","A","H","-","A","A","0","Y","A","01",0,0,2,0,0,0,0,0,0,"-","-","WEST SACRAMENTO","YOLO","CA",0,0
"6011635",0,0,2013,"5704","0","3","2","03",0,3,"A",,,,,,900,2,"D","C","A","LAKE WASHINGTON BL","HIGHLAND DR",0,,"Y","2014-01-29",5704,"2013-02-20",747,"00173","WSPD","5","4","0","0",,"0","003","-","N",,0,0,,,0,,,,"Y",2,"A","-",22350,,"N","B","H","-","A","D","0","Y","A","07",1,1,1,0,0,0,0,0,0,"-","-","WEST SACRAMENTO","YOLO","CA",0,0
"6011631",-121.7708932,38.553465,2013,"5701","0","5","3","12",0,1,"A",,"Y",,,,300,2,"H","G","A","ARTHUR ST","COLUSA AV",0,,"Y","2014-01-29",5701,"2013-02-15",0,"92","1","5","5","0","0",,"0","001","-","N",,0,0,,,0,,,,"N",2,"A","-",22450,"A","N","A","H","-","A","D","0","Y","L","04",0,1,0,0,0,0,1,0,0,"-","-","DAVIS","YOLO","CA",0,0
"6011627",-121.7405437,38.5455053,2013,"5701","0","7","4","21",0,1,"A","Y",,,,,300,2,"G","B","E","F ST","4TH ST",200,"S","N","2014-04-07",5701,"2013-02-24",201,"106","4","5","5","0","0",,"0","002","-","N",,0,0,,,0,,,,"N",2,"A","-",22106,,"N","A","H","-","C","D","0","Y","-","99",0,0,1,0,1,0,0,0,0,"-","-","DAVIS","YOLO","CA",-121.74044,38.54528
"6011620",-121.738201,38.5410589,2013,"5701","0","1","3","03",0,1,"A",,,,,,1500,2,"E","I","A","OLIVE DR","RICHARDS BL",150,"E","N","2014-01-29",5701,"2013-02-11",1250,"89","8","5","5","0","0",,"0","004","-","N",,0,0,,,0,,,,"Y",1,"A","-",22350,,"N","A","H","-","A","D","0","Y","A","01",0,1,0,0,0,0,0,0,0,"-","-","DAVIS","YOLO","CA",0,0
"6010140",-121.7654432,38.677415,2013,"5703","0","5","4","01",0,1,"A",,,,,"Y",2100,2,"D","C","A","EAST MAIN ST","EAST ST",0,,"Y","2014-01-28",5703,"2013-02-08",2013,"831","11","5","4","0","0",,"0","001","-","N",,0,0,,,0,,,,"Y",2,"A","-",23152,"A","F","A","H","-","C","A","0","Y","A","01",0,0,1,0,0,0,0,0,0,"-","-","WOODLAND","YOLO","CA",0,0
"6010124",-121.7882259,38.684078,2013,"5703","0","7","3","01",0,1,"A",,,,,"Y",2400,2,"C","E","A","ANTELOPE ST","CALIFORNIA ST",102,"E","N","2014-01-29",5703,"2013-02-03",2119,"847","62","5","4","0","0",,"0","002","-","N",,0,0,,,0,,,,"Y",2,"A","-",23152,,"F","A","H","-","C","D","0","Y","A","01",0,1,0,0,0,0,0,0,0,"-","-","WOODLAND","YOLO","CA",0,0
"6009615",-121.526183,38.5793151,2013,"5704","0","6","3","09",0,1,"A",,"Y",,,,1800,2,"D","G","A","JEFFERSON BL","MERKLEY AV",0,,"Y","2014-01-24",5704,"2013-02-02",1523,"00174",,"5","4","0","0",,"0","002","-","N",,0,0,,,0,,,,"N",2,"A","-",21801,"A","N","A","H","-","A","A","0","Y","A","01",0,1,0,0,0,0,1,0,0,"-","-","WEST SACRAMENTO","YOLO","CA",0,0
"6008823",-121.5598387,38.6072302,2013,"5700","5","7","2","08",0,4,"A","Y",,"Y",,,1800,2,"G","B","F","OLD RIVER RD","COUNTY ROAD 126",56,"S","N","2014-01-27",9280,"2013-02-03",1700,"015485",,"2","9","0","3",,"2","001","-","N",,0,0,,,0,,,,"Y",4,"A","-",22107,,"N","A","H","-","A","D","0","Y","C","02",2,2,0,0,3,0,0,0,1,"-","-","UNINCORPORATED","YOLO","CA",-121.56005,38.60724
"6008748",0,0,2013,"5701","0","1","4","08",0,1,"A",,"Y",,,,1500,2,"H","G","A","RUSSELL BL","ANDERSON RD",120,"N","N","2014-01-30",5701,"2013-02-04",1405,"61","2","5","5","0","0",,"0","001","-","N",,0,0,,,0,,,,"N",2,"A","-",22107,,"N","A","H","-","A","D","0","Y","A","01",0,0,1,0,0,0,1,0,0,"-","-","DAVIS","YOLO","CA",0,0
"6004035",-121.9004696,38.8148721,2013,"5700","1","4","2","08",0,1,"A",,,,,,300,2,"E","I","A","RT 5","COUNTY ROAD 12",2355,"N","N","2014-10-29",9280,"2013-02-07",250,"014306",,"3","9","0","1",,"2","030","-","Y","YOL",3,5,"-","R",19.42,"H","-","S","Y",1,"A","-",22107,,"N","A","H","-","D","D","1","Y","A","01",1,0,0,0,0,0,0,0,0,"-","-","UNINCORPORATED","YOLO","CA",-121.90101,38.81556
"6004031",0,0,2013,"5700","5","3","3","09",0,1,"E",,,,,,900,2,"D","C","A","COUNTY ROAD 98","HUTCHINSON DR",0,,"Y","2015-01-14",9280,"2013-02-06",805,"017772",,"1","9","0","3",,"2","002","-","N",,0,0,,,0,,,,"Y",2,"A","-",21804,"A","N","A","H","-","A","A","0","Y","A","01",0,1,0,0,0,0,0,0,0,"-","-","UNINCORPORATED","YOLO","CA",-121.80283,38.5398
"6004027",-121.6756531,38.557985,2013,"5700","5","5","3","01",0,1,"A",,,,,"Y",2400,2,"E","I","A","COUNTY ROAD 32A","COUNTY ROAD 105",0,,"Y","2014-02-01",9280,"2013-02-01",2125,"016027",,"2","9","0","3",,"2","002","-","N",,0,0,,,0,,,,"Y",1,"A","-",23152,"A","N","A","H","-","D","D","0","Y","A","07",0,1,0,0,0,0,0,0,0,"-","-","UNINCORPORATED","YOLO","CA",-121.67555,38.55769
"6004023",-121.5546993,38.5751187,2013,"5704","2","5","4","03",0,1,"A",,,,,,1800,2,"C","C","A","RT 50","HARBOR BL",1056,"W","N","2014-10-21",9280,"2013-02-01",1750,"011706",,"2","4","0","1",,"2","011","-","Y","YOL",3,50,"-","-",1,"H","-","W","Y",2,"A","-",22350,,"N","A","H","-","B","D","1","Y","A","01",0,0,1,0,0,0,0,0,0,"-","-","WEST SACRAMENTO","YOLO","CA",-121.55123,38.57532
"6002911",-121.5256131,38.567335,2013,"5704","0","3","4","05",0,1,"A",,"Y",,,,2100,4,"D","G","A","JEFFERSON BL","VERMONT AV",0,,"Y","2014-01-27",5704,"2013-04-24",1839,"00165",,"5","4","0","0",,"0","002","-","N",,0,0,,,0,,,,"N",2,"A","-",21202,"A","N","A","H","-","C","D","0","Y","L","04",0,0,1,0,0,0,1,0,0,"-","-","WEST SACRAMENTO","YOLO","CA",0,0
"6002535",-121.5954021,38.571064,2013,"5700","1","2","4","03",0,2,"B",,,,,,900,1,"C","C","A","RT 80","ENTERPRISE BL",4752,"W","N","2014-11-13",9280,"2013-01-29",800,"012272",,"1","9","0","1",,"2","010","-","Y","YOL",3,80,"-","-",8.28,"H","-","E","Y",2,"A","-",22350,,"N","A","H","-","B","D","1","Y","A","07",0,0,2,0,0,0,0,0,0,"-","-","UNINCORPORATED","YOLO","CA",-121.58658,38.5726
"5998375",-121.7707732,38.670185,2013,"5703","0","1","4","09",0,1,"A",,"Y",,,,1800,2,"G","G","A","3RD ST","PENDEGAST ST",0,,"Y","2014-05-23",5703,"2013-02-25",1720,"840","12","5","4","0","0",,"0","004","-","N",,0,0,,,0,,,,"N",2,"A","-",21802,"A","N","A","H","-","A","A","0","Y","L","04",0,0,1,0,0,0,1,0,0,"-","-","WOODLAND","YOLO","CA",0,0
"5998371",-121.7839631,38.684755,2013,"5703","0","5","4","10",0,1,"A","Y",,,,,1800,2,"G","B","B","BEAMER ST","WEST ST",0,,"Y","2014-02-03",5703,"2013-02-01",1629,"832","4Z","5","4","0","0",,"0","00Z","-","N",,0,0,,,0,,,,"N",2,"A","-",21950,"A","N","A","H","-","A","A","0","Y","A","01",0,0,1,0,1,0,0,0,0,"-","-","WOODLAND","YOLO","CA",0,0
"5998078",-122.2545758,38.8985871,2013,"5700","3","5","4","03",0,1,"A",,,,,,2100,2,"H","H","A","RT 16","CALL BX YL16 61",300,"W","N","2014-10-29",9280,"2013-02-01",2040,"14306",,"2","9","0","1",,"2","034","-","Y","YOL",3,16,"-","-",5.94,"H","-","W","Y",1,"A","-",22350,,"N","A","H","-","D","D","0","Y","A","01",0,0,1,0,0,0,0,0,0,"-","-","UNINCORPORATED","YOLO","CA",-121.2551,38.89874
"5997998",-121.5552771,38.5751319,2013,"5704","2","4","4","03",0,3,"A",,,,,,2100,2,"C","C","A","RT 50","HARBOR BL",1584,"W","N","2014-10-28",9280,"2013-02-14",1804,"016144",,"2","4","0","1",,"2","011","-","Y","YOL",3,50,"-","-",0.9,"H","-","W","Y",2,"A","-",22350,,"N","A","H","-","B","D","1","Y","A","01",0,0,3,0,0,0,0,0,0,"-","-","WEST SACRAMENTO","YOLO","CA",-121.55293,38.57509
"5997994",-121.6624148,38.5594401,2013,"5701","1","4","4","03",0,4,"A",,,"Y",,,2100,2,"C","C","A","RT 80","WEBSTER",6336,"W","N","2014-11-18",9280,"2013-02-14",1845,"013469",,"2","5","0","1",,"2","010","-","Y","YOL",3,80,"-","-",4.5,"H","-","E","Y",4,"A","-",22350,,"N","A","H","-","C","D","1","Y","A","01",0,0,4,0,0,0,0,0,1,"-","-","DAVIS","YOLO","CA",-121.6629,38.55939
"5997990",-122.0385732,38.701245,2013,"5700","5","2","4","03",0,1,"A",,,,,,1500,2,"E","I","A","COUNTY ROAD 85B","COUNTY ROAD 20A",0,,"Y","2014-01-27",9280,"2013-02-12",1437,"017763",,"2","9","0","3",,"2","003","-","N",,0,0,,,0,,,,"Y",1,"A","-",22350,,"N","A","H","-","A","A","0","Y","A","01",0,0,1,0,0,0,0,0,0,"-","-","UNINCORPORATED","YOLO","CA",-122.03813,38.69641
"5997986",-121.6720806,38.6736251,2013,"5700","1","2","4","08",0,1,"A",,,,,,2400,2,"E","I","A","RT 5","COUNTY ROAD 22",10032,"N","N","2014-10-29",9280,"2013-02-12",2255,"016351",,"3","9","0","1",,"2","020","-","Y","YOL",3,5,"-","-",2.48,"H","-","N","Y",1,"A","-",22107,,"N","A","H","-","D","D","1","Y","A","01",0,0,1,0,0,0,0,0,0,"-","-","UNINCORPORATED","YOLO","CA",-121.6714,38.67363
"5997982",-121.8801091,38.7082927,2013,"5700","5","3","4","01",0,2,"E",,,,,"Y",600,2,"F","J","A","COUNTY ROAD 19","COUNTY ROAD 92C",5808,"E","N","2014-01-27",9280,"2013-02-06",430,"016351",,"3","9","0","3",,"2","003","-","N",,0,0,,,0,,,,"Y",1,"A","-",23152,"A","N","A","H","-","D","D","0","Y","A","01",0,0,2,0,0,0,0,0,0,"-","-","UNINCORPORATED","YOLO","CA",-121.88908,38.70971
"5997966",-121.5566215,38.5750218,2013,"5704","2","7","3","01",0,1,"A",,,,,"Y",300,2,"E","I","A","RT 50","HARBOR BL",3168,"W","N","2014-10-28",9280,"2013-02-17",40,"016010",,"3","4","0","1",,"2","011","-","Y","YOL",3,50,"-","-",0.62,"H","-","E","Y",1,"A","-",23152,"A","M","A","H","-","C","D","1","Y","A","01",0,1,0,0,0,0,0,0,0,"-","-","WEST SACRAMENTO","YOLO","CA",-121.55948,38.57488
"5997962",-121.6175278,38.6642097,2013,"5700","5","5","2","08",0,1,"A",,,,,,2100,2,"E","I","A","OLD RIVER RD","COUNTY ROAD 124",1584,"N","N","2014-01-27",9280,"2013-02-15",1840,"016144",,"2","9","0","3",,"2","002","-","N",,0,0,,,0,,,,"Y",1,"A","-",22107,,"N","A","H","-","D","D","0","Y","A","08",1,0,0,0,0,0,0,0,0,"-","-","UNINCORPORATED","YOLO","CA",-121.61594,38.66283
"5997958",-121.5546993,38.5751187,2013,"5704","2","5","3","03",0,4,"A",,,,,,2100,2,"C","C","A","RT 50","HARBOR BL",1056,"W","N","2014-10-28",9280,"2013-02-15",1805,"13469",,"2","4","0","1",,"2","011","-","Y","YOL",3,50,"-","-",1,"H","-","W","N",3,"A","-",22350,,"N","A","H","-","C","D","1","Y","A","01",0,1,3,0,0,0,0,0,0,"-","-","WEST SACRAMENTO","YOLO","CA",-121.55408,38.5752
"5997712",-121.5027255,38.4525682,2013,"5700","5","2","3","08",0,2,"A",,,,,,1500,2,"E","I","A","SOUTH RIVER RD","FREEPORT BR",1056,"S","N","2014-01-31",9280,"2013-02-26",1230,"12272",,"1","9","0","3",,"2","001","-","N",,0,0,,,0,,,,"Y",1,"A","-",22107,,"N","A","H","-","A","A","0","Y","A","01",0,1,1,0,0,0,0,0,0,"-","-","UNINCORPORATED","YOLO","CA",-121.50263,38.45135
"5997708",-121.9612944,38.6809114,2013,"5700","3","7","3","09",0,4,"A",,,,,"Y",1500,2,"D","C","A","RT 16","COUNTY ROAD 90",1056,"W","N","2014-10-29",9280,"2013-02-24",1325,"12525",,"1","9","0","1",,"2","034","-","Y","YOL",3,16,"-","-",31.48,"H","-","W","Y",2,"A","-",21801,"A","N","A","H","-","A","D","0","Y","A","01",0,2,2,0,0,0,0,0,0,"-","-","UNINCORPORATED","YOLO","CA",-121.95886,38.68053
"5997704",-121.613486,38.6609382,2013,"5700","5","7","3","01",0,1,"A",,,,,"Y",600,2,"F","A","A","OLD RIVER RD","COUNTY ROAD 124",100,"S","N","2014-01-31",9280,"2013-02-24",310,"17800",,"3","9","0","3",,"2","001","-","N",,0,0,,,0,,,,"Y",1,"A","-",23152,"A","N","A","H","-","D","D","0","Y","A","07",0,1,0,0,0,0,0,0,0,"-","-","UNINCORPORATED","YOLO","CA",-121.61186,38.66036
"5997700",-121.7309081,38.5436027,2013,"5701","1","3","3","08",0,1,"A",,,,,,1800,2,"D","A","A","RT 80","RICHARDS BL",1584,"E","N","2014-11-05",9280,"2013-02-20",1725,"11706",,"2","5","0","1",,"2","010","-","Y","YOL",3,80,"-","-",0.53,"H","-","E","N",2,"A","-",22107,,"N","A","H","-","A","D","1","Y","A","01",0,1,0,0,0,0,0,0,0,"-","-","DAVIS","YOLO","CA",-121.7318,38.54286
"5997696",-121.6945831,38.5524451,2013,"5701","1","3","4","21",0,1,"A",,,,,,900,2,"C","C","A","RT 80","MACE BL",300,"W","N","2014-12-12",9280,"2013-02-20",839,"16632",,"1","5","0","1",,"2","010","-","Y","YOL",3,80,"-","-",2.615,"R","1","E","N",3,"A","-",22106,,"N","A","H","-","A","A","1","Y","A","08",0,0,1,0,0,0,0,0,0,"-","-","DAVIS","YOLO","CA",-121.69557,38.55183
"5997221",-121.5513848,38.5933451,2013,"5704","1","7","4","03",0,2,"A",,,,,,1500,1,"C","C","A","RT 80","REED AV",300,"W","N","2014-12-23",9280,"2013-01-27",1250,"16632",,"1","4","0","1",,"2","010","-","Y","YOL",3,80,"-","R",11.26,"H","-","W","Y",2,"A","-",22350,,"N","A","H","-","A","D","1","Y","A","01",0,0,2,0,0,0,0,0,0,"-","-","WEST SACRAMENTO","YOLO","CA",-121.55161,38.59294
"5997217",-121.5571823,38.5842149,2013,"5704","1","5","4","03",0,2,"A",,,,,,2400,1,"D","C","A","RT 80","REED AV",1850,"W","N","2014-11-13",9280,"2013-01-25",2340,"17800",,"3","4","0","1",,"2","010","-","Y","YOL",3,80,"-","R",10.86,"H","-","E","Y",2,"A","-",22350,,"N","A","H","-","D","D","1","Y","A","01",0,0,2,0,0,0,0,0,0,"-","-","WEST SACRAMENTO","YOLO","CA",-121.55984,38.58025
"5997213",-121.6981415,38.6735288,2013,"5700","1","5","4","03",0,1,"A",,,,,,1800,1,"C","C","A","RT 5","COUNTY ROAD 103",3168,"S","N","2014-10-29",9280,"2013-01-18",1730,"16144",,"2","9","0","1",,"2","020","-","Y","YOL",3,5,"-","-",3.89,"H","-","S","Y",2,"A","-",22350,,"N","A","H","-","A","D","1","Y","A","01",0,0,1,0,0,0,0,0,0,"-","-","UNINCORPORATED","YOLO","CA",-121.65054,38.67338
"5997209",-121.7291943,38.6406466,2013,"5700","4","2","3","08",0,1,"A",,,,,,900,1,"E","I","A","COUNTY ROAD 102","COUNTY ROAD 25A",2640,"S","N","2014-01-21",9280,"2013-01-15",850,"16527",,"1","9","0","2",,"1","021","-","N",,0,0,,,0,,,,"Y",1,"A","-",22107,,"N","A","H","-","A","D","0","Y","A","01",0,1,0,0,0,0,0,0,0,"-","-","UNINCORPORATED","YOLO","CA",-121.4055,38.3944
"5997205",0,0,2013,"5700","5","4","3","08",0,2,"B",,,,,,600,1,"E","I","A","RUSSELL BL","COUNTY ROAD 93A",200,"W","N","2014-01-21",9280,"2013-01-24",400,"16027",,"3","9","0","3",,"2","003","-","N",,0,0,,,0,,,,"Y",1,"A","-",22107,,"M","B","H","-","D","D","0","Y","A","01",0,2,0,0,0,0,0,0,0,"-","-","UNINCORPORATED","YOLO","CA",-121.90642,38.5484
"5997201",-121.8352619,38.6778379,2013,"5700","3","1","4","03",0,1,"A",,,,,,1500,1,"C","C","A","RT 16","COUNTY ROAD 96",1200,"E","N","2014-11-13",9280,"2013-01-21",1335,"12272",,"1","9","0","1",,"1","024","-","Y","YOL",3,16,"-","-",38.79,"H","-","E","N",3,"A","-",22350,,"N","A","H","-","A","D","0","Y","A","01",0,0,1,0,0,0,0,0,0,"-","-","UNINCORPORATED","YOLO","CA",-121.8341,38.67787
"5997198",-121.6698128,38.5585777,2013,"5700","1","2","4","03",0,1,"A",,,,,,600,1,"C","C","A","RT 80","COUNTY ROAD 105",1584,"E","N","2014-11-13",9280,"2013-01-15",458,"16351",,"3","9","0","1",,"2","010","-","Y","YOL",3,80,"-","-",4.04,"H","-","W","Y",2,"A","-",22350,,"N","A","H","-","D","D","1","Y","A","08",0,0,1,0,0,0,0,0,0,"-","-","UNINCORPORATED","YOLO","CA",-121.68818,38.55542
"5997174",-121.6291355,38.6732151,2013,"5700","1","3","4","03",0,1,"A",,,,,,1800,1,"C","C","A","RT 5","SACRAMENTO/YOLO CO LINE",1056,"N","N","2014-10-29",9280,"2013-01-16",1630,"16144",,"2","9","0","1",,"2","020","-","Y","YOL",3,5,"-","-",0.2,"H","-","S","Y",2,"A","-",22350,,"N","A","H","-","A","D","1","Y","A","01",0,0,1,0,0,0,0,0,0,"-","-","UNINCORPORATED","YOLO","CA",-121.6739,38.67327
"5997049",-121.5267431,38.580755,2013,"5704","0","3","4","04",0,3,"A",,,,,,1200,1,"C","C","A","JEFFERSON BL","WEST CAPITOL AV",0,,"Y","2014-01-25",5704,"2013-01-30",1025,"00165",,"5","4","0","0",,"0","002","-","N",,0,0,,,0,,,,"Y",2,"A","-",21703,,"N","A","H","-","A","A","0","Y","A","08",0,0,3,0,0,0,0,0,0,"-","-","WEST SACRAMENTO","YOLO","CA",0,0
"5997045",0,0,2013,"5704","0","3","4","09",0,1,"A",,,,,,1800,1,"D","C","A","LAKE WASHINGTON BL","TOWN CENTER PLZ",0,,"Y","2014-01-25",5704,"2013-01-30",1615,"00158",,"5","4","0","0",,"0","003","-","N",,0,0,,,0,,,,"Y",2,"A","-",21804,"A","N","A","H","-","A","A","0","Y","A","08",0,0,1,0,0,0,0,0,0,"-","-","WEST SACRAMENTO","YOLO","CA",0,0
"5995738",-121.5441931,38.5749451,2013,"5704","0","1","4","12",0,1,"A",,,,,,1200,2,"D","C","A","HARBOR BL","RT 50",0,,"Y","2014-01-31",5704,"2013-02-18",1130,"00165",,"5","4","0","0",,"0","002","G","Y","YOL",3,50,"-","-",1.342,"R","4","E","Y",2,"A","-",21453,"A","N","A","H","-","A","A","0","Y","A","01",0,0,1,0,0,0,0,0,0,"-","EO","WEST SACRAMENTO","YOLO","CA",0,0
"5995734",-121.5472217,38.5847094,2013,"5704","0","1","4","04",0,2,"A",,,,,,1200,2,"C","C","A","HARBOR BL","DULUTH ST",100,"S","N","2014-01-31",5704,"2013-02-04",1100,"00165",,"5","4","0","0",,"0","002","-","N",,0,0,,,0,,,,"N",2,"A","-",21703,,"N","A","D","-","A","A","0","Y","A","01",0,0,2,0,0,0,0,0,0,"-","-","WEST SACRAMENTO","YOLO","CA",0,0
"5995569",-121.7528132,38.546325,2013,"5701","0","2","4","17",0,1,"A",,,"Y",,,1500,2,"D","C","A","RUSSELL BL","OAK AV",0,,"Y","2014-01-25",5701,"2013-02-05",1347,"88","3","5","5","0","0",,"0","001","-","N",,0,0,,,0,,,,"N",2,"A","-",21451,"A","N","A","H","-","A","A","0","Y","C","02",0,0,1,0,0,0,0,0,1,"-","-","DAVIS","YOLO","CA",0,0