"CASEID","POINT_X","POINT_Y","YEAR_","LOCATION","CHPTYPE","DAYWEEK","CRASHSEV","VIOLCAT","KILLED","INJURED","WEATHER1","PEDCOL","BICCOL","MCCOL","TRUCKCOL","ETOH","TIMECAT","MONTH_","CRASHTYP","INVOLVE","PED","PRIMARYRD","SECONDRD","DISTANCE","DIRECT","INTERSECT_","PROCDATE","JURIS","DATE_","TIME_","BADGE","JURIDIST","SHIFT","POP","SPECIAL","BEATTYPE","LAPDDIV","BEATCLAS","BEATNUMB","WEATHER2","STATEHW","CALTRANC","CALTRAND","STROUTE","ROUTESUF","POSTPRE","POSTMILE","LOCATYPE","RAMP","SIDEHW","TOWAWAY","PARTIES","PCF","VIOLCODE","VIOL","VIOLSUB","HITRUN","ROADSURF","RDCOND1","RDCOND2","LIGHTING","RIGHTWAY","CHPRDTYP","NOTPRIV","STFAULT","CHPFAULT","SEVINJ","OTHERINJ","COP","PEDKILL","PEDINJ","BICKILL","BICINJ","MCKILL","MCINJURE","RAMP1","RAMP2","CITY","COUNTY","STATE","X_CHP","Y_CHP"
"5992318",-121.5256251,38.5781225,2013,"5704","0","1","4","18",0,1,"A",,,,,,1500,3,"D","E","A","JEFFERSON BL","RT 275",100,"N","N","2014-10-29",5704,"2013-03-11",1430,"165",,"5","4","0","0",,"0","002","-","N",,0,0,,,0,,,,"Y",4,"C","-",0,,"N","A","H","-","A","D","0","Y","-","-",0,0,1,0,0,0,0,0,0,"-","-","WEST SACRAMENTO","YOLO","CA",0,0
"5992314",-121.5105631,38.585875,2013,"5704","0","1","3","12",0,1,"A",,"Y",,,,1800,3,"D","G","A","3RD ST","E ST",0,,"Y","2014-02-06",5704,"2013-03-04",1640,"165",,"5","4","0","0",,"0","001","-","N",,0,0,,,0,,,,"N",2,"A","-",21453,"A","N","A","H","-","A","A","0","Y","L","04",0,1,0,0,0,0,1,0,0,"-","-","WEST SACRAMENTO","YOLO","CA",0,0
"5992306",-121.5281431,38.573455,2013,"5704","0","1","4","09",0,1,"A",,,,,,1800,3,"D","C","A","PARK BL","11TH ST",0,,"Y","2014-02-06",5704,"2013-03-04",1730,"00165",,"5","4","0","0",,"0","002","-","N",,0,0,,,0,,,,"N",2,"A","-",21802,"A","N","A","H","-","A","A","0","Y","A","01",0,0,1,0,0,0,0,0,0,"-","-","WEST SACRAMENTO","YOLO","CA",0,0
"5992302",0,0,2013,"5704","0","2","4","05",0,1,"A",,,,,,1500,3,"E","I","A","LAKE WASHINGTON BL","VILLAGE PKWY",0,,"Y","2014-02-06",5704,"2013-03-05",1205,"165",,"5","4","0","0",,"0","003","-","N",,0,0,,,0,,,,"Y",1,"A","-",21650,,"N","A","H","-","A","D","0","Y","A","01",0,0,1,0,0,0,0,0,0,"-","-","WEST SACRAMENTO","YOLO","CA",0,0
"5992286",0,0,2013,"5704","0","7","3","05",0,1,"A",,,,,,2100,3,"E","I","A","TAHOE PL","SQUAW RD",200,"S","N","2014-02-06",5704,"2013-03-10",1830,"165",,"5","4","0","0",,"0","003","-","N",,0,0,,,0,,,,"Y",1,"A","-",21650,,"N","A","H","-","A","D","0","Y","A","01",0,1,0,0,0,0,0,0,0,"-","-","WEST SACRAMENTO","YOLO","CA",0,0
"5992000",-121.7799397,38.662958,2013,"5703","0","1","3","01",0,2,"A",,,,,,1800,3,"E","I","A","GIBSON RD","SPRUCE DR",333,"W","N","2014-02-04",5703,"2013-03-11",1527,"863","34","5","4","0","0",,"0","003","-","N",,0,0,,,0,,,,"Y",1,"A","-",23152,"A","N","A","H","-","A","D","0","Y","A","07",0,2,0,0,0,0,0,0,0,"-","-","WOODLAND","YOLO","CA",0,0
"5991996",-121.7318834,38.6684336,2013,"5703","0","6","4","04",0,1,"A",,,,,,1500,3,"C","C","A","MAXWELL AV","KINCHELOE CT",176,"W","N","2014-02-04",5703,"2013-03-09",1240,"C LARA","73","5","4","0","0",,"0","004","-","N",,0,0,,,0,,,,"Y",3,"A","-",21703,,"N","A","H","-","A","A","0","Y","A","01",0,0,1,0,0,0,0,0,0,"-","-","WOODLAND","YOLO","CA",0,0
"5991988",-121.7842931,38.658385,2013,"5703","0","6","3","12",0,1,"A",,,,,,1500,3,"A","C","A","WEST ST","EL DORADO DR",0,,"Y","2014-02-04",5703,"2013-03-09",1353,"875","56","5","4","0","0",,"0","002","-","N",,0,0,,,0,,,,"Y",2,"A","-",22450,"A","N","A","H","-","A","A","0","Y","A","01",0,1,0,0,0,0,0,0,0,"-","-","WOODLAND","YOLO","CA",0,0
"5988280",-121.7653331,38.684645,2013,"5703","0","1","4","12",0,1,"A",,,,,,1500,3,"B","C","A","EAST ST","BEAMER ST",0,,"Y","2014-02-04",5703,"2013-03-04",1351,"839","24","5","4","0","0",,"0","001","-","N",,0,0,,,0,,,,"Y",2,"A","-",21453,"A","N","A","-","-","A","A","0","Y","A","01",0,0,1,0,0,0,0,0,0,"-","-","WOODLAND","YOLO","CA",0,0
"5987996",-121.6803045,38.5561046,2013,"5701","1","3","4","03",0,1,"A",,,,,,1800,3,"C","D","A","RT 80","MACE BL",3960,"E","N","2014-11-18",9280,"2013-03-06",1600,"015168",,"2","5","0","1",,"2","010","-","Y","YOL",3,80,"-","-",3.43,"H","-","E","Y",2,"A","-",22350,,"N","A","H","-","A","D","1","Y","A","01",0,0,1,0,0,0,0,0,0,"-","-","DAVIS","YOLO","CA",-121.65906,38.55981
"5987968",-121.7838857,38.7000449,2013,"5700","5","7","4","06",0,2,"A",,,"Y",,,1800,3,"D","C","A","COUNTY ROAD 99","BARNARD ST",102,"S","N","2014-02-04",9280,"2013-03-03",1530,"015079",,"2","9","0","3",,"2","002","-","N",,0,0,,,0,,,,"Y",2,"A","-",21750,,"N","A","H","-","A","D","0","Y","C","02",0,0,2,0,0,0,0,0,1,"-","-","UNINCORPORATED","YOLO","CA",-121.78388,38.69973
"5987964",-121.5240109,38.5768989,2013,"5704","2","5","4","03",0,3,"A",,,,,,1800,3,"C","C","A","RT 50","JEFFERSON BL",100,"W","N","2014-10-28",9280,"2013-03-01",1532,"016632",,"2","4","0","1",,"2","011","-","Y","YOL",3,50,"-","-",2.48,"H","-","E","Y",3,"A","-",22350,,"F","A","H","-","A","A","1","Y","A","01",0,0,3,0,0,0,0,0,0,"-","-","WEST SACRAMENTO","YOLO","CA",-121.52587,38.57698
"5987960",-121.7874149,38.7065741,2013,"5700","1","2","4","08",0,2,"A",,,,,,300,3,"E","I","A","RT 5","WEST ST",1584,"N","N","2014-10-29",9280,"2013-03-12",25,"017933",,"3","9","0","1",,"2","020","-","Y","YOL",3,5,"-","R",9.71,"H","-","N","Y",1,"A","-",22107,,"N","A","H","-","D","D","1","Y","A","01",0,0,2,0,0,0,0,0,0,"-","-","UNINCORPORATED","YOLO","CA",-121.78876,38.70795
"5987141",-121.555713,38.546235,2013,"5704","0","3","3","09",0,1,"B",,"Y",,,,900,1,"H","G","A","LINDEN RD","HIGGINS RD",0,,"Y","2014-01-27",5704,"2013-01-09",745,"158",,"5","4","0","0",,"0","003","-","N",,0,0,,,0,,,,"N",2,"A","-",21802,"A","N","A","H","-","A","A","0","Y","A","07",0,1,0,0,0,0,1,0,0,"-","-","WEST SACRAMENTO","YOLO","CA",0,0
"5982905",-121.7886921,38.67618,2013,"5703","0","4","4","03",0,1,"A",,,,,,1800,2,"C","C","A","CALIFORNIA ST","WEST LINCOLN AV",20,"N","N","2014-07-17",5703,"2013-02-07",1536,"832","64","5","4","0","0",,"0","003","-","N",,0,0,,,0,,,,"N",2,"A","-",22350,,"N","A","H","-","A","A","0","Y","A","01",0,0,1,0,0,0,0,0,0,"-","-","WOODLAND","YOLO","CA",0,0
"5980862",-121.7386232,38.540815,2013,"5701","0","2","3","09",0,1,"A",,"Y",,,,2400,1,"H","G","A","OLIVE DR","RICHARDS BL",0,,"Y","2014-01-28",5701,"2013-01-15",2310,"22","8","5","5","0","0",,"0","004","-","N",,0,0,,,0,,,,"N",2,"A","-",21801,"A","F","A","H","-","C","A","0","Y","A","01",0,1,0,0,0,0,1,0,0,"-","-","DAVIS","YOLO","CA",0,0
"5979948",-121.5277731,38.563135,2013,"5704","0","5","4","12",0,1,"A",,,,,,1200,1,"D","C","A","JEFFERSON BL","STONE BL",0,,"Y","2014-01-24",5704,"2013-01-11",944,"00173","WSPS","5","4","0","0",,"0","002","-","N",,0,0,,,0,,,,"Y",2,"A","-",21453,"A","N","A","H","-","A","A","0","Y","A","01",0,0,1,0,0,0,0,0,0,"-","-","WEST SACRAMENTO","YOLO","CA",0,0
"5977777",0,0,2013,"5704","0","3","4","09",0,2,"A",,,,,,900,1,"D","C","A","TOWER BRIDGE GATEWAY","IRONWORKS AV",0,,"Y","2014-01-23",5704,"2013-01-30",817,"00158",,"5","4","0","0",,"0","002","-","N",,0,0,,,0,,,,"Y",2,"A","-",21802,"A","N","A","H","-","A","A","0","Y","A","01",0,0,2,0,0,0,0,0,0,"-","-","WEST SACRAMENTO","YOLO","CA",0,0
"5977574",0,0,2013,"5701","0","4","4","05",0,1,"A",,"Y",,,,2400,1,"A","G","A","LILLARD DR","LILLARD DR 2709",0,,"Y","2014-10-29",5701,"2013-01-31",2220,"103","8","5","5","0","0",,"0","004","-","N",,0,0,,,0,,,,"N",2,"A","-",21650,,"N","A","H","-","C","D","0","Y","L","04",0,0,1,0,0,0,1,0,0,"-","-","DAVIS","YOLO","CA",-121.72021,38.54133
"5977076",-121.7247154,38.6736515,2013,"5703","1","6","2","01",0,1,"A",,,"Y",,"Y",2400,1,"F","J","A","COUNTY ROAD 102","RT 5",8,"S","N","2014-01-24",9280,"2013-01-12",2350,"014306",,"3","4","0","1",,"2","020","-","Y","YOL",3,5,"-","-",5.37,"R","3","S","Y",1,"A","-",23152,"A","N","A","H","-","C","A","1","Y","C","02",1,0,0,0,0,0,0,0,1,"TO","-","WOODLAND","YOLO","CA",0,0
"5977072",-121.7364632,38.6736951,2013,"5703","1","7","3","01",0,1,"A",,,,,"Y",300,1,"E","I","A","RT 5","COUNTY ROAD 102",2112,"N","N","2014-10-29",9280,"2013-01-20",12,"016351",,"3","4","0","1",,"2","020","-","Y","YOL",3,5,"-","-",5.93,"H","-","S","Y",1,"A","-",23152,"A","N","A","H","-","D","D","1","Y","A","01",0,1,0,0,0,0,0,0,0,"-","-","WOODLAND","YOLO","CA",-121.73715,38.67376
"5977068",-121.8565732,38.6768251,2013,"5700","3","7","2","01",0,1,"A",,,,,"Y",2400,1,"F","I","A","RT 16","COUNTY ROAD 95",528,"E","N","2014-11-13",9280,"2013-01-20",2347,"016351",,"3","9","0","1",,"1","024","-","Y","YOL",3,16,"-","-",37.62,"H","-","W","Y",1,"A","-",23152,"A","N","A","H","-","D","D","0","Y","A","01",1,0,0,0,0,0,0,0,0,"-","-","UNINCORPORATED","YOLO","CA",-121.85804,38.67606
"5977064",-121.7297232,38.6188349,2013,"5700","5","1","3","03",0,2,"A",,,,,,1200,1,"C","C","A","COUNTY ROAD 102","COUNTY ROAD 27",0,,"Y","2014-01-24",9280,"2013-01-21",1137,"017375",,"1","9","0","3",,"2","002","-","N",,0,0,,,0,,,,"N",2,"A","-",22350,,"N","A","H","-","A","D","0","Y","A","01",0,1,1,0,0,0,0,0,0,"-","-","UNINCORPORATED","YOLO","CA",-121.72959,38.61897
"5975696",-121.526789,38.5813096,2013,"5704","0","6","4","01",0,1,"A",,,,,"Y",2100,1,"A","C","A","JEFFERSON BL","MICHIGAN BL",600,"S","N","2014-06-13",5704,"2013-01-12",1811,"157",,"5","4","0","0",,"0","0B2","-","N",,0,0,,,0,,,,"Y",2,"A","-",23153,"A","N","A","H","-","C","D","0","Y","A","01",0,0,1,0,0,0,0,0,0,"-","-","WEST SACRAMENTO","YOLO","CA",0,0
"5975373",-121.7259806,38.6739114,2013,"5703","1","6","4","03",0,1,"A",,,,,,1800,1,"F","A","A","RT 5","COUNTY ROAD 102",326,"N","N","2014-12-19",9280,"2013-01-12",1732,"015168",,"2","4","0","1",,"2","020","-","Y","YOL",3,5,"-","-",5.494,"R","1","N","Y",1,"A","-",22350,,"N","A","H","-","C","D","1","Y","A","01",0,0,1,0,0,0,0,0,0,"-","-","WOODLAND","YOLO","CA",-121.72977,38.678
"5975369",-121.9435662,38.5338669,2013,"5700","5","3","2","08",0,1,"A",,,"Y",,,2100,1,"F","A","A","MYRTLE AV","SHAMS WY",400,"E","N","2014-01-23",9280,"2013-01-09",1835,"016144",,"2","9","0","3",,"2","003","-","N",,0,0,,,0,,,,"N",1,"A","-",22107,,"N","A","H","-","C","D","0","Y","C","02",1,0,0,0,0,0,0,0,1,"-","-","UNINCORPORATED","YOLO","CA",-121.94361,38.53382
"5975365",-121.7354655,38.5400585,2013,"5701","1","5","4","01",0,2,"A",,,,,"Y",1800,1,"C","C","A","RT 80","RICHARDS BL",2640,"E","N","2014-11-13",9280,"2013-01-04",1719,"011706",,"2","5","0","1",,"2","010","-","Y","YOL",3,80,"-","-",0.28,"H","-","E","Y",3,"A","-",23152,"A","N","A","H","-","C","D","1","Y","D","22",0,0,2,0,0,0,0,0,0,"-","-","DAVIS","YOLO","CA",-121.73382,38.54125
"5975356",-121.524192,38.5743016,2013,"5704","0","5","4","01",0,1,"A",,,,,,900,1,"C","C","A","JEFFERSON BL","JACKSON ST",10,"N","N","2014-01-22",5704,"2013-01-11",800,"173","WSPD","5","4","0","0",,"0","002","-","N",,0,0,,,0,,,,"Y",2,"A","-",23152,"A","N","A","H","-","A","D","0","Y","A","01",0,0,1,0,0,0,0,0,0,"-","-","WEST SACRAMENTO","YOLO","CA",0,0
"5973927",-121.569709,38.5755456,2013,"5704","1","6","4","01",0,1,"A",,,,,"Y",2100,1,"E","I","A","RT 80","ENTERPRISE BL",528,"E","N","2014-11-05",9280,"2013-01-19",2007,"16929",,"2","4","0","1",,"2","010","-","Y","YOL",3,80,"-","-",9.417,"R","2","W","Y",1,"A","-",23152,"A","N","A","H","-","C","D","1","Y","A","07",0,0,1,0,0,0,0,0,0,"TO","-","WEST SACRAMENTO","YOLO","CA",-121.57433,38.57505
"5971943",0,0,2013,"5700","5","5","4","08",0,1,"B",,,,,,600,11,"F","A","A","COUNTY ROAD 85","COUNTY ROAD 14",500,"S","N","2014-05-05",9280,"2013-11-15",526,"16527",,"3","9","0","3",,"2","003","-","N",,0,0,,,0,,,,"Y",1,"A","-",22107,,"N","A","H","-","D","D","0","Y","A","01",0,0,1,0,0,0,0,0,0,"-","-","UNINCORPORATED","YOLO","CA",-121.0597,38.0429
"5949986",-121.73374,38.5458939,2013,"5701","0","2","3","08",0,1,"A",,"Y",,,,2100,1,"H","G","A","3RD ST","L ST",2,"W","N","2014-01-24",5701,"2013-01-01",1941,"45","4","5","5","0","0",,"0","002","-","N",,0,0,,,0,,,,"N",2,"A","-",22107,,"F","A","H","-","D","A","0","Y","A","01",0,1,0,0,0,0,1,0,0,"-","-","DAVIS","YOLO","CA",0,0
"5949984",-121.7463432,38.5506851,2013,"5701","0","2","4","09",0,1,"A",,"Y",,,,1800,1,"D","G","A","8TH ST","B ST",0,,"Y","2014-01-24",5701,"2013-01-08",1728,"83","4","5","5","0","0",,"0","002","-","N",,0,0,,,0,,,,"N",2,"A","-",21801,"A","N","A","H","-","C","A","0","Y","A","01",0,0,1,0,0,0,1,0,0,"-","-","DAVIS","YOLO","CA",0,0
"5949985",-121.7230231,38.541345,2013,"5701","0","2","3","12",0,2,"A",,,,,,2100,1,"D","C","A","POLE LINE RD","COWELL BL",0,,"Y","2014-01-24",5701,"2013-01-08",1849,"45","5701","5","5","0","0",,"0","004","-","N",,0,0,,,0,,,,"N",2,"A","-",21453,"A","N","A","H","-","B","A","0","Y","A","01",0,1,1,0,0,0,0,0,0,"-","-","DAVIS","YOLO","CA",-121.72265,38.54183
"5949983",-121.7266132,38.5488551,2013,"5701","0","1","3","03",0,2,"A",,,,,,1200,1,"C","C","A","5TH ST","POLE LINE RD",0,,"Y","2014-01-24",5701,"2013-01-07",1105,"89","6","5","5","0","0",,"0","003","-","N",,0,0,,,0,,,,"Y",2,"A","-",22350,,"N","A","H","-","A","A","0","Y","A","01",0,1,1,0,0,0,0,0,0,"-","-","DAVIS","YOLO","CA",0,0
"5949982",-121.7485699,38.5559086,2013,"5701","0","5","4","09",0,1,"A",,"Y",,,,900,1,"H","G","A","14TH ST","B ST",300,"W","N","2014-01-24",5701,"2013-01-11",750,"92","4","5","5","0","0",,"0","002","-","N",,0,0,,,0,,,,"N",2,"A","-",21801,"A","N","A","H","-","A","D","0","Y","A","01",0,0,1,0,0,0,1,0,0,"-","-","DAVIS","YOLO","CA",0,0
"5945422",-121.7933935,38.6692076,2013,"5703","0","2","4","21",0,2,"A",,,,,,1500,2,"C","C","A","COTTONWOOD ST","SOUTHWOOD DR",10,"S","N","2014-07-03",5703,"2013-02-12",1346,"832","52","5","4","0","0",,"0","003","-","N",,0,0,,,0,,,,"Y",2,"A","-",22106,,"N","A","G","-","A","A","0","Y","A","07",0,0,2,0,0,0,0,0,0,"-","-","WOODLAND","YOLO","CA",0,0
"5943563",-121.6500769,38.5612715,2013,"5700","1","6","4","18",0,2,"A",,,,,,2100,2,"B","C","A","RT 80","WEBSTER",2904,"W","N","2014-11-18",9280,"2013-02-16",2000,"011706",,"2","9","0","1",,"2","010","-","Y","YOL",3,80,"-","-",5.23,"H","-","E","Y",3,"C","-",0,,"N","A","H","-","C","D","1","Y","-","-",0,0,2,0,0,0,0,0,0,"-","-","UNINCORPORATED","YOLO","CA",-121.64352,38.52606
"5942392",-121.7720031,38.6724243,2013,"5703","0","4","4","08",0,1,"A",,,,,,1500,3,"-","E","A","2ND ST","CROSS ST",149,"N","N","2014-07-18",5703,"2013-03-07",1210,"832",,"5","4","0","0",,"0","003","-","N",,0,0,,,0,,,,"N",2,"A","-",22107,,"N","A","H","-","A","D","0","Y","D","22",0,0,1,0,0,0,0,0,0,"-","-","WOODLAND","YOLO","CA",0,0
"5941861",-121.9772748,38.8890418,2013,"5700","1","6","3","08",0,1,"A",,,,,,900,3,"E","I","A","RT 5","COUNTY ROAD 6",5280,"N","N","2014-10-29",9280,"2013-03-16",700,"012272",,"1","9","0","1",,"2","030","-","Y","YOL",3,5,"-","R",26.07,"H","-","S","Y",1,"A","-",22107,,"N","A","H","-","B","D","1","Y","D","22",0,1,0,0,0,0,0,0,0,"-","-","UNINCORPORATED","YOLO","CA",-121.97665,38.88743
"5941849",-121.6260563,38.6732151,2013,"5700","1","5","4","03",0,3,"A",,,,,,1800,3,"C","C","A","RT 5","YOLO/ SACRAMENTO CO LINE",50,"N","N","2014-10-29",9280,"2013-03-08",1545,"016144",,"2","9","0","1",,"2","020","-","Y","YOL",3,5,"-","-",0.01,"H","-","S","Y",3,"A","-",22350,,"N","A","H","-","A","D","1","Y","A","01",0,0,3,0,0,0,0,0,0,"-","-","UNINCORPORATED","YOLO","CA",-121.62652,38.67315
"5938388",-121.8027686,38.6776486,2013,"5703","3","1","3","03",0,2,"B",,,,,,1500,3,"C","C","A","RT 16","COUNTY ROAD 98",100,"W","N","2014-04-01",9280,"2013-03-25",1445,"015079",,"2","4","0","1",,"1","024","-","Y","YOL",3,16,"-","-",40.55,"H","-","E","N",2,"A","-",22350,,"N","A","H","-","A","D","0","Y","A","01",0,1,1,0,0,0,0,0,0,"-","-","WOODLAND","YOLO","CA",-121.80333,38.67759
"5936684",-121.5845141,38.5731681,2013,"5704","1","3","2","08",0,1,"A",,,,,,2400,3,"E","I","A","RT 80","ENTERPRISE BL",2640,"E","N","2014-11-18",9280,"2013-03-13",2240,"16027",,"3","4","0","1",,"2","010","-","Y","YOL",3,80,"-","R",9.7,"H","-","W","Y",1,"A","-",22107,,"N","A","H","-","D","D","1","Y","A","01",1,0,0,0,0,0,0,0,0,"-","-","WEST SACRAMENTO","YOLO","CA",-121.56804,38.57559
"5934867",-121.5588318,38.5823241,2013,"5704","1","5","3","03",0,2,"A",,,,,,1800,2,"C","C","A","RT 80","REED AV",2640,"W","N","2014-11-18",9280,"2013-02-22",1500,"015168",,"2","4","0","1",,"2","010","-","Y","YOL",3,80,"-","R",10.71,"H","-","W","Y",3,"A","-",22350,,"N","A","H","-","A","D","1","Y","D","22",0,2,0,0,0,0,0,0,0,"-","-","WEST SACRAMENTO","YOLO","CA",-121.55891,38.58223
"5932871",-121.5263931,38.582915,2013,"5704","0","2","4","12",0,2,"A",,,,,,1500,2,"D","C","A","JEFFERSON BL","MICHIGAN BL",0,,"Y","2014-01-31",5704,"2013-02-12",1430,"00158","WSPD","5","4","0","0",,"0","002","-","N",,0,0,,,0,,,,"Y",2,"A","-",21453,"A","N","A","H","-","A","A","0","Y","D","22",0,0,2,0,0,0,0,0,0,"-","-","WEST SACRAMENTO","YOLO","CA",0,0
"5922042",-121.5507078,38.5937954,2013,"5700","1","5","2","08",0,1,"A",,,,,,2100,2,"E","I","A","RT 80","REED AV",200,"E","N","2014-11-18",9280,"2013-02-15",1800,"017351",,"2","9","0","1",,"2","010","-","Y","YOL",3,80,"-","R",11.29,"H","-","E","Y",1,"A","-",22107,,"N","A","H","-","A","D","1","Y","D","22",1,0,0,0,0,0,0,0,0,"-","-","UNINCORPORATED","YOLO","CA",-121.55011,38.59487
"5922030",-121.766761,38.607889,2013,"5700","3","1","4","03",0,1,"A",,,,"Y",,1500,2,"C","C","A","RT 113","WILLOW SLOUGH",2112,"N","N","2014-10-21",9280,"2013-02-11",1328,"16292",,"1","9","0","1",,"2","022","-","Y","YOL",3,113,"-","R",5.38,"H","-","N","Y",2,"A","-",22350,,"N","A","D","-","A","A","1","Y","A","07",0,0,1,0,0,0,0,0,0,"-","-","UNINCORPORATED","YOLO","CA",-121.76665,38.60912
"5922022",-121.8333448,38.5470351,2013,"5700","5","4","3","07",0,1,"A",,"Y",,,,1800,2,"B","G","A","RUSSELL BL","CASSIDY LN",31,"E","N","2014-01-28",9280,"2013-02-07",1625,"013469",,"2","9","0","3",,"2","002","-","N",,0,0,,,0,,,,"N",2,"A","-",21658,"A","N","A","H","-","A","D","0","Y","L","04",0,1,0,0,0,0,1,0,0,"-","-","UNINCORPORATED","YOLO","CA",-121.83332,38.5471
"5922018",-121.5211562,38.5757256,2013,"5704","2","2","4","07",0,1,"A",,,,,,900,1,"B","C","A","RT 50","JEFFERSON BL",25,"W","N","2014-12-23",9280,"2013-01-29",710,"16527",,"1","4","0","1",,"2","011","-","Y","YOL",3,50,"-","-",2.66,"H","-","E","Y",4,"A","-",21658,"A","N","A","H","-","A","D","1","Y","A","01",0,0,1,0,0,0,0,0,0,"-","EO","WEST SACRAMENTO","YOLO","CA",-121.3112,38.3425
"5922015",-121.5731048,38.5750587,2013,"5700","1","5","3","03",0,2,"A",,,,,,1800,2,"C","C","A","RT 80","WEST CAPITOL",1056,"W","N","2014-11-05",9280,"2013-02-22",1545,"016351",,"2","9","0","1",,"2","010","-","Y","YOL",3,80,"-","R",10.09,"H","-","W","Y",5,"A","-",22350,,"N","A","H","-","A","D","1","Y","D","22",0,1,1,0,0,0,0,0,0,"-","-","UNINCORPORATED","YOLO","CA",-121.58377,38.57663
"5920343",-121.5270632,38.5689344,2013,"5704","0","4","3","18",0,1,"B",,,,,,1200,1,"E","E","A","ALAMEDA BL","ALABAMA AV",50,"E","N","2014-01-17",5704,"2013-01-24",1015,"158",,"5","4","0","0",,"0","002","C","N",,0,0,,,0,,,,"Y",6,"C","-",0,,"N","B","H","-","A","A","0","Y","-","-",0,1,0,0,0,0,0,0,0,"-","-","WEST SACRAMENTO","YOLO","CA",0,0
"5917758",-121.5513091,38.5934563,2013,"5704","1","3","4","03",0,2,"E",,,,,,900,2,"C","C","A","RT 80","REED AV",50,"E","N","2014-11-05",9280,"2013-02-06",603,"017772",,"1","4","0","1",,"2","010","-","Y","YOL",3,80,"-","R",11.27,"H","-","W","Y",2,"A","-",22350,,"N","A","H","-","C","D","1","Y","D","22",0,0,2,0,0,0,0,0,0,"TO","-","WEST SACRAMENTO","YOLO","CA",-121.55551,38.59106
"5917750",-121.8212823,38.6632751,2013,"5700","5","1","3","03",0,1,"E",,,,,,900,2,"C","C","A","COUNTY ROAD 24","COUNTY ROAD 97",34,"W","N","2014-02-01",9280,"2013-02-04",810,"012272",,"1","9","0","3",,"2","002","-","N",,0,0,,,0,,,,"Y",2,"A","-",22350,,"N","B","H","-","A","A","0","Y","A","01",0,1,0,0,0,0,0,0,0,"-","-","UNINCORPORATED","YOLO","CA",-121.8211,38.6631
"5913036",-121.7352931,38.561145,2013,"5701","0","1","4","10",0,1,"A",,"Y",,,,1800,1,"H","G","A","L ST","EAST COVELL BL",0,,"Y","2014-01-18",5701,"2013-01-14",1541,"83","5","5","5","0","0",,"0","002","-","N",,0,0,,,0,,,,"N",2,"A","-",21950,"A","N","A","H","-","A","A","0","Y","D","22",0,0,1,0,0,0,1,0,0,"-","-","DAVIS","YOLO","CA",0,0
"5913033",-122.19503,38.8320935,2013,"5700","3","7","3","01",0,1,"A",,,,,"Y",2100,1,"E","I","A","RT 16","COUNTY ROAD 52",113,"E","N","2014-11-13",9280,"2013-01-13",1953,"016929",,"2","9","0","1",,"2","034","-","Y","YOL",3,16,"-","-",11.77,"H","-","E","Y",1,"A","-",23152,"A","N","A","H","-","-","D","0","Y","D","22",0,1,0,0,0,0,0,0,0,"-","-","UNINCORPORATED","YOLO","CA",-121.19488,38.83168
"5913032",-121.741196,38.5437583,2013,"5701","0","2","3","01",0,1,"A",,,,,"Y",2400,1,"B","E","A","E ST","2ND ST",180,"N","N","2014-01-22",5701,"2013-01-29",2114,"45","4","5","5","0","0",,"0","002","-","N",,0,0,,,0,,,,"N",3,"A","-",23152,,"N","A","H","-","C","A","0","Y","D","22",0,1,0,0,0,0,0,0,0,"-","-","DAVIS","YOLO","CA",0,0
"5912981",-121.5377044,38.5751023,2013,"5704","2","5","4","03",0,1,"A",,,,,,1800,1,"C","D","A","RT 50","HARBOR BL",2640,"E","N","2014-11-13",9280,"2013-01-18",1745,"015168",,"2","4","0","1",,"2","011","-","Y","YOL",3,50,"-","-",1.7,"H","-","W","Y",3,"A","-",22350,,"N","A","H","-","C","D","1","Y","D","22",0,0,1,0,0,0,0,0,0,"-","-","WEST SACRAMENTO","YOLO","CA",-121.53999,38.57507
"5911706",-121.7932294,38.7116447,2013,"5700","1","2","1","08",1,1,"A",,,,,,900,11,"E","I","A","RT 5","RT 16",3168,"S","N","2015-01-12",9280,"2013-11-05",629,"17763",,"1","9","0","1",,"2","020","-","Y","YOL",3,5,"-","R",10.21,"H","-","S","Y",1,"A","-",22107,,"N","A","H","-","B","D","1","Y","A","01",1,0,0,0,0,0,0,0,0,"-","-","UNINCORPORATED","YOLO","CA",-121.79292,38.71131
"5911559",-121.9602317,38.6807656,2013,"5700","3","4","1","01",1,1,"A",,,,,,2400,10,"A","C","A","RT 16","COUNTY ROAD 90",628,"W","N","2015-01-12",9280,"2013-10-03",2335,"16027",,"3","9","0","1",,"2","034","-","Y","YOL",3,16,"-","-",31.56,"H","-","W","Y",4,"A","-",23152,"A","N","A","H","-","D","D","0","Y","A","01",0,0,1,0,0,0,0,0,0,"-","-","UNINCORPORATED","YOLO","CA",-121.95778,38.68049