"CASEID","POINT_X","POINT_Y","YEAR_","LOCATION","CHPTYPE","DAYWEEK","CRASHSEV","VIOLCAT","KILLED","INJURED","WEATHER1","PEDCOL","BICCOL","MCCOL","TRUCKCOL","ETOH","TIMECAT","MONTH_","CRASHTYP","INVOLVE","PED","PRIMARYRD","SECONDRD","DISTANCE","DIRECT","INTERSECT_","PROCDATE","JURIS","DATE_","TIME_","BADGE","JURIDIST","SHIFT","POP","SPECIAL","BEATTYPE","LAPDDIV","BEATCLAS","BEATNUMB","WEATHER2","STATEHW","CALTRANC","CALTRAND","STROUTE","ROUTESUF","POSTPRE","POSTMILE","LOCATYPE","RAMP","SIDEHW","TOWAWAY","PARTIES","PCF","VIOLCODE","VIOL","VIOLSUB","HITRUN","ROADSURF","RDCOND1","RDCOND2","LIGHTING","RIGHTWAY","CHPRDTYP","NOTPRIV","STFAULT","CHPFAULT","SEVINJ","OTHERINJ","COP","PEDKILL","PEDINJ","BICKILL","BICINJ","MCKILL","MCINJURE","RAMP1","RAMP2","CITY","COUNTY","STATE","X_CHP","Y_CHP"
"5911546",0,0,2013,"5700","5","3","1","01",1,0,"A",,,"Y",,"Y",600,7,"A","C","A","COUNTY ROAD 85","COUNTY ROAD 15B",13,"S","N","2013-11-22",9280,"2013-07-31",556,"16632",,"3","9","0","3",,"2","003","-","N",,0,0,,,0,,,,"Y",2,"A","-",23152,"A","N","A","H","-","B","D","0","Y","D","22",0,0,0,0,0,0,0,1,0,"-","-","UNINCORPORATED","YOLO","CA",-121.04423,38.75934
"5911517",-121.6393133,38.6731935,2013,"5700","1","4","1","08",1,2,"A",,,,,,600,10,"F","A","A","RT 5","OLD RIVER RD",1659,"N","N","2013-12-05",9280,"2013-10-24",455,"17933",,"3","9","0","1",,"2","020","-","Y","YOL",3,5,"-","-",0.67,"H","-","S","Y",1,"A","-",22107,,"N","A","H","-","C","D","1","Y","A","01",0,0,2,0,0,0,0,0,0,"-","-","UNINCORPORATED","YOLO","CA",-121.63271,38.673
"5911350",-121.5567927,38.5318198,2013,"5704","0","5","1","05",1,0,"A",,"Y",,,,2100,8,"H","G","A","JEFFERSON BL","DAVIS RD",200,"S","N","2013-10-25",5704,"2013-08-23",2038,"00142",,"5","4","0","0",,"0","003","-","N",,0,0,,,0,,,,"Y",2,"A","-",21650,,"N","A","H","-","D","D","0","Y","L","04",0,0,0,0,0,1,0,0,0,"-","-","WEST SACRAMENTO","YOLO","CA",0,0
"5911136",-121.8116404,38.7320023,2013,"5703","5","7","1","01",2,0,"A",,,,,"Y",300,7,"E","I","A","COUNTY ROAD 99W","2ND ST",1355,"N","N","2013-09-30",9280,"2013-07-14",10,"17764",,"3","4","0","3",,"2","002","-","N",,0,0,,,0,,,,"Y",1,"A","-",23152,"A","N","A","H","-","D","D","0","Y","A","01",0,0,0,0,0,0,0,0,0,"-","-","WOODLAND","YOLO","CA",-121.81214,38.73227
"5910891",-121.6137932,38.661065,2013,"5700","5","4","1","03",1,0,"A",,,,,,1500,5,"E","I","A","OLD RIVER RD","COUNTY ROAD 124",0,,"Y","2013-08-22",9280,"2013-05-30",1435,"16520",,"2","9","0","3",,"2","001","-","N",,0,0,,,0,,,,"Y",1,"A","-",22350,,"N","A","H","-","A","D","0","Y","A","01",0,0,0,0,0,0,0,0,0,"-","-","UNINCORPORATED","YOLO","CA",-121.6163,38.66307
"5910827",-121.7782127,38.6775051,2013,"5703","0","1","1","01",1,0,"A","Y",,,,"Y",300,8,"G","B","F","MAIN ST","WALNUT ST",3,"E","N","2013-08-09",5703,"2013-08-05",113,"WILSON","32","5","4","0","0",,"0","003","-","N",,0,0,,,0,,,,"N",2,"A","-",23153,"A","F","A","H","-","C","A","0","Y","-","-",0,0,0,1,0,0,0,0,0,"-","-","WOODLAND","YOLO","CA",0,0
"5910753",-121.7093365,38.6738337,2013,"5700","1","5","1","-",1,0,"A","Y",,,,"Y",300,7,"G","B","E","RT 5","COUNTY ROAD 103",355,"N","N","2015-01-14",9280,"2013-07-05",25,"16027",,"3","9","0","1",,"2","020","-","Y","YOL",3,5,"-","-",4.55,"H","-","N","N",2,"A","-",0,,"F","A","H","-","D","D","1","Y","N","60",0,0,0,1,0,0,0,0,0,"-","-","UNINCORPORATED","YOLO","CA",-121.71067,38.67378
"5910493",-121.9489709,38.856888,2013,"5700","1","6","1","01",2,0,"A",,,,,"Y",2400,2,"A","C","A","RT 5","COUNTY ROAD 8",1788,"S","N","2015-01-16",9280,"2013-02-23",2310,"17351",,"3","9","0","1",,"2","030","-","Y","YOL",3,5,"-","R",23.45,"H","-","N","Y",2,"A","-",23152,"A","N","A","H","-","D","D","1","Y","A","01",0,0,0,0,0,0,0,0,0,"-","-","UNINCORPORATED","YOLO","CA",-121.94635,38.85446
"5910006",-121.5804666,38.6452408,2013,"5700","5","3","1","08",1,0,"A",,,,,,900,3,"E","I","A","OLD RIVER RD","COUNTY ROAD 124",13200,"S","N","2015-01-16",9280,"2013-03-13",810,"017772",,"1","9","0","3",,"2","001","-","N",,0,0,,,0,,,,"Y",1,"A","-",22107,,"N","A","B","-","A","D","0","Y","A","01",0,0,0,0,0,0,0,0,0,"-","-","UNINCORPORATED","YOLO","CA",-121.58027,38.64541
"5909711",-121.5500924,38.5698051,2013,"5704","0","3","4","08",0,1,"B",,,,,,1500,1,"D","C","A","INDUSTRIAL BL","HARBOR BL",200,"W","N","2014-01-21",5704,"2013-01-23",1300,"00158",,"5","4","0","0",,"0","002","-","N",,0,0,,,0,,,,"Y",2,"A","-",22102,,"N","A","H","-","A","A","0","Y","D","22",0,0,1,0,0,0,0,0,0,"-","-","WEST SACRAMENTO","YOLO","CA",0,0
"5909703",-121.523758,38.5729815,2013,"5704","0","3","4","03",0,1,"B",,,,,,1500,1,"C","C","A","JEFFERSON BL","DREVER ST",100,"N","N","2014-01-18",5704,"2013-01-23",1450,"00173","WSPD","5","4","0","0",,"0","002","C","N",,0,0,,,0,,,,"Y",2,"A","-",22350,,"N","B","H","-","A","D","0","Y","A","07",0,0,1,0,0,0,0,0,0,"-","-","WEST SACRAMENTO","YOLO","CA",0,0
"5903775",-121.7423832,38.6627351,2013,"5703","0","4","4","12",0,1,"B",,,,,,2100,1,"D","C","A","EAST GIBSON RD","PIONEER AV",0,,"Y","2015-01-14",5703,"2013-01-24",1822,"842","55","5","4","0","0",,"0","004","-","N",,0,0,,,0,,,,"Y",2,"A","-",21453,"A","N","A","H","-","C","A","0","Y","D","22",0,0,1,0,0,0,0,0,0,"-","-","WOODLAND","YOLO","CA",0,0
"5890306",-121.7592232,38.6938051,2013,"5703","1","3","4","03",0,1,"B",,,,"Y",,1500,1,"F","A","A","RT 5","EAST ST",7,"E","N","2014-01-16",9280,"2013-01-09",1210,"016632",,"1","4","0","1",,"2","020","-","Y","YOL",3,5,"-","R",7.967,"R","3","S","Y",1,"A","-",22350,,"N","A","H","-","A","A","1","Y","G","25",0,0,1,0,0,0,0,0,0,"-","-","WOODLAND","YOLO","CA",-121.76479,38.69443
"5890302",-121.9534696,38.6079787,2013,"5700","1","3","4","09",0,1,"E",,,,"Y",,900,1,"B","C","A","RT 505","UNION SCHOOL SLOUGH BR",50,"N","N","2014-11-13",9280,"2013-01-09",808,"16632",,"1","9","0","1",,"2","031","-","Y","YOL",3,505,"-","-",5.72,"H","-","S","N",2,"A","-",21804,"A","N","A","H","-","A","D","1","Y","G","25",0,0,1,0,0,0,0,0,0,"-","-","UNINCORPORATED","YOLO","CA",-121.95358,38.60938
"5890294",-121.5510066,38.5939012,2013,"5704","1","4","3","03",0,1,"B",,,,,,1200,1,"C","C","A","RT 80","REED AV",200,"E","N","2014-11-05",9280,"2013-01-03",1124,"16632",,"1","4","0","1",,"2","010","-","Y","YOL",3,80,"-","R",11.31,"H","-","W","Y",2,"A","-",22350,,"N","A","H","-","A","D","1","Y","A","07",0,1,0,0,0,0,0,0,0,"-","-","WEST SACRAMENTO","YOLO","CA",-121.55161,38.59294
"5890290",0,0,2013,"5700","5","3","4","03",0,1,"A",,,,,,1800,1,"C","C","A","OLD RIVER RD","ROAD 126",2904,"N","N","2014-01-16",9280,"2013-01-02",1514,"11706",,"2","9","0","3",,"2","001","-","N",,0,0,,,0,,,,"Y",3,"A","-",22350,,"N","A","H","-","A","D","0","Y","A","01",0,0,1,0,0,0,0,0,0,"-","-","UNINCORPORATED","YOLO","CA",-121.56291,38.61497
"5890286",-121.6559762,38.5603271,2013,"5700","1","2","3","08",0,1,"A",,,,,,900,1,"E","J","A","RT 80","COUNTY ROAD 32",4752,"W","N","2014-11-13",9280,"2013-01-01",830,"16292",,"1","9","0","1",,"2","010","-","Y","YOL",3,80,"-","-",4.88,"H","-","E","Y",1,"A","-",22107,,"N","A","H","-","A","D","1","Y","D","22",0,1,0,0,0,0,0,0,0,"-","-","UNINCORPORATED","YOLO","CA",-121.65537,38.56033
"5890282",-121.8032346,38.5633251,2013,"5700","4","2","3","08",0,1,"B",,,,,,900,1,"E","I","A","CO RD 98","COUNTY ROAD 31",670,"N","N","2014-01-16",9280,"2013-01-01",645,"12272",,"1","9","0","2",,"2","025","-","N",,0,0,,,0,,,,"Y",1,"A","-",22107,,"N","A","H","-","B","D","0","Y","D","22",0,1,0,0,0,0,0,0,0,"-","-","UNINCORPORATED","YOLO","CA",-121.8032,38.56318
"5816353",-121.6385831,38.563305,2013,"5701","0","5","4","03",0,1,"A",,,,,,1800,3,"C","C","A","CHILES RD","RT 80",0,,"Y","2013-04-24",5701,"2013-03-22",1514,"61","9","5","5","0","0",,"0","004","-","N",,0,0,,,0,,,,"N",2,"A","-",22350,,"N","A","H","-","A","A","0","Y","J","48",0,0,1,0,0,0,0,0,0,"-","WF","DAVIS","YOLO","CA",0,0
"5639825",-121.5949811,38.5711391,2013,"5704","1","5","1","08",1,2,"A",,,,,,1800,1,"D","C","A","RT 80","ENTERPRISE BL",2112,"E","N","2013-03-28",9280,"2013-01-04",1605,"013469",,"2","4","0","1",,"2","010","-","Y","YOL",3,80,"-","R",9.6,"H","-","E","Y",2,"A","-",22107,,"N","A","H","-","A","D","1","Y","A","07",0,0,2,0,0,0,0,0,0,"-","-","WEST SACRAMENTO","YOLO","CA",-121.5719,38.57449
"5625867",-121.7504331,38.560835,2013,"5701","0","5","4","12",0,5,"B",,,,,,2400,3,"D","C","A","CATALINA DR","COVELL BL",0,,"Y","2013-07-24",5701,"2013-03-15",2340,"104","3","5","5","0","0",,"0","001","-","N",,0,0,,,0,,,,"N",2,"A","-",21453,"A","N","B","H","-","C","A","0","Y","D","22",0,0,5,0,0,0,0,0,0,"-","-","DAVIS","YOLO","CA",-121.75735,34.55938
"90195185",0,0,2016,"5704","1","5","3","03",0,1,"B",,,"Y",,,600,5,"F","A","A","US-50 E/B","OLD RIVER RD",30,"W","N","2016-06-06",9280,"2016-05-20",456,"015534",,"3","4","0","1",,"2","010","-","Y",,0,0,,,0,,,,"Y",2,"A","-",22350,,"N","A","D","E","C","A","0","Y","C","02",0,1,0,0,0,0,0,0,1,"-","-","WEST SACRAMENTO","YOLO","CA",-121.51875,38.57367
"90194781",-121.8395711,38.6850607,2016,"5700","5","7","2","08",0,1,"B",,,,,,900,5,"E","I","A","CR-96","CR-21",38,"S","N","2016-06-06",9280,"2016-05-08",635,"015128",,"1","9","0","3",,"2","002","-","Y",,0,0,,,0,,,,"Y",1,"A","-",22107,,"N","A","H","-","B","D","0","Y","A","01",1,0,0,0,0,0,0,0,0,"-","-","UNINCORPORATED","YOLO","CA",-121.8395,38.685
"90192362",0,0,2016,"5701","1","3","3","07",0,1,"A",,,"Y",,,2100,5,"B","C","A","INTERSTATE 80 E/B","POLE LINE RD",5280,"E","N","2016-06-01",9280,"2016-05-18",1820,"018205",,"2","5","0","1",,"2","010","-","Y",,0,0,,,0,,,,"N",2,"A","-",21658,"A","N","A","H","-","A","D","0","Y","A","07",0,1,0,0,0,0,0,0,1,"-","-","DAVIS","YOLO","CA",-121.70768,38.54993
"90187458",0,0,2016,"5704","2","2","4","03",0,2,"B",,,,,,2400,5,"C","C","A","US-50 E/B","SOUTH RIVER RD",4224,"E","N","2016-05-25",9280,"2016-05-24",2100,"017963",,"2","4","0","1",,"2","011","-","Y",,0,0,,,0,,,,"Y",3,"A","-",22350,,"N","A","D","H","C","D","0","Y","A","07",0,0,2,0,0,0,0,0,0,"-","-","WEST SACRAMENTO","YOLO","CA",-121.51788,38.57287
"90187424",0,0,2016,"5704","1","5","4","03",0,2,"A",,,,,,2100,4,"E","I","A","I-80 E/B TO ENTERPRISE BLVD","LAKE BLVD",183,"N","N","2016-05-25",9280,"2016-04-29",1949,"016042",,"2","4","0","1",,"2","010","-","Y",,0,0,,,0,,,,"Y",1,"A","-",22350,,"N","A","H","-","B","A","0","Y","A","01",0,0,2,0,0,0,0,0,0,"-","-","WEST SACRAMENTO","YOLO","CA",-121.57811,38.57284
"90187375",0,0,2016,"5703","1","7","3","08",0,1,"A",,,,,,1800,5,"E","I","A","I-5 N/B","E. MAIN ST U/C",1950,"S","N","2016-05-25",9280,"2016-05-15",1615,"015079",,"2","4","0","1",,"2","020","-","Y",,0,0,,,0,,,,"Y",1,"A","-",22107,,"N","A","H","-","A","D","0","Y","A","01",0,1,0,0,0,0,0,0,0,"-","-","WOODLAND","YOLO","CA",-121.4422,38.4027
"90187002",0,0,2016,"5700","5","1","4","08",0,1,"A",,,,,,1500,5,"E","I","A","COUNTY ROAD 99W (6510 BLK)","COUNTY ROAD 80 ",8448,"S","N","2016-05-25",9280,"2016-05-16",1400,"012272",,"2","9","0","3",,"2","003","-","N",,0,0,,,0,,,,"Y",1,"A","-",22107,,"N","A","H","-","A","D","0","Y","A","01",0,0,1,0,0,0,0,0,0,"-","-","UNINCORPORATED","YOLO","CA",-121.9308,38.8449
"90186992",0,0,2016,"5700","1","3","4","03",0,1,"A",,,,,,2100,5,"C","C","A","I-5 S/B","COUNTY ROAD 103 ",100,"S","N","2016-05-25",9280,"2016-05-18",1801,"016929",,"2","9","0","1",,"2","020","-","Y",,0,0,,,0,,,,"Y",3,"A","-",22350,,"N","A","H","-","A","D","0","Y","A","07",0,0,1,0,0,0,0,0,0,"-","-","UNINCORPORATED","YOLO","CA",-121.70895,38.67363
"90186778",0,0,2016,"5700","5","4","4","08",0,1,"A",,,,,,900,5,"F","I","A","COUNTY ROAD 22 ","LEVEE ",3696,"S","N","2016-05-25",9280,"2016-05-19",650,"017629",,"1","9","0","3",,"2","002","-","N",,0,0,,,0,,,,"Y",1,"A","-",22107,,"N","A","H","-","A","D","0","Y","A","08",0,0,1,0,0,0,0,0,0,"-","-","UNINCORPORATED","YOLO","CA",-121.69626,38.6768
"90186399",0,0,2016,"5700","1","7","3","08",0,1,"A",,,,,,1200,5,"E","I","A","I-505 S/B","COUNTY ROAD 29A ",528,"N","N","2016-05-24",9280,"2016-05-15",955,"017279",,"1","9","0","1",,"2","031","-","Y",,0,0,,,0,,,,"Y",1,"A","-",22107,,"N","A","H","-","A","D","0","Y","A","01",0,1,0,0,0,0,0,0,0,"-","-","UNINCORPORATED","YOLO","CA",-121.95351,38.59463
"90185329",0,0,2016,"5700","5","4","4","03",0,1,"A",,,,,,2400,5,"C","C","A","SR-16 E/B","COUNTY ROAD 94B ",1320,"E","N","2016-05-23",9280,"2016-05-12",2320,"015534",,"3","9","0","3",,"2","003","-","Y",,0,0,,,0,,,,"Y",2,"A","-",22350,,"N","A","H","-","D","D","0","Y","A","01",0,0,1,0,0,0,0,0,0,"-","-","UNINCORPORATED","YOLO","CA",-121.51594,38.40176
"90185269",0,0,2016,"5700","5","6","2","08",0,1,"B",,,,,,1800,5,"E","J","A","COUNTY ROAD 99W ","COUNTY ROAD 89B",1056,"N","N","2016-05-23",9280,"2016-05-07",1620,"016292",,"2","9","0","3",,"2","003","-","Y",,0,0,,,0,,,,"Y",1,"A","-",22107,,"N","A","H","-","A","D","0","Y","A","01",1,0,0,0,0,0,0,0,0,"-","-","UNINCORPORATED","YOLO","CA",-121.96169,38.87422
"90185199",0,0,2016,"5701","1","3","3","08",0,1,"A",,,,,,2100,5,"E","I","A","I-80 W/B","MACE BLVD. O/C",2112,"E","N","2016-05-23",9280,"2016-05-18",1934,"017351",,"2","5","0","1",,"2","010","-","Y",,0,0,,,0,,,,"Y",1,"A","-",22107,,"N","A","H","-","A","D","0","Y","A","01",0,1,0,0,0,0,0,0,0,"-","-","DAVIS","YOLO","CA",-121.68692,38.55471
"90184124",0,0,2016,"5700","5","4","4","03",0,1,"A",,,,,,1800,5,"C","C","A","COUNTY ROAD 31 E/B","COUNTY RD. 95",1056,"E","N","2016-05-20",9280,"2016-05-12",1650,"012007",,"2","9","0","3",,"2","002","-","Y",,0,0,,,0,,,,"N",2,"A","-",22350,,"N","A","H","-","A","D","0","Y","A","01",0,0,1,0,0,0,0,0,0,"-","-","UNINCORPORATED","YOLO","CA",-121.85439,38.56153
"90184116",0,0,2016,"5700","1","4","3","03",0,1,"A",,,"Y",,,2100,5,"F","A","A","I-505 N/B","COUNTY ROAD 19 ",2640,"N","N","2016-05-20",9280,"2016-05-12",1805,"016042",,"2","9","0","1",,"2","031","-","Y",,0,0,,,0,,,,"Y",1,"A","-",22350,,"N","A","H","-","A","D","0","Y","C","02",0,1,0,0,0,0,0,0,1,"-","-","UNINCORPORATED","YOLO","CA",-121.95173,38.72966
"90184092",-121.8210686,38.6823488,2016,"5703","5","7","4","08",0,2,"B",,,,,,2100,5,"E","I","A","COUNTY ROAD 97 ","COUNTY ROAD 21 ",1000,"S","N","2016-05-20",9280,"2016-05-08",1950,"015353",,"2","4","0","3",,"2","002","-","Y",,0,0,,,0,,,,"Y",1,"A","-",22107,,"N","A","H","-","B","D","0","Y","A","01",0,0,2,0,0,0,0,0,0,"-","-","WOODLAND","YOLO","CA",-121.821,38.6823
"90184088",0,0,2016,"5704","2","5","4","03",0,2,"A",,,,,,1800,4,"C","C","A","US-50 E/B","JEFFERSON BLVD U/C",528,"W","N","2016-05-20",9280,"2016-04-29",1634,"016929",,"2","4","0","1",,"2","011","-","Y",,0,0,,,0,,,,"Y",2,"A","-",22350,,"N","A","H","-","A","D","0","Y","A","01",0,0,2,0,0,0,0,0,0,"-","-","WEST SACRAMENTO","YOLO","CA",-121.52656,38.57696
"90184083",0,0,2016,"5700","5","4","3","08",0,1,"A",,,,,,2100,4,"F","A","A","SR-84 (JEFFERSON BLVD.)","LEVEE ACCESS RD",1584,"S","N","2016-05-20",9280,"2016-04-21",2055,"016929",,"2","9","0","3",,"2","001","-","Y",,0,0,,,0,,,,"Y",1,"A","-",22107,,"N","A","H","-","D","D","0","Y","D","22",0,1,0,0,0,0,0,0,0,"-","-","UNINCORPORATED","YOLO","CA",-121.58204,38.50148
"90182459",0,0,2016,"5700","1","3","4","08",0,1,"A",,,,,,1200,5,"E","I","A","I-80 E/B","MACE BLVD",528,"E","N","2016-05-18",9280,"2016-05-11",925,"017629",,"1","9","0","1",,"2","010","-","Y",,0,0,,,0,,,,"Y",1,"A","-",22107,,"N","A","H","-","A","D","0","Y","A","01",0,0,1,0,0,0,0,0,0,"-","-","UNINCORPORATED","YOLO","CA",-121.6924,38.55306
"90180118",0,0,2016,"5704","2","4","3","03",0,1,"B",,,,"Y",,900,5,"F","A","A","HARBOR BLVD TO US-50 E/B","HARBOR BLVD",90,"E","N","2016-06-13",9280,"2016-05-05",627,"015168",,"1","4","0","1",,"2","011","-","Y",,0,0,,,0,,,,"Y",1,"A","-",22350,,"N","A","H","-","B","D","0","Y","G","25",0,1,0,0,0,0,0,0,0,"-","-","WEST SACRAMENTO","YOLO","CA",-121.54806,38.57368
"90180106",-121.8711232,38.6634151,2016,"5700","5","5","4","09",0,1,"A",,,,,,2400,4,"D","C","A","COUNTY ROAD 94B ","COUNTY ROAD 24 ",0,,"Y","2016-05-16",9280,"2016-04-22",2120,"016929",,"2","9","0","3",,"2","003","-","N",,0,0,,,0,,,,"Y",2,"A","-",21802,"A","N","A","H","-","D","A","0","Y","A","01",0,0,1,0,0,0,0,0,0,"-","-","UNINCORPORATED","YOLO","CA",-121.8711,38.66343
"90178579",0,0,2016,"5700","1","6","3","01",0,1,"B",,,,,"Y",300,5,"F","A","A","I-5 S/B","CACHE CREEK ",400,"N","N","2016-05-13",9280,"2016-05-07",240,"015534",,"3","9","0","1",,"2","020","-","Y",,0,0,,,0,,,,"Y",1,"A","-",23152,"A","N","A","H","-","D","D","0","Y","D","22",0,1,0,0,0,0,0,0,0,"-","-","UNINCORPORATED","YOLO","CA",-121.48396,38.43359
"90178563",0,0,2016,"5700","1","5","3","00",0,1,"B","Y",,,,,2100,2,"G","B","E","I-505 S/B","COUNTY ROAD 27 ",2640,"S","N","2016-05-13",9280,"2016-02-19",2051,"016042",,"2","9","0","1",,"2","031","-","Y",,0,0,,,0,,,,"N",2,"A","-",21461,,"N","A","H","-","D","D","0","Y","N","60",0,1,0,0,1,0,0,0,0,"-","-","UNINCORPORATED","YOLO","CA",-121.95353,38.61317
"90176899",0,0,2016,"5700","4","2","3","06",0,4,"A",,,,,,900,5,"B","C","A","COUNTY ROAD 102 (12980 BLK)","COUNTY ROAD 16 ",223,"N","N","2016-05-11",9280,"2016-05-10",700,"012272",,"1","9","0","2",,"1","021","-","N",,0,0,,,0,,,,"Y",2,"A","-",21751,,"N","A","H","-","A","D","0","Y","D","22",0,1,3,0,0,0,0,0,0,"-","-","UNINCORPORATED","YOLO","CA",-121.7295,38.7493
"90176494",0,0,2016,"5700","3","6","4","08",0,1,"B",,,,,,1200,5,"E","I","A","I-5 NB","COUNTY ROAD 6",7392,"N","N","2016-05-10",9280,"2016-05-07",1115,"012272",,"1","9","0","1",,"2","034","-","Y",,0,0,,,0,,,,"Y",1,"A","-",22107,,"N","B","H","-","A","D","0","Y","A","07",0,0,1,0,0,0,0,0,0,"-","-","UNINCORPORATED","YOLO","CA",-121.976,38.8872
"90176208",0,0,2016,"5701","1","5","4","07",0,1,"A",,,"Y",,,1800,4,"B","C","A","I-80 E/B","RICHARDS BLVD",528,"W","N","2016-05-10",9280,"2016-04-29",1720,"016042",,"2","5","0","1",,"2","010","-","Y",,0,0,,,0,,,,"Y",2,"A","-",21658,"A","N","A","H","-","A","D","0","Y","A","01",0,0,1,0,0,0,0,0,1,"-","-","DAVIS","YOLO","CA",-121.73828,38.53784
"90176192",0,0,2016,"5704","1","2","3","03",0,1,"A",,,"Y",,,900,4,"F","A","A","I-80 W/B","W CAPITOL AVE",30,"W","N","2016-05-10",9280,"2016-04-26",840,"015128",,"1","4","0","1",,"2","010","-","Y",,0,0,,,0,,,,"Y",1,"A","-",22350,,"N","A","H","-","A","D","0","Y","C","02",0,1,0,0,0,0,0,0,1,"-","-","WEST SACRAMENTO","YOLO","CA",-121.5615,38.5781
"90176050",-121.6057927,38.7328786,2016,"5700","5","7","3","08",0,1,"A",,,,,,600,4,"E","I","A","CR-117","OLD RIVER RD",24816,"N","N","2016-05-10",9280,"2016-04-24",330,"015128",,"3","9","0","3",,"2","002","-","N",,0,0,,,0,,,,"Y",1,"A","-",22107,,"N","A","H","-","D","D","0","Y","A","01",0,1,0,0,0,0,0,0,0,"-","-","UNINCORPORATED","YOLO","CA",-121.604,38.7383
"90175249",0,0,2016,"5700","3","2","3","01",0,1,"A",,,,,,1800,4,"D","C","A","SR-16","COUNTY ROAD 59",5780,"N","N","2016-05-09",9280,"2016-04-26",1550,"015079",,"2","9","0","1",,"2","034","-","Y",,0,0,,,0,,,,"Y",2,"A","-",23152,"E","N","A","H","-","A","D","0","Y","D","22",0,1,0,0,0,0,0,0,0,"-","-","UNINCORPORATED","YOLO","CA",-121.118,38.4911
"90174566",-121.6344208,38.6758703,2016,"5700","5","4","4","00",0,2,"A",,,,,,1200,4,"A","C","A","OLD RIVER ROAD","COUNTY ROAD 117 ",1056,"N","N","2016-05-06",9280,"2016-04-28",1148,"017629",,"1","9","0","3",,"2","002","-","N",,0,0,,,0,,,,"Y",2,"A","-",23103,"A","N","A","H","-","A","D","0","Y","A","07",0,0,2,0,0,0,0,0,0,"-","-","UNINCORPORATED","YOLO","CA",-121.6354,38.67627
"90174522",0,0,2016,"5700","1","2","1","01",2,0,"A",,,,,"Y",2400,3,"A","C","A","INTERSTATE 5 S/B","COUNTY ROAD 91B ",4224,"S","N","2016-12-14",9280,"2016-03-01",2337,"015353",,"3","9","0","1",,"2","020","-","Y",,0,0,,,0,,,,"Y",2,"A","-",23152,"A","N","A","H","-","D","D","0","Y","A","01",0,0,0,0,0,0,0,0,0,"-","-","UNINCORPORATED","YOLO","CA",-121.91304,38.82757
"90172962",0,0,2016,"5700","1","5","4","03",0,2,"A",,,,,,1800,4,"C","D","A","I-5 S/B","COUNTY ROAD 102 ",2640,"S","N","2016-05-04",9280,"2016-04-29",1550,"017629",,"2","9","0","1",,"2","020","-","Y",,0,0,,,0,,,,"Y",2,"A","-",22350,,"N","A","H","-","A","D","0","Y","D","22",0,0,2,0,0,0,0,0,0,"-","-","UNINCORPORATED","YOLO","CA",-121.6901,38.67272
"90172796",0,0,2016,"5704","2","5","4","03",0,1,"A",,,,,,2100,4,"C","C","A","US-50 W/B","SACRAMENTO COUNTY LINE",300,"W","N","2016-05-04",9280,"2016-04-15",1850,"016027",,"2","4","0","1",,"2","011","-","Y",,0,0,,,0,,,,"N",6,"A","-",22350,,"N","A","H","-","A","D","0","Y","A","01",0,0,1,0,0,0,0,0,0,"-","-","WEST SACRAMENTO","YOLO","CA",-121.51658,38.5722
"90171195",-122.3318792,38.9240644,2016,"5700","3","2","4","03",0,1,"A",,,,,,600,4,"H","J","A","RT 16","SR-16",41,"N","N","2016-05-03",9280,"2016-04-19",322,"015353",,"3","9","0","1",,"2","034","-","Y",,0,0,,,0,,,,"Y",1,"A","-",22350,,"N","A","H","-","D","A","0","Y","A","07",0,0,1,0,0,0,0,0,0,"-","-","UNINCORPORATED","YOLO","CA",-121.03593,38.70479
"90170992",0,0,2016,"5700","1","7","3","01",0,1,"A",,,,,"Y",600,4,"F","I","A","I-5 N/B","COUNTY ROAD 103 ",370,"S","N","2016-05-02",9280,"2016-04-17",425,"017351",,"3","9","0","1",,"2","020","-","Y",,0,0,,,0,,,,"Y",1,"A","-",23152,"A","N","A","H","-","D","D","0","Y","A","01",0,1,0,0,0,0,0,0,0,"-","-","UNINCORPORATED","YOLO","CA",-121.70801,38.67395
"90170960",0,0,2016,"5700","5","7","3","08",0,4,"A",,,,,,1800,4,"F","I","A","COUNTY ROAD 116 ","RAILROAD AVE",1584,"W","N","2016-05-02",9280,"2016-04-17",1530,"017375",,"2","9","0","3",,"2","002","-","N",,0,0,,,0,,,,"Y",1,"A","-",22107,,"N","A","H","-","A","D","0","Y","A","01",0,3,1,0,0,0,0,0,0,"-","-","UNINCORPORATED","YOLO","CA",-121.7088,38.79573
"90170639",0,0,2016,"5700","1","5","4","09",0,1,"A",,,,,,1800,4,"D","C","A","COUNTY ROAD 25A ","SR-113 S/B OFFRAMP",0,,"Y","2016-05-02",9280,"2016-04-29",1610,"017772",,"2","9","0","1",,"2","020","-","N",,0,0,,,0,,,,"Y",2,"A","-",21802,"A","N","A","H","-","A","A","0","Y","A","01",0,0,1,0,0,0,0,0,0,"-","-","UNINCORPORATED","YOLO","CA",-121.76184,38.64107
"90170629",-121.8026666,38.7934621,2016,"5700","5","5","3","08",0,1,"A",,,,,,1800,4,"F","I","A","COUNTY ROAD 13 ","COUNTY ROAD 98 ",76,"E","N","2016-05-02",9280,"2016-04-15",1555,"016042",,"2","9","0","3",,"2","002","-","N",,0,0,,,0,,,,"Y",1,"A","-",22107,,"N","A","H","-","A","D","0","Y","A","01",0,1,0,0,0,0,0,0,0,"-","-","UNINCORPORATED","YOLO","CA",-121.80271,38.79358