"CASEID","POINT_X","POINT_Y","YEAR_","LOCATION","CHPTYPE","DAYWEEK","CRASHSEV","VIOLCAT","KILLED","INJURED","WEATHER1","PEDCOL","BICCOL","MCCOL","TRUCKCOL","ETOH","TIMECAT","MONTH_","CRASHTYP","INVOLVE","PED","PRIMARYRD","SECONDRD","DISTANCE","DIRECT","INTERSECT_","PROCDATE","JURIS","DATE_","TIME_","BADGE","JURIDIST","SHIFT","POP","SPECIAL","BEATTYPE","LAPDDIV","BEATCLAS","BEATNUMB","WEATHER2","STATEHW","CALTRANC","CALTRAND","STROUTE","ROUTESUF","POSTPRE","POSTMILE","LOCATYPE","RAMP","SIDEHW","TOWAWAY","PARTIES","PCF","VIOLCODE","VIOL","VIOLSUB","HITRUN","ROADSURF","RDCOND1","RDCOND2","LIGHTING","RIGHTWAY","CHPRDTYP","NOTPRIV","STFAULT","CHPFAULT","SEVINJ","OTHERINJ","COP","PEDKILL","PEDINJ","BICKILL","BICINJ","MCKILL","MCINJURE","RAMP1","RAMP2","CITY","COUNTY","STATE","X_CHP","Y_CHP"
"90169661",0,0,2016,"5700","3","4","4","08",0,1,"A",,,,,,300,4,"F","J","A","COUNTY ROAD 93 ","COUNTY ROAD 26 ",0,,"Y","2016-04-29",9280,"2016-04-28",215,"017351",,"3","9","0","1",,"2","034","-","N",,0,0,,,0,,,,"Y",1,"A","-",22107,,"N","A","H","-","D","D","0","Y","A","01",0,0,1,0,0,0,0,0,0,"-","-","UNINCORPORATED","YOLO","CA",-121.89539,38.6341
"90169658",0,0,2016,"5703","3","3","3","08",0,1,"A",,,,,,1500,4,"E","I","A","I-5 NORTHBOUND ","COUNTY ROAD 22 ",5280,"N","N","2016-04-29",9280,"2016-04-27",1240,"018034",,"1","4","0","1",,"2","022","-","Y",,0,0,,,0,,,,"Y",1,"A","-",22107,,"N","A","H","-","A","D","0","Y","D","22",0,1,0,0,0,0,0,0,0,"-","-","WOODLAND","YOLO","CA",-121.6745,38.67371
"90169652",0,0,2016,"5700","1","4","3","03",0,2,"A",,,,,,1800,4,"C","C","A","I-5 NORTHBOUND","COUNTY ROAD 103 ",10032,"S","N","2016-04-29",9280,"2016-04-21",1630,"015168",,"2","9","0","1",,"2","020","-","Y",,0,0,,,0,,,,"Y",2,"A","-",22350,,"N","A","H","-","A","D","0","Y","A","01",0,1,1,0,0,0,0,0,0,"-","-","UNINCORPORATED","YOLO","CA",-121.66978,38.67364
"90169309",0,0,2016,"5700","1","5","3","08",0,2,"A",,,,"Y",,600,4,"B","C","A","I-5 N/B","COUNTY ROAD 103 ",8976,"N","N","2016-04-29",9280,"2016-04-15",545,"016144",,"3","9","0","1",,"2","020","-","Y",,0,0,,,0,,,,"Y",2,"A","-",22107,,"N","A","H","-","D","D","0","Y","A","01",0,1,1,0,0,0,0,0,0,"-","-","UNINCORPORATED","YOLO","CA",-121.67849,38.67373
"90165573",-121.7838865,38.6999516,2016,"5700","5","4","3","03",0,2,"A",,,,,,900,4,"C","C","A","COUNTY ROAD 99 ","BARNARD ST",136,"S","N","2016-04-26",9280,"2016-04-21",726,"015168",,"1","9","0","3",,"2","002","-","N",,0,0,,,0,,,,"Y",2,"A","-",22350,,"N","A","H","-","A","D","0","Y","D","22",0,1,1,0,0,0,0,0,0,"-","-","UNINCORPORATED","YOLO","CA",-121.78397,38.69973
"90164878",0,0,2016,"5704","2","6","3","03",0,2,"B",,,,,,600,4,"C","C","A","U.S. 50 E/B","WEST ACRE U/C",100,"E","N","2016-04-25",9280,"2016-04-09",415,"017351",,"3","4","0","1",,"2","011","-","Y",,0,0,,,0,,,,"Y",2,"A","-",22350,,"N","A","H","-","C","D","0","Y","A","01",0,2,0,0,0,0,0,0,0,"-","-","WEST SACRAMENTO","YOLO","CA",-121.52943,38.57609
"90164774",0,0,2016,"5700","1","5","3","08",0,2,"A",,,"Y",,,1500,4,"E","I","A","I-505 S/B FROM SR-16","SR-16 O/C",528,"S","N","2016-04-25",9280,"2016-04-15",1225,"017772",,"1","9","0","1",,"2","031","-","Y",,0,0,,,0,,,,"Y",2,"A","-",22107,,"N","A","H","-","A","D","0","Y","C","02",0,1,1,0,0,0,0,0,1,"-","-","UNINCORPORATED","YOLO","CA",-121.9522,38.6754
"90161398",0,0,2016,"5700","5","1","3","21",0,1,"A",,,,,,2100,4,"E","I","A","3325 COUNTY ROAD 88","COUNTY ROAD 6",3168,"N","N","2016-04-20",9280,"2016-04-11",1943,"017963",,"2","9","0","3",,"2","003","-","N",,0,0,,,0,,,,"N",1,"A","-",22106,,"N","A","H","-","B","D","0","Y","D","22",0,1,0,0,0,0,0,0,0,"-","-","UNINCORPORATED","YOLO","CA",-121.98964,38.89123
"90161389",0,0,2016,"5700","1","1","3","08",0,2,"A",,,,,,1800,4,"F","I","A","I-505 S/B","SR-16",7920,"N","N","2016-04-20",9280,"2016-04-18",1611,"016632",,"2","9","0","1",,"2","031","-","Y",,0,0,,,0,,,,"Y",1,"A","-",22107,,"N","A","H","-","A","D","0","Y","A","01",0,1,1,0,0,0,0,0,0,"-","-","UNINCORPORATED","YOLO","CA",-121.5721,38.4281
"90161368",0,0,2016,"5700","1","4","4","08",0,1,"A",,,,,,900,3,"B","C","A","I-5 N/B","COUNTY ROAD 103 ",1584,"S","N","2016-04-20",9280,"2016-03-31",827,"016632",,"1","9","0","1",,"2","020","-","Y",,0,0,,,0,,,,"Y",2,"A","-",22107,,"N","A","H","-","A","D","0","Y","A","01",0,0,1,0,0,0,0,0,0,"-","-","UNINCORPORATED","YOLO","CA",-121.7038,38.6737
"90161159",0,0,2016,"5700","1","7","4","03",0,1,"A",,,,,,2100,4,"C","C","A","I-80 W/B","ENTERPRISE BLVD",2000,"W","N","2016-04-19",9280,"2016-04-17",1945,"015079",,"2","9","0","1",,"2","010","-","Y",,0,0,,,0,,,,"N",2,"A","-",22350,,"N","A","H","-","A","D","0","Y","A","01",0,0,1,0,0,0,0,0,0,"-","-","UNINCORPORATED","YOLO","CA",-121.5846,38.5731
"90161122",0,0,2016,"5700","1","1","3","08",0,1,"A",,,,,,900,4,"E","I","A","I-5 S/B","MAIN ST.",100,"N","N","2016-04-19",9280,"2016-04-04",700,"016292",,"1","9","0","1",,"2","020","-","Y",,0,0,,,0,,,,"Y",1,"A","-",22107,,"N","A","H","-","A","D","0","Y","A","01",0,1,0,0,0,0,0,0,0,"-","-","UNINCORPORATED","YOLO","CA",-121.74688,38.67861
"90161069",0,0,2016,"5704","1","6","3","08",0,1,"A",,,,,,2100,4,"E","I","A","I-80 WESTBOUND TO US 50 EASTBOUND","I-80 ",20,"N","N","2016-04-19",9280,"2016-04-16",1955,"018034",,"2","4","0","1",,"2","010","-","Y",,0,0,,,0,,,,"Y",1,"A","-",22107,,"N","A","H","-","B","D","0","Y","A","01",0,1,0,0,0,0,0,0,0,"-","-","WEST SACRAMENTO","YOLO","CA",-121.56296,38.57607
"90161015",0,0,2016,"5704","2","2","4","03",0,2,"A",,,,,,1800,3,"C","C","A","W/B US HWY 50","HARBOR BLVD O/C",200,"W","N","2016-04-19",9280,"2016-03-29",1645,"017279",,"2","4","0","1",,"2","011","-","Y",,0,0,,,0,,,,"Y",3,"A","-",22350,,"N","A","H","-","A","D","0","Y","A","01",0,0,2,0,0,0,0,0,0,"-","-","WEST SACRAMENTO","YOLO","CA",-121.54975,38.57501
"90159769",0,0,2016,"5700","1","3","4","03",0,3,"A",,,,,,1800,4,"C","C","A","I-80 E/B","MACE BLVD",50,"E","N","2016-04-18",9280,"2016-04-13",1530,"017629",,"2","9","0","1",,"2","010","-","Y",,0,0,,,0,,,,"N",2,"A","-",22350,,"N","A","H","-","A","D","0","Y","A","01",0,0,3,0,0,0,0,0,0,"-","-","UNINCORPORATED","YOLO","CA",-121.69497,38.55234
"90159546",-121.9714208,38.6084201,2016,"5700","5","3","3","01",0,1,"A",,,,,"Y",2400,4,"E","I","A","COUNTY ROAD 89 ","COUNTY ROAD 28 ",1014,"N","N","2016-04-18",9280,"2016-04-06",2125,"018034",,"2","9","0","3",,"2","003","-","N",,0,0,,,0,,,,"Y",1,"A","-",23152,"A","N","A","H","-","D","D","0","Y","A","08",0,1,0,0,0,0,0,0,0,"-","-","UNINCORPORATED","YOLO","CA",-121.97147,38.60877
"90159526",0,0,2016,"5700","5","3","3","05",0,1,"A",,,"Y",,,900,4,"B","C","A","SR-45","COUNTY LINE ROAD ",0,,"Y","2016-04-18",9280,"2016-04-13",635,"016144",,"1","9","0","3",,"2","003","-","Y",,0,0,,,0,,,,"Y",2,"A","-",21460,"C","N","A","H","-","A","A","0","Y","A","01",0,1,0,0,0,0,0,0,1,"-","-","UNINCORPORATED","YOLO","CA",-121.84387,38.92469
"90159510",0,0,2016,"5700","5","5","4","08",0,4,"B",,,,,,1200,4,"F","A","A","COUNTY ROAD 93A","COUNTY ROAD 31 ",930,"W","N","2016-04-18",9280,"2016-04-08",925,"016144",,"1","9","0","3",,"2","003","-","N",,0,0,,,0,,,,"Y",1,"A","-",22107,,"N","A","H","-","A","D","0","Y","A","01",0,0,4,0,0,0,0,0,0,"-","-","UNINCORPORATED","YOLO","CA",-121.90043,39.55975
"90159483",0,0,2016,"5700","5","3","4","08",0,1,"A",,,,,,2400,4,"F","I","A","COUNTY ROAD 13 ","COUNTY ROAD 92B",1531,"W","N","2016-04-18",9280,"2016-04-06",2330,"017874",,"3","9","0","3",,"2","003","-","N",,0,0,,,0,,,,"Y",1,"A","-",22107,,"N","A","H","-","D","D","0","Y","A","01",0,0,1,0,0,0,0,0,0,"-","-","UNINCORPORATED","YOLO","CA",-121.90175,38.79443
"90157004",0,0,2016,"5700","5","3","3","01",0,1,"A",,,,,"Y",2100,3,"E","I","A","COUNTY ROAD 32B ","WEBSTER U/C",2640,"W","N","2016-04-13",9280,"2016-03-30",1935,"016929",,"2","9","0","3",,"2","001","-","N",,0,0,,,0,,,,"Y",1,"A","-",23152,"A","N","A","H","-","B","D","0","Y","D","22",0,1,0,0,0,0,0,0,0,"-","-","UNINCORPORATED","YOLO","CA",-121.64758,38.56142
"90156512",0,0,2016,"5700","3","7","4","08",0,1,"C",,,,,,900,4,"F","I","A","STATE ROUTE 16 E/B","COUNTY ROAD 93 ",4752,"W","N","2016-04-13",9280,"2016-04-10",838,"016632",,"1","9","0","1",,"2","034","-","Y",,0,0,,,0,,,,"Y",1,"A","-",22107,,"N","B","H","-","A","D","0","Y","A","01",0,0,1,0,0,0,0,0,0,"-","-","UNINCORPORATED","YOLO","CA",-121.9122,38.6737
"90156339",0,0,2016,"5704","2","1","4","03",0,2,"A",,,,,,1500,4,"C","C","A","US-50 W/B","HARBOR BLVD",2112,"W","N","2016-04-12",9280,"2016-04-04",1237,"016632",,"1","4","0","1",,"2","011","-","Y",,0,0,,,0,,,,"Y",2,"A","-",22350,,"N","A","H","-","A","D","0","Y","A","01",0,0,2,0,0,0,0,0,0,"-","-","WEST SACRAMENTO","YOLO","CA",-121.5558,38.5753
"90156328",0,0,2016,"5701","1","7","4","03",0,1,"A",,,,,,1800,4,"C","C","A","I-80 E/B","MACE BLVD",2640,"E","N","2016-04-12",9280,"2016-04-03",1704,"017375",,"2","5","0","1",,"2","010","-","Y",,0,0,,,0,,,,"Y",2,"A","-",22350,,"N","A","H","-","A","D","0","Y","A","07",0,0,1,0,0,0,0,0,0,"-","-","DAVIS","YOLO","CA",-121.68474,38.55514
"90156322",-121.8030931,38.589955,2016,"5700","5","6","4","03",0,2,"A",,,,,,1500,4,"C","C","A","COUNTY ROAD 98 ","COUNTY ROAD 29 ",0,,"Y","2016-04-12",9280,"2016-04-02",1455,"018205",,"2","9","0","3",,"2","002","-","N",,0,0,,,0,,,,"Y",2,"A","-",22350,,"N","A","H","-","A","A","0","Y","A","01",0,0,2,0,0,0,0,0,0,"-","-","UNINCORPORATED","YOLO","CA",-121.4811,38.3523
"90156318",0,0,2016,"5704","1","6","4","03",0,9,"A",,,,,,1200,4,"C","C","A","I-80 W/B","SR-84 REED AVE",1320,"E","N","2016-04-12",9280,"2016-04-02",1125,"015168",,"1","4","0","1",,"2","010","-","Y",,0,0,,,0,,,,"Y",4,"A","-",22350,,"N","A","H","-","A","D","0","Y","E","22",0,0,9,0,0,0,0,0,0,"-","-","WEST SACRAMENTO","YOLO","CA",-121.55053,38.59464
"90156305",0,0,2016,"5700","5","1","3","03",0,3,"A",,,,,,1800,4,"C","C","A","COUNTY ROAD 98 N/B","COUNTY ROAD 29 ",80,"S","N","2016-04-12",9280,"2016-04-04",1645,"015079",,"2","9","0","3",,"2","002","-","N",,0,0,,,0,,,,"Y",3,"A","-",22350,,"N","A","H","-","A","A","0","Y","A","01",0,1,2,0,0,0,0,0,0,"-","-","UNINCORPORATED","YOLO","CA",-121.803,38.5896
"90156296",0,0,2016,"5700","5","5","4","09",0,1,"A",,,,,,1200,4,"D","C","A","COUNTY ROAD 99 W","COUNTY ROAD 100 ",0,,"Y","2016-04-12",9280,"2016-04-01",1100,"015168",,"1","9","0","3",,"2","003","-","N",,0,0,,,0,,,,"Y",2,"A","-",21802,"A","N","A","H","-","A","A","0","Y","E","22",0,0,1,0,0,0,0,0,0,"-","-","UNINCORPORATED","YOLO","CA",-121.99649,38.92551
"90156276",0,0,2016,"5700","1","4","4","08",0,1,"A",,,,"Y",,600,3,"E","I","A","I-5 S/B","COUNTY ROAD 102 ",374,"S","N","2016-04-12",9280,"2016-03-31",525,"016214",,"3","9","0","1",,"2","020","-","Y",,0,0,,,0,,,,"Y",2,"A","-",22107,,"N","A","H","-","D","D","0","Y","G","25",0,0,1,0,0,0,0,0,0,"-","-","UNINCORPORATED","YOLO","CA",-121.72038,38.67366
"90156252",0,0,2016,"5704","1","3","4","03",0,2,"A",,,,,,1800,3,"C","C","A","I-80 E/B","ENTERPRISE BLVD U/C",528,"E","N","2016-04-12",9280,"2016-03-30",1724,"016929",,"2","4","0","1",,"2","010","-","Y",,0,0,,,0,,,,"Y",4,"A","-",22350,,"N","A","H","-","A","D","0","Y","A","07",0,0,2,0,0,0,0,0,0,"-","-","WEST SACRAMENTO","YOLO","CA",-121.57613,38.57438
"90156172",-121.5484283,38.5751151,2016,"5704","2","5","4","03",0,1,"A",,,,,,1200,4,"C","C","A","WESTBOUND US-50","HARBOR BLVD",70,"E","N","2016-04-12",9280,"2016-04-01",910,"016214",,"1","4","0","1",,"2","011","-","Y",,0,0,,,0,,,,"Y",5,"A","-",22350,,"N","A","H","-","A","D","0","Y","D","22",0,0,1,0,0,0,0,0,0,"-","-","WEST SACRAMENTO","YOLO","CA",-121.54821,38.57506
"90155993",0,0,2016,"5700","1","2","4","01",0,1,"A",,,,,"Y",1500,3,"B","C","A","I-80 E/B","ENTERPRISE BLVD",8976,"W","N","2016-04-12",9280,"2016-03-29",1345,"015079",,"1","9","0","1",,"2","010","-","Y",,0,0,,,0,,,,"Y",2,"A","-",23152,"A","N","A","H","-","A","D","0","Y","A","01",0,0,1,0,0,0,0,0,0,"-","-","UNINCORPORATED","YOLO","CA",-121.60754,38.56883
"90155863",0,0,2016,"5700","5","4","4","08",0,1,"A",,,,,"Y",2100,3,"E","I","A","CLARKSBURG RD","RIVERVIEW ROAD",35,"W","N","2016-04-12",9280,"2016-03-17",1949,"017963",,"2","9","0","3",,"2","001","-","N",,0,0,,,0,,,,"N",1,"A","-",22107,,"M","A","H","-","D","D","0","Y","A","01",0,0,1,0,0,0,0,0,0,"-","-","UNINCORPORATED","YOLO","CA",-121.52755,38.42047
"90155851",0,0,2016,"5700","5","4","4","08",0,1,"A",,,,,"Y",2100,3,"E","J","A","36339 RIVERVIEW DRIVE","NETHERLANDS AVE",325,"N","N","2016-04-12",9280,"2016-03-17",1948,"017963",,"2","9","0","3",,"2","001","-","N",,0,0,,,0,,,,"Y",2,"A","-",22107,,"M","A","H","-","D","D","0","Y","A","01",0,0,1,0,0,0,0,0,0,"-","-","UNINCORPORATED","YOLO","CA",-121.52556,38.41793
"90155818",0,0,2016,"5700","5","4","4","03",0,2,"A",,,,,"Y",2100,3,"C","C","A","RIVERVIEW DR.","NETHERLANDS AVE",50,"N","N","2016-04-12",9280,"2016-03-17",1947,"017963",,"2","9","0","3",,"2","001","-","N",,0,0,,,0,,,,"Y",2,"A","-",22350,,"M","A","H","-","D","D","0","Y","A","01",0,0,2,0,0,0,0,0,0,"-","-","UNINCORPORATED","YOLO","CA",-121.52549,38.41784
"90155623",-121.8665181,38.7062538,2016,"5700","5","7","4","08",0,1,"B",,,,,,1800,3,"F","A","A","COUNTY ROAD 19 ","COUNTY ROAD 94B ",1320,"W","N","2016-04-12",9280,"2016-03-27",1515,"017279",,"2","9","0","3",,"2","003","-","N",,0,0,,,0,,,,"Y",1,"A","-",22107,,"N","A","H","-","A","D","0","Y","D","22",0,0,1,0,0,0,0,0,0,"-","-","UNINCORPORATED","YOLO","CA",-121.87008,38.70681
"90155571",0,0,2016,"5700","1","5","4","03",0,2,"A",,,,,,2400,3,"C","C","A","I-80 E/B","WEBSTER RD",4224,"E","N","2016-04-12",9280,"2016-03-25",2250,"017963",,"3","9","0","1",,"2","010","-","Y",,0,0,,,0,,,,"Y",2,"A","-",22350,,"N","A","H","-","D","D","0","Y","A","07",0,0,2,0,0,0,0,0,0,"-","-","UNINCORPORATED","YOLO","CA",-121.62403,38.56588
"90155207",0,0,2016,"5703","1","2","4","07",0,1,"A",,,,"Y",,1800,3,"B","C","A","I-5 S/B","WEST ST",1300,"S","N","2016-04-11",9280,"2016-03-15",1710,"015079",,"2","4","0","1",,"2","020","-","Y",,0,0,,,0,,,,"Y",2,"A","-",21658,"A","N","A","H","-","A","D","0","Y","G","25",0,0,1,0,0,0,0,0,0,"-","-","WOODLAND","YOLO","CA",-121.7806,38.7001
"90155197",0,0,2016,"5704","2","6","2","01",0,6,"A",,,,,"Y",1800,3,"C","C","A","US-50 W/B","JEFFERSON BLVD",800,"E","N","2016-04-11",9280,"2016-03-26",1520,"017964",,"2","4","0","1",,"2","011","-","Y",,0,0,,,0,,,,"Y",2,"A","-",23152,"A","N","A","H","-","A","A","0","Y","A","01",2,2,2,0,0,0,0,0,0,"-","-","WEST SACRAMENTO","YOLO","CA",-121.51863,38.57399
"90153858",0,0,2016,"5700","5","7","2","08",0,2,"A",,,"Y",,,2100,3,"E","J","A","COUNTY ROAD 49","COUNTY ROAD 56",1848,"E","N","2016-04-08",9280,"2016-03-27",1859,"017964",,"2","9","0","3",,"2","003","-","N",,0,0,,,0,,,,"N",1,"A","-",22107,,"N","A","E","-","A","D","0","Y","C","06",2,0,0,0,0,0,0,0,2,"-","-","UNINCORPORATED","YOLO","CA",-122.19199,38.81788
"90151943",0,0,2016,"5700","S","5","3","03",0,1,"A",,,"Y",,,1800,3,"B","C","A","SR-128","SOLANO/YOLO COUNTY LINE",2640,"E","N","2016-11-07",9280,"2016-03-25",1720,"017746",,"2","9","0","1",,"2","904","-","Y",,0,0,,,0,,,,"N",2,"A","-",22350,,"F","A","H","-","A","D","0","Y","C","02",0,1,0,0,0,0,0,0,1,"-","-","UNINCORPORATED","YOLO","CA",-122.07843,38.515
"90151116",0,0,2016,"5701","1","4","4","03",0,4,"A",,,,,,1800,3,"C","C","A","I-80 E/B","RICHARDS BLVD O/C",140,"W","N","2016-04-05",9280,"2016-03-24",1625,"016929",,"2","5","0","1",,"2","010","-","Y",,0,0,,,0,,,,"Y",3,"A","-",22350,,"N","A","H","-","A","D","0","Y","A","01",0,0,4,0,0,0,0,0,0,"-","-","DAVIS","YOLO","CA",-121.73602,38.53966
"90151106",0,0,2016,"5700","5","4","3","01",0,2,"A",,,,,"Y",1500,3,"F","A","A","RUSSELL BLVD","COUNTY ROAD 93A",200,"W","N","2016-04-05",9280,"2016-03-24",1407,"016254",,"2","9","0","3",,"2","003","-","N",,0,0,,,0,,,,"Y",1,"A","-",23152,"A","N","A","H","-","A","D","0","Y","A","01",0,1,1,0,0,0,0,0,0,"-","-","UNINCORPORATED","YOLO","CA",-121.90426,38.5489
"90151073",-121.5493554,38.5751151,2016,"5704","2","4","2","03",0,4,"A",,,,,,900,3,"C","C","A","WB US-50","HARBOR BLVD",195,"W","N","2016-04-05",9280,"2016-03-24",818,"016214",,"1","4","0","1",,"2","011","-","Y",,0,0,,,0,,,,"Y",3,"A","-",22350,,"N","A","H","-","A","D","0","Y","A","01",1,0,3,0,0,0,0,0,0,"-","-","WEST SACRAMENTO","YOLO","CA",-121.54936,38.57506
"90150812",0,0,2016,"5700","2","6","3","08",0,2,"C",,,,,,2100,3,"B","C","A","US 50 W/B","JEFFERSON BLVD. U/C",100,"E","N","2016-04-05",9280,"2016-03-05",1845,"017351",,"2","9","0","1",,"2","011","-","Y",,0,0,,,0,,,,"Y",2,"A","-",22107,,"N","B","H","-","C","D","0","Y","A","01",0,1,1,0,0,0,0,0,0,"-","-","UNINCORPORATED","YOLO","CA",-121.3114,38.3437
"90150675",-121.8581642,38.6489998,2016,"5700","5","3","1","08",1,2,"A",,,,,,1500,2,"F","A","A","COUNTY ROAD 95 ","COUNTY ROAD 25 ",60,"N","N","2016-04-19",9280,"2016-02-24",1440,"015168",,"2","9","0","3",,"2","003","-","N",,0,0,,,0,,,,"Y",1,"A","-",22107,,"N","A","H","-","A","D","0","Y","A","07",0,1,1,0,0,0,0,0,0,"-","-","UNINCORPORATED","YOLO","CA",-121.85813,38.64904
"90149752",-122.0113072,38.6879007,2016,"5700","3","7","1","03",1,1,"A",,,"Y",,,1500,2,"F","I","A","STATE ROUTE 16","COUNTY ROAD 86A ",1056,"E","N","2016-04-04",9280,"2016-02-28",1440,"018205",,"2","9","0","1",,"2","034","-","Y",,0,0,,,0,,,,"Y",1,"A","-",22350,,"N","A","H","-","A","D","0","Y","C","02",0,1,0,0,0,0,0,1,1,"-","-","UNINCORPORATED","YOLO","CA",-122.00763,38.68766
"90149667",0,0,2016,"5700","1","4","1","08",1,1,"B",,,,,,900,3,"D","C","A","I-5 N/B","COUNTY ROAD 91A ",2640,"S","N","2016-04-04",9280,"2016-03-10",830,"016144",,"1","9","0","1",,"2","030","-","Y",,0,0,,,0,,,,"Y",2,"A","-",22107,,"N","B","H","-","A","D","0","Y","A","01",1,0,0,0,0,0,0,0,0,"-","-","UNINCORPORATED","YOLO","CA",-121.91505,38.83017
"90148261",0,0,2016,"5704","2","7","3","03",0,2,"A",,,,,,1500,3,"C","C","A","US 50 W/B","HARBOR BLVD",528,"W","N","2016-03-30",9280,"2016-03-27",1204,"017375",,"1","4","0","1",,"2","011","-","Y",,0,0,,,0,,,,"Y",3,"A","-",22350,,"N","A","H","-","A","D","0","Y","D","22",0,1,1,0,0,0,0,0,0,"-","-","WEST SACRAMENTO","YOLO","CA",-121.5509,38.57509
"90148171",0,0,2016,"5700","5","2","3","08",0,1,"A",,,,,,2100,3,"F","A","A","RUSSELL BLVD","COUNTY ROAD 93 ",2640,"E","N","2016-03-30",9280,"2016-03-22",1910,"015534",,"2","9","0","3",,"2","003","-","N",,0,0,,,0,,,,"Y",1,"A","-",22107,,"N","A","H","-","B","D","0","Y","A","01",0,1,0,0,0,0,0,0,0,"-","-","UNINCORPORATED","YOLO","CA",-121.5242,38.33454
"90148151",0,0,2016,"5700","3","2","3","03",0,1,"A",,,,,,900,3,"C","C","A","SR-16 E/B","COUNTY ROAD 88B",1056,"W","N","2016-03-30",9280,"2016-03-22",850,"016292",,"1","9","0","1",,"2","034","-","Y",,0,0,,,0,,,,"Y",2,"A","-",22350,,"N","A","H","-","A","D","0","Y","A","01",0,1,0,0,0,0,0,0,0,"-","-","UNINCORPORATED","YOLO","CA",0,0
"90148134",0,0,2016,"5700","3","2","3","03",0,1,"A",,,,"Y",,900,3,"C","C","A","SR-16 W/B","COUNTY ROAD 93 ",1056,"E","N","2016-03-30",9280,"2016-03-22",635,"016292",,"1","9","0","1",,"2","034","-","Y",,0,0,,,0,,,,"Y",2,"A","-",22350,,"N","A","H","-","B","D","0","Y","A","01",0,1,0,0,0,0,0,0,0,"-","-","UNINCORPORATED","YOLO","CA",-121.88756,38.67046
"90148118",0,0,2016,"5703","1","5","3","01",0,1,"A",,,,,"Y",2400,3,"E","I","A","I-5 S/B","COUNTY ROAD 102 ",1478,"N","N","2016-03-30",9280,"2016-03-18",2200,"017963",,"3","4","0","1",,"2","020","-","Y",,0,0,,,0,,,,"Y",1,"A","-",23152,"A","N","A","H","-","C","D","0","Y","A","01",0,1,0,0,0,0,0,0,0,"-","-","WOODLAND","YOLO","CA",-121.7338,38.67359
"90147670",-121.9177443,38.5440713,2016,"5700","5","3","4","08",0,1,"A",,,,,,1200,3,"E","I","A","RUSSELL BLVD","CARMELO WAY",487,"E","N","2016-03-30",9280,"2016-03-16",1030,"015168",,"1","9","0","3",,"2","003","-","N",,0,0,,,0,,,,"Y",1,"A","-",22107,,"N","A","H","-","A","D","0","Y","A","01",0,0,1,0,0,0,0,0,0,"-","-","UNINCORPORATED","YOLO","CA",-121.91688,38.5441
"90144841",-121.5829918,38.3884054,2016,"5700","2","6","4","03",0,1,"A",,,,,,1200,3,"C","C","A"," JEFFERSON BLVD.","CENTRAL AVE",1584,"S","N","2016-03-28",9280,"2016-03-19",1137,"016214",,"1","9","0","1",,"2","011","-","N",,0,0,,,0,,,,"Y",2,"A","-",22350,,"N","A","H","-","A","D","0","Y","A","01",0,0,1,0,0,0,0,0,0,"-","-","UNINCORPORATED","YOLO","CA",-121.58296,38.38814
"90144789",-121.8095532,38.677695,2016,"5700","3","5","4","03",0,3,"A",,,,,,1800,3,"C","C","A","STATE ROUTE 16","COUNTY ROAD 97 E",0,,"Y","2016-03-28",9280,"2016-03-18",1750,"018205",,"2","9","0","1",,"1","024","-","Y",,0,0,,,0,,,,"Y",4,"A","-",22350,,"N","A","H","-","A","D","0","Y","D","22",0,0,3,0,0,0,0,0,0,"-","-","UNINCORPORATED","YOLO","CA",-121.4915,38.4039
"90142068",-122.1206396,38.7044207,2016,"5700","3","3","2","08",0,1,"A",,,"Y",,,2100,3,"E","I","A","SR-16","TABERS CORNER ",12,"W","N","2016-03-23",9280,"2016-03-16",1850,"017874",,"2","9","0","1",,"2","034","-","Y",,0,0,,,0,,,,"Y",1,"A","-",22107,,"N","A","H","-","A","D","0","Y","C","02",1,0,0,0,0,0,0,0,1,"-","-","UNINCORPORATED","YOLO","CA",-122.11801,38.70422
"90141938",0,0,2016,"5700","1","3","4","03",0,3,"A",,,,,,1800,3,"C","C","A","INTERSTATE 5 S/B","COUNTY ROAD 103 ",4224,"S","N","2016-03-23",9280,"2016-03-16",1730,"018205",,"2","9","0","1",,"2","020","-","Y",,0,0,,,0,,,,"Y",2,"A","-",22350,,"N","A","H","-","A","D","0","Y","A","07",0,0,3,0,0,0,0,0,0,"-","-","UNINCORPORATED","YOLO","CA",-121.69248,38.67352
"90141921",-121.553221,38.5750963,2016,"5704","2","3","4","03",0,1,"A",,,,,,1200,3,"C","C","A","US 50 ","HARBOR BLVD",1300,"W","N","2016-03-23",9280,"2016-03-16",1030,"016214",,"1","4","0","1",,"2","011","-","Y",,0,0,,,0,,,,"Y",2,"A","-",22350,,"N","A","H","-","A","D","0","Y","A","01",0,0,1,0,0,0,0,0,0,"-","-","WEST SACRAMENTO","YOLO","CA",-121.55457,38.57569
"90141841",0,0,2016,"5700","1","6","4","08",0,1,"C",,,,,,1500,3,"B","C","A","I-80 W/B","WEBSTER U/C",2640,"W","N","2016-03-23",9280,"2016-03-05",1400,"015168",,"2","9","0","1",,"2","010","G","Y",,0,0,,,0,,,,"Y",3,"A","-",22107,,"N","B","H","-","A","D","0","Y","A","07",0,0,1,0,0,0,0,0,0,"-","-","UNINCORPORATED","YOLO","CA",-121.65507,38.56071