"CASEID","POINT_X","POINT_Y","YEAR_","LOCATION","CHPTYPE","DAYWEEK","CRASHSEV","VIOLCAT","KILLED","INJURED","WEATHER1","PEDCOL","BICCOL","MCCOL","TRUCKCOL","ETOH","TIMECAT","MONTH_","CRASHTYP","INVOLVE","PED","PRIMARYRD","SECONDRD","DISTANCE","DIRECT","INTERSECT_","PROCDATE","JURIS","DATE_","TIME_","BADGE","JURIDIST","SHIFT","POP","SPECIAL","BEATTYPE","LAPDDIV","BEATCLAS","BEATNUMB","WEATHER2","STATEHW","CALTRANC","CALTRAND","STROUTE","ROUTESUF","POSTPRE","POSTMILE","LOCATYPE","RAMP","SIDEHW","TOWAWAY","PARTIES","PCF","VIOLCODE","VIOL","VIOLSUB","HITRUN","ROADSURF","RDCOND1","RDCOND2","LIGHTING","RIGHTWAY","CHPRDTYP","NOTPRIV","STFAULT","CHPFAULT","SEVINJ","OTHERINJ","COP","PEDKILL","PEDINJ","BICKILL","BICINJ","MCKILL","MCINJURE","RAMP1","RAMP2","CITY","COUNTY","STATE","X_CHP","Y_CHP"
"90141397",0,0,2016,"5704","2","5","4","07",0,1,"A",,,,,,1800,3,"B","C","A","US-50 W/B","HARBOR BLVD",2640,"W","N","2016-03-22",9280,"2016-03-18",1550,"018205",,"2","4","0","1",,"2","011","-","Y",,0,0,,,0,,,,"N",3,"A","-",21658,"A","N","A","H","-","A","D","0","Y","A","01",0,0,1,0,0,0,0,0,0,"-","-","WEST SACRAMENTO","YOLO","CA",-121.57628,38.57551
"90139642",0,0,2016,"5700","1","1","4","08",0,1,"B",,,,,,600,3,"E","I","A","I-80 WB","ENTERPRISE BOULEVARD U/C",2112,"W","N","2016-03-18",9280,"2016-03-14",450,"017772",,"3","9","0","1",,"2","010","-","Y",,0,0,,,0,,,,"Y",1,"A","-",22107,,"N","A","H","-","D","D","0","Y","A","01",0,0,1,0,0,0,0,0,0,"-","-","UNINCORPORATED","YOLO","CA",-121.59925,38.57048
"90139469",0,0,2016,"5700","1","1","4","08",0,1,"A",,,,,,1800,3,"E","I","A","I-80 E/B","ENTERPRISE BLVD",11088,"W","N","2016-03-18",9280,"2016-03-07",1720,"015079",,"2","9","0","1",,"2","010","-","Y",,0,0,,,0,,,,"Y",1,"A","-",22107,,"N","A","H","-","A","D","0","Y","A","01",0,0,1,0,0,0,0,0,0,"-","-","UNINCORPORATED","YOLO","CA",-121.61461,38.56759
"90139438",0,0,2016,"5700","1","6","4","03",0,1,"B",,,,,,1500,3,"C","C","A","I-80 E/B","RICHARDS BLVD",15,"E","N","2016-03-18",9280,"2016-03-05",1205,"016254",,"1","9","0","1",,"2","010","C","Y",,0,0,,,0,,,,"Y",3,"A","-",22350,,"N","B","H","-","A","D","0","Y","A","01",0,0,1,0,0,0,0,0,0,"-","-","UNINCORPORATED","YOLO","CA",-121.73538,38.5402
"90138360",0,0,2016,"5701","1","3","3","08",0,2,"A",,,,,,2100,3,"E","I","A","I-80 E/B","MACE BLVD",0,,"N","2016-03-17",9280,"2016-03-02",2015,"015079",,"2","5","0","1",,"2","010","-","Y",,0,0,,,0,,,,"Y",1,"A","-",22107,,"N","A","H","-","D","D","0","Y","A","01",0,1,1,0,0,0,0,0,0,"-","-","DAVIS","YOLO","CA",-121.70186,38.55103
"90138356",0,0,2016,"5703","3","2","4","03",0,1,"A",,,,,,1800,3,"C","C","A","SR-113 N/B TO MAIN ST.","MAIN ST",427,"S","N","2016-03-17",9280,"2016-03-01",1625,"017964",,"2","4","0","1",,"2","022","-","Y",,0,0,,,0,,,,"Y",3,"A","-",22350,,"N","A","H","-","A","A","0","Y","A","01",0,0,1,0,0,0,0,0,0,"-","-","WOODLAND","YOLO","CA",-121.74946,38.67627
"90138350",-121.7744531,38.6919051,2016,"5703","S","1","4","03",0,2,"A",,,,,,2100,2,"C","C","A","KENTUCKY AVE","COLLEGE ST",40,"E","N","2016-03-16",9280,"2016-02-29",1850,"017964",,"2","4","0","2",,"2","901","-","N",,0,0,,,0,,,,"Y",3,"A","-",22350,,"N","A","H","-","C","A","0","Y","D","22",0,0,2,0,0,0,0,0,0,"-","-","WOODLAND","YOLO","CA",-121.77427,38.69194
"90138332",-121.9889038,38.7807158,2016,"5700","5","7","3","01",0,1,"A",,,,,"Y",2100,2,"F","A","A","COUNTY ROAD 14 ","COUNTY ROAD 88 ",60,"W","N","2016-03-16",9280,"2016-02-28",2051,"016351",,"2","9","0","3",,"2","003","-","N",,0,0,,,0,,,,"Y",1,"A","-",23152,"A","N","A","H","-","D","D","0","Y","D","22",0,1,0,0,0,0,0,0,0,"-","-","UNINCORPORATED","YOLO","CA",-121.9886,38.78065
"90138263",-121.5829232,38.4380948,2016,"5700","3","7","4","08",0,2,"A",,,,,,300,2,"E","I","A","JEFFERSON BLVD","BABEL SLOUGH ",3168,"S","N","2016-03-16",9280,"2016-02-28",57,"016351",,"3","9","0","1",,"2","013","-","Y",,0,0,,,0,,,,"Y",1,"A","-",22107,,"N","A","H","-","D","D","0","Y","A","07",0,0,2,0,0,0,0,0,0,"-","-","UNINCORPORATED","YOLO","CA",-121.58288,38.4382
"90137981",0,0,2016,"5700","1","5","3","08",0,1,"A",,,,"Y",,1500,2,"F","A","A","I-5 S/B","COUNTY ROAD 13 ",1165,"N","N","2016-03-16",9280,"2016-02-26",1210,"016144",,"1","9","0","1",,"2","030","-","Y",,0,0,,,0,,,,"Y",1,"A","-",22107,,"N","A","H","-","A","D","0","Y","G","27",0,1,0,0,0,0,0,0,0,"-","-","UNINCORPORATED","YOLO","CA",-121.88129,38.79657
"90137665",0,0,2016,"5704","1","2","4","03",0,1,"A",,,,,,1800,2,"C","C","A","I-80 W/B","ENTERPRISE BLVD",1584,"E","N","2016-03-16",9280,"2016-02-16",1600,"016520",,"2","4","0","1",,"2","010","-","Y",,0,0,,,0,,,,"N",2,"A","-",22350,,"N","A","H","-","A","D","0","Y","A","01",0,0,1,0,0,0,0,0,0,"-","-","WEST SACRAMENTO","YOLO","CA",-121.56507,38.57547
"90137621",0,0,2016,"5700","3","3","1","08",1,0,"A",,,,,,1500,1,"E","I","A","SR-16","COUNTY ROAD 88B",2112,"W","N","2016-03-16",9280,"2016-01-27",1452,"016144",,"2","9","0","1",,"2","034","-","Y",,0,0,,,0,,,,"Y",1,"A","-",22107,,"N","A","H","-","A","D","0","Y","A","01",0,0,0,0,0,0,0,0,0,"-","-","UNINCORPORATED","YOLO","CA",-121.99136,38.68536
"90136768",-121.569873,38.334675,2016,"5700","3","6","1","03",1,0,"A",,,"Y",,,1500,2,"B","C","A","SOUTH RIVER ROAD","COURTLAND ROAD",0,,"Y","2016-03-15",9280,"2016-02-06",1247,"016254",,"1","9","0","1",,"2","013","-","N",,0,0,,,0,,,,"N",2,"A","-",22350,,"N","A","H","-","A","D","0","Y","C","02",0,0,0,0,0,0,0,1,0,"-","-","UNINCORPORATED","YOLO","CA",-121.56994,38.3348
"90134153",0,0,2016,"5700","5","1","3","03",0,1,"A",,,,,,2100,2,"E","I","A","ROSE LN","COUNTY ROAD 27 ",5280,"N","N","2016-03-10",9280,"2016-02-29",1925,"015079",,"2","9","0","3",,"2","002","-","Y",,0,0,,,0,,,,"Y",1,"A","-",22350,,"N","A","H","-","D","D","0","Y","A","01",0,1,0,0,0,0,0,0,0,"-","-","UNINCORPORATED","YOLO","CA",-121.76623,38.63377
"90134060",0,0,2016,"5700","5","7","4","08",0,1,"A",,,"Y",,,1200,2,"F","A","A","CR-14","I-505 ",5280,"W","N","2016-03-10",9280,"2016-02-28",1135,"015128",,"1","9","0","3",,"2","003","-","N",,0,0,,,0,,,,"Y",1,"A","-",22107,,"N","A","H","-","A","A","0","Y","C","02",0,0,1,0,0,0,0,0,1,"-","-","UNINCORPORATED","YOLO","CA",-121.96611,38.77846
"90132697",-121.7229356,38.7930029,2016,"5700","5","7","3","21",0,1,"A","Y",,,,,1500,2,"G","B","E","DANIEL ST.","HERSHEY ST.",50,"W","N","2016-03-09",9280,"2016-02-21",1320,"016292",,"1","9","0","3",,"2","002","-","N",,0,0,,,0,,,,"N",2,"A","-",22106,,"N","A","H","-","A","D","0","Y","A","07",0,1,0,0,1,0,0,0,0,"-","-","UNINCORPORATED","YOLO","CA",-121.72316,38.79316
"90132690",0,0,2016,"5700","1","7","3","18",0,1,"A",,,,"Y",,600,2,"D","E","A","I-80 E/B","ENTERPRISE BLVD",1584,"W","N","2016-03-09",9280,"2016-02-21",537,"017375",,"3","9","0","1",,"2","010","-","Y",,0,0,,,0,,,,"Y",2,"C","-",0,,"N","A","H","-","D","D","0","Y","-","-",0,1,0,0,0,0,0,0,0,"-","-","UNINCORPORATED","YOLO","CA",-121.58713,38.57253
"90132669",-121.7728444,38.6702119,2016,"5703","S","5","4","03",0,1,"A",,,,,,300,2,"E","C","A","PENDEGAST ST","FIRST ST.",111,"E","N","2016-03-09",9280,"2016-02-26",200,"017874",,"3","4","0","2",,"2","901","-","N",,0,0,,,0,,,,"Y",2,"A","-",22350,,"N","A","H","-","C","A","0","Y","A","01",0,0,1,0,0,0,0,0,0,"-","-","WOODLAND","YOLO","CA",-121.77327,38.67018
"90129634",0,0,2016,"5700","1","7","3","01",0,1,"A",,,,"Y","Y",2100,2,"B","C","A","I-5 S/B TO CR-8","CR-8",550,"N","N","2016-03-04",9280,"2016-02-14",1919,"017964",,"2","9","0","1",,"2","030","-","Y",,0,0,,,0,,,,"Y",2,"A","-",23152,"A","F","A","H","-","D","A","0","Y","A","01",0,1,0,0,0,0,0,0,0,"-","-","UNINCORPORATED","YOLO","CA",-121.95525,38.86225
"90129335",-121.7597783,38.590154,2016,"5700","5","7","3","08",0,1,"A",,,,,,1500,2,"F","I","A","COUNTY ROAD 29 ","COUNTY ROAD 100A ",1056,"E","N","2016-03-04",9280,"2016-02-28",1227,"017375",,"1","9","0","3",,"2","002","-","N",,0,0,,,0,,,,"Y",1,"A","-",22107,,"N","A","H","-","A","D","0","Y","A","01",0,1,0,0,0,0,0,0,0,"-","-","UNINCORPORATED","YOLO","CA",-121.75951,38.59017
"90129329",0,0,2016,"5700","1","7","4","03",0,1,"A",,,,,,600,2,"C","C","A","I-80 E/B","ENTERPRISE BLVD",0,,"N","2016-03-18",9280,"2016-02-21",532,"015128",,"3","9","0","1",,"2","010","-","Y",,0,0,,,0,,,,"Y",2,"A","-",22350,,"N","A","H","-","D","D","0","Y","A","01",0,0,1,0,0,0,0,0,0,"-","-","UNINCORPORATED","YOLO","CA",-121.58713,38.57253
"90129325",-121.8588132,38.561535,2016,"5700","5","1","4","12",0,1,"A",,,,,,1800,2,"D","C","A","COUNTY ROAD 31 ","COUNTY ROAD 95 ",0,,"Y","2016-03-04",9280,"2016-02-15",1605,"013837",,"2","9","0","3",,"2","003","-","N",,0,0,,,0,,,,"Y",2,"A","-",22450,"A","N","A","H","-","A","A","0","Y","A","08",0,0,1,0,0,0,0,0,0,"-","-","UNINCORPORATED","YOLO","CA",-121.85884,38.56158
"90129322",0,0,2016,"5700","2","1","4","04",0,2,"A",,,,,,1800,2,"C","C","A","US-50 E/B","JEFFERSON BLVD.",1056,"W","N","2016-03-04",9280,"2016-02-08",1545,"016292",,"2","9","0","1",,"2","011","-","Y",,0,0,,,0,,,,"N",3,"A","-",21703,,"N","A","H","-","A","D","0","Y","D","22",0,0,2,0,0,0,0,0,0,"-","-","UNINCORPORATED","YOLO","CA",-121.5282,38.5766
"90129316",0,0,2016,"5700","5","2","4","05",0,1,"A",,"Y",,,,2100,2,"C","G","A","SR-16 W/B","I-505 ",5280,"E","N","2016-03-04",9280,"2016-02-16",1920,"016520",,"2","9","0","3",,"2","003","-","Y",,0,0,,,0,,,,"N",2,"A","-",21202,"A","N","A","H","-","D","D","0","Y","L","04",0,0,1,0,0,0,1,0,0,"-","-","UNINCORPORATED","YOLO","CA",-121.93354,38.67694
"90129308",0,0,2016,"5704","2","7","4","04",0,2,"A",,,,,,1500,2,"C","C","A","US 50 W/B","HARBOR BLVD",3168,"W","N","2016-03-04",9280,"2016-02-14",1208,"017375",,"1","4","0","1",,"2","011","-","Y",,0,0,,,0,,,,"Y",2,"A","-",21703,,"N","A","H","-","A","D","0","Y","A","01",0,0,2,0,0,0,0,0,0,"-","-","WEST SACRAMENTO","YOLO","CA",-121.56185,38.57559
"90129302",0,0,2016,"5700","3","6","3","03",0,1,"A",,,"Y",,,1500,2,"F","I","A","SR-45 S/B","COUNTY ROAD 96B ",6864,"N","N","2016-03-04",9280,"2016-02-13",1235,"017375",,"1","9","0","1",,"2","026","-","Y",,0,0,,,0,,,,"Y",1,"A","-",22350,,"N","A","H","-","A","D","0","Y","C","02",0,1,0,0,0,0,0,0,1,"-","-","UNINCORPORATED","YOLO","CA",-121.80528,38.86178
"90129274",0,0,2016,"5701","1","5","4","03",0,6,"B",,,,,,2100,2,"C","C","A","INTERSTATE 80 E/B","RICHARDS BLVD",528,"E","N","2016-03-04",9280,"2016-02-19",1820,"018205",,"2","5","0","1",,"2","010","-","Y",,0,0,,,0,,,,"Y",2,"A","-",22350,,"N","B","H","-","C","D","0","Y","A","01",0,0,6,0,0,0,0,0,0,"-","-","DAVIS","YOLO","CA",-121.73309,38.54211
"90129278",0,0,2016,"5701","1","5","4","03",0,1,"A",,,,,,2100,2,"C","C","A","I-80 E/B","RICHARDS BLVD. O/C",1056,"W","N","2016-03-04",9280,"2016-02-12",1900,"016929",,"2","5","0","1",,"2","010","-","Y",,0,0,,,0,,,,"Y",2,"A","-",22350,,"N","A","H","-","D","D","0","Y","A","07",0,0,1,0,0,0,0,0,0,"-","-","DAVIS","YOLO","CA",-121.73812,38.5379
"90129270",0,0,2016,"5700","1","3","4","08",0,2,"A",,,,,,2100,2,"C","C","A","I-80 W/B","MACE BLVD. O/C",2640,"E","N","2016-03-04",9280,"2016-02-24",1820,"017351",,"2","9","0","1",,"2","010","-","Y",,0,0,,,0,,,,"Y",2,"A","-",22107,,"N","A","H","-","C","D","0","Y","D","22",0,0,2,0,0,0,0,0,0,"-","-","UNINCORPORATED","YOLO","CA",-121.68509,38.55515
"90129268",0,0,2016,"5704","2","4","4","08",0,2,"B",,,,,,1200,3,"D","C","A","US-50 W/B","SACRAMENTO/YOLO COUNTY LINE",300,"W","N","2016-03-04",9280,"2016-03-03",1142,"016632",,"1","4","0","1",,"2","011","-","Y",,0,0,,,0,,,,"Y",2,"A","-",22107,,"N","A","H","-","A","D","0","Y","A","01",0,0,2,0,0,0,0,0,0,"-","-","WEST SACRAMENTO","YOLO","CA",-121.5165,38.5721
"90129043",-121.8031732,38.5803854,2016,"5700","4","5","2","08",0,1,"B",,,,,,2400,2,"E","I","A","COUNTY ROAD 98 ","COUNTY ROAD 30 ",1584,"N","N","2016-03-03",9280,"2016-02-19",2255,"016027",,"3","9","0","2",,"2","025","-","N",,0,0,,,0,,,,"Y",1,"A","-",22107,,"N","A","H","-","D","D","0","Y","A","01",1,0,0,0,0,0,0,0,0,"-","-","UNINCORPORATED","YOLO","CA",-121.80314,38.58082
"90128711",0,0,2016,"5700","1","7","3","03",0,2,"A",,,,,,600,2,"C","C","A","I-80 E/B","ENTERPRISE BLVD",1584,"W","N","2016-03-03",9280,"2016-02-21",530,"017375",,"3","9","0","1",,"2","010","-","Y",,0,0,,,0,,,,"Y",2,"A","-",22350,,"N","A","H","-","D","D","0","Y","A","01",0,1,1,0,0,0,0,0,0,"-","-","UNINCORPORATED","YOLO","CA",-121.58713,38.57253
"90128680",-121.630943,38.6741659,2016,"5700","5","6","4","08",0,1,"A",,,,,,2100,2,"F","I","A","OLD RIVER RD","COUNTY ROAD 117 ",115,"S","N","2016-03-03",9280,"2016-02-20",1840,"018205",,"2","9","0","3",,"2","002","-","N",,0,0,,,0,,,,"Y",1,"A","-",22107,,"N","A","H","-","C","D","0","Y","A","01",0,0,1,0,0,0,0,0,0,"-","-","UNINCORPORATED","YOLO","CA",-121.63087,38.67412
"90128613",0,0,2016,"5701","1","5","4","07",0,1,"A",,,,,,2100,2,"C","C","A","I-80 E/B ","RICHARDS BLVD. O/C",150,"W","N","2016-03-03",9280,"2016-02-19",1850,"017351",,"2","5","0","1",,"2","010","-","Y",,0,0,,,0,,,,"Y",3,"A","-",21658,"A","N","A","H","-","C","D","0","Y","A","01",0,0,1,0,0,0,0,0,0,"-","-","DAVIS","YOLO","CA",-121.73568,38.53979
"90125372",0,0,2016,"5704","2","1","4","07",0,2,"A",,,,,,2100,2,"B","C","A","US-50 E/B","JEFFERSON BLVD",528,"W","N","2016-02-29",9280,"2016-02-15",2000,"016520",,"2","4","0","1",,"2","011","-","Y",,0,0,,,0,,,,"Y",2,"A","-",21658,"A","N","A","H","-","D","D","0","Y","A","01",0,0,2,0,0,0,0,0,0,"-","-","WEST SACRAMENTO","YOLO","CA",-121.5284,38.5766
"90122167",-121.7303863,38.5832164,2016,"5700","5","6","4","08",0,1,"A",,,,,,900,2,"F","I","A","POLE LINE ROAD","COUNTY ROAD 29 ",2112,"S","N","2016-02-23",9280,"2016-02-13",657,"017375",,"1","9","0","3",,"2","002","-","N",,0,0,,,0,,,,"Y",1,"A","-",22107,,"N","A","H","-","A","D","0","Y","A","01",0,0,1,0,0,0,0,0,0,"-","-","UNINCORPORATED","YOLO","CA",-121.73052,38.5817
"90121917",-121.8032259,38.5687357,2016,"5700","4","7","4","03",0,1,"A",,,"Y",,,1800,2,"F","I","A","COUNTY ROAD 98 ","COUNTY ROAD 31 ",2640,"N","N","2016-02-23",9280,"2016-02-21",1610,"013837",,"2","9","0","2",,"2","025","-","N",,0,0,,,0,,,,"N",1,"A","-",22350,,"N","A","H","-","A","D","0","Y","C","02",0,0,1,0,0,0,0,0,1,"-","-","UNINCORPORATED","YOLO","CA",-121.80329,38.56972
"90121863",0,0,2016,"5700","1","4","4","08",0,2,"A",,,,,,900,2,"E","J","A","I-80 WESTBOUND"," WEBSTER ST U/C",5808,"W","N","2016-02-23",9280,"2016-02-11",825,"015168",,"1","9","0","1",,"2","010","-","Y",,0,0,,,0,,,,"Y",1,"A","-",22107,,"N","A","H","-","A","D","0","Y","A","01",0,0,2,0,0,0,0,0,0,"-","-","UNINCORPORATED","YOLO","CA",-121.65916,38.56017
"90120941",-122.0968574,38.7037303,2016,"5700","3","4","3","08",0,2,"A",,,,,,900,2,"B","C","A","SR-16","COUNTY ROAD 82B ",2640,"E","N","2016-02-22",9280,"2016-02-11",646,"016144",,"1","9","0","1",,"2","034","-","Y",,0,0,,,0,,,,"Y",2,"A","-",22107,,"N","A","H","-","A","D","0","Y","A","07",0,2,0,0,0,0,0,0,0,"-","-","UNINCORPORATED","YOLO","CA",-122.07729,38.70669
"90119615",0,0,2016,"5700","5","4","4","08",0,1,"B",,,,,,300,2,"E","I","A","COUNTY ROAD 29 ","COUNTY ROAD 98 ",3696,"W","N","2016-02-22",9280,"2016-02-04",150,"018205",,"3","9","0","3",,"2","002","-","N",,0,0,,,0,,,,"Y",1,"A","-",22107,,"N","B","H","-","D","D","0","Y","A","01",0,0,1,0,0,0,0,0,0,"-","-","UNINCORPORATED","YOLO","CA",-121.81699,38.59073
"90119432",0,0,2016,"5700","1","2","4","03",0,2,"B",,,,,,1200,2,"C","C","A","W/B I-80","WEBSTER U/C",2640,"E","N","2016-02-22",9280,"2016-02-02",930,"017279",,"1","9","0","1",,"2","010","C","Y",,0,0,,,0,,,,"Y",2,"A","-",22350,,"N","B","H","-","A","D","0","Y","D","22",0,0,2,0,0,0,0,0,0,"-","-","UNINCORPORATED","YOLO","CA",-121.62895,38.56516
"90119387",-121.9708332,38.663885,2016,"5700","5","6","3","01",0,1,"A",,,,,"Y",2100,1,"E","I","A","COUNTY ROAD 23 ","COUNTY ROAD 89 ",0,,"N","2016-02-22",9280,"2016-01-30",1950,"017964",,"2","9","0","3",,"2","003","-","N",,0,0,,,0,,,,"Y",3,"A","-",23152,"A","M","A","H","-","D","A","0","Y","D","22",0,1,0,0,0,0,0,0,0,"-","-","UNINCORPORATED","YOLO","CA",-121.97157,38.66388
"90116996",0,0,2016,"5700","2","2","4","07",0,1,"C",,,,,,1200,1,"B","C","A","US-50 E/B","HARBOR BLVD.",2112,"W","N","2016-02-17",9280,"2016-01-19",1041,"016292",,"1","9","0","1",,"2","011","G","Y",,0,0,,,0,,,,"Y",2,"A","-",21658,"A","N","B","H","-","A","D","0","Y","A","01",0,0,1,0,0,0,0,0,0,"-","-","UNINCORPORATED","YOLO","CA",-121.55523,38.57484
"90113004",0,0,2016,"5700","3","4","3","01",0,1,"A",,,,,"Y",1800,2,"F","I","A","STATE ROUTE 16","COUNTY ROAD 78A ",0,,"Y","2016-02-10",9280,"2016-02-04",1539,"016632",,"2","9","0","1",,"2","034","-","Y",,0,0,,,0,,,,"N",1,"A","-",23152,"A","N","A","H","-","A","D","0","Y","A","07",0,1,0,0,0,0,0,0,0,"-","-","UNINCORPORATED","YOLO","CA",-121.14826,38.73952
"90111235",0,0,2016,"5701","1","6","3","08",0,1,"A",,,,,,2400,1,"E","I","A","I-80 E/B","RICHARDS BLVD O/C",1056,"E","N","2016-02-08",9280,"2016-01-23",2130,"017351",,"2","5","0","1",,"2","010","-","Y",,0,0,,,0,,,,"Y",1,"A","-",22107,,"N","A","H","-","C","D","0","Y","A","07",0,1,0,0,0,0,0,0,0,"-","-","DAVIS","YOLO","CA",-121.73575,38.66324
"90110234",0,0,2016,"5701","1","1","4","03",0,2,"A",,,,,,1800,2,"C","C","A","I-80 E/B","MACE BLVD",5280,"W","N","2016-02-05",9280,"2016-02-01",1640,"015079",,"2","5","0","1",,"2","010","-","Y",,0,0,,,0,,,,"Y",2,"A","-",22350,,"N","A","H","-","A","D","0","Y","A","01",0,0,2,0,0,0,0,0,0,"-","-","DAVIS","YOLO","CA",-121.4154,38.332
"90110005",0,0,2016,"5704","2","4","4","03",0,1,"A",,,,,,1800,1,"C","C","A","U.S. 50 EASTBOUND ","HARBOR BLVD. ",500,"E","N","2016-02-05",9280,"2016-01-28",1705,"018034",,"2","4","0","1",,"2","011","-","Y",,0,0,,,0,,,,"Y",3,"A","-",22350,,"N","A","H","-","B","D","0","Y","A","08",0,0,1,0,0,0,0,0,0,"-","-","WEST SACRAMENTO","YOLO","CA",-121.54758,38.57484
"90109986",0,0,2016,"5700","2","3","3","03",0,1,"A",,,,,,1200,1,"E","J","A","E/B U.S. 50","HARBOR BLVD",100,"E","N","2016-02-05",9280,"2016-01-27",1005,"016254",,"1","9","0","1",,"2","011","-","Y",,0,0,,,0,,,,"Y",1,"A","-",22350,,"N","A","H","-","A","D","0","Y","A","01",0,1,0,0,0,0,0,0,0,"-","-","UNINCORPORATED","YOLO","CA",-121.54738,38.57503
"90109933",-121.6756531,38.557985,2016,"5700","5","7","2","01",0,2,"A",,,,,"Y",300,1,"E","I","A","CR-32A","CR-105",0,,"Y","2016-02-05",9280,"2016-01-24",105,"017874",,"3","9","0","3",,"2","002","-","N",,0,0,,,0,,,,"Y",1,"A","-",23152,"A","N","A","H","-","C","D","0","Y","A","07",1,0,1,0,0,0,0,0,0,"-","-","UNINCORPORATED","YOLO","CA",-121.67542,38.558
"90109921",0,0,2016,"5704","1","7","3","01",0,1,"A",,,,,"Y",300,1,"F","A","A","I-80 E/B","REED AVE",368,"W","N","2016-02-05",9280,"2016-01-24",5,"016027",,"3","4","0","1",,"2","010","-","Y",,0,0,,,0,,,,"Y",1,"A","-",23152,"A","N","A","H","-","D","D","0","Y","A","01",0,1,0,0,0,0,0,0,0,"-","-","WEST SACRAMENTO","YOLO","CA",-121.5524,38.59048
"90109901",-121.7381464,38.6737359,2016,"5703","1","6","4","08",0,1,"A",,,,,,1200,1,"E","I","A","I-5 NORTHBOUND","EAST MAIN ST",2640,"S","N","2016-02-05",9280,"2016-01-23",1130,"015168",,"1","4","0","1",,"2","020","-","Y",,0,0,,,0,,,,"Y",1,"A","-",22107,,"N","A","H","-","A","D","0","Y","A","01",0,0,1,0,0,0,0,0,0,"-","-","WOODLAND","YOLO","CA",-121.73579,38.67401
"90109861",0,0,2016,"5700","1","5","4","09",0,2,"B",,,,,,1800,1,"C","C","A","I 80 W/B OFFRAMP TO COUNTY ROAD 32A","COUNTY ROAD 32 A",0,,"Y","2016-02-05",9280,"2016-01-22",1635,"016042",,"2","9","0","1",,"2","010","C","Y",,0,0,,,0,,,,"Y",2,"A","-",21802,"A","N","B","H","-","B","A","0","Y","A","01",0,0,2,0,0,0,0,0,0,"-","-","UNINCORPORATED","YOLO","CA",-121.64326,38.56454
"90106922",0,0,2016,"5700","2","1","4","03",0,1,"B",,,,,,1800,1,"C","C","A","US-50 W/B","I-80 E/B",50,"E","N","2016-02-01",9280,"2016-01-18",1520,"016292",,"2","9","0","1",,"2","011","-","Y",,0,0,,,0,,,,"Y",2,"A","-",22350,,"N","A","H","-","A","D","0","Y","A","01",0,0,1,0,0,0,0,0,0,"-","-","UNINCORPORATED","YOLO","CA",-121.56223,38.57544
"90106913",0,0,2016,"5701","1","4","4","07",0,1,"B",,,,,,1200,1,"B","C","A","I-80 W/B","MACE BLVD",528,"W","N","2016-02-01",9280,"2016-01-21",1017,"016632",,"1","5","0","1",,"2","010","-","Y",,0,0,,,0,,,,"N",2,"A","-",21658,"A","F","A","H","-","A","D","0","Y","A","01",0,0,1,0,0,0,0,0,0,"-","-","DAVIS","YOLO","CA",-121.69688,38.55224
"90105382",0,0,2016,"5704","2","2","4","03",0,1,"B",,,,,,900,1,"B","C","A","W/B US HIGHWAY 50","E/B I-80 TRANSITION ON RAMP",0,,"Y","2016-01-29",9280,"2016-01-19",830,"017279",,"1","4","0","1",,"2","011","C","Y",,0,0,,,0,,,,"Y",2,"A","-",22350,,"N","B","H","-","A","D","0","Y","D","22",0,0,1,0,0,0,0,0,0,"-","-","WEST SACRAMENTO","YOLO","CA",-121.55761,38.57519
"90105253",0,0,2016,"5700","1","5","4","07",0,1,"B",,,,,,1500,1,"B","C","A","I-80 E/B","ENTERPRISE BLVD",792,"E","N","2016-01-29",9280,"2016-01-22",1441,"016254",,"2","9","0","1",,"2","010","C","Y",,0,0,,,0,,,,"Y",4,"A","-",21658,"A","M","B","H","-","A","D","0","Y","-","99",0,0,1,0,0,0,0,0,0,"-","-","UNINCORPORATED","YOLO","CA",-121.57467,38.57461
"90102069",0,0,2016,"5700","1","5","3","08",0,1,"A",,,,,,1800,1,"F","A","A","I-5 NORTHBOUND","COUNTY ROAD 91B ",1200,"S","N","2016-01-25",9280,"2016-01-15",1550,"018034",,"2","9","0","1",,"2","030","-","Y",,0,0,,,0,,,,"Y",1,"A","-",22107,,"N","A","H","-","A","D","0","Y","D","22",0,1,0,0,0,0,0,0,0,"-","-","UNINCORPORATED","YOLO","CA",-121.92015,38.83416
"90102030",-121.8396531,38.663355,2016,"5700","5","7","3","08",0,1,"A",,,,,"Y",2400,1,"E","I","A","COUNTY ROAD 24 ","COUNTY ROAD 96 ",0,,"N","2016-01-25",9280,"2016-01-10",2230,"015079",,"3","9","0","3",,"2","003","-","N",,0,0,,,0,,,,"Y",1,"A","-",22107,,"N","A","H","-","D","D","0","Y","A","01",0,1,0,0,0,0,0,0,0,"-","-","UNINCORPORATED","YOLO","CA",-121.5024,38.3946
"90099823",-121.8496488,38.6633981,2016,"5700","5","5","3","01",0,1,"B",,,,,"Y",2400,1,"E","I","A","COUNTY ROAD 24 ","COUNTY ROAD 95A ",190,"W","N","2016-01-21",9280,"2016-01-15",2110,"016027",,"2","9","0","3",,"2","002","C","N",,0,0,,,0,,,,"Y",1,"A","-",23152,"A","N","B","H","-","D","D","0","Y","A","01",0,1,0,0,0,0,0,0,0,"-","-","UNINCORPORATED","YOLO","CA",-121.84797,38.6634
"90099794",-121.5810702,38.5736103,2016,"5700","1","1","4","03",0,3,"A",,,,,,900,1,"C","C","A","I-80 WB","ENTERPRISE BLVD",1056,"W","N","2016-01-21",9280,"2016-01-11",855,"017279",,"1","9","0","1",,"2","010","-","Y",,0,0,,,0,,,,"Y",4,"A","-",22350,,"N","A","H","-","A","D","0","Y","D","22",0,0,3,0,0,0,0,0,0,"-","-","UNINCORPORATED","YOLO","CA",-121.58425,38.57318