"CASEID","POINT_X","POINT_Y","YEAR_","LOCATION","CHPTYPE","DAYWEEK","CRASHSEV","VIOLCAT","KILLED","INJURED","WEATHER1","PEDCOL","BICCOL","MCCOL","TRUCKCOL","ETOH","TIMECAT","MONTH_","CRASHTYP","INVOLVE","PED","PRIMARYRD","SECONDRD","DISTANCE","DIRECT","INTERSECT_","PROCDATE","JURIS","DATE_","TIME_","BADGE","JURIDIST","SHIFT","POP","SPECIAL","BEATTYPE","LAPDDIV","BEATCLAS","BEATNUMB","WEATHER2","STATEHW","CALTRANC","CALTRAND","STROUTE","ROUTESUF","POSTPRE","POSTMILE","LOCATYPE","RAMP","SIDEHW","TOWAWAY","PARTIES","PCF","VIOLCODE","VIOL","VIOLSUB","HITRUN","ROADSURF","RDCOND1","RDCOND2","LIGHTING","RIGHTWAY","CHPRDTYP","NOTPRIV","STFAULT","CHPFAULT","SEVINJ","OTHERINJ","COP","PEDKILL","PEDINJ","BICKILL","BICINJ","MCKILL","MCINJURE","RAMP1","RAMP2","CITY","COUNTY","STATE","X_CHP","Y_CHP"
"90099773",0,0,2016,"5704","1","6","3","03",0,2,"B",,,,,,600,1,"E","I","A","I-80 W/B","W. CAPITOL AVE.",0,,"N","2016-01-21",9280,"2016-01-09",300,"015492",,"3","4","0","1",,"2","010","-","Y",,0,0,,,0,,,,"Y",1,"A","-",22350,,"N","B","H","-","C","D","0","Y","A","01",0,1,1,0,0,0,0,0,0,"-","-","WEST SACRAMENTO","YOLO","CA",-121.5636,38.57662
"90099758",0,0,2016,"5700","5","1","3","08",0,1,"B",,,,,,1200,1,"E","I","A","COUNTY ROAD 88 ","COUNTY ROAD 6",2640,"N","N","2016-01-21",9280,"2016-01-18",1000,"017279",,"1","9","0","3",,"2","003","-","N",,0,0,,,0,,,,"Y",1,"A","-",22107,,"N","B","H","-","A","D","0","Y","A","01",0,1,0,0,0,0,0,0,0,"-","-","UNINCORPORATED","YOLO","CA",-121.9896,38.8886
"90098758",0,0,2016,"5700","1","5","4","03",0,1,"B",,,,,,2100,1,"C","C","A","I-5 S/B","COUNTY ROAD 22 ",3696,"N","N","2016-01-20",9280,"2016-01-15",1836,"016042",,"2","9","0","1",,"2","020","-","Y",,0,0,,,0,,,,"Y",2,"A","-",22350,,"N","A","H","-","D","D","0","Y","A","01",0,0,1,0,0,0,0,0,0,"-","-","UNINCORPORATED","YOLO","CA",-121.64155,38.67325
"90098724",0,0,2016,"5700","5","5","2","03",0,1,"E",,,,,,600,1,"B","J","A","COUNTY ROAD 32A FROM I-80 WB","I-80 W/B",125,"N","N","2016-01-20",9280,"2016-01-15",530,"016254",,"3","9","0","3",,"2","001","-","Y",,0,0,,,0,,,,"N",1,"A","-",22350,,"N","B","H","-","D","D","0","Y","D","22",1,0,0,0,0,0,0,0,0,"-","-","UNINCORPORATED","YOLO","CA",-121.64221,38.56396
"90096160",-121.5791668,38.5739223,2016,"5704","1","3","4","03",0,2,"A",,,,,,1800,1,"C","C","A","I-80 EASTBOUND ","ENTERPRISE BLVD ",500,"W","N","2016-01-15",9280,"2016-01-13",1750,"018034",,"2","4","0","1",,"2","010","-","Y",,0,0,,,0,,,,"Y",3,"A","-",22350,,"N","A","H","-","C","D","0","Y","A","01",0,0,2,0,0,0,0,0,0,"-","-","WEST SACRAMENTO","YOLO","CA",-121.58049,38.57365
"90096148",0,0,2016,"5700","3","5","4","09",0,1,"E",,,,,,1200,1,"D","C","A","STATE ROUTE 84 RD/ JEFFERSON BLVD","GAFFNEY RD",0,,"Y","2016-01-15",9280,"2016-01-08",915,"015168",,"1","9","0","1",,"2","013","-","Y",,0,0,,,0,,,,"Y",2,"A","-",21801,"A","N","A","H","-","A","D","0","Y","D","22",0,0,1,0,0,0,0,0,0,"-","-","UNINCORPORATED","YOLO","CA",-121.58292,38.40721
"90096140",0,0,2016,"5701","1","5","4","03",0,1,"B",,,,,,900,1,"C","C","A","I-80 W/B","MACE BLVD",1000,"W","N","2016-01-15",9280,"2016-01-08",642,"016214",,"1","5","0","1",,"2","010","-","Y",,0,0,,,0,,,,"N",3,"A","-",22350,,"N","B","H","-","C","D","0","Y","A","01",0,0,1,0,0,0,0,0,0,"-","-","DAVIS","YOLO","CA",-121.69934,38.55193
"90095742",0,0,2016,"5700","1","3","4","03",0,1,"A",,,,,,2100,1,"C","C","A","I-80 E/B","WEBSTER UNDERCROSSING",5808,"E","N","2016-01-14",9280,"2016-01-13",1810,"016027",,"2","9","0","1",,"2","010","-","Y",,0,0,,,0,,,,"Y",2,"A","-",22350,,"N","A","H","-","D","D","0","Y","A","07",0,0,1,0,0,0,0,0,0,"-","-","UNINCORPORATED","YOLO","CA",-121.62746,38.56539
"90094105",0,0,2016,"5700","1","2","4","03",0,2,"C",,,,,,900,1,"C","C","A","INTERSTATE 5","COUNTY ROAD 103 ",2640,"S","N","2016-01-13",9280,"2016-01-05",732,"015485",,"1","9","0","1",,"2","020","-","Y",,0,0,,,0,,,,"Y",2,"A","-",22350,,"M","B","H","-","A","D","0","Y","A","01",0,0,2,0,0,0,0,0,0,"-","-","UNINCORPORATED","YOLO","CA",-121.69534,38.67358
"90093675",0,0,2016,"5700","1","4","4","08",0,1,"B",,,,,,1200,1,"E","I","A","I-5 N/B","COUNTY ROAD 102 ",528,"S","N","2016-01-12",9280,"2016-01-07",900,"016144",,"1","9","0","1",,"2","020","-","Y",,0,0,,,0,,,,"Y",1,"A","-",22107,,"N","B","H","-","A","D","0","Y","A","01",0,0,1,0,0,0,0,0,0,"-","-","UNINCORPORATED","YOLO","CA",-121.72744,38.6745
"90093224",-121.5224444,38.3671928,2016,"5700","3","5","3","08",0,1,"A",,,,,,1500,1,"E","I","A","SOUTH RIVER RD","COUNTY ROAD 142 ",2640,"S","N","2016-03-22",9280,"2016-01-01",1255,"015353",,"1","9","0","1",,"2","013","-","Y",,0,0,,,0,,,,"Y",1,"A","-",22107,,"N","A","H","-","A","D","0","Y","B","07",0,1,0,0,0,0,0,0,0,"-","-","UNINCORPORATED","YOLO","CA",-121.52247,38.36739
"8298836",-121.7934118,38.5474221,2016,"5701","0","7","3","08",0,1,"A",,,,,,600,10,"B","E","A","BRETON AV","HUBBLE ST",300,"W","N","2017-02-23",5701,"2016-10-23",419,"106","1","5","5","0","0",,"0","001","-","N",,0,0,,,0,,,,"N",2,"A","-",22107,,"M","A","H","-","C","D","0","Y","A","01",0,1,0,0,0,0,0,0,0,"-","-","DAVIS","YOLO","CA",-121.79329,38.54716
"8291875",0,0,2016,"5701","0","5","4","03",0,1,"A",,,,,,1800,12,"C","C","A","POLE LINE RD","COWELL BL",10,"S","N","2017-02-06",5701,"2016-12-30",1502,"118","8","5","5","0","0",,"0","004","-","N",,0,0,,,0,,,,"N",2,"A","-",22350,,"N","A","H","-","A","A","0","Y","A","01",0,0,1,0,0,0,0,0,0,"-","-","DAVIS","YOLO","CA",-121.72279,38.54144
"8283158",-121.5784907,38.5704628,2016,"5704","0","4","4","03",0,1,"A",,,,,,900,12,"C","C","A","ENTERPRISE BL","INDUSTRIAL BL",123,"N","N","2017-01-19",5704,"2016-12-29",701,"00173",,"5","4","0","0",,"0","002","E","N",,0,0,,,0,,,,"Y",4,"A","-",22350,,"N","A","H","-","A","A","0","Y","A","01",0,0,1,0,0,0,0,0,0,"-","-","WEST SACRAMENTO","YOLO","CA",0,0
"8282742",-121.7432532,38.5469649,2016,"5701","0","4","4","09",0,1,"C",,,"Y",,,1200,1,"H","A","A","5TH ST","D ST",0,,"Y","2017-01-19",5701,"2016-01-07",948,"11","4","5","5","0","0",,"0","002","-","N",,0,0,,,0,,,,"N",2,"A","-",21800,,"N","B","H","-","A","A","0","Y","C","02",0,0,1,0,0,0,0,0,1,"-","-","DAVIS","YOLO","CA",-121.74325,38.54692
"8281866",-121.7613479,38.6773875,2016,"5703","0","4","4","09",0,2,"A",,,,,,1500,12,"D","C","A","EAST MAIN ST","THOMAS ST",184,"W","N","2017-01-19",5703,"2016-12-22",1321,"2891","21","5","4","0","0",,"0","001","-","N",,0,0,,,0,,,,"N",2,"A","-",21804,"A","N","A","H","-","A","D","0","Y","A","01",0,0,2,0,0,0,0,0,0,"-","-","WOODLAND","YOLO","CA",0,0
"8281862",-121.7596522,38.6773825,2016,"5703","0","5","4","03",0,2,"A",,,,,,1800,12,"C","C","A","EAST MAIN ST","THOMAS ST",300,"E","N","2017-01-19",5703,"2016-12-30",1704,"2059","11","5","4","0","0",,"0","001","-","N",,0,0,,,0,,,,"Y",2,"A","-",22350,,"N","A","H","-","C","A","0","Y","A","01",0,0,2,0,0,0,0,0,0,"-","-","WOODLAND","YOLO","CA",0,0
"8281818",-121.7746532,38.682485,2016,"5703","0","4","4","11",0,1,"C","Y",,,,,1800,12,"-","B","B",".COLLEGE ST","CLOVER ST",0,,"Y","2017-01-18",5703,"2016-12-15",1702,"2852","22","5","4","0","0",,"0","002","-","N",,0,0,,,0,,,,"N",2,"A","-",21950,"B","N","B","H","-","C","A","0","Y","N","60",0,0,1,0,1,0,0,0,0,"-","-","WOODLAND","YOLO","CA",0,0
"8281763",-121.7979031,38.6789551,2016,"5703","0","3","4","10",0,1,"A","Y",,,,,2100,12,"G","B","B","W COURT ST","ASHLEY AV",0,,"Y","2017-01-18",5703,"2016-12-14",1828,"2852","82","5","4","0","0",,"0","002","-","N",,0,0,,,0,,,,"N",2,"A","-",21950,"A","N","A","H","-","C","A","0","Y","A","01",0,0,1,0,1,0,0,0,0,"-","-","WOODLAND","YOLO","CA",0,0
"8281750",-121.746813,38.6772951,2016,"5703","0","5","4","03",0,3,"A",,,,,,1500,12,"C","C","A","EAST MAIN ST","PIONEER AV",60,"E","N","2017-01-20",5703,"2016-12-30",1335,"2863","51","5","4","0","0",,"0","001","-","Y",,0,0,,,0,,,,"N",3,"A","-",22350,,"N","A","H","-","A","A","0","Y","A","01",0,0,3,0,0,0,0,0,0,"-","-","WOODLAND","YOLO","CA",0,0
"8206996",0,0,2016,"5701","0","3","4","01",0,1,"A",,,,,"Y",600,12,"E","I","A","COWELL BL","RESEARCH PARK DR",6,"S","N","2017-01-10",5701,"2016-12-14",453,"45","8","5","5","0","0",,"0","004","-","N",,0,0,,,0,,,,"N",4,"A","-",23152,"A","F","B","H","-","C","D","0","Y","A","01",0,0,1,0,0,0,0,0,0,"-","-","DAVIS","YOLO","CA",-121.72148,38.54422
"8204205",-121.7473231,38.573435,2016,"5701","0","5","3","08",0,2,"A",,,,,,1800,9,"A","C","A","F ST","ANDERSON RD",0,,"Y","2017-01-10",5701,"2016-09-02",1512,"109","3","5","5","0","0",,"0","001","-","N",,0,0,,,0,,,,"Y",2,"A","-",22107,,"N","A","H","-","A","A","0","Y","A","01",0,2,0,0,0,0,0,0,0,"-","-","DAVIS","YOLO","CA",-121.74728,38.57343
"8200157",-121.7934432,38.663095,2016,"5703","0","1","4","08",0,1,"A",,,,,,1800,12,"-","C","A","COTTONWOOD ST","WEST GIBSON RD",0,,"Y","2017-01-05",5703,"2016-12-12",1756,"2927","56","5","4","0","0",,"0","003","-","N",,0,0,,,0,,,,"Y",2,"A","-",22107,,"N","A","H","-","C","A","0","Y","D","22",0,0,1,0,0,0,0,0,0,"-","-","WOODLAND","YOLO","CA",0,0
"8200153",-121.7423632,38.6646851,2016,"5703","0","4","3","10",0,1,"A","Y",,,,,900,12,"G","B","B","PIONEER AV","BRANIGAN AV",0,,"Y","2017-01-05",5703,"2016-12-22",613,"2002","53","5","4","0","0",,"0","004","-","N",,0,0,,,0,,,,"N",2,"A","-",21950,"C","N","A","H","-","C","A","0","Y","D","23",0,1,0,0,1,0,0,0,0,"-","-","WOODLAND","YOLO","CA",-121.74225,38.66465
"8199954",-121.5486731,38.5751151,2016,"5704","0","6","4","12",0,1,"A",,,,,,300,12,"B","C","A","HARBOR BL","RT 50",0,,"Y","2017-01-04",5704,"2016-12-17",11,"06072",,"5","4","0","0",,"0","002","-","Y",,0,0,,,0,,,,"Y",2,"A","-",21453,"A","F","A","H","-","C","A","0","Y","A","07",0,0,1,0,0,0,0,0,0,"-","WF","WEST SACRAMENTO","YOLO","CA",0,0
"8198850",-121.6941957,38.5556922,2016,"5701","0","2","4","00",0,1,"A",,,,,,900,12,"C","C","A","MACE BL","2ND ST",300,"S","N","2016-12-28",5701,"2016-12-06",850,"91","7","5","5","0","0",,"0","003","-","N",,0,0,,,0,,,,"N",3,"A","-",22350,"A","N","A","H","-","A","A","0","Y","A","07",0,0,1,0,0,0,0,0,0,"-","-","DAVIS","YOLO","CA",0,0
"8198123",-121.526882,38.5894232,2016,"5704","0","3","4","00",0,1,"A",,"Y",,,,1800,12,"B","G","A","JEFFERSON BL","SACRAMENTO AV",50,"S","N","2017-01-06",5704,"2016-12-14",1712,"06067",,"5","4","0","0",,"0","001","-","N",,0,0,,,0,,,,"N",2,"A","-",21760,"B","F","A","H","-","C","A","0","Y","A","01",0,0,1,0,0,0,1,0,0,"-","-","WEST SACRAMENTO","YOLO","CA",0,0
"8198116",-121.7387932,38.551785,2016,"5701","0","2","4","09",0,1,"A",,"Y",,,,1800,12,"H","G","A","J ST","8TH ST",0,,"Y","2017-01-06",5701,"2016-12-20",1541,"94","5","5","5","0","0",,"0","002","-","N",,0,0,,,0,,,,"N",2,"A","-",21800,"A","N","A","H","-","A","A","0","Y","A","01",0,0,1,0,0,0,1,0,0,"-","-","DAVIS","YOLO","CA",-121.73878,38.55178
"8198115",-121.5306232,38.579135,2016,"5704","0","4","4","09",0,2,"A",,,,,,2100,12,"A","C","A","MERKLEY AV","WESTACRE RD",0,,"Y","2017-01-09",5704,"2016-12-22",1955,"06018",,"5","4","0","0",,"0","002","-","N",,0,0,,,0,,,,"Y",2,"A","-",21801,"A","N","A","H","-","C","A","0","Y","A","01",0,0,2,0,0,0,0,0,0,"-","-","WEST SACRAMENTO","YOLO","CA",0,0
"8198108",-121.6995431,38.5478651,2016,"5701","0","5","2","00",0,1,"A",,,,,,1800,12,"D","D","A","COWELL BL","ENSENADA DR",0,,"Y","2017-01-06",5701,"2016-12-16",1726,"98","9","5","5","0","0",,"0","004","-","N",,0,0,,,0,,,,"Y",2,"A","-",22350,"A","N","A","H","-","B","A","0","Y","A","07",1,0,0,0,0,0,0,0,0,"-","-","DAVIS","YOLO","CA",0,0
"8198087",0,0,2016,"5704","0","3","3","01",0,1,"A",,,,,"Y",1500,12,"E","I","A","OAKLAND BAY DR","SWAN ISLAND ST",40,"W","N","2017-01-06",5704,"2016-12-28",1203,"00173",,"5","4","0","0",,"0","003","-","N",,0,0,,,0,,,,"Y",1,"A","-",23152,"A","N","A","H","-","A","D","0","Y","A","01",0,1,0,0,0,0,0,0,0,"-","-","WEST SACRAMENTO","YOLO","CA",0,0
"8197112",-121.7469633,38.691732,2016,"5703","0","5","4","03",0,1,"A",,,,,,900,12,"C","C","A","EAST KENTUCKY AV","NORTH PIONEER AV",60,"W","N","2017-01-06",5703,"2016-12-16",600,"832",,"5","4","0","0",,"0","001","-","N",,0,0,,,0,,,,"Y",2,"A","-",22350,,"N","A","H","-","C","A","0","Y","A","01",0,0,1,0,0,0,0,0,0,"-","-","WOODLAND","YOLO","CA",0,0
"8196000",-121.7363682,38.5401393,2016,"5701","0","1","3","08",0,1,"A",,"Y",,,"Y",600,12,"H","G","A","RICHARDS BL","OLIVE DR",700,"S","N","2017-01-11",5701,"2016-12-19",442,"70","8","5","5","0","0",,"0","004","-","N",,0,0,,,0,,,,"N",2,"A","-",22107,,"N","A","H","-","C","D","0","Y","L","04",0,1,0,0,0,0,1,0,0,"-","-","DAVIS","YOLO","CA",-121.73333,38.54015
"8194120",-121.7129431,38.547595,2016,"5701","0","3","4","09",0,1,"A",,,,,,2100,11,"D","C","A","COWELL BL","CHILES RD",0,,"Y","2017-01-03",5701,"2016-11-23",1846,"76","9","5","5","0","0",,"0","004","-","N",,0,0,,,0,,,,"Y",2,"A","-",21800,"A","N","A","H","-","C","A","0","Y","A","07",0,0,1,0,0,0,0,0,0,"-","-","DAVIS","YOLO","CA",-121.71302,38.5476
"8193332",-121.7706132,38.6774451,2016,"5703","0","5","4","09",0,1,"A",,"Y",,,,1800,9,"D","G","A","MAIN ST","3RD ST",0,,"Y","2017-01-12",5703,"2016-09-30",1734,"2811","22","5","4","0","0",,"0","002","-","N",,0,0,,,0,,,,"N",2,"A","-",21800,"A","M","A","H","-","A","A","0","Y","A","01",0,0,1,0,0,0,1,0,0,"-","-","WOODLAND","YOLO","CA",0,0
"8191713",-121.7443031,38.542665,2016,"5701","0","6","4","09",0,1,"A",,,,,,1500,12,"D","C","A","B ST","2ND ST",0,,"Y","2016-12-21",5701,"2016-12-10",1334,"118","4","5","5","0","0",,"0","002","-","N",,0,0,,,0,,,,"Y",2,"A","-",21802,"A","N","B","H","-","A","D","0","Y","A","01",0,0,1,0,0,0,0,0,0,"-","-","DAVIS","YOLO","CA",-121.74435,38.54266
"8191709",-121.6941431,38.556515,2016,"5701","0","2","4","03",0,1,"A",,,,,,2100,12,"C","C","A","MACE BL","2ND ST",0,,"Y","2016-12-21",5701,"2016-12-06",1853,"45","7","5","5","0","0",,"0","003","-","N",,0,0,,,0,,,,"N",3,"A","-",22350,,"N","A","H","-","C","A","0","Y","A","01",0,0,1,0,0,0,0,0,0,"-","-","DAVIS","YOLO","CA",-121.6942,38.55657
"8191705",-121.7009331,38.551105,2016,"5701","0","5","4","03",0,1,"A",,,,,,900,12,"C","C","A","CHILES RD","ENSENADA DR",0,,"Y","2016-12-21",5701,"2016-12-02",831,"94","9","5","5","0","0",,"0","004","-","N",,0,0,,,0,,,,"N",2,"A","-",22350,,"N","A","H","-","A","A","0","Y","A","07",0,0,1,0,0,0,0,0,0,"-","-","DAVIS","YOLO","CA",-121.70007,38.55052
"8189372",-121.5668331,38.5511151,2016,"5704","0","1","4","03",0,1,"B",,,,,,1200,12,"C","C","A","SOUTHPORT PKWY","CARLIN DR",0,,"Y","2016-12-15",5704,"2016-12-05",1020,"00165",,"5","4","0","0",,"0","003","-","N",,0,0,,,0,,,,"Y",2,"A","-",22350,,"N","A","H","-","A","A","0","Y","A","01",0,0,1,0,0,0,0,0,0,"-","-","WEST SACRAMENTO","YOLO","CA",0,0
"8189368",0,0,2016,"5704","0","6","4","07",0,2,"C",,,,,,1500,12,"B","C","A","6TH ST","CALIFORNIA ST",150,"S","N","2016-12-15",5704,"2016-12-10",1300,"00109",,"5","4","0","0",,"0","001","-","N",,0,0,,,0,,,,"Y",4,"A","-",21658,"A","N","B","H","-","A","D","0","Y","-",,0,0,2,0,0,0,0,0,0,"-","-","WEST SACRAMENTO","YOLO","CA",0,0
"8189336",-121.7732332,38.6702151,2016,"5703","0","3","4","09",0,1,"A",,,,,,1500,11,"B","C","A","PENDEGAST ST","1ST ST",0,,"Y","2016-12-15",5703,"2016-11-23",1208,"2842","12","5","4","0","0",,"0","004","-","N",,0,0,,,0,,,,"N",2,"A","-",21803,"A","N","A","H","-","A","A","0","Y","A","07",0,0,1,0,0,0,0,0,0,"-","-","WOODLAND","YOLO","CA",0,0
"8189274",-121.5268747,38.5863557,2016,"5704","0","4","4","03",0,2,"C",,,,,,1800,12,"C","C","A","JEFFERSON BL","TRIANGLE CT",179,"S","N","2016-12-21",5704,"2016-12-08",1703,"06062",,"5","4","0","0",,"0","002","-","N",,0,0,,,0,,,,"Y",3,"A","-",22350,,"N","B","H","-","C","A","0","Y","D","22",0,0,2,0,0,0,0,0,0,"-","-","WEST SACRAMENTO","YOLO","CA",0,0
"8189270",-121.5197162,38.5726032,2016,"5704","0","5","4","09",0,1,"A",,,,,,900,12,"D","C","A","SOUTH RIVER RD","15TH ST",400,"N","N","2016-12-21",5704,"2016-12-02",801,"00173",,"5","4","0","0",,"0","002","-","N",,0,0,,,0,,,,"Y",2,"A","-",21804,"A","N","A","H","-","A","D","0","Y","A","01",0,0,1,0,0,0,0,0,0,"-","-","WEST SACRAMENTO","YOLO","CA",0,0
"8188516",-121.9608031,38.528555,2016,"5702","0","6","4","09",0,2,"A",,,,,,2100,12,"A","C","A","EAST GRANT AV","EAST MAIN ST",0,,"Y","2017-01-06",5702,"2016-12-03",1802,"538","5702","5","2","0","0",,"0","00B","-","Y",,0,0,,,0,,,,"Y",2,"A","-",21801,,"N","A","H","-","C","D","0","Y","-",,0,0,2,0,0,0,0,0,0,"-","-","WINTERS","YOLO","CA",0,0
"8187863",-121.532232,38.5572504,2016,"5704","0","4","4","07",0,1,"C",,,,,,1800,12,"B","C","A","JEFFERSON BL","DEVON AV",382,"N","N","2016-12-29",5704,"2016-12-15",1614,"00170",,"5","4","0","0",,"0","003","-","N",,0,0,,,0,,,,"N",2,"A","-",21658,"A","N","B","H","-","B","A","0","Y","A","07",0,0,1,0,0,0,0,0,0,"-","-","WEST SACRAMENTO","YOLO","CA",0,0
"8187410",-121.5499706,38.5565651,2016,"5704","0","3","2","03",0,1,"B","Y",,,"Y",,900,12,"G","B","F","SOUTHPORT PKWY","LAKE WASHINGTON BL",2688,"W","N","2017-02-01",5704,"2016-12-14",642,"00173",,"5","4","0","0",,"0","003","-","N",,0,0,,,0,,,,"N",2,"A","-",22350,,"N","A","H","-","C","D","0","Y","G","25",1,0,0,0,1,0,0,0,0,"-","-","WEST SACRAMENTO","YOLO","CA",0,0
"8187402",-121.5252231,38.577225,2016,"5704","0","2","4","09",0,1,"A",,,,,,1800,12,"A","C","A","JEFFERSON BL","RT 50",0,,"Y","2017-01-12",5704,"2016-12-13",1754,"06097","5704","5","4","0","0",,"0","002","-","Y",,0,0,,,0,,,,"Y",2,"A","-",21800,"A","N","A","H","-","C","D","0","Y","A","01",0,0,1,0,0,0,0,0,0,"-","WO","WEST SACRAMENTO","YOLO","CA",0,0
"8187283",-121.7654632,38.675381,2016,"5703","0","4","4","08",0,2,"A",,,,,,2100,11,"C","C","A","EAST ST","ALICE ST",24,"N","N","2016-12-22",5703,"2016-11-10",1828,"2807","11","5","4","0","0",,"0","001","-","N",,0,0,,,0,,,,"Y",2,"A","-",22107,,"N","A","H","-","C","D","0","Y","A","01",0,0,2,0,0,0,0,0,0,"-","-","WOODLAND","YOLO","CA",0,0
"8187257",-121.7557428,38.6773519,2016,"5703","0","5","4","09",0,1,"A",,,,,,1500,11,"D","C","A","EAST MAIN ST","MATMOR RD",120,"E","N","2017-01-11",5703,"2016-11-25",1224,"2831","31","5","4","0","0",,"0","001","-","N",,0,0,,,0,,,,"N",2,"A","-",21801,"A","N","A","H","-","A","A","0","Y","A","01",0,0,1,0,0,0,0,0,0,"-","-","WOODLAND","YOLO","CA",0,0
"8187248",-121.7655132,38.671945,2016,"5703","0","2","4","12",0,1,"A",,,"Y",,"Y",1800,12,"D","J","A","EAST ST","CROSS ST",0,,"Y","2016-12-23",5703,"2016-12-06",1551,"2882","12","5","4","0","0",,"0","004","-","N",,0,0,,,0,,,,"N",2,"A","-",21453,"A","M","A","H","-","A","A","0","Y","A","01",0,0,1,0,0,0,0,0,1,"-","-","WOODLAND","YOLO","CA",0,0
"8187244",-121.7658411,38.6628521,2016,"5703","0","6","4","09",0,1,"A",,,,,,1200,12,"D","C","A","GIBSON RD","EAST ST",48,"W","N","2017-01-11",5703,"2016-12-03",1042,"2831","13","5","4","0","0",,"0","001","-","N",,0,0,,,0,,,,"N",2,"A","-",21804,"A","N","A","H","-","A","A","0","Y","A","01",0,0,1,0,0,0,0,0,0,"-","-","WOODLAND","YOLO","CA",0,0
"8187236",-121.7653331,38.684645,2016,"5703","0","3","2","01",0,1,"A",,,,,"Y",900,12,"A","C","A","BEAMER ST","NORTH EAST ST",0,,"Y","2016-12-23",5703,"2016-12-07",600,"2893","23","5","4","0","0",,"0","001","-","N",,0,0,,,0,,,,"Y",2,"A","-",23152,"A","N","A","H","-","C","A","0","Y","A","07",1,0,0,0,0,0,0,0,0,"-","-","WOODLAND","YOLO","CA",0,0
"8187208",-121.7839116,38.6873514,2016,"5703","0","2","4","01",0,2,"B",,,,,"Y",900,12,"C","C","A","NORTH WEST ST","WOODLAND AV",380,"S","N","2016-12-23",5703,"2016-12-13",824,"2891","64","5","4","0","0",,"0","002","-","N",,0,0,,,0,,,,"Y",2,"A","-",23152,"A","M","A","H","-","B","D","0","Y","A","01",0,0,2,0,0,0,0,0,0,"-","-","WOODLAND","YOLO","CA",0,0
"8187197",-121.7655132,38.671945,2016,"5703","0","2","4","00",0,1,"A","Y",,,,,1800,11,"-","B","B","EAST ST","CROSS ST",0,,"Y","2016-12-22",5703,"2016-11-22",1722,"2811","12","5","4","0","0",,"0","001","-","N",,0,0,,,0,,,,"N",2,"A","-",21950,,"N","A","H","-","C","A","0","Y","A","01",0,0,1,0,1,0,0,0,0,"-","-","WOODLAND","YOLO","CA",0,0
"8187189",-121.7842337,38.6583833,2016,"5703","0","3","3","12",0,1,"A",,"Y",,,,1500,11,"H","G","A","EL DORADO DR","WEST ST",17,"E","N","2016-12-22",5703,"2016-11-16",1227,"2807","36","5","4","0","0",,"0","003","-","N",,0,0,,,0,,,,"N",2,"A","-",22450,"A","N","A","H","-","A","A","0","Y","L","04",0,1,0,0,0,0,1,0,0,"-","-","WOODLAND","YOLO","CA",-121.78425,38.65836
"8187193",-121.7699132,38.663735,2016,"5703","0","3","3","09",0,1,"A",,"Y",,,"Y",1500,11,"D","G","A","BUENA TIERRA DR","COLOMA WY",0,,"Y","2016-12-22",5703,"2016-11-23",1336,"832","14","5","4","0","0",,"0","004","-","N",,0,0,,,0,,,,"N",2,"A","-",21802,"A","N","A","H","-","A","A","0","Y","A","01",0,1,0,0,0,0,1,0,0,"-","-","WOODLAND","YOLO","CA",0,0
"8187113",-121.7427685,38.6627372,2016,"5703","0","4","2","08",0,1,"A",,,,,,1800,11,"E","-","A","GIBSON RD","PIONEER",110,"W","N","2017-01-03",5703,"2016-11-17",1552,"2807","53","5","4","0","0",,"0",,"-","N",,0,0,,,0,,,,"N",1,"A","-",22107,,"N","A","H","-","A","D","0","Y","D","22",1,0,0,0,0,0,0,0,0,"-","-","WOODLAND","YOLO","CA",0,0
"8187073",-121.7654132,38.679875,2016,"5703","0","4","4","12",0,1,"A",,,,,,1200,12,"D","C","A","EAST ST","NORTH ST",0,,"Y","2017-02-08",5703,"2016-12-01",1020,"2807","22","5","4","0","0",,"0","002","-","N",,0,0,,,0,,,,"Y",2,"A","-",21453,"A","N","A","H","-","A","A","0","Y","-","-",0,0,1,0,0,0,0,0,0,"-","-","WOODLAND","YOLO","CA",-121.76539,38.67989
"8187065",-121.7951529,38.6776251,2016,"5703","0","6","4","09",0,1,"B",,,,,,1200,12,"D","C","A","W MAIN ST","COTTONWOOD ST",528,"W","N","2017-01-11",5703,"2016-12-10",1028,"2850","82","5","4","0","0",,"0","002","-","N",,0,0,,,0,,,,"N",2,"A","-",21804,"A","N","B","H","-","-","D","0","Y","A","07",0,0,1,0,0,0,0,0,0,"-","-","WOODLAND","YOLO","CA",0,0
"8187057",-121.9608031,38.528555,2016,"5703","0","5","4","12",0,1,"A",,,,,,2400,12,"D","C","A","RT 128","EAST MAIN ST",0,,"Y","2017-01-11",5703,"2016-12-09",2123,"2822","71","5","4","0","0",,"0","004","-","Y",,0,0,,,0,,,,"Y",3,"A","-",21453,"A","N","A","H","-","C","A","0","Y","A","07",0,0,1,0,0,0,0,0,0,"-","-","WOODLAND","YOLO","CA",0,0