"CASEID","POINT_X","POINT_Y","YEAR_","LOCATION","CHPTYPE","DAYWEEK","CRASHSEV","VIOLCAT","KILLED","INJURED","WEATHER1","PEDCOL","BICCOL","MCCOL","TRUCKCOL","ETOH","TIMECAT","MONTH_","CRASHTYP","INVOLVE","PED","PRIMARYRD","SECONDRD","DISTANCE","DIRECT","INTERSECT_","PROCDATE","JURIS","DATE_","TIME_","BADGE","JURIDIST","SHIFT","POP","SPECIAL","BEATTYPE","LAPDDIV","BEATCLAS","BEATNUMB","WEATHER2","STATEHW","CALTRANC","CALTRAND","STROUTE","ROUTESUF","POSTPRE","POSTMILE","LOCATYPE","RAMP","SIDEHW","TOWAWAY","PARTIES","PCF","VIOLCODE","VIOL","VIOLSUB","HITRUN","ROADSURF","RDCOND1","RDCOND2","LIGHTING","RIGHTWAY","CHPRDTYP","NOTPRIV","STFAULT","CHPFAULT","SEVINJ","OTHERINJ","COP","PEDKILL","PEDINJ","BICKILL","BICINJ","MCKILL","MCINJURE","RAMP1","RAMP2","CITY","COUNTY","STATE","X_CHP","Y_CHP"
"8182099",-121.7540231,38.546345,2016,"5701","0","4","3","05",0,1,"A",,,"Y",,,1800,10,"D","C","A","RUSSELL BL","CALIFORNIA ST",0,,"Y","2016-12-06",5701,"2016-10-13",1705,"109","3","5","5","0","0",,"0","001","-","N",,0,0,,,0,,,,"N",2,"A","-",21650,,"N","A","H","-","A","A","0","Y","A","01",0,1,0,0,0,0,0,0,1,"-","-","DAVIS","YOLO","CA",-121.75417,38.54658
"8181865",-121.7337676,38.5531066,2016,"5701","0","5","3","01",0,1,"A",,,,,"Y",300,11,"E","I","A","E 8TH ST","SIMMONS WY",35,"E","N","2016-12-07",5701,"2016-11-25",138,"123","5","5","5","0","0",,"0","002","-","N",,0,0,,,0,,,,"Y",1,"A","-",23152,"A","N","A","H","-","C","D","0","Y","A","01",0,1,0,0,0,0,0,0,0,"-","-","DAVIS","YOLO","CA",-121.73335,38.55282
"8181853",-121.7644992,38.5509811,2016,"5701","0","6","4","01",0,1,"A",,,,,"Y",300,11,"E","J","A","SYCAMORE LN","W 8TH ST",100,"N","N","2016-12-07",5701,"2016-11-12",242,"106","2","5","5","0","0",,"0","001","-","N",,0,0,,,0,,,,"Y",1,"A","-",23152,"A","N","A","H","-","C","D","0","Y","A","01",0,0,1,0,0,0,0,0,0,"-","-","DAVIS","YOLO","CA",-121.76474,38.55077
"8181794",-121.7448132,38.5607439,2016,"5701","0","7","4","12",0,1,"A",,,,,,1500,9,"C","C","A","F ST","COVELL BL",15,"S","N","2016-12-07",5701,"2016-09-11",1344,"116","3","5","5","0","0",,"0","001","-","N",,0,0,,,0,,,,"N",2,"A","-",21453,"A","N","A","H","-","A","A","0","Y","D","22",0,0,1,0,0,0,0,0,0,"-","-","DAVIS","YOLO","CA",-121.74482,38.56078
"8180778",-121.7413731,38.548615,2016,"5701","0","4","3","10",0,1,"A","Y",,,,,1800,10,"G","B","B","6TH","F ST",0,,"Y","2016-12-05",5701,"2016-10-20",1730,"125","7","5","5","0","0",,"0","003","-","N",,0,0,,,0,,,,"N",2,"A","-",21950,"A","N","A","H","-","A","A","0","Y","A","01",0,1,0,0,1,0,0,0,0,"-","-","DAVIS","YOLO","CA",-121.71906,38.55127
"8180499",-121.7334131,38.544795,2016,"5701","0","5","4","01",0,1,"A",,,,,"Y",300,11,"E","I","A","2ND ST","L ST",0,,"Y","2016-12-02",5701,"2016-11-11",250,"123","5","5","5","0","0",,"0","002","-","N",,0,0,,,0,,,,"Y",1,"A","-",23152,"A","N","A","H","-","C","D","0","Y","A","01",0,0,1,0,0,0,0,0,0,"-","-","DAVIS","YOLO","CA",-121.73335,38.54485
"8180296",-121.7282231,38.567555,2016,"5701","0","3","3","09",0,1,"A",,,,,,1500,11,"D","C","A","BIDWELL ST","FREMONT CT",0,,"Y","2016-12-02",5701,"2016-11-16",1206,"100","6","5","5","0","0",,"0","003","-","N",,0,0,,,0,,,,"Y",2,"A","-",21801,"A","N","A","H","-","A","D","0","Y","A","01",0,1,0,0,0,0,0,0,0,"-","-","DAVIS","YOLO","CA",-121.72821,38.56747
"8180280",-121.7585331,38.5603478,2016,"5701","0","5","4","09",0,1,"A",,"Y",,,,1500,11,"H","G","A","ANDERSON RD","COVELL BL",200,"S","N","2016-12-02",5701,"2016-11-04",1203,"91","3","5","5","0","0",,"0","001","-","N",,0,0,,,0,,,,"N",2,"A","-",21801,"A","N","A","H","-","A","D","0","Y","A","01",0,0,1,0,0,0,1,0,0,"-","-","DAVIS","YOLO","CA",-121.75857,38.56087
"8180276",-121.7463432,38.5506851,2016,"5701","0","5","3","08",0,1,"A","Y",,,,,1500,11,"G","B","B","B ST","W 8TH ST",0,,"Y","2016-12-02",5701,"2016-11-18",1229,"83","4","5","5","0","0",,"0","002","-","N",,0,0,,,0,,,,"N",2,"A","-",22107,,"N","A","H","-","A","A","0","Y","A","01",0,1,0,0,1,0,0,0,0,"-","-","DAVIS","YOLO","CA",-121.74635,38.55067
"8180246",-121.7334131,38.544795,2016,"5701","0","5","3","03",0,1,"C",,,,,,300,10,"E","I","A","2ND ST","L ST",0,,"Y","2016-12-01",5701,"2016-10-28",200,"110","5","5","5","0","0",,"0","002","-","N",,0,0,,,0,,,,"N",1,"A","-",22350,,"N","B","H","-","C","D","0","Y","A","01",0,1,0,0,0,0,0,0,0,"-","-","DAVIS","YOLO","CA",-121.73335,38.54485
"8180242",-121.734498,38.5487133,2016,"5701","0","4","3","08",0,1,"B",,"Y",,,,1800,10,"H","G","A","L ST","5TH ST",100,"N","N","2016-12-01",5701,"2016-10-27",1534,"67","5","5","5","0","0",,"0","002","C","N",,0,0,,,0,,,,"N",2,"A","-",22107,,"N","B","G","-","A","D","0","Y","L","04",0,1,0,0,0,0,1,0,0,"-","-","DAVIS","YOLO","CA",-121.73443,38.5484
"8179969",-121.5269441,38.5868264,2016,"5704","0","3","3","03",0,1,"B",,,,,,1800,11,"C","C","A","F ST","JEFFERSON BL",20,"E","N","2016-12-09",5704,"2016-11-30",1546,"06018",,"5","4","0","0",,"0","001","-","N",,0,0,,,0,,,,"N",2,"A","-",22350,,"N","A","H","-","A","A","0","Y","A","01",0,1,0,0,0,0,0,0,0,"-","-","WEST SACRAMENTO","YOLO","CA",0,0
"8178895",0,0,2016,"5703","0","6","4","09",0,1,"A",,,,,,900,10,"D","C","A","EAST MAIN ST","YOLO POLO PLAZA",210,"E","N","2016-12-09",5703,"2016-10-15",805,"2831","51","5","4","0","0",,"0","004","-","N",,0,0,,,0,,,,"Y",2,"A","-",21804,"A","N","A","H","-","A","D","0","Y","A","01",0,0,1,0,0,0,0,0,0,"-","-","WOODLAND","YOLO","CA",0,0
"8178729",-121.7979732,38.672205,2016,"5703","0","6","3","00",0,1,"A",,"Y",,,,1200,11,"B","G","A","ASHLEY AV","W CROSS ST",0,,"Y","2016-12-06",5703,"2016-11-05",1030,"2927","72","5","4","0","0",,"0","003","-","N",,0,0,,,0,,,,"N",2,"D","-",0,,"N","A","H","-","A","A","0","Y","-","-",0,1,0,0,0,0,1,0,0,"-","-","WOODLAND","YOLO","CA",0,0
"8178720",-121.5509232,38.538125,2016,"5704","0","2","4","12",0,1,"A",,"Y",,,,900,11,"D","G","A","JEFFERSON BL","HARMON RD",0,,"Y","2016-12-06",5704,"2016-11-15",800,"00166",,"5","4","0","0",,"0","003","-","N",,0,0,,,0,,,,"N",2,"A","-",22450,,"N","A","H","-","A","A","0","Y","A","01",0,0,1,0,0,0,1,0,0,"-","-","WEST SACRAMENTO","YOLO","CA",0,0
"8178716",0,0,2016,"5704","0","1","4","01",0,1,"A",,,,,"Y",2100,11,"C","C","A","REED AV","IKEA CT",0,,"Y","2016-12-06",5704,"2016-11-21",2010,"06048",,"5","4","0","0",,"0",,"-","N",,0,0,,,0,,,,"Y",2,"A","-",23153,"A","N","A","H","-","C","A","0","Y","A","07",0,0,1,0,0,0,0,0,0,"-","-","WEST SACRAMENTO","YOLO","CA",0,0
"8178688",-121.5449194,38.5808873,2016,"5704","0","6","4","11",0,1,"B","Y",,,,,2100,11,"G","B","E","GLIDE AV","FLOSSIE CT",150,"S","N","2016-12-06",5704,"2016-11-19",1853,"06062",,"5","4","0","0",,"0","002","C","N",,0,0,,,0,,,,"N",2,"A","-",21954,"A","N","B","G","-","D","D","0","Y","N","60",0,0,1,0,1,0,0,0,0,"-","-","WEST SACRAMENTO","YOLO","CA",0,0
"8178684",0,0,2016,"5704","0","3","3","01",0,1,"A",,,"Y",,"Y",2400,11,"H","A","A","TOWER BRIDGE GATEWAY","3RD ST",0,,"Y","2016-12-06",5704,"2016-11-23",2109,"06062",,"5","4","0","0",,"0","001","-","N",,0,0,,,0,,,,"N",1,"A","-",23152,"A","N","A","H","-","C","A","0","Y","C","02",0,1,0,0,0,0,0,0,1,"-","-","WEST SACRAMENTO","YOLO","CA",0,0
"8178638",-121.7357132,38.662725,2016,"5703","0","5","3","12",0,3,"C",,,,,,900,10,"D","C","A","GIBSON RD","OGDEN ST",0,,"Y","2016-12-09",5703,"2016-10-28",724,"2807","73","5","4","0","0",,"0","004","-","N",,0,0,,,0,,,,"Y",2,"A","-",21453,"A","N","B","H","-","A","A","0","Y","-","-",0,3,0,0,0,0,0,0,0,"-","-","WOODLAND","YOLO","CA",0,0
"8178626",-121.7719232,38.677465,2016,"5703","0","4","4","10",0,2,"A","Y",,,,,2100,11,"G","B","B","MAIN ST","2ND ST",0,,"Y","2016-12-07",5703,"2016-11-03",1830,"2811","22","5","4","0","0",,"0","001","-","N",,0,0,,,0,,,,"N",3,"A","-",21950,"A","N","A","H","-","C","A","0","Y","E","22",0,0,2,0,2,0,0,0,0,"-","-","WOODLAND","YOLO","CA",0,0
"8178622",-121.7681187,38.6798898,2016,"5703","0","4","3","03",0,2,"A",,,,,,1800,11,"C","C","A","NORTH ST","5TH ST",150,"W","N","2016-12-07",5703,"2016-11-10",1614,"2891","22","5","4","0","0",,"0","001","-","N",,0,0,,,0,,,,"Y",3,"A","-",22350,,"N","A","H","-","A","D","0","Y","A","01",0,1,1,0,0,0,0,0,0,"-","-","WOODLAND","YOLO","CA",0,0
"8176675",-121.5280938,38.580608,2016,"5704","0","5","2","11",0,1,"B","Y",,,,,2400,10,"G","B","E","WEST CAPITOL AV","JEFFERSON BL",390,"W","N","2016-12-12",5704,"2016-10-14",2235,"00171",,"5","4","0","0",,"0","002","-","N",,0,0,,,0,,,,"N",2,"A","-",21954,"A","N","B","H","-","C","D","0","Y","N","60",1,0,0,0,1,0,0,0,0,"-","-","WEST SACRAMENTO","YOLO","CA",0,0
"8176471",-121.5265431,38.591165,2016,"5704","0","5","3","10",0,1,"B","Y",,,,,1500,11,"G","B","B","KEGLE DR","FREMONT BL",0,,"Y","2016-12-01",5704,"2016-11-11",1437,"06018",,"5","4","0","0",,"0","001","-","N",,0,0,,,0,,,,"N",2,"A","-",21950,"A","N","A","H","-","A","A","0","Y","A","01",0,1,0,0,1,0,0,0,0,"-","-","WEST SACRAMENTO","YOLO","CA",0,0
"8176467",-121.5269656,38.5888806,2016,"5704","0","7","4","01",0,2,"A",,,,,"Y",1800,11,"C","C","A","JEFFERSON BL","SACRAMENTO AV",250,"S","N","2017-01-05",5704,"2016-11-13",1730,"00165",,"5","4","0","0",,"0","001","-","N",,0,0,,,0,,,,"N",2,"A","-",23152,"A","N","A","H","-","B","A","0","Y","A","01",0,0,2,0,0,0,0,0,0,"-","-","WEST SACRAMENTO","YOLO","CA",0,0
"8175913",-121.7359131,38.5455649,2016,"5701","0","4","3","00",0,1,"A",,"Y",,,,1500,8,"H","G","A","3RD ST","J ST",0,,"Y","2016-12-02",5701,"2016-08-18",1330,"74","5","5","5","0","0",,"0","002","-","N",,0,0,,,0,,,,"N",2,"D","-",0,,"N","A","H","-","A","A","0","Y","-","-",0,1,0,0,0,0,1,0,0,"-","-","DAVIS","YOLO","CA",-121.73733,38.54499
"8174959",-121.5486344,38.5739122,2016,"5704","0","5","4","03",0,1,"A",,,,,,2100,11,"C","C","A","HARBOR BL","BEACON BL",720,"N","N","2016-11-28",5704,"2016-11-18",1935,"06062",,"5","4","0","0",,"0","002","-","N",,0,0,,,0,,,,"N",2,"A","-",22350,,"N","A","H","-","C","D","0","Y","A","01",0,0,1,0,0,0,0,0,0,"-","-","WEST SACRAMENTO","YOLO","CA",0,0
"8174943",-121.5486332,38.57199,2016,"5704","0","6","4","04",0,1,"B",,,,,,1800,11,"C","C","A","HARBOR BL","BEACON BL",20,"N","N","2016-11-28",5704,"2016-11-19",1735,"6018",,"5","4","0","0",,"0","002","C","N",,0,0,,,0,,,,"N",2,"A","-",21703,,"N","B","H","-","C","A","0","Y","A","01",0,0,1,0,0,0,0,0,0,"-","-","WEST SACRAMENTO","YOLO","CA",0,0
"8174939",-121.5451586,38.5801789,2016,"5704","0","6","2","11",0,1,"C","Y",,,,"Y",2100,11,"G","B","E","GLIDE DR","WEST CAPITOL AV",300,"N","N","2016-11-28",5704,"2016-11-19",1836,"06067",,"5","4","0","0",,"0","002","-","N",,0,0,,,0,,,,"N",2,"A","-",21954,"A","N","B","H","-","D","D","0","Y","N","60",1,0,0,0,1,0,0,0,0,"-","-","WEST SACRAMENTO","YOLO","CA",0,0
"8174935",-121.537143,38.5916051,2016,"5704","0","6","4","09",0,1,"C",,,,,,1800,11,"D","C","A","BRYTE AV","HOBSON AV",0,,"Y","2016-11-28",5704,"2016-11-19",1733,"6067",,"5","4","0","0",,"0","001","-","N",,0,0,,,0,,,,"N",2,"A","-",21801,"A","N","B","H","-","C","D","0","Y","A","01",0,0,1,0,0,0,0,0,0,"-","-","WEST SACRAMENTO","YOLO","CA",0,0
"8172677",-121.7470232,38.6764711,2016,"5703","0","3","4","09",0,1,"A",,"Y",,,,1500,11,"H","G","A","PIONEER AV","EAST MAIN ST",300,"S","N","2016-11-28",5703,"2016-11-02",1450,"2891","51","5","4","0","0",,"0","004","-","N",,0,0,,,0,,,,"N",2,"A","-",21804,"A","N","A","H","-","A","D","0","Y","A","01",0,0,1,0,0,0,1,0,0,"-","-","WOODLAND","YOLO","CA",0,0
"8171209",-121.746562,38.5607951,2016,"5701","0","3","4","03",0,3,"A",,,,,,1800,10,"C","C","A","WEST COVELL BL","F ST",500,"W","N","2016-11-22",5701,"2016-10-19",1606,"112","3","5","5","0","0",,"0","001","-","N",,0,0,,,0,,,,"N",3,"A","-",22350,,"N","A","H","-","A","D","0","Y","A","01",0,0,3,0,0,0,0,0,0,"-","-","DAVIS","YOLO","CA",-121.74482,38.56078
"8171151",-121.5369054,38.5906129,2016,"5704","0","1","4","03",0,1,"C",,,,,,2100,10,"C","C","A","SACRAMENTO AV","BRYTE AV",18,"W","N","2016-12-05",5704,"2016-10-24",1953,"00172","WSPD","5","4","0","0",,"0","002","-","N",,0,0,,,0,,,,"Y",2,"A","-",22350,,"N","B","H","-","C","A","0","Y","A","01",0,0,1,0,0,0,0,0,0,"-","-","WEST SACRAMENTO","YOLO","CA",0,0
"8171036",-121.5452531,38.591565,2016,"5704","0","4","4","01",0,1,"A",,,,,"Y",2100,11,"B","I","A","HARBOR BL","REED AV",0,,"Y","2016-11-22",5704,"2016-11-03",2055,"00107","5704","5","4","0","0",,"0","001","-","N",,0,0,,,0,,,,"Y",1,"A","-",23152,"A","N","A","H","-","C","A","0","Y","A","01",0,0,1,0,0,0,0,0,0,"-","-","WEST SACRAMENTO","YOLO","CA",0,0
"8170920",-121.5411729,38.5771368,2016,"5704","0","4","4","04",0,1,"B",,,,,,2100,10,"C","C","A","EVERGREEN AV","WALNUT AV",140,"W","N","2016-11-21",5704,"2016-10-27",1945,"06018",,"5","4","0","0",,"0","002","C","N",,0,0,,,0,,,,"N",2,"A","-",21703,,"N","B","H","-","C","D","0","Y","A","01",0,0,1,0,0,0,0,0,0,"-","-","WEST SACRAMENTO","YOLO","CA",0,0
"8170734",0,0,2016,"5704","0","3","2","09",0,3,"E",,,,,,900,11,"A","C","A","VILLAGE PKWY","REDDING RD",0,,"Y","2016-11-28",5704,"2016-11-09",725,"06072",,"5","4","0","0",,"0","003","-","N",,0,0,,,0,,,,"Y",2,"A","-",21801,"A","N","A","H","-","A","A","0","Y","A","08",2,1,0,0,0,0,0,0,0,"-","-","WEST SACRAMENTO","YOLO","CA",0,0
"8168737",-121.7792344,38.6878835,2016,"5703","0","7","4","00",0,1,"C",,,,,,300,10,"D","C","A","N CLEVELAND ST","WOODLAND AV",179,"S","N","2016-11-28",5703,"2016-10-16",33,"2826",,"5","4","0","0",,"0","002","-","N",,0,0,,,0,,,,"Y",2,"A","-",24400,"B","F","B","H","-","C","D","0","Y","A","01",0,0,1,0,0,0,0,0,0,"-","-","WOODLAND","YOLO","CA",0,0
"8168400",-121.7516531,38.6773051,2016,"5703","0","5","4","03",0,1,"A",,,,,,1200,11,"C","C","A","EAST MAIN ST","RT 113",117,"W","N","2017-01-11",5703,"2016-11-04",1048,"2076","31","5","4","0","0",,"0","001","-","N",,0,0,,,0,,,,"N",3,"A","-",22350,,"N","A","H","-","A","A","0","Y","A","01",0,0,1,0,0,0,0,0,0,"-","NF","WOODLAND","YOLO","CA",0,0
"8168376",-121.7630119,38.6773413,2016,"5703","0","1","4","03",0,1,"A",,,,,,1500,11,"C","C","A","EAST MAIN ST","EAST ST",700,"E","N","2017-01-12",5703,"2016-11-14",1257,"2842","22","5","4","0","0",,"0","001","-","N",,0,0,,,0,,,,"N",2,"A","-",22350,,"N","A","H","-","A","D","0","Y","A","07",0,0,1,0,0,0,0,0,0,"-","-","WOODLAND","YOLO","CA",0,0
"8166684",-121.538183,38.579895,2016,"5704","0","4","1","10",1,0,"A","Y",,,,,2100,8,"G","B","B","WEST CAPITOL AV","MAPLE ST",0,,"Y","2017-02-02",5704,"2016-08-11",1836,"06062",,"5","4","0","0",,"0","002","-","N",,0,0,,,0,,,,"N",2,"A","-",21950,"A","N","A","H","-","A","D","0","Y","A","07",0,0,0,1,0,0,0,0,0,"-","-","WEST SACRAMENTO","YOLO","CA",0,0
"8166657",-121.5358163,38.5801382,2016,"5704","0","3","1","08",1,0,"A",,"Y",,"Y",,900,8,"D","G","A","WEST CAPITOL AV","POPLAR AV",520,"W","N","2017-01-31",5704,"2016-08-31",754,"00173",,"5","4","0","0",,"0","002","-","N",,0,0,,,0,,,,"Y",2,"A","-",22107,,"N","A","H","-","A","D","0","Y","F","27",0,0,0,0,0,1,0,0,0,"-","-","WEST SACRAMENTO","YOLO","CA",0,0
"8166640",-121.5483354,38.5409,2016,"5704","0","6","1","17",1,0,"A",,"Y",,,,1200,8,"C","G","A","JEFFERSON BL","BLACKER RD",25,"S","N","2017-01-31",5704,"2016-08-27",1041,"00138",,"5","4","0","0",,"0",,"-","N",,0,0,,,0,,,,"Y",2,"A","-",21208,"B","N","A","H","-","A","D","0","Y","A","01",0,0,0,0,0,1,0,0,0,"-","-","WEST SACRAMENTO","YOLO","CA",0,0
"8165552",-121.7108196,38.5433804,2016,"5701","0","3","3","00",0,1,"A",,"Y",,,,2100,4,"H","G","A","LILLARD DR","LOS ROBLES ST",150,"E","N","2016-11-14",5701,"2016-04-13",1910,"103","9","5","5","0","0",,"0","004","-","N",,0,0,,,0,,,,"N",1,"D","-",0,,"N","A","H","-","A","D","0","Y","-","-",0,1,0,0,0,0,1,0,0,"-","-","DAVIS","YOLO","CA",-121.71069,38.54309
"8165519",0,0,2016,"5704","0","5","4","05",0,1,"A",,"Y",,,,2100,11,"D","G","A","SACRAMENTO AV","OAK ST",8,"E","N","2016-11-14",5704,"2016-11-04",1809,"06067",,"5","4","0","0",,"0","001","-","N",,0,0,,,0,,,,"N",2,"A","-",21650,"1","N","A","H","-","B","A","0","Y","L","04",0,0,1,0,0,0,1,0,0,"-","-","WEST SACRAMENTO","YOLO","CA",0,0
"8165515",-121.5616831,38.535115,2016,"5704","0","7","3","01",0,1,"A",,,,,"Y",1800,11,"E","I","A","MARSHALL RD","SEYMOUR AV",0,,"Y","2016-11-14",5704,"2016-11-06",1745,"00165",,"5","4","0","0",,"0","003","-","N",,0,0,,,0,,,,"Y",1,"A","-",23152,"A","N","A","H","-","C","D","0","Y","A","01",0,1,0,0,0,0,0,0,0,"-","-","WEST SACRAMENTO","YOLO","CA",0,0
"8165511",-121.535006,38.5547925,2016,"5704","0","3","4","03",0,3,"A",,,,,,1800,11,"C","C","A","JEFFERSON BL","LAKE WASHINGTON BL",1000,"N","N","2016-11-14",5704,"2016-11-02",1500,"00165",,"5","4","0","0",,"0","003","-","N",,0,0,,,0,,,,"Y",2,"A","-",22350,,"N","A","H","-","A","D","0","Y","A","01",0,0,3,0,0,0,0,0,0,"-","-","WEST SACRAMENTO","YOLO","CA",0,0
"8165507",-121.5319877,38.5574766,2016,"5704","0","4","4","03",0,2,"A",,,,,,1800,11,"C","C","A","JEFFERSON BL","GATEWAY DR",490,"N","N","2016-11-14",5704,"2016-11-03",1713,"06062",,"5","4","0","0",,"0","003","-","N",,0,0,,,0,,,,"N",3,"A","-",22350,,"N","A","H","-","A","A","0","Y","A","01",0,0,2,0,0,0,0,0,0,"-","-","WEST SACRAMENTO","YOLO","CA",0,0
"8165503",-121.5193088,38.5731795,2016,"5704","0","2","3","03",0,1,"A",,,,,,1800,11,"C","C","A","SOUTH RIVER RD","15TH ST",640,"N","N","2016-11-14",5704,"2016-11-01",1745,"00165",,"5","4","0","0",,"0","002","-","N",,0,0,,,0,,,,"Y",2,"A","-",22350,,"N","A","H","-","A","D","0","Y","A","01",0,1,0,0,0,0,0,0,0,"-","-","WEST SACRAMENTO","YOLO","CA",0,0
"8165475",-121.5188452,38.5890355,2016,"5704","0","3","3","05",0,1,"A",,,,,,1800,11,"A","E","A","BEARDSLEY DR","ELKHORN PLZ",85,"N","N","2016-11-14",5704,"2016-11-02",1645,"00165",,"5","4","0","0",,"0","001","-","N",,0,0,,,0,,,,"Y",3,"A","-",21650,,"N","A","H","-","A","D","0","Y","A","01",0,1,0,0,0,0,0,0,0,"-","-","WEST SACRAMENTO","YOLO","CA",0,0
"8165220",-121.5671248,38.5469341,2016,"5704","0","2","4","01",0,1,"A",,,,,"Y",2100,11,"F","I","A","SOUTHPORT PKWY","PROMENADE ST",655,"N","N","2016-11-16",5704,"2016-11-01",2030,"06054","5704","5","4","0","0",,"0","003","-","N",,0,0,,,0,,,,"Y",1,"A","-",23152,"A","N","A","H","-","C","A","0","Y","D","22",0,0,1,0,0,0,0,0,0,"-","-","WEST SACRAMENTO","YOLO","CA",0,0
"8165212",-121.5451638,38.5442677,2016,"5704","0","7","3","04",0,2,"B",,,,,,1500,11,"C","C","A","JEFFERSON BL","PERKINS RD",150,"N","N","2016-11-16",5704,"2016-11-06",1345,"00165",,"5","4","0","0",,"0","003","-","N",,0,0,,,0,,,,"Y",3,"A","-",21703,,"N","A","H","-","A","D","0","Y","D","22",0,1,1,0,0,0,0,0,0,"-","-","WEST SACRAMENTO","YOLO","CA",0,0
"8164513",-121.7857903,38.6722742,2016,"5703","0","5","4","08",0,1,"A",,,,,"Y",2100,10,"C","E","A","W CROSS ST","WEST ST",486,"W","N","2016-12-19",5703,"2016-10-07",2001,"2073","32","5","4","0","0",,"0","003","-","N",,0,0,,,0,,,,"Y",3,"A","-",22107,,"M","A","H","-","C","D","0","Y","A","01",0,0,1,0,0,0,0,0,0,"-","-","WOODLAND","YOLO","CA",0,0
"8164461",-121.7893631,38.546685,2016,"5701","0","4","3","09",0,1,"A",,,,,,2100,10,"E","I","A","RUSSELL BL","LAKE BL",0,,"Y","2016-11-08",5701,"2016-10-06",1913,"94","1","5","5","0","0",,"0","001","-","N",,0,0,,,0,,,,"Y",1,"A","-",21802,"A","N","A","H","-","A","A","0","Y","A","01",0,1,0,0,0,0,0,0,0,"-","-","DAVIS","YOLO","CA",-121.78928,38.5467
"8164409",-121.7458632,38.677295,2016,"5703","0","2","4","03",0,2,"A",,,,,,1800,10,"C","C","A","EAST MAIN ST","RT 5",0,,"Y","2017-01-26",5703,"2016-10-25",1602,"2807","51","5","4","0","0",,"0","001","-","Y",,0,0,,,0,,,,"Y",4,"A","-",22350,,"N","A","H","-","A","A","0","Y","A","07",0,0,2,0,0,0,0,0,0,"-","-","WOODLAND","YOLO","CA",0,0
"8164401",-121.7840216,38.6783003,2016,"5703","0","1","4","03",0,2,"A",,,,,,1500,10,"C","C","A","WEST ST","COURT ST",202,"S","N","2016-11-08",5703,"2016-10-17",1334,"2891","42","5","4","0","0",,"0","005","-","N",,0,0,,,0,,,,"Y",2,"A","-",22350,,"N","A","H","-","A","A","0","Y","A","07",0,0,2,0,0,0,0,0,0,"-","-","WOODLAND","YOLO","CA",0,0
"8164169",-121.540558,38.5566319,2016,"5704","0","2","4","03",0,1,"A",,,,,,1800,10,"C","C","A","LAKE WASHINGTON BL","SOUTHPORT PKWY",50,"N","N","2016-11-08",5704,"2016-10-04",1608,"6067",,"5","4","0","0",,"0","003","-","N",,0,0,,,0,,,,"N",2,"A","-",22350,,"M","A","H","-","A","A","0","Y","A","01",0,0,1,0,0,0,0,0,0,"-","-","WEST SACRAMENTO","YOLO","CA",0,0
"8164161",0,0,2016,"5704","0","4","4","09",0,2,"B",,,,,,1800,10,"D","C","A","REED AV","IKEA CT",195,"W","N","2016-11-08",5704,"2016-10-13",1700,"06018",,"5","4","0","0",,"0","001","-","N",,0,0,,,0,,,,"N",2,"A","-",21804,"A","N","A","-","-","A","D","0","Y","A","01",0,0,2,0,0,0,0,0,0,"-","-","WEST SACRAMENTO","YOLO","CA",0,0
"8161586",-121.7362231,38.546825,2016,"5701","0","5","4","12",0,2,"A",,,,,,1800,8,"D","C","A","4TH ST","J ST",0,,"Y","2016-11-10",5701,"2016-08-19",1709,"74","5","5","5","0","0",,"0","002","-","N",,0,0,,,0,,,,"Y",2,"A","-",22450,"A","N","A","H","-","A","A","0","Y","A","01",0,0,2,0,0,0,0,0,0,"-","-","DAVIS","YOLO","CA",-121.73625,38.54679
"8159886",-121.6904957,38.5527706,2016,"5701","0","1","4","09",0,1,"A",,,,,,1800,8,"H","C","A","CHILES RD","EL CEMONTE AV",500,"E","N","2016-11-08",5701,"2016-08-08",1606,"44","9","5","5","0","0",,"0","004","-","N",,0,0,,,0,,,,"Y",3,"A","-",21801,"A","N","A","H","-","A","D","0","Y","A","01",0,0,1,0,0,0,0,0,0,"-","-","DAVIS","YOLO","CA",-121.69006,38.55345
"8158253",-121.7407632,38.552915,2016,"5701","0","3","4","08",0,1,"A",,,,,,1800,7,"B","C","A","H ST","9TH ST",0,,"Y","2016-11-07",5701,"2016-07-27",1758,"119","4","5","5","0","0",,"0","002","-","N",,0,0,,,0,,,,"Y",2,"A","-",22100,"B","N","A","H","-","A","D","0","Y","A","08",0,0,1,0,0,0,0,0,0,"-","-","DAVIS","YOLO","CA",-121.74077,38.55289
"8157942",-121.7528132,38.546325,2016,"5701","0","4","4","00",0,1,"A",,"Y",,,,900,9,"H","G","A","RUSSELL BL","OAK AV",0,,"Y","2016-11-03",5701,"2016-09-22",837,"91","3","5","5","0","0",,"0","001","-","N",,0,0,,,0,,,,"N",2,"D","-",0,,"N","A","H","-","A","A","0","Y","-","-",0,0,1,0,0,0,1,0,0,"-","-","DAVIS","YOLO","CA",-121.7528,38.54618
"8157770",-121.7283146,38.5399966,2016,"5701","0","5","3","03",0,2,"A",,"Y",,,,900,10,"C","D","A","COWELL BL","DREW AV",350,"W","N","2016-11-08",5701,"2016-10-07",853,"100","8","5","5","0","0",,"0","004","-","N",,0,0,,,0,,,,"Y",4,"A","-",22350,,"N","A","H","-","A","A","0","Y","A","01",0,1,1,0,0,0,1,0,0,"-","-","DAVIS","YOLO","CA",-121.72822,38.5407