"CASEID","POINT_X","POINT_Y","YEAR_","LOCATION","CHPTYPE","DAYWEEK","CRASHSEV","VIOLCAT","KILLED","INJURED","WEATHER1","PEDCOL","BICCOL","MCCOL","TRUCKCOL","ETOH","TIMECAT","MONTH_","CRASHTYP","INVOLVE","PED","PRIMARYRD","SECONDRD","DISTANCE","DIRECT","INTERSECT_","PROCDATE","JURIS","DATE_","TIME_","BADGE","JURIDIST","SHIFT","POP","SPECIAL","BEATTYPE","LAPDDIV","BEATCLAS","BEATNUMB","WEATHER2","STATEHW","CALTRANC","CALTRAND","STROUTE","ROUTESUF","POSTPRE","POSTMILE","LOCATYPE","RAMP","SIDEHW","TOWAWAY","PARTIES","PCF","VIOLCODE","VIOL","VIOLSUB","HITRUN","ROADSURF","RDCOND1","RDCOND2","LIGHTING","RIGHTWAY","CHPRDTYP","NOTPRIV","STFAULT","CHPFAULT","SEVINJ","OTHERINJ","COP","PEDKILL","PEDINJ","BICKILL","BICINJ","MCKILL","MCINJURE","RAMP1","RAMP2","CITY","COUNTY","STATE","X_CHP","Y_CHP"
"8157766",-121.7421232,38.5471649,2016,"5701","0","5","3","09",0,1,"A",,,,,,1800,10,"A","C","A","5TH ST","E ST",0,,"Y","2016-11-04",5701,"2016-10-21",1518,"27","4","5","5","0","0",,"0","002","-","N",,0,0,,,0,,,,"Y",2,"A","-",21802,"A","N","A","H","-","A","D","0","Y","A","01",0,1,0,0,0,0,0,0,0,"-","-","DAVIS","YOLO","CA",-121.74215,38.54711
"8157762",-121.7175431,38.561115,2016,"5701","0","3","4","09",0,1,"A",,,,,,1800,10,"D","C","A","TULIP LN","BLACKBURN DR",0,,"Y","2016-11-04",5701,"2016-10-26",1604,"83","7","5","5","0","0",,"0","003","-","N",,0,0,,,0,,,,"N",2,"A","-",21800,"A","N","A","H","-","A","A","0","Y","A","01",0,0,1,0,0,0,0,0,0,"-","-","DAVIS","YOLO","CA",-121.7175,38.56036
"8157530",-121.7985724,38.6789582,2016,"5703","0","1","4","09",0,1,"A",,,,,,1200,10,"D","C","A","WEST COURT ST","ASHLEY AV",191,"W","N","2016-11-04",5703,"2016-10-10",940,"2076","82","5","4","0","0",,"0","002","-","N",,0,0,,,0,,,,"N",2,"A","-",21804,"A","N","A","H","-","A","D","0","Y","A","01",0,0,1,0,0,0,0,0,0,"-","-","WOODLAND","YOLO","CA",0,0
"8157309",-121.7439531,38.541345,2016,"5701","0","3","4","03",0,1,"A","Y",,,,,1200,9,"G","B","B","1ST ST","B ST",0,,"Y","2016-11-02",5701,"2016-09-28",925,"91","4","5","5","0","0",,"0","002","-","N",,0,0,,,0,,,,"N",2,"A","-",22350,,"N","A","H","-","A","A","0","Y","A","01",0,0,1,0,1,0,0,0,0,"-","-","DAVIS","YOLO","CA",-121.74399,38.54136
"8157028",-121.7386232,38.540815,2016,"5701","0","7","3","09",0,1,"A",,,,,,1500,10,"A","C","A","OLIVE DR","RICHARDS BL",0,,"Y","2016-11-02",5701,"2016-10-09",1411,"125","8","5","5","0","0",,"0","004","-","N",,0,0,,,0,,,,"Y",2,"A","-",21801,"A","N","A","H","-","A","A","0","Y","A","01",0,1,0,0,0,0,0,0,0,"-","-","DAVIS","YOLO","CA",-121.73863,38.54081
"8157024",-121.7330819,38.5448741,2016,"5701","0","5","3","03",0,1,"B",,,,,,1800,10,"A","C","A","2ND ST","L ST",99,"E","N","2016-11-02",5701,"2016-10-14",1602,"27","5","5","5","0","0",,"0","002","-","N",,0,0,,,0,,,,"N",2,"A","-",22350,,"N","B","H","-","A","D","0","Y","A","01",0,1,0,0,0,0,0,0,0,"-","-","DAVIS","YOLO","CA",-121.73335,38.54485
"8157020",-121.7586381,38.5562051,2016,"5701","0","4","3","08",0,1,"A",,"Y",,,,1800,10,"H","G","A","VILLANOVA RD","ANDERSON RD",30,"W","N","2016-11-02",5701,"2016-10-06",1726,"94","2","5","5","0","0",,"0","001","-","N",,0,0,,,0,,,,"N",2,"A","-",22107,,"N","A","H","-","A","A","0","Y","L","04",0,1,0,0,0,0,1,0,0,"-","-","DAVIS","YOLO","CA",-121.75858,38.55616
"8157016",-121.7325198,38.562165,2016,"5701","0","5","4","03",0,1,"C",,,,,,1200,10,"E","I","A","EAST COVELL BL","POLE LINE RD",402,"W","N","2016-11-02",5701,"2016-10-14",1142,"83","6","5","5","0","0",,"0","003","-","N",,0,0,,,0,,,,"N",1,"A","-",22350,,"N","B","H","-","A","A","0","Y","A","01",0,0,1,0,0,0,0,0,0,"-","-","DAVIS","YOLO","CA",-121.73107,38.56239
"8157000",-121.7585657,38.5577453,2016,"5701","0","6","2","03",0,1,"C",,"Y",,,,300,10,"H","-","A","ANDERSON RD","RADCLIFFE",80,"S","N","2016-11-02",5701,"2016-10-15",109,"103","2","5","5","0","0",,"0","001","-","N",,0,0,,,0,,,,"N",1,"A","-",22350,,"N","B","H","-","C","D","0","Y","L","04",1,0,0,0,0,0,1,0,0,"-","-","DAVIS","YOLO","CA",-121.75855,38.5573
"8156891",-121.7448086,38.5609223,2016,"5701","0","1","3","09",0,1,"A",,,,,,1800,10,"D","C","A","F ST","COVELL BL",50,"N","N","2016-11-03",5701,"2016-10-03",1638,"116","3","5","5","0","0",,"0","001","-","N",,0,0,,,0,,,,"N",2,"A","-",21804,"A","N","A","H","-","A","A","0","Y","D","22",0,1,0,0,0,0,0,0,0,"-","-","DAVIS","YOLO","CA",-121.74482,38.56078
"8155595",-121.7522336,38.5607182,2016,"5701","0","3","2","03",0,1,"A",,"Y",,,,2400,8,"E","J","A","OAK AV","COVELL BL",50,"S","N","2016-11-04",5701,"2016-08-24",2121,"116","4","5","5","0","0",,"0","002","-","N",,0,0,,,0,,,,"N",1,"A","-",22350,,"N","A","B","C","C","A","0","Y","L","04",1,0,0,0,0,0,1,0,0,"-","-","DAVIS","YOLO","CA",-121.75222,38.56085
"8154931",-121.7657931,38.655595,2016,"5703","0","7","3","12",0,2,"A",,,,,,1800,10,"D","C","A","EAST ST","COUNTY ROAD 24A",0,,"Y","2016-11-02",5703,"2016-10-02",1730,"2070","17","5","4","0","0",,"0","004","-","N",,0,0,,,0,,,,"Y",2,"A","-",21453,"A","N","A","H","-","A","A","0","Y","B","07",0,1,1,0,0,0,0,0,0,"-","-","WOODLAND","YOLO","CA",0,0
"8152890",-121.6935607,38.5508858,2016,"5701","0","4","3","00",0,1,"A",,"Y",,,"Y",2100,8,"E","I","A","CHILES RD","MACE BL",280,"E","N","2016-10-28",5701,"2016-08-11",1953,"98","9","5","5","0","0",,"0","004","-","N",,0,0,,,0,,,,"N",1,"A","-",22350,"A","N","A","H","-","A","D","0","Y","L","04",0,1,0,0,0,0,1,0,0,"-","-","DAVIS","YOLO","CA",-121.69322,38.55046
"8152791",-121.7241565,38.5629703,2016,"5701","0","7","4","09",0,2,"A",,,,,,1500,10,"D","C","A","EAST COVELL BL","BAYWOOD LN",22,"E","N","2016-10-28",5701,"2016-10-02",1415,"105","7","5","5","0","0",,"0","003","-","N",,0,0,,,0,,,,"Y",2,"A","-",21802,"A","N","A","H","-","A","D","0","Y","A","01",0,0,2,0,0,0,0,0,0,"-","-","DAVIS","YOLO","CA",-121.7242,38.56281
"8152772",-121.540773,38.5797313,2016,"5704","0","6","3","09",0,1,"A",,,"Y",,,2100,10,"D","C","A","WEST CAPITOL AV","WALNUT AV",20,"W","N","2016-10-28",5704,"2016-10-15",1817,"6067",,"5","4","0","0",,"0","002","-","N",,0,0,,,0,,,,"Y",2,"A","-",21804,"A","N","A","H","-","A","D","0","Y","A","01",0,1,0,0,0,0,0,0,1,"-","-","WEST SACRAMENTO","YOLO","CA",0,0
"8152768",-121.5267452,38.5807715,2016,"5704","0","3","4","10",0,1,"A","Y",,,,,2100,10,"G","B","B","JEFFERSON BL","WEST CAPITOL AV",6,"N","N","2016-10-28",5704,"2016-10-19",1926,"6072","2","5","4","0","0",,"0","002","-","N",,0,0,,,0,,,,"N",2,"A","-",21950,"A","N","A","H","-","C","A","0","Y","A","01",0,0,1,0,1,0,0,0,0,"-","-","WEST SACRAMENTO","YOLO","CA",0,0
"8150262",-121.7585832,38.5562049,2016,"5701","0","5","4","09",0,1,"A",,,,,,1500,8,"D","C","A","VILLANOVA DR","ANDERSON RD",0,,"Y","2016-10-26",5701,"2016-08-26",1207,"91","2","5","5","0","0",,"0","001","-","N",,0,0,,,0,,,,"Y",2,"A","-",21800,"A","N","A","H","-","A","A","0","Y","D","22",0,0,1,0,0,0,0,0,0,"-","-","DAVIS","YOLO","CA",-121.75858,38.55616
"8150203",-121.5375382,38.5528701,2016,"5704","0","3","4","03",0,1,"A",,,,,,1800,10,"C","C","A","LAKE WASHINGTON BL","JEFFERSON BL",90,"W","N","2016-10-25",5704,"2016-10-12",1615,"00165",,"5","4","0","0",,"0","003","-","N",,0,0,,,0,,,,"N",2,"A","-",22350,,"N","A","H","-","A","D","0","Y","A","01",0,0,1,0,0,0,0,0,0,"-","-","WEST SACRAMENTO","YOLO","CA",0,0
"8150066",-121.7841831,38.662985,2016,"5703","0","3","4","10",0,1,"A","Y",,,,,1500,9,"G","B","B","WEST ST","WEST GIBSON RD",0,,"Y","2016-10-25",5703,"2016-09-28",1407,"2891","54","5","4","0","0",,"0","003","-","N",,0,0,,,0,,,,"N",2,"A","-",21950,"A","N","A","H","-","A","A","0","Y","A","01",0,0,1,0,1,0,0,0,0,"-","-","WOODLAND","YOLO","CA",0,0
"8149864",-121.5449194,38.5808873,2016,"5704","0","2","4","08",0,1,"A","Y",,,,"Y",1500,9,"G","B","E","GLIDE AV","FLOSSIE AV",150,"S","N","2016-10-21",5704,"2016-09-27",1214,"00137",,"5","4","0","0",,"0","002","-","N",,0,0,,,0,,,,"N",2,"A","-",22107,,"F","A","H","-","A","D","0","Y","-",,0,0,1,0,1,0,0,0,0,"-","-","WEST SACRAMENTO","YOLO","CA",0,0
"8148222",0,0,2016,"5704","0","2","4","12",0,1,"A",,,,,,1200,10,"D","C","A","TOWER BRIDGE GATEWAY","5TH ST",0,,"Y","2016-10-18",5704,"2016-10-11",1101,"173",,"5","4","0","0",,"0","002","-","N",,0,0,,,0,,,,"Y",2,"A","-",21453,"A","N","A","H","-","A","A","0","Y","A","01",0,0,1,0,0,0,0,0,0,"-","-","WEST SACRAMENTO","YOLO","CA",0,0
"8148024",-121.7933832,38.6721403,2016,"5703","0","3","3","12",0,1,"A",,"Y",,,,900,9,"D","G","A","COTTONWOOD ST","WEST CROSS ST",9,"S","N","2016-10-18",5703,"2016-09-21",816,"2076","52","5","4","0","0",,"0","003","-","N",,0,0,,,0,,,,"N",2,"A","-",21453,"A","N","A","H","-","A","A","0","Y","L","04",0,1,0,0,0,0,1,0,0,"-","-","WOODLAND","YOLO","CA",0,0
"8148012",-121.7286632,38.668705,2016,"5703","0","1","3","09",0,1,"A",,"Y",,,,2100,9,"D","G","A","COUNTY ROAD 102","MAXWELL AV",0,,"Y","2016-10-18",5703,"2016-09-19",2000,"2070","73","5","4","0","0",,"0","004","-","N",,0,0,,,0,,,,"N",2,"A","-",21453,"B","N","A","H","-","C","A","0","Y","A","01",0,1,0,0,0,0,1,0,0,"-","-","WOODLAND","YOLO","CA",0,0
"8148008",-121.7551031,38.668255,2016,"5703","0","1","4","09",0,1,"A",,"Y",,,,2100,9,"D","G","A","E GUM AV","STETSON ST",0,,"Y","2016-10-18",5703,"2016-09-19",1845,"2070","33","5","4","0","0",,"0","004","-","N",,0,0,,,0,,,,"N",2,"A","-",21801,"A","N","A","H","-","B","D","0","Y","A","07",0,0,1,0,0,0,1,0,0,"-","-","WOODLAND","YOLO","CA",0,0
"8148004",-121.7778931,38.688365,2016,"5703","0","3","4","09",0,3,"A",,,,,,900,9,"D","C","A","NORTH WALNUT ST","WOODLAND AV",0,,"Y","2016-10-18",5703,"2016-09-07",759,"2073","44","5","4","0","0",,"0","002","-","N",,0,0,,,0,,,,"Y",2,"A","-",21802,"A","N","A","H","-","A","A","0","Y","A","07",0,0,3,0,0,0,0,0,0,"-","-","WOODLAND","YOLO","CA",0,0
"8145060",-121.523513,38.571325,2016,"5704","0","5","4","03",0,2,"A",,,,,,300,10,"C","C","A","JEFFERSON BL","15TH ST",0,,"Y","2016-10-17",5704,"2016-10-07",10,"06054","5704","5","4","0","0",,"0","002","-","N",,0,0,,,0,,,,"Y",2,"A","-",22350,,"N","A","H","-","C","A","0","Y","D","22",0,0,2,0,0,0,0,0,0,"-","-","WEST SACRAMENTO","YOLO","CA",0,0
"8145056",0,0,2016,"5704","0","5","3","05",0,1,"A",,"Y",,,"Y",1800,10,"A","G","A","HARBOR BL","HARBOR BL 541",100,"N","N","2016-10-17",5704,"2016-10-07",1623,"0157",,"5","4","0","0",,"0","B 2","-","N",,0,0,,,0,,,,"N",2,"A","-",21650,"1","N","A","H","-","A","D","0","Y","L","04",0,1,0,0,0,0,1,0,0,"-","-","WEST SACRAMENTO","YOLO","CA",0,0
"8141788",-121.6941431,38.556515,2016,"5701","0","4","4","12",0,1,"A",,,,,,1800,9,"D","C","A","2ND ST","MACE BL",0,,"Y","2016-10-13",5701,"2016-09-01",1613,"94","7","5","5","0","0",,"0","003","-","N",,0,0,,,0,,,,"Y",2,"A","-",21453,"A","N","A","H","-","A","A","0","Y","A","01",0,0,1,0,0,0,0,0,0,"-","-","DAVIS","YOLO","CA",-121.6942,38.55657
"8141652",-121.5242561,38.5744937,2016,"5704","0","6","3","09",0,1,"A",,,,,,900,10,"E","I","A","JEFFERSON BL","WEBSTER ST",200,"S","N","2016-10-12",5704,"2016-10-01",745,"00109",,"5","4","0","0",,"0","002","-","N",,0,0,,,0,,,,"Y",1,"A","-",21804,"A","N","A","H","-","A","D","0","Y","-",,0,1,0,0,0,0,0,0,0,"-","-","WEST SACRAMENTO","YOLO","CA",0,0
"8141433",-121.5267231,38.5806298,2016,"5704","0","2","3","09",0,2,"B",,,,"Y",,900,10,"D","C","A","JEFFERSON BL","WEST CAPITOL AV",46,"S","N","2016-12-13",5704,"2016-10-04",719,"00173",,"5","4","0","0",,"0","002","-","N",,0,0,,,0,,,,"Y",3,"A","-",21804,"A","N","A","H","-","A","A","0","Y","D","22",0,1,1,0,0,0,0,0,0,"-","-","WEST SACRAMENTO","YOLO","CA",0,0
"8141400",0,0,2016,"5704","0","4","3","09",0,1,"A",,"Y",,,,1800,9,"D","G","A","WEST CAPITOL AV","WEST CAPITOL AV 900",0,,"N","2016-12-05",5704,"2016-09-22",1715,"06062",,"5","4","0","0",,"0","001","-","N",,0,0,,,0,,,,"N",2,"A","-",21804,,"M","A","H","-","A","D","0","Y","A","08",0,1,0,0,0,0,1,0,0,"-","-","WEST SACRAMENTO","YOLO","CA",0,0
"8140345",-121.736881,38.5573148,2016,"5701","0","5","3","08",0,1,"A","Y",,,,,1500,9,"G","B","E","DREXEL DR","L ST",500,"W","N","2016-10-10",5701,"2016-09-02",1249,"123","5","5","5","0","0",,"0","002","-","N",,0,0,,,0,,,,"N",2,"A","-",22107,,"N","A","H","-","A","D","0","Y","N","60",0,1,0,0,1,0,0,0,0,"-","-","DAVIS","YOLO","CA",-121.73613,38.55627
"8140341",0,0,2016,"5701","0","3","4","03",0,2,"A",,,,,,1500,9,"C","C","A","CHILES RD","CHILES RD 5950",5,"E","N","2016-11-30",5701,"2016-09-14",1455,"8","9","5","5","0","0",,"0","004","-","N",,0,0,,,0,,,,"Y",2,"A","-",22350,,"N","A","H","-","A","D","0","Y","A","07",0,0,2,0,0,0,0,0,0,"-","-","DAVIS","YOLO","CA",-121.67598,38.55665
"8140325",-121.7489631,38.546275,2016,"5701","0","2","4","03",0,1,"A",,"Y",,,,2100,9,"H","G","A","RUSSELL BL","MILLER DR",0,,"Y","2016-10-10",5701,"2016-09-20",1804,"45","4","5","5","0","0",,"0","002","-","N",,0,0,,,0,,,,"N",2,"A","-",22350,,"N","A","H","-","A","A","0","Y","A","01",0,0,1,0,0,0,1,0,0,"-","-","DAVIS","YOLO","CA",-121.74894,38.54614
"8140321",-121.7587554,38.5470366,2016,"5701","0","2","3","09",0,1,"A",,"Y",,,,2100,9,"A","G","A","ANDERSON RD","RUSSELL BL",300,"N","N","2016-10-12",5701,"2016-09-13",1831,"106","2","5","5","0","0",,"0","001","-","N",,0,0,,,0,,,,"N",2,"A","-",21804,,"N","A","B","H","A","D","0","Y","L","04",0,1,0,0,0,0,1,0,0,"-","-","DAVIS","YOLO","CA",-121.75883,38.54638
"8139998",-121.728665,38.5533406,2016,"5701","0","4","4","09",0,1,"A",,"Y",,,,2100,8,"H","G","A","8TH ST","POLE LINE RD",370,"W","N","2016-10-13",5701,"2016-08-04",2037,"119","5","5","5","0","0",,"0","002","-","N",,0,0,,,0,,,,"N",2,"A","-",21804,"A","N","A","H","-","B","D","0","Y","A","07",0,0,1,0,0,0,1,0,0,"-","-","DAVIS","YOLO","CA",-121.73048,38.55264
"8139955",-121.7202299,38.5516816,2016,"5701","0","7","3","01",0,1,"A",,,,,"Y",300,8,"E","J","A","5TH ST","CANTRILL DR",40,"W","N","2016-10-13",5701,"2016-08-14",159,"123","7","5","5","0","0",,"0","003","-","N",,0,0,,,0,,,,"Y",1,"A","-",23152,"A","N","A","H","-","C","A","0","Y","A","71",0,1,0,0,0,0,0,0,0,"-","-","DAVIS","YOLO","CA",-121.72136,38.55153
"8139138",-121.726996,38.5515844,2016,"5701","0","5","3","01",0,1,"A",,"Y",,,"Y",300,9,"H","G","A","POLE LINE RD","5TH ST",1000,"N","N","2016-11-30",5701,"2016-09-23",19,"109","6","5","5","0","0",,"0","003","-","N",,0,0,,,0,,,,"N",2,"A","-",21200,"5","N","A","H","-","C","D","0","Y","L","04",0,1,0,0,0,0,1,0,0,"-","-","DAVIS","YOLO","CA",-121.72697,38.55191
"8139039",-121.7244904,38.5468938,2016,"5701","0","1","4","11",0,2,"B","Y","Y",,,,1200,10,"H","-","E","2ND ST","CANTRILL DR",1320,"W","N","2017-01-07",5701,"2016-10-03",930,"105","7","5","5","0","0",,"0","003","-","N",,0,0,,,0,,,,"N",2,"A","-",21954,"A","N","A","H","-","A","D","0","Y","N","60",0,0,2,0,1,0,1,0,0,"-","-","DAVIS","YOLO","CA",-121.72407,38.5474
"8138990",-121.7802352,38.5529251,2016,"5701","0","3","4","00",0,1,"A",,"Y",,,,1800,11,"H","G","A","ARLINGTON BL","HUMBOLDT AV",20,"E","N","2016-12-01",5701,"2016-11-09",1744,"112","1","5","5","0","0",,"0","001","-","N",,0,0,,,0,,,,"N",2,"D","-",0,,"F","A","H","-","D","A","0","Y","-","-",0,0,1,0,0,0,1,0,0,"-","-","DAVIS","YOLO","CA",-121.78023,38.55293
"8138982",-121.7321742,38.5447087,2016,"5701","0","2","4","09",0,1,"A",,,,,,1800,11,"D","C","A","OLIVE DR","HICKORY LN",900,"E","N","2017-01-09",5701,"2016-11-08",1708,"122","8","5","5","0","0",,"0","004","-","N",,0,0,,,0,,,,"N",2,"A","-",21801,"A","N","A","H","-","B","D","0","Y","A","01",0,0,1,0,0,0,0,0,0,"-","-","DAVIS","YOLO","CA",0,0
"8138978",-121.7527132,38.5507251,2016,"5701","0","4","4","12",0,2,"A",,,,,,1800,11,"D","C","A","OAK AV","8TH ST",0,,"Y","2016-12-01",5701,"2016-11-03",1556,"94","4","5","5","0","0",,"0","002","-","N",,0,0,,,0,,,,"Y",2,"A","-",21453,"A","N","A","H","-","A","A","0","Y","A","01",0,0,2,0,0,0,0,0,0,"-","-","DAVIS","YOLO","CA",-121.75273,38.55072
"8138964",-121.7432532,38.5469649,2016,"5701","0","6","4","12",0,3,"C",,,,,,2100,10,"D","C","A","5TH ST","D ST",0,,"Y","2016-11-30",5701,"2016-10-15",1941,"119","4","5","5","0","0",,"0","002","-","N",,0,0,,,0,,,,"Y",2,"A","-",22450,"A","N","B","H","-","C","A","0","Y","A","01",0,0,3,0,0,0,0,0,0,"-","-","DAVIS","YOLO","CA",-121.74325,38.54692
"8136269",-121.5524846,38.5560493,2016,"5704","0","2","2","01",0,2,"A",,,"Y",,"Y",2400,9,"B","-","A","SOUTHPORT PKWY","RAMCO ST",3168,"N","N","2016-10-07",5704,"2016-09-27",2348,"06051",,"5","4","0","0",,"0","003","-","N",,0,0,,,0,,,,"N",2,"A","-",23153,"A","N","A","-","-","D","D","0","Y","C","02",1,1,0,0,0,0,0,0,2,"-","-","WEST SACRAMENTO","YOLO","CA",0,0
"8136030",-121.7485432,38.668225,2016,"5703","0","1","4","03",0,1,"A",,,,,,1800,8,"C","C","A","EAST GUM AV","CAPAY VALLEY DR",0,,"Y","2016-10-06",5703,"2016-08-15",1602,"2807","33","5","4","0","0",,"0",,"-","N",,0,0,,,0,,,,"N",2,"A","-",22350,,"N","A","H","-","A","D","0","Y","A","01",0,0,1,0,0,0,0,0,0,"-","-","WOODLAND","YOLO","CA",0,0
"8134959",-121.7980183,38.6776356,2016,"5703","0","1","4","03",0,1,"A",,,,,,2100,9,"C","C","A","W MAIN ST","ASHLEY AV",30,"W","N","2016-10-05",5703,"2016-09-19",1805,"2806","72","5","4","0","0",,"0","003","-","N",,0,0,,,0,,,,"N",2,"A","-",22350,,"N","A","H","-","A","A","0","Y","A","01",0,0,1,0,0,0,0,0,0,"-","-","WOODLAND","YOLO","CA",0,0
"8134955",-121.7748132,38.672035,2016,"5703","0","1","3","05",0,1,"A",,"Y",,,,1800,9,"D","G","A","CROSS ST","COLLEGE ST",0,,"Y","2016-10-05",5703,"2016-09-19",1506,"2842","12","5","4","0","0",,"0","003","-","N",,0,0,,,0,,,,"N",2,"A","-",21650,,"N","A","H","-","A","A","0","Y","L","04",0,1,0,0,0,0,1,0,0,"-","-","WOODLAND","YOLO","CA",0,0
"8134951",-121.7371231,38.6646551,2016,"5703","0","7","3","00",0,2,"A",,,,,,2400,9,"E","I","A","BRANIGAN AV","HILLER CT",40,"E","N","2016-10-05",5703,"2016-09-18",2135,"2806","73","5","4","0","0",,"0","004","-","N",,0,0,,,0,,,,"Y",1,"A","-",22107,"A","N","A","H","-","C","A","0","Y","A","07",0,2,0,0,0,0,0,0,0,"-","-","WOODLAND","YOLO","CA",0,0
"8134921",-121.7603632,38.673735,2016,"5703","0","1","3","01",0,1,"A",,,,,"Y",600,9,"C","E","A","EAST OAK AV","THOMAS ST",0,,"Y","2016-10-06",5703,"2016-09-05",335,"2012","11","5","4","0","0",,"0","001","-","N",,0,0,,,0,,,,"Y",2,"A","-",23152,"A","N","A","H","-","C","D","0","Y","A","01",0,1,0,0,0,0,0,0,0,"-","-","WOODLAND","YOLO","CA",0,0
"8132385",-121.7609256,38.5389542,2016,"5701","0","1","4","09",0,1,"A",,"Y",,,,1800,9,"D","G","A","LA RUE RD","HUTCHISON DR",44,"S","N","2016-10-04",5701,"2016-09-26",1640,"1060","UCD","5","5","0","0",,"0",,"-","N",,0,0,,,0,,,,,2,"A","-",21804,"A","N","A","H","-","A","D","0","Y","L","04",0,0,1,0,0,0,1,0,0,"-","-","DAVIS","YOLO","CA",0,0
"8132235",-121.538183,38.579895,2016,"5704","0","4","4","09",0,1,"A",,"Y",,,,900,9,"D","G","A","WEST CAPITOL AV","MAPLE ST",0,,"Y","2016-09-30",5704,"2016-09-22",817,"00173",,"5","4","0","0",,"0","002","-","N",,0,0,,,0,,,,"N",2,"A","-",21802,"A","N","A","H","-","A","A","0","Y","A","01",0,0,1,0,0,0,1,0,0,"-","-","WEST SACRAMENTO","YOLO","CA",0,0
"8132223",-121.5485265,38.5565863,2016,"5704","0","7","3","01",0,1,"A",,,,,"Y",1500,9,"A","C","A","SOUTHPORT PKWY","LAKE WASHINGTON BL",2275,"W","N","2016-09-30",5704,"2016-09-25",1340,"00165",,"5","4","0","0",,"0","003","-","N",,0,0,,,0,,,,"Y",2,"A","-",23153,"B","N","A","H","-","A","D","0","Y","A","07",0,1,0,0,0,0,0,0,0,"-","-","WEST SACRAMENTO","YOLO","CA",0,0
"8129871",-121.7387932,38.551785,2016,"5701","0","2","4","03",0,1,"A",,,,,,1800,8,"C","C","A","EAST 8TH ST","J ST",0,,"Y","2016-09-23",5701,"2016-08-30",1600,"94","5","5","5","0","0",,"0","002","-","N",,0,0,,,0,,,,"N",2,"A","-",22350,,"N","A","H","-","A","A","0","Y","A","01",0,0,1,0,0,0,0,0,0,"-","-","DAVIS","YOLO","CA",-121.73878,38.55178
"8129867",-121.7465531,38.546285,2016,"5701","0","3","4","09",0,1,"A",,"Y",,,,1800,8,"H","G","A","RUSSELL BL","UNIVERSITY AV",0,,"Y","2016-09-23",5701,"2016-08-24",1745,"119","4","5","5","0","0",,"0","002","-","N",,0,0,,,0,,,,"N",2,"A","-",21801,"A","N","A","H","-","A","D","0","Y","L","04",0,0,1,0,0,0,1,0,0,"-","-","DAVIS","YOLO","CA",-121.74658,38.5448
"8129766",-121.5779832,38.572935,2016,"5704","0","1","4","12",0,3,"A",,,,,,900,9,"D","C","A","ENTERPRISE BL","LAKE RD",0,,"Y","2016-09-26",5704,"2016-09-12",838,"00137","WSPD","5","4","0","0",,"0","002","-","N",,0,0,,,0,,,,"Y",2,"A","-",21453,"A","N","A","H","-","A","A","0","Y","A","01",0,0,3,0,0,0,0,0,0,"-","-","WEST SACRAMENTO","YOLO","CA",0,0
"8129762",-121.5283917,38.574442,2016,"5704","0","7","4","08",0,1,"A",,,,,,900,9,"C","E","A","MEADOW RD","11TH ST",250,"N","N","2016-09-26",5704,"2016-09-18",716,"00137","WSPD","5","4","0","0",,"0","002","-","N",,0,0,,,0,,,,"N",2,"A","-",22107,,"N","A","H","-","A","D","0","Y","A","01",0,0,1,0,0,0,0,0,0,"-","-","WEST SACRAMENTO","YOLO","CA",0,0
"8128502",-121.5199228,38.5722882,2016,"5704","0","2","3","05",0,1,"A",,"Y",,,,1500,9,"D","G","A","SOUTH RIVER RD","15TH ST",271,"N","N","2016-09-26",5704,"2016-09-20",1354,"06067",,"5","4","0","0",,"0","002","-","N",,0,0,,,0,,,,"N",2,"A","-",21650,,"N","A","H","-","A","D","0","Y","L","04",0,1,0,0,0,0,1,0,0,"-","-","WEST SACRAMENTO","YOLO","CA",0,0
"8128498",-121.5391431,38.579835,2016,"5704","0","7","4","09",0,1,"A",,,,,,1800,9,"D","C","A","WEST CAPITOL AV","CEDAR ST",0,,"Y","2016-09-26",5704,"2016-09-18",1653,"6067",,"5","4","0","0",,"0","002","-","N",,0,0,,,0,,,,"Y",2,"A","-",21804,"A","N","A","H","-","A","D","0","Y","B","07",0,0,1,0,0,0,0,0,0,"-","-","WEST SACRAMENTO","YOLO","CA",0,0
"8128369",-121.5222131,38.5815751,2016,"5704","0","6","4","08",0,1,"A",,,,,,2400,9,"E","I","A","WEST CAPITOL AV","MERKLEY AV",0,,"Y","2016-09-26",5704,"2016-09-17",2302,"00163",,"5","4","0","0",,"0",,"-","N",,0,0,,,0,,,,"Y",1,"A","-",22107,,"N","A","H","-","C","D","0","Y","A","01",0,0,1,0,0,0,0,0,0,"-","-","WEST SACRAMENTO","YOLO","CA",0,0
"8128344",-121.7696132,38.668335,2016,"5703","0","4","3","09",0,1,"A",,,,,,1500,8,"D","C","A","4TH ST","GUM AV",0,,"Y","2016-09-26",5703,"2016-08-11",1349,"2815","14","5","4","0","0",,"0","004","-","N",,0,0,,,0,,,,"Y",2,"A","-",21801,"A","N","A","H","-","A","D","0","Y","A","07",0,1,0,0,0,0,0,0,0,"-","-","WOODLAND","YOLO","CA",-121.76959,38.66833