"CASEID","POINT_X","POINT_Y","YEAR_","LOCATION","CHPTYPE","DAYWEEK","CRASHSEV","VIOLCAT","KILLED","INJURED","WEATHER1","PEDCOL","BICCOL","MCCOL","TRUCKCOL","ETOH","TIMECAT","MONTH_","CRASHTYP","INVOLVE","PED","PRIMARYRD","SECONDRD","DISTANCE","DIRECT","INTERSECT_","PROCDATE","JURIS","DATE_","TIME_","BADGE","JURIDIST","SHIFT","POP","SPECIAL","BEATTYPE","LAPDDIV","BEATCLAS","BEATNUMB","WEATHER2","STATEHW","CALTRANC","CALTRAND","STROUTE","ROUTESUF","POSTPRE","POSTMILE","LOCATYPE","RAMP","SIDEHW","TOWAWAY","PARTIES","PCF","VIOLCODE","VIOL","VIOLSUB","HITRUN","ROADSURF","RDCOND1","RDCOND2","LIGHTING","RIGHTWAY","CHPRDTYP","NOTPRIV","STFAULT","CHPFAULT","SEVINJ","OTHERINJ","COP","PEDKILL","PEDINJ","BICKILL","BICINJ","MCKILL","MCINJURE","RAMP1","RAMP2","CITY","COUNTY","STATE","X_CHP","Y_CHP"
"8127140",-121.5257214,38.5809356,2016,"5704","0","1","3","09",0,1,"A","Y",,,,,1500,9,"G","B","E","WEST CAPITOL AV","JEFFERSON BL",300,"E","N","2016-11-15",5704,"2016-09-12",1453,"06052",,"5","4","0","0",,"0","002","-","N",,0,0,,,0,,,,"N",2,"A","-",21804,"A","N","A","H","-","A","D","0","Y","A","01",0,1,0,0,1,0,0,0,0,"-","-","WEST SACRAMENTO","YOLO","CA",0,0
"8127132",-121.5559732,38.522075,2016,"5704","0","7","3","18",0,1,"A",,,"Y",,,1200,9,"H","H","A","GREGORY AV","BEVAN RD",528,"S","N","2016-09-22",5704,"2016-09-04",1149,"6072",,"5","4","0","0",,"0","003","-","N",,0,0,,,0,,,,"N",1,"C","-",0,,"N","A","H","-","A","D","0","Y","-","-",0,1,0,0,0,0,0,0,1,"-","-","WEST SACRAMENTO","YOLO","CA",0,0
"8127124",0,0,2016,"5704","0","3","3","01",0,1,"A",,,"Y",,,900,9,"A","C","A","I ST BRIDGE","3RD ST",970,"E","N","2016-09-22",5704,"2016-09-14",845,"00158",,"5","4","0","0",,"0","001","-","N",,0,0,,,0,,,,"Y",3,"A","-",23152,"A","N","A","H","-","A","D","0","Y","A","01",0,1,0,0,0,0,0,0,1,"-","-","WEST SACRAMENTO","YOLO","CA",0,0
"8127075",-121.5452531,38.591565,2016,"5704","0","4","4","12",0,3,"A",,,,,,1800,9,"D","C","A","REED AV","HARBOR BL",0,,"Y","2016-09-23",5704,"2016-09-08",1756,"00173",,"5","4","0","0",,"0","001","-","N",,0,0,,,0,,,,"Y",5,"A","-",21453,"A","N","A","H","-","A","A","0","Y","D","22",0,0,3,0,0,0,0,0,0,"-","-","WEST SACRAMENTO","YOLO","CA",0,0
"8126764",-121.7443031,38.542665,2016,"5701","0","2","4","09",0,2,"A",,,,,,1500,8,"D","C","A","B ST","2ND ST",0,,"Y","2016-09-21",5701,"2016-08-09",1213,"94","4","5","5","0","0",,"0","002","-","N",,0,0,,,0,,,,"Y",2,"A","-",21802,"A","N","A","H","-","A","A","0","Y","A","01",0,0,2,0,0,0,0,0,0,"-","-","DAVIS","YOLO","CA",-121.74435,38.54266
"8126748",-121.7252677,38.5427875,2016,"5701","0","6","4","17",0,3,"A",,,,,,1200,8,"C","C","A","POLE LINE RD","COWELL BL",845,"N","N","2016-09-21",5701,"2016-08-20",1100,"83","8","5","5","0","0",,"0","004","-","N",,0,0,,,0,,,,"Y",2,"A","-",22109,,"N","A","H","-","A","A","0","Y","A","01",0,0,3,0,0,0,0,0,0,"-","-","DAVIS","YOLO","CA",-121.72645,38.54868
"8125915",-121.7453931,38.546385,2016,"5701","0","4","4","09",0,2,"A",,,,,,2400,9,"D","C","A","5TH ST","B ST",0,,"Y","2016-09-27",5701,"2016-09-08",2243,"35","4","5","5","0","0",,"0","002","-","N",,0,0,,,0,,,,"N",2,"A","-",21453,"C","N","A","H","-","C","A","0","Y","A","01",0,0,2,0,0,0,0,0,0,"-","-","DAVIS","YOLO","CA",-121.74541,38.54642
"8123907",-121.7362231,38.546825,2016,"5701","0","3","4","00",0,1,"A",,,,,,1800,5,"D","C","A","4TH ST","J ST",0,,"Y","2016-09-20",5701,"2016-05-04",1636,"108","5","5","5","0","0",,"0","002","-","N",,0,0,,,0,,,,"N",2,"A","-",21082,"A","N","A","H","-","A","A","0","Y","A","01",0,0,1,0,0,0,0,0,0,"-","-","DAVIS","YOLO","CA",-121.73625,38.54579
"8122460",-121.7932732,38.678925,2016,"5703","0","3","4","00",0,1,"A",,,,,,1500,8,"D","C","A","WEST COURT ST","COTTONWOOD ST",0,,"Y","2016-09-15",5703,"2016-08-24",1214,"2073","82","5","4","0","0",,"0","002","-","N",,0,0,,,0,,,,"Y",2,"A","-",21453,,"N","A","H","-","A","A","0","Y","A","07",0,0,1,0,0,0,0,0,0,"-","-","WOODLAND","YOLO","CA",0,0
"8122436",-121.7654132,38.679875,2016,"5703","0","4","3","12",0,4,"A",,,,,,1500,8,"D","C","A","EAST ST","NORTH ST",0,,"Y","2016-09-15",5703,"2016-08-18",1345,"2891","22","5","4","0","0",,"0","001","-","N",,0,0,,,0,,,,"Y",2,"A","-",21453,"A","N","A","H","-","A","A","0","Y","A","01",0,1,3,0,0,0,0,0,0,"-","-","WOODLAND","YOLO","CA",-121.76539,38.67989
"8122388",-121.7410802,38.6627296,2016,"5703","0","3","4","08",0,2,"A",,,,,,1500,8,"B","C","A","GIBSON RD","PIONEER AV",372,"E","N","2016-09-16",5703,"2016-08-31",1205,"2891","55","5","4","0","0",,"0","004","-","N",,0,0,,,0,,,,"Y",2,"A","-",22107,,"N","A","H","-","A","D","0","Y","A","01",0,0,2,0,0,0,0,0,0,"-","-","WOODLAND","YOLO","CA",0,0
"8121652",-121.7741421,38.6787651,2016,"5703","0","6","4","03",0,1,"A",,,,,,1500,9,"C","C","A","COURT ST","COLLEGE ST",163,"E","N","2016-11-19",5703,"2016-09-03",1443,"2858","22","5","4","0","0",,"0","001","-","N",,0,0,,,0,,,,"N",2,"A","-",22350,,"N","A","H","-","A","D","0","Y","A","01",0,0,1,0,0,0,0,0,0,"-","-","WOODLAND","YOLO","CA",0,0
"8121587",-121.78278,38.6775151,2016,"5703","0","4","4","03",0,1,"A",,,"Y",,,1500,9,"F","A","A","MAIN ST","GRAND AV",79,"W","N","2016-09-15",5703,"2016-09-01",1231,"2891","32","5","4","0","0",,"0","005","-","N",,0,0,,,0,,,,"Y",1,"A","-",22350,,"N","A","H","-","A","D","0","Y","C","02",0,0,1,0,0,0,0,0,1,"-","-","WOODLAND","YOLO","CA",-121.78252,38.67754
"8121560",0,0,2016,"5704","0","1","4","09",0,1,"A",,,,,,1200,9,"D","C","A","5TH ST","RISKIE",0,,"N","2016-09-15",5704,"2016-09-05",945,"158",,"5","4","0","0",,"0",,"-","N",,0,0,,,0,,,,"Y",2,"A","-",21802,"A","N","A","H","-","A","A","0","Y","A","01",0,0,1,0,0,0,0,0,0,"-","-","WEST SACRAMENTO","YOLO","CA",0,0
"8121548",-121.5784844,38.57018,2016,"5704","0","3","4","21",0,1,"A",,,,,,900,9,"C","C","A","ENTERPRISE BL","INDUSTRIAL BL",20,"N","N","2016-09-15",5704,"2016-09-07",734,"00173",,"5","4","0","0",,"0","002","-","N",,0,0,,,0,,,,"N",2,"A","-",22106,,"N","A","H","-","A","A","0","Y","A","07",0,0,1,0,0,0,0,0,0,"-","-","WEST SACRAMENTO","YOLO","CA",0,0
"8121275",-121.7934243,38.6854366,2016,"5703","0","4","4","03",0,1,"A",,,,,,900,9,"C","C","A","COTTONWOOD ST","BEAMER ST",218,"N","N","2016-09-19",5703,"2016-09-08",839,"2807","84","5","4","0","0",,"0","002","-","N",,0,0,,,0,,,,"Y",2,"A","-",22350,,"N","A","H","-","A","D","0","Y","A","07",0,0,1,0,0,0,0,0,0,"-","-","WOODLAND","YOLO","CA",0,0
"8117887",0,0,2016,"5703","0","7","4","08",0,1,"D",,,,,,1500,7,"D","C","A","FARNHAM AV","LEE DR",0,,"Y","2016-09-08",5703,"2016-07-31",1250,"2856","51","5","4","0","0",,"0","004","-","N",,0,0,,,0,,,,"N",2,"A","-",22103,,"N","A","H","-","A","D","0","Y","A","01",0,0,1,0,0,0,0,0,0,"-","-","WOODLAND","YOLO","CA",0,0
"8113915",-121.5472159,38.5962115,2016,"5704","0","5","4","09",0,1,"A",,,,,,1800,8,"E","I","A","N HARBOR BL","RIVERBANK RD",30,"S","N","2016-09-09",5704,"2016-08-26",1628,"173",,"5","4","0","0",,"0","001","-","N",,0,0,,,0,,,,"Y",2,"A","-",21802,"A","N","A","H","-","A","A","0","Y","A","01",0,0,1,0,0,0,0,0,0,"-","-","WEST SACRAMENTO","YOLO","CA",0,0
"8113911",-121.5306431,38.5768651,2016,"5704","0","3","3","09",0,1,"A",,"Y",,,,1500,8,"D","G","A","WESTACRE RD","EVERGREEN AV",0,,"Y","2016-09-09",5704,"2016-08-24",1450,"158",,"5","4","0","0",,"0","002","-","N",,0,0,,,0,,,,"N",2,"A","-",21802,"A","N","A","H","-","A","A","0","Y","A","01",0,1,0,0,0,0,1,0,0,"-","-","WEST SACRAMENTO","YOLO","CA",0,0
"8113899",-121.550447,38.5791386,2016,"5704","0","4","3","08",0,1,"A",,"Y",,,,1500,8,"C","G","A","WEST CAPITOL AV","HARBOR BL",500,"W","N","2016-09-09",5704,"2016-08-04",1326,"137",,"5","4","0","0",,"0","002","-","N",,0,0,,,0,,,,"N",2,"A","-",22107,,"N","A","H","-","A","D","0","Y","L","04",0,1,0,0,0,0,1,0,0,"-","-","WEST SACRAMENTO","YOLO","CA",0,0
"8113764",-121.5248031,38.576185,2016,"5704","0","3","4","12",0,1,"A",,,,,,1200,8,"D","C","A","JEFFERSON BL","PARK BL",0,,"Y","2016-09-08",5704,"2016-08-31",1100,"06604",,"5","4","0","0",,"0","002","-","N",,0,0,,,0,,,,"N",2,"A","-",21453,"A","N","A","H","-","A","A","0","Y","D","22",0,0,1,0,0,0,0,0,0,"-","-","WEST SACRAMENTO","YOLO","CA",0,0
"8112821",-121.7401309,38.5439471,2016,"5701","0","4","4","03",0,1,"A",,,,,,600,8,"C","C","A","F ST","2ND ST",177,"N","N","2016-09-06",5701,"2016-08-04",401,"45","4","5","5","0","0",,"0","002","-","N",,0,0,,,0,,,,"N",2,"A","-",22350,,"N","A","H","-","C","A","0","Y","A","01",0,0,1,0,0,0,0,0,0,"-","-","DAVIS","YOLO","CA",-121.73978,38.54394
"8112786",-121.5352032,38.5983851,2016,"5704","0","5","4","09",0,1,"A",,,,,,900,8,"D","C","A","CARRIE ST","TODHUNTER AV",60,"W","N","2016-09-19",5704,"2016-08-26",737,"00153","1","5","4","0","0",,"0","001","-","N",,0,0,,,0,,,,"N",2,"A","-",21804,"A","N","A","H","-","A","D","0","Y","A","01",0,0,1,0,0,0,0,0,0,"-","-","WEST SACRAMENTO","YOLO","CA",0,0
"8112693",-121.5203531,38.571625,2016,"5704","0","2","3","17",0,1,"A",,"Y",,,,1800,8,"B","G","A","SOUTH RIVER RD","15TH ST",0,,"Y","2016-09-06",5704,"2016-08-23",1740,"00165",,"5","4","0","0",,"0","002","-","N",,0,0,,,0,,,,"N",2,"A","-",21208,"A","N","A","H","-","A","D","0","Y","L","04",0,1,0,0,0,0,1,0,0,"-","-","WEST SACRAMENTO","YOLO","CA",0,0
"8112692",-121.5136331,38.584905,2016,"5704","0","2","4","09",0,1,"A",,,,"Y",,1500,8,"D","C","A","F ST","5TH ST",0,,"Y","2016-09-07",5704,"2016-08-23",1200,"00165",,"5","4","0","0",,"0","001","-","N",,0,0,,,0,,,,"N",2,"A","-",21802,"A","N","A","H","-","A","A","0","Y","A","01",0,0,1,0,0,0,0,0,0,"-","-","WEST SACRAMENTO","YOLO","CA",0,0
"8112463",-121.7840032,38.681105,2016,"5703","0","1","4","03",0,1,"A",,,,,,2100,8,"C","C","A","W ELLIOT ST","WEST ST",0,,"Y","2016-09-01",5703,"2016-08-15",2045,"2842","42","5","4","0","0",,"0","002","-","N",,0,0,,,0,,,,"N",2,"A","-",22350,,"F","A","H","-","C","A","0","Y","A","01",0,0,1,0,0,0,0,0,0,"-","-","WOODLAND","YOLO","CA",0,0
"8112459",-121.7838851,38.6895897,2016,"5703","0","2","3","03",0,1,"A",,,,,,2100,8,"C","C","A","WEST ST","WEST WOODLAND AV",435,"N","N","2016-09-01",5703,"2016-08-16",1827,"832","2","5","4","0","0",,"0","042","-","N",,0,0,,,0,,,,"Y",3,"A","-",22350,,"N","A","H","-","A","D","0","Y","A","01",0,1,0,0,0,0,0,0,0,"-","-","WOODLAND","YOLO","CA",0,0
"8112455",-121.7564871,38.6637027,2016,"5703","0","3","4","03",0,1,"A",,,,,,900,8,"C","C","A","MATMOR RD","GIBSON RD",305,"N","N","2016-09-01",5703,"2016-08-24",728,"2807","35","5","4","0","0",,"0","004","-","N",,0,0,,,0,,,,"N",2,"A","-",22350,,"N","A","H","-","A","D","0","Y","A","01",0,0,1,0,0,0,0,0,0,"-","-","WOODLAND","YOLO","CA",0,0
"8112394",-121.7291632,38.6739351,2016,"5703","0","6","3","08",0,1,"A",,,,,"Y",1500,8,"B","I","A","COUNTY ROAD 102","HAYS LN",528,"S","N","2017-02-24",5703,"2016-08-13",1350,"2070","5703","5","4","0","0",,"0","004","-","Y","YOL",3,5,"-","-",5.7,"R","4","N","Y",1,"A","-",22107,,"N","A","H","-","A","A","0","Y","A","01",0,1,0,0,0,0,0,0,0,"-","-","WOODLAND","YOLO","CA",0,0
"8112390",-121.7552874,38.6773484,2016,"5703","0","5","4","03",0,1,"A",,,,,,900,8,"C","C","A","EAST MAIN ST","MATMOR RD",250,"E","N","2016-11-16",5703,"2016-08-12",644,"2842","31","5","4","0","0",,"0","001","-","N",,0,0,,,0,,,,"N",2,"A","-",22350,,"N","A","H","-","A","D","0","Y","A","01",0,0,1,0,0,0,0,0,0,"-","-","WOODLAND","YOLO","CA",0,0
"8112356",-121.7731431,38.678765,2016,"5703","0","6","4","09",0,1,"A",,,,,,1500,8,"D","C","A","COURT ST","1ST ST",0,,"Y","2016-11-02",5703,"2016-08-13",1200,"2865","22","5","4","0","0",,"0","001","-","N",,0,0,,,0,,,,"Y",2,"A","-",21802,"A","N","A","H","-","A","A","0","Y","D","22",0,0,1,0,0,0,0,0,0,"-","-","WOODLAND","YOLO","CA",0,0
"8112348",0,0,2016,"5703","0","7","4","03",0,1,"A",,,,,,300,7,"E","I","A","MATMOR RD","SPORTS PARK DR",47,"N","N","2016-09-06",5703,"2016-07-17",35,"2831","35","5","4","0","0",,"0","004","-","N",,0,0,,,0,,,,"N",1,"A","-",22350,,"M","A","H","-","C","D","0","Y","D","22",0,0,1,0,0,0,0,0,0,"-","-","WOODLAND","YOLO","CA",0,0
"8111988",-121.7357132,38.662725,2016,"5703","0","3","4","09",0,1,"A",,,,,,1200,8,"A","C","A","OGDEN ST","EAST GIBSON RD",0,,"Y","2016-09-01",5703,"2016-08-17",956,"2852","73","5","4","0","0",,"0","004","-","N",,0,0,,,0,,,,"Y",2,"A","-",21801,"A","N","A","H","-","A","A","0","Y","A","01",0,0,1,0,0,0,0,0,0,"-","-","WOODLAND","YOLO","CA",0,0
"8110752",-121.5535967,38.5352512,2016,"5704","0","6","4","03",0,2,"A",,,,,,2400,8,"C","C","A","JEFFERSON BL","MARSHALL RD",66,"N","N","2016-08-29",5704,"2016-08-20",2203,"06051",,"5","4","0","0",,"0","003","-","N",,0,0,,,0,,,,"Y",2,"A","-",22350,,"N","A","H","-","C","A","0","Y","A","01",0,0,2,0,0,0,0,0,0,"-","-","WEST SACRAMENTO","YOLO","CA",0,0
"8110748",-121.5281124,38.5622982,2016,"5704","0","6","4","03",0,1,"A",,,,,"Y",2400,8,"C","C","A","JEFFERSON BL","STONE BL",320,"S","N","2016-08-29",5704,"2016-08-20",2149,"00131",,"5","4","0","0",,"0","002","-","N",,0,0,,,0,,,,"Y",2,"A","-",22350,,"N","A","H","-","C","D","0","Y","A","01",0,0,1,0,0,0,0,0,0,"-","-","WEST SACRAMENTO","YOLO","CA",0,0
"8109457",0,0,2016,"5703","0","1","4","03",0,1,"A",,,,,,1800,7,"C","C","A","EAST MAIN ST","YOLO POLO PLAZA",25,"W","N","2016-08-26",5703,"2016-07-25",1508,"2070","61","5","4","0","0",,"0","061","-","N",,0,0,,,0,,,,"N",3,"A","-",22350,,"N","A","H","-","A","A","0","Y","A","01",0,0,1,0,0,0,0,0,0,"-","-","WOODLAND","YOLO","CA",0,0
"8109353",-121.7931946,38.6776051,2016,"5703","0","4","4","03",0,2,"A",,,,,,1800,7,"C","C","A","W MAIN ST","COTTONWOOD ST",31,"E","N","2016-08-29",5703,"2016-07-28",1633,"2070","52","5","4","0","0",,"0","002","-","N",,0,0,,,0,,,,"Y",5,"A","-",22350,,"N","A","H","-","A","A","0","Y","A","01",0,0,2,0,0,0,0,0,0,"-","-","WOODLAND","YOLO","CA",0,0
"8105975",-121.5265431,38.591165,2016,"5704","0","4","4","05",0,2,"A",,,,,,2400,6,"D","C","A","KEGLE DR","FREMONT BL",0,,"Y","2016-09-06",5704,"2016-06-30",2130,"06054",,"5","4","0","0",,"0","001","-","N",,0,0,,,0,,,,"Y",2,"A","-",21650,,"F","A","H","-","C","A","0","Y","A","01",0,0,2,0,0,0,0,0,0,"-","-","WEST SACRAMENTO","YOLO","CA",0,0
"8105434",-121.7565232,38.550785,2016,"5701","0","7","3","09",0,1,"A",,,,,,1200,8,"D","C","A","8TH ST","OESTE DR",0,,"Y","2016-08-26",5701,"2016-08-14",1122,"116","2","5","5","0","0",,"0","001","-","N",,0,0,,,0,,,,"Y",2,"A","-",21802,"A","N","A","H","-","A","A","0","Y","A","01",0,1,0,0,0,0,0,0,0,"-","-","DAVIS","YOLO","CA",-121.75649,38.55077
"8104857",-121.7351432,38.560585,2016,"5701","0","2","3","12",0,1,"A",,"Y",,,"Y",300,7,"H","G","A","CLAREMONT DR","L ST",0,,"Y","2016-08-24",5701,"2016-07-26",1,"122","5","5","5","0","0",,"0","002","-","N",,0,0,,,0,,,,"N",2,"A","-",22450,"A","N","A","H","-","C","A","0","Y","L","04",0,1,0,0,0,0,1,0,0,"-","-","DAVIS","YOLO","CA",-121.73516,38.56055
"8103037",0,0,2016,"5704","0","3","4","09",0,1,"A",,,"Y",,,1800,8,"D","C","A","LOCKS DR","MARINA GREENS DR",0,,"Y","2016-08-19",5704,"2016-08-03",1615,"00112",,"5","4","0","0",,"0","003","-","N",,0,0,,,0,,,,"N",2,"A","-",21801,"A","N","A","H","-","A","D","0","Y","A","01",0,0,1,0,0,0,0,0,1,"-","-","WEST SACRAMENTO","YOLO","CA",0,0
"8103033",-121.5429085,38.5796196,2016,"5704","0","1","3","09",0,1,"A",,,,,,2400,8,"D","C","A","WEST CAPITOL AV","PECAN ST",265,"W","N","2016-08-19",5704,"2016-08-08",2126,"00166",,"5","4","0","0",,"0","002","-","N",,0,0,,,0,,,,"N",2,"A","-",21801,"A","N","A","H","-","C","D","0","Y","A","07",0,1,0,0,0,0,0,0,0,"-","-","WEST SACRAMENTO","YOLO","CA",0,0
"8103029",-121.5248031,38.576185,2016,"5704","0","1","4","03",0,1,"A",,,,,"Y",300,8,"C","C","A","JEFFERSON BL","PARK BL",0,,"Y","2016-08-19",5704,"2016-08-15",257,"00163",,"5","4","0","0",,"0","002","-","N",,0,0,,,0,,,,"N",2,"A","-",22350,,"F","A","H","-","C","A","0","Y","A","07",0,0,1,0,0,0,0,0,0,"-","-","WEST SACRAMENTO","YOLO","CA",0,0
"8103021",-121.5334331,38.590255,2016,"5704","0","2","3","12",0,1,"A",,"Y",,,,1800,8,"D","G","A","TODHUNTER AV","SACRAMENTO AV",0,,"Y","2016-08-19",5704,"2016-08-09",1615,"06604",,"5","4","0","0",,"0","001","-","N",,0,0,,,0,,,,"N",2,"A","-",21453,"A","M","A","H","-","A","A","0","Y","L","04",0,1,0,0,0,0,1,0,0,"-","-","WEST SACRAMENTO","YOLO","CA",0,0
"8103017",-121.5305882,38.5791351,2016,"5704","0","1","4","04",0,1,"A",,,,,,1800,8,"C","C","A","MERKLEY AV","WESTACRE RD",10,"E","N","2016-08-19",5704,"2016-08-08",1550,"00117",,"5","4","0","0",,"0","002","-","N",,0,0,,,0,,,,"Y",2,"A","-",21703,,"N","A","H","-","A","A","0","Y","A","01",0,0,1,0,0,0,0,0,0,"-","-","WEST SACRAMENTO","YOLO","CA",0,0
"8102981",-121.7822442,38.6799907,2016,"5703","0","3","4","05",0,1,"A",,,,,,1500,7,"D","C","A","NORTH ST","GRAND AV",151,"E","N","2016-08-19",5703,"2016-07-27",1349,"2827","42","5","4","0","0",,"0","002","-","N",,0,0,,,0,,,,"Y",2,"A","-",21650,,"N","A","H","-","A","D","0","Y","A","01",0,0,1,0,0,0,0,0,0,"-","-","WOODLAND","YOLO","CA",0,0
"8102833",-121.7664606,38.6628719,2016,"5703","0","5","4","08",0,1,"A",,"Y",,,,2100,7,"D","G","A","GIBSON RD","EAST ST",225,"W","N","2016-08-22",5703,"2016-07-15",1901,"2927","15","5","4","0","0",,"0","004","-","N",,0,0,,,0,,,,"N",2,"A","-",22107,,"N","A","H","-","A","D","0","Y","D","22",0,0,1,0,0,0,1,0,0,"-","-","WOODLAND","YOLO","CA",0,0
"8102813",0,0,2016,"5704","0","5","4","03",0,1,"A",,,,,,1800,8,"C","C","A","LAKE WASHINGTON BL","SOUTHPORT PKWY",75,"W","N","2016-08-23",5704,"2016-08-12",1611,"157",,"5","4","0","0",,"0","B 3","-","N",,0,0,,,0,,,,"N",3,"A","-",22350,,"N","A","H","-","A","A","0","Y","A","01",0,0,1,0,0,0,0,0,0,"-","-","WEST SACRAMENTO","YOLO","CA",0,0
"8102287",-121.6950549,38.5240626,2016,"5701","0","1","3","08",0,1,"A",,,,,,600,7,"E","I","A","MACE BL","COWELL BL",40,"N","N","2016-08-11",5701,"2016-07-25",552,"110","9","5","5","0","0",,"0","004","-","N",,0,0,,,0,,,,"Y",1,"A","-",22107,,"N","A","H","-","A","A","0","Y","A","01",0,1,0,0,0,0,0,0,0,"-","-","DAVIS","YOLO","CA",-121.69447,38.55049
"8102188",0,0,2016,"5701","0","7","4","12",0,2,"A",,,,,,1200,7,"D","C","A","WEST COVELL BL","DELANI DR",0,,"Y","2016-08-11",5701,"2016-07-17",914,"121","1","5","5","0","0",,"0","001","-","N",,0,0,,,0,,,,"Y",2,"A","-",21453,"A","N","A","H","-","A","A","0","Y","A","01",0,0,2,0,0,0,0,0,0,"-","-","DAVIS","YOLO","CA",-121.7794,38.56102
"8102100",-121.9688932,38.521855,2016,"5702","0","2","3","00",0,1,"A","Y",,,,,2100,7,"G","B","B","EAST MAIN ST","RAILROAD AV",0,,"Y","2016-08-08",5702,"2016-07-19",1942,"522","A","5","2","0","0",,"0","00A","-","N",,0,0,,,0,,,,"N",2,"A","-",29150,"A","N","A","H","-","A","A","0","Y","-",,0,1,0,0,1,0,0,0,0,"-","-","WINTERS","YOLO","CA",0,0
"8098647",-121.771678,38.6774613,2016,"5703","0","2","4","03",0,1,"A",,,,,,1200,7,"C","C","A","MAIN ST","2ND ST",70,"E","N","2016-08-08",5703,"2016-07-12",1139,"832","12","5","4","0","0",,"0","001","-","N",,0,0,,,0,,,,"N",2,"A","-",22350,,"N","A","H","-","A","A","0","Y","A","07",0,0,1,0,0,0,0,0,0,"-","-","WOODLAND","YOLO","CA",0,0
"8097357",-121.7585415,38.559361,2016,"5701","0","1","3","08",0,1,"A",,"Y",,,,1500,4,"H","G","A","ANDERSON RD","HANOVER DR",75,"N","N","2016-08-19",5701,"2016-04-11",1428,"44","3","5","5","0","0",,"0","001","-","N",,0,0,,,0,,,,"N",2,"A","-",22107,,"N","A","H","-","A","D","0","Y","L","04",0,1,0,0,0,0,1,0,0,"-","-","DAVIS","YOLO","CA",-121.75857,38.56087
"8097301",0,0,2016,"5701","0","1","3","03",0,1,"A",,,,,,1800,2,"B","E","A","CRANBROOK CT","J ST",39,"E","N","2016-08-19",5701,"2016-02-15",1710,"92","5","5","5","0","0",,"0","002","-","N",,0,0,,,0,,,,"Y",2,"A","-",22350,,"N","A","H","-","A","A","0","Y","A","01",0,1,0,0,0,0,0,0,0,"-","-","DAVIS","YOLO","CA",-121.73875,38.55952
"8097285",-121.7527132,38.5507251,2016,"5701","0","4","4","09",0,1,"A",,,,,,1500,3,"D","C","A","WEST 8TH ST","OAK AV",0,,"Y","2016-08-19",5701,"2016-03-24",1229,"91","4","5","5","0","0",,"0","002","-","N",,0,0,,,0,,,,"N",2,"A","-",21453,"B","N","A","H","-","A","A","0","Y","A","01",0,0,1,0,0,0,0,0,0,"-","-","DAVIS","YOLO","CA",-121.75273,38.55072
"8094886",-121.5581932,38.578695,2016,"5704","0","6","4","03",0,1,"A",,,"Y",,,1500,7,"E","I","A","WEST CAPITOL AV","GRAND AV",0,,"Y","2016-08-04",5704,"2016-07-23",1317,"06062",,"5","4","0","0",,"0","001","-","N",,0,0,,,0,,,,"Y",1,"A","-",22350,,"N","A","H","-","A","A","0","Y","C","02",0,0,1,0,0,0,0,0,1,"-","-","WEST SACRAMENTO","YOLO","CA",0,0
"8094882",-121.5301632,38.5934751,2016,"5704","0","7","4","10",0,1,"A","Y",,,,,2100,7,"G","B","B","FOURNESS DR","MORSE CT",0,,"Y","2016-08-04",5704,"2016-07-17",2054,"00163",,"5","4","0","0",,"0",,"-","N",,0,0,,,0,,,,"N",2,"A","-",21950,"A","N","A","H","-","B","D","0","Y","A","01",0,0,1,0,1,0,0,0,0,"-","-","WEST SACRAMENTO","YOLO","CA",0,0
"8093511",-121.545713,38.5930218,2016,"5704","0","4","2","00",0,3,"A",,,,,,900,7,"E","I","A","HARBOR BL","REED AV",550,"N","N","2016-09-27",5704,"2016-07-21",857,"06072",,"5","4","0","0",,"0","001","-","N",,0,0,,,0,,,,"N",1,"A","-",23103,"A","N","A","G","-","A","A","0","Y","A","01",2,1,0,0,0,0,0,0,0,"-","-","WEST SACRAMENTO","YOLO","CA",0,0
"8093184",-121.5133831,38.5862151,2016,"5704","0","2","4","09",0,2,"A",,,,,,2400,7,"B","C","A","5TH ST","E ST",0,,"Y","2016-07-28",5704,"2016-07-19",2104,"00107",,"5","4","0","0",,"0","001","-","N",,0,0,,,0,,,,"N",2,"A","-",21802,"B","N","A","H","-","C","D","0","Y","A","01",0,0,2,0,0,0,0,0,0,"-","-","WEST SACRAMENTO","YOLO","CA",0,0
"8093172",-121.5370047,38.5777649,2016,"5704","0","3","4","09",0,1,"A",,"Y",,,,2100,7,"D","G","A","SYCAMORE AV","PROCTOR AV",40,"N","N","2016-11-28",5704,"2016-07-20",1929,"00117",,"5","4","0","0",,"0","002","-","N",,0,0,,,0,,,,"N",2,"A","-",21804,"A","N","A","H","-","A","D","0","Y","L","04",0,0,1,0,0,0,1,0,0,"-","-","WEST SACRAMENTO","YOLO","CA",0,0
"8093099",-121.5486302,38.5804735,2016,"5704","0","2","2","11",0,1,"A","Y",,,"Y","Y",1500,7,"G","B","D","HARBOR BL","WEST CAPITOL AV",450,"N","N","2016-07-29",5704,"2016-07-05",1259,"00158",,"5","4","0","0",,"0","002","-","N",,0,0,,,0,,,,"N",2,"A","-",21955,,"N","A","H","-","A","A","0","Y","N","60",1,0,0,0,1,0,0,0,0,"-","-","WEST SACRAMENTO","YOLO","CA",0,0