"CASEID","POINT_X","POINT_Y","YEAR_","LOCATION","CHPTYPE","DAYWEEK","CRASHSEV","VIOLCAT","KILLED","INJURED","WEATHER1","PEDCOL","BICCOL","MCCOL","TRUCKCOL","ETOH","TIMECAT","MONTH_","CRASHTYP","INVOLVE","PED","PRIMARYRD","SECONDRD","DISTANCE","DIRECT","INTERSECT_","PROCDATE","JURIS","DATE_","TIME_","BADGE","JURIDIST","SHIFT","POP","SPECIAL","BEATTYPE","LAPDDIV","BEATCLAS","BEATNUMB","WEATHER2","STATEHW","CALTRANC","CALTRAND","STROUTE","ROUTESUF","POSTPRE","POSTMILE","LOCATYPE","RAMP","SIDEHW","TOWAWAY","PARTIES","PCF","VIOLCODE","VIOL","VIOLSUB","HITRUN","ROADSURF","RDCOND1","RDCOND2","LIGHTING","RIGHTWAY","CHPRDTYP","NOTPRIV","STFAULT","CHPFAULT","SEVINJ","OTHERINJ","COP","PEDKILL","PEDINJ","BICKILL","BICINJ","MCKILL","MCINJURE","RAMP1","RAMP2","CITY","COUNTY","STATE","X_CHP","Y_CHP"
"8093095",-121.5785015,38.5709489,2016,"5704","0","3","4","17",0,1,"A",,,,,,2100,7,"B","C","A","ENTERPRISE BL","INDUSTRIAL BL",300,"N","N","2016-07-29",5704,"2016-07-20",1942,"00112",,"5","4","0","0",,"0","002","-","N",,0,0,,,0,,,,"Y",2,"A","-",21461,"A","N","A","H","-","A","A","0","Y","A","01",0,0,1,0,0,0,0,0,0,"-","-","WEST SACRAMENTO","YOLO","CA",0,0
"8093083",-121.5441931,38.5749451,2016,"5704","0","6","4","12",0,1,"A",,,,,,1800,7,"D","C","A","HARBOR BL","RT 80",0,,"Y","2017-02-28",5704,"2016-07-16",1530,"06018",,"5","4","0","0",,"0","002","-","Y","YOL",3,50,"-","-",1.342,"R","4","E","Y",2,"A","-",21453,"A","N","A","H","-","A","A","0","Y","D","22",0,0,1,0,0,0,0,0,0,"-","EO","WEST SACRAMENTO","YOLO","CA",0,0
"8092959",-121.746688,38.6844949,2016,"5703","0","1","3","05",0,2,"A",,,,,,2100,7,"E","I","A","E BEAMER ST","PIONEER AV",50,"E","N","2016-07-28",5703,"2016-07-11",1809,"2808","43","5","4","0","0",,"0","001","-","N",,0,0,,,0,,,,"Y",1,"A","-",21650,,"N","A","H","-","A","A","0","Y","A","01",0,1,1,0,0,0,0,0,0,"-","-","WOODLAND","YOLO","CA",0,0
"8092939",-121.7608631,38.6751851,2016,"5703","0","7","4","09",0,1,"A",,,,,,1500,7,"D","C","A","THOMAS ST","COLFAX DR",0,,"Y","2016-11-28",5703,"2016-07-03",1449,"2840","11","5","4","0","0",,"0","001","-","N",,0,0,,,0,,,,"N",2,"A","-",21804,"A","N","A","H","-","A","D","0","Y","A","01",0,0,1,0,0,0,0,0,0,"-","-","WOODLAND","YOLO","CA",0,0
"8092935",-121.7705931,38.679925,2016,"5703","0","6","4","09",0,1,"A",,,,,,900,7,"D","C","A","3RD ST","NORTH ST",0,,"Y","2016-07-28",5703,"2016-07-09",753,"2850","22","5","4","0","0",,"0","001","-","N",,0,0,,,0,,,,"Y",2,"A","-",21802,"A","N","A","H","-","A","A","0","Y","A","01",0,0,1,0,0,0,0,0,0,"-","-","WOODLAND","YOLO","CA",0,0
"8092767",-121.5263931,38.582915,2016,"5704","0","4","3","07",0,1,"A",,"Y",,,,900,7,"B","G","A","JEFFERSON BL","MICHIGAN BL",0,,"Y","2016-07-27",5704,"2016-07-14",625,"00158",,"5","4","0","0",,"0","001","-","N",,0,0,,,0,,,,"N",2,"A","-",21658,"A","F","A","H","-","A","A","0","Y","A","01",0,1,0,0,0,0,1,0,0,"-","-","WEST SACRAMENTO","YOLO","CA",0,0
"8092763",-121.5382188,38.5941215,2016,"5704","0","7","4","03",0,1,"A",,,,,"Y",300,7,"E","E","A","BRYTE AV","ANNA ST",14,"N","N","2016-07-27",5704,"2016-07-10",44,"06051",,"5","4","0","0",,"0",,"-","N",,0,0,,,0,,,,"N",2,"A","-",22350,,"F","A","H","-","D","D","0","Y","A","01",0,0,1,0,0,0,0,0,0,"-","-","WEST SACRAMENTO","YOLO","CA",0,0
"8092665",0,0,2016,"5703","0","2","4","09",0,1,"A",,,,,,1800,7,"D","C","A","COUNTY ROAD 102","BRONZE STAR DR",0,,"Y","2016-07-29",5703,"2016-07-12",1529,"2881","71","5","4","0","0",,"0","004","-","N",,0,0,,,0,,,,"Y",2,"A","-",21804,"A","N","A","H","-","A","A","0","Y","E","22",0,0,1,0,0,0,0,0,0,"-","-","WOODLAND","YOLO","CA",0,0
"8092662",-121.523513,38.571325,2016,"5704","0","1","3","03",0,1,"A",,,"Y",,,1500,6,"E","I","A","JEFFERSON BL","15TH ST",0,,"Y","2016-07-28",5704,"2016-06-13",1410,"00158",,"5","4","0","0",,"0","002","-","N",,0,0,,,0,,,,"N",1,"A","-",22350,,"N","A","B","H","A","A","0","Y","C","02",0,1,0,0,0,0,0,0,1,"-","-","WEST SACRAMENTO","YOLO","CA",0,0
"8092661",0,0,2016,"5703","0","5","4","03",0,1,"A",,,,,,2100,7,"C","C","A","EAST GIBSON RD","COUNTY FAIR MALL DR",24,"W","N","2016-11-28",5703,"2016-07-08",1817,"2059","15","5","4","0","0",,"0","004","-","N",,0,0,,,0,,,,"N",3,"A","-",22350,,"N","A","H","-","A","A","0","Y","D","22",0,0,1,0,0,0,0,0,0,"-","-","WOODLAND","YOLO","CA",0,0
"8092650",-121.5319338,38.5558678,2016,"5704","0","2","3","08",0,2,"A",,,,,,2100,6,"B","C","A","GATEWAY DR","JEFFERSON BL",399,"E","N","2016-07-28",5704,"2016-06-21",1958,"06051",,"5","4","0","0",,"0",,"-","N",,0,0,,,0,,,,"Y",2,"A","-",22107,,"N","A","H","-","A","D","0","Y","A","01",0,1,1,0,0,0,0,0,0,"-","-","WEST SACRAMENTO","YOLO","CA",0,0
"8091135",-121.7366332,38.548105,2016,"5701","0","1","3","09",0,2,"A",,,,,,1500,7,"D","C","A","5TH ST","J ST",0,,"Y","2016-07-28",5701,"2016-07-11",1202,"83","5","5","5","0","0",,"0","002","-","N",,0,0,,,0,,,,"Y",2,"A","-",21802,"A","N","A","H","-","A","A","0","Y","A","01",0,1,1,0,0,0,0,0,0,"-","-","DAVIS","YOLO","CA",-121.73663,38.54808
"8091131",-121.7577541,38.5620951,2016,"5701","0","7","3","03",0,1,"A",,"Y",,,,1800,7,"H","A","A","ALVARADO AV","ANDERSON RD",300,"E","N","2016-07-28",5701,"2016-07-17",1534,"44","3","5","5","0","0",,"0","001","-","N",,0,0,,,0,,,,"N",1,"A","-",22350,,"N","A","H","-","A","D","0","Y","L","04",0,1,0,0,0,0,1,0,0,"-","-","DAVIS","YOLO","CA",-121.75858,38.56268
"8091127",-121.7705532,38.546465,2016,"5701","0","3","4","12",0,1,"A",,"Y",,,,1200,7,"H","G","A","RUSSELL BL","ARTHUR ST",0,,"Y","2016-07-28",5701,"2016-07-20",1029,"83","1","5","5","0","0",,"0","001","-","N",,0,0,,,0,,,,"N",2,"A","-",21453,"A","N","A","H","-","A","A","0","Y","A","01",0,0,1,0,0,0,1,0,0,"-","-","DAVIS","YOLO","CA",-121.77007,38.54671
"8091100",-121.7439531,38.541345,2016,"5701","0","4","4","09",0,1,"A",,"Y",,,,1200,6,"H","G","A","B ST","1ST ST",0,,"Y","2016-07-28",5701,"2016-06-02",1157,"91","4","5","5","0","0",,"0","002","-","N",,0,0,,,0,,,,"N",2,"A","-",21802,"A","N","A","H","-","A","A","0","Y","A","08",0,0,1,0,0,0,1,0,0,"-","-","DAVIS","YOLO","CA",-121.74399,38.54136
"8091096",-121.7170934,38.5486176,2016,"5701","0","2","4","09",0,1,"A",,"Y",,,,900,6,"D","C","A","2ND ST","PENA DR",450,"W","N","2016-07-28",5701,"2016-06-28",734,"100","7","5","5","0","0",,"0","003","-","N",,0,0,,,0,,,,"N",2,"A","-",21801,"A","N","A","H","-","A","D","0","Y","A","01",0,0,1,0,0,0,1,0,0,"-","-","DAVIS","YOLO","CA",0,0
"8091092",-121.6951788,38.5564228,2016,"5701","0","1","3","00",0,1,"A",,,,,,2100,6,"C","C","A","2ND ST","MACE BL",300,"W","N","2016-07-28",5701,"2016-06-20",1933,"71","7","5","5","0","0",,"0","003","-","N",,0,0,,,0,,,,"N",2,"A","-",23150,,"N","A","H","-","A","D","0","Y","A","01",0,1,0,0,0,0,0,0,0,"-","-","DAVIS","YOLO","CA",-121.6942,38.55657
"8091084",-121.6995431,38.5478651,2016,"5701","0","2","3","09",0,1,"A",,"Y",,,,900,6,"H","G","A","ENSENADA DR","COWELL BL",0,,"Y","2016-07-28",5701,"2016-06-07",842,"91","9","5","5","0","0",,"0","004","-","N",,0,0,,,0,,,,"N",2,"A","-",21801,"A","N","A","H","-","A","A","0","Y","A","01",0,1,0,0,0,0,1,0,0,"-","-","DAVIS","YOLO","CA",-121.69955,38.54787
"8091073",-121.7447712,38.5607843,2016,"5701","0","3","4","03",0,1,"A",,,,,,1500,7,"C","C","A","WEST COVELL BL","F ST",12,"E","N","2016-07-29",5701,"2016-07-20",1210,"83","3","5","5","0","0",,"0","001","-","N",,0,0,,,0,,,,"N",3,"A","-",22350,,"N","A","H","-","A","A","0","Y","D","22",0,0,1,0,0,0,0,0,0,"-","-","DAVIS","YOLO","CA",-121.74482,38.56078
"8086717",-121.5331031,38.556455,2016,"5704","0","4","4","12",0,4,"A",,,,,,1500,7,"D","C","A","JEFFERSON BL","DEVON AV",0,,"Y","2016-07-19",5704,"2016-07-07",1342,"00173",,"5","4","0","0",,"0","003","-","N",,0,0,,,0,,,,"Y",2,"A","-",21453,"A","N","A","H","-","A","A","0","Y","A","07",0,0,4,0,0,0,0,0,0,"-","-","WEST SACRAMENTO","YOLO","CA",0,0
"8086138",-121.7407932,38.6744751,2016,"5703","0","6","4","03",0,1,"A",,,,,,1800,6,"C","C","A","EAST MAIN ST","RT 5",0,,"Y","2017-02-18",5703,"2016-06-25",1533,"2002","31","5","4","0","0",,"0","001","-","Y","YOL",3,5,"-","-",6.238,"R","4","N","Y",3,"A","-",22350,,"N","A","H","-","A","A","0","Y","A","01",0,0,1,0,0,0,0,0,0,"-","-","WOODLAND","YOLO","CA",0,0
"8085635",-121.7979132,38.6816151,2016,"5703","0","5","4","09",0,2,"A",,,,,,2100,6,"C","C","A","ASHLEY AV","PORTER ST",0,,"Y","2016-08-04",5703,"2016-06-24",2000,"2806","82","5","4","0","0",,"0","002","-","N",,0,0,,,0,,,,"N",2,"A","-",21801,"A","N","A","H","-","A","-","0","Y","A","01",0,0,2,0,0,0,0,0,0,"-","-","WOODLAND","YOLO","CA",0,0
"8083360",-121.7676632,38.5558151,2016,"5701","0","4","4","09",0,1,"A",,"Y",,,,1200,6,"H","G","A","RT 113","COVELL BL",0,,"Y","2017-02-11",5701,"2016-06-23",1130,"105","1","5","5","0","0",,"0","001","-","Y","YOL",3,113,"-","R",1.896,"R","1","N","N",2,"A","-",21453,"B","N","A","H","-","A","A","0","Y","A","07",0,0,1,0,0,0,1,0,0,"-","-","DAVIS","YOLO","CA",-121.74052,38.54491
"8081209",-121.7774932,38.546955,2016,"5701","0","6","4","09",0,1,"A",,,,,,1800,5,"D","C","A","ARLINGTON BL","RUSSELL BL",0,,"Y","2016-08-12",5701,"2016-05-28",1758,"119","1","5","5","0","0",,"0","001","-","N",,0,0,,,0,,,,"Y",2,"A","-",21801,"A","N","A","H","-","A","D","0","Y","A","01",0,0,1,0,0,0,0,0,0,"-","-","DAVIS","YOLO","CA",-121.77058,38.5465
"8081143",0,0,2016,"5704","0","6","3","08",0,6,"A",,,,,,2100,7,"A","C","A","LIGHTHOUSE DR","A ST",10,"N","N","2016-08-05",5704,"2016-07-30",2028,"06062",,"5","4","0","0",,"0","001","-","N",,0,0,,,0,,,,"Y",2,"A","-",22107,,"N","A","H","-","B","D","0","Y","D","22",0,2,4,0,0,0,0,0,0,"-","-","WEST SACRAMENTO","YOLO","CA",0,0
"8081147",-121.5316026,38.5557712,2016,"5704","0","1","3","03",0,2,"A",,,,,,900,7,"C","C","A","GATEWAY DR","JEFFERSON",500,"E","N","2016-08-05",5704,"2016-07-25",731,"00137","WSPD","5","4","0","0",,"0","003","-","N",,0,0,,,0,,,,"Y",2,"A","-",22350,,"N","A","H","-","A","D","0","Y","A","01",0,1,1,0,0,0,0,0,0,"-","-","WEST SACRAMENTO","YOLO","CA",0,0
"8081139",-121.5487031,38.5792451,2016,"5704","0","5","4","05",0,1,"A",,"Y",,,,1800,7,"D","G","A","HARBOR BL","WEST CAPITOL AV",0,,"Y","2016-08-05",5704,"2016-07-29",1600,"06062",,"5","4","0","0",,"0","002","-","N",,0,0,,,0,,,,"N",2,"A","-",21650,"1","N","A","H","-","A","D","0","Y","L","04",0,0,1,0,0,0,1,0,0,"-","-","WEST SACRAMENTO","YOLO","CA",0,0
"8077622",0,0,2016,"5704","0","4","4","17",0,1,"A",,"Y",,,,2100,6,"B","G","A","LAKE WASHINGTON BL","SILVERADO ST",70,"W","N","2016-07-01",5704,"2016-06-23",1823,"00108",,"5","4","0","0",,"0","003","-","N",,0,0,,,0,,,,"N",2,"A","-",21208,"B","N","A","H","-","A","D","0","Y","L","04",0,0,1,0,0,0,1,0,0,"-","-","WEST SACRAMENTO","YOLO","CA",0,0
"8077618",-121.5269672,38.5807245,2016,"5704","0","3","4","18",0,1,"A",,,,,,1500,6,"E","I","A","WEST CAPITOL AV","JEFFERSON BL",65,"W","N","2016-07-08",5704,"2016-06-22",1423,"00173",,"5","4","0","0",,"0","002","-","N",,0,0,,,0,,,,"Y",1,"C","-",0,,"N","A","H","-","A","A","0","Y","-","-",0,0,1,0,0,0,0,0,0,"-","-","WEST SACRAMENTO","YOLO","CA",0,0
"8077614",-121.5306631,38.5804551,2016,"5704","0","7","4","12",0,1,"A",,,,,,900,6,"D","C","A","WEST CAPITOL AV","WESTACRE RD",0,,"Y","2016-07-01",5704,"2016-06-19",826,"06052","WSPD","5","4","0","0",,"0","002","-","N",,0,0,,,0,,,,"Y",2,"A","-",21453,"A","N","A","H","-","A","A","0","Y","A","01",0,0,1,0,0,0,0,0,0,"-","-","WEST SACRAMENTO","YOLO","CA",0,0
"8077610",-121.5523431,38.5919351,2016,"5704","0","5","4","03",0,1,"A",,,"Y",,,1800,6,"F","A","A","REED AV","RT 80",0,,"Y","2016-07-05",5704,"2016-06-24",1554,"00173",,"5","4","0","0",,"0","001","-","N",,0,0,,,0,,,,"Y",1,"A","-",22350,,"N","A","H","-","A","A","0","Y","C","02",0,0,1,0,0,0,0,0,1,"-","EO","WEST SACRAMENTO","YOLO","CA",0,0
"8077466",-121.7611109,38.6683251,2016,"5703","0","2","3","03",0,2,"A",,,,,,1800,6,"C","C","A","E GUM AV","THOMAS ST",45,"W","N","2016-08-03",5703,"2016-06-14",1740,"2806","13","5","4","0","0",,"0","004","-","N",,0,0,,,0,,,,"N",4,"A","-",22350,,"N","A","H","-","A","A","0","Y","A","01",0,1,1,0,0,0,0,0,0,"-","-","WOODLAND","YOLO","CA",0,0
"8076793",-121.7463432,38.5506851,2016,"5701","0","2","4","00",0,1,"A",,,,,,1500,5,"D","C","A","B ST","8TH ST",0,,"Y","2016-07-13",5701,"2016-05-31",1425,"94","4","5","5","0","0",,"0","002","-","N",,0,0,,,0,,,,"Y",2,"D","-",0,,"N","A","H","-","A","A","0","Y","-","-",0,0,1,0,0,0,0,0,0,"-","-","DAVIS","YOLO","CA",-121.74635,38.55067
"8076439",0,0,2016,"5703","0","7","4","07",0,1,"A",,,,,,1200,6,"E","I","A","EAST GIBSON RD","TONY DIAZ RD",36,"E","N","2016-07-11",5703,"2016-06-05",1120,"2039","73","5","4","0","0",,"0","004","-","N",,0,0,,,0,,,,"Y",1,"A","-",21658,"A","N","A","H","-","A","D","0","Y","A","01",0,0,1,0,0,0,0,0,0,"-","-","WOODLAND","YOLO","CA",0,0
"8075922",0,0,2016,"5704","0","4","3","03",0,2,"A",,,,,,1800,6,"C","C","A","TOWER BRIDGE GATEWAY","5TH ST",0,,"Y","2016-07-13",5704,"2016-06-30",1550,"00158",,"5","4","0","0",,"0","002","-","N",,0,0,,,0,,,,"N",2,"A","-",22350,,"N","A","H","-","A","A","0","Y","A","01",0,1,1,0,0,0,0,0,0,"-","-","WEST SACRAMENTO","YOLO","CA",0,0
"8074701",-121.9644332,38.526245,2016,"5702","0","3","4","09",0,1,"A",,,,,,1200,6,"D","C","A","MORGAN ST","E BAKER ST",0,,"Y","2016-07-06",5702,"2016-06-22",1021,"539","5702","5","2","0","0",,"0","00B","-","N",,0,0,,,0,,,,"Y",2,"A","-",21802,"A","N","A","H","-","A","D","0","Y","-",,0,0,1,0,0,0,0,0,0,"-","-","WINTERS","YOLO","CA",0,0
"8073871",-121.7448657,38.560786,2016,"5701","0","3","4","03",0,1,"A",,,,,,1500,7,"C","C","A","COVELL BL","F ST",15,"W","N","2016-08-09",5701,"2016-07-20",1225,"118","4","5","5","0","0",,"0","002","-","N",,0,0,,,0,,,,"N",2,"A","-",22350,,"N","A","H","-","A","A","0","Y","A","01",0,0,1,0,0,0,0,0,0,"-","-","DAVIS","YOLO","CA",-121.74317,38.55807
"8073085",0,0,2016,"5701","0","7","4","00",0,1,"A",,,,,,2100,5,"A","J","A","ALVARADO AV","ALABAMA AV 531",0,,"-","2016-07-05",5701,"2016-05-01",1930,"71","3","5","5","0","0",,"0","001","-","N",,0,0,,,0,,,,"N",1,"A","-",22350,"A","M","A","H","-","A","D","0","Y","A","07",0,0,1,0,0,0,0,0,0,"-","-","DAVIS","YOLO","CA",-121.75327,38.56566
"8073075",-121.7098774,38.5641994,2016,"5701","0","6","4","12",0,1,"A",,,,,,1200,5,"E","I","A","EAST COVELL BL","ALHAMBRA BL",96,"W","N","2016-06-30",5701,"2016-05-21",946,"27","7","5","5","0","0",,"0","003","-","N",,0,0,,,0,,,,"N",1,"A","-",21453,"A","N","A","H","-","A","A","0","Y","A","01",0,0,1,0,0,0,0,0,0,"-","-","DAVIS","YOLO","CA",-121.70949,38.56419
"8073074",-121.7337331,38.5458949,2016,"5701","0","6","3","09",0,1,"A",,"Y",,,,1200,5,"G","B","A","L ST","3RD ST",0,,"Y","2016-06-30",5701,"2016-05-28",917,"116","5","5","5","0","0",,"0","002","-","N",,0,0,,,0,,,,"N",2,"A","-",21802,"A","N","A","H","-","A","A","0","Y","A","01",0,1,0,0,0,0,1,0,0,"-","-","DAVIS","YOLO","CA",-121.73373,38.54589
"8073072",-121.6941927,38.5617891,2016,"5701","0","6","4","05",0,1,"A",,,,,,1500,5,"D","C","A","MACE BL","COUNTY ROAD 104",370,"S","N","2016-06-30",5701,"2016-05-07",1420,"105","7","5","5","0","0",,"0","003","-","N",,0,0,,,0,,,,"Y",2,"A","-",21651,"A","N","A","H","-","A","D","0","Y","A","01",0,0,1,0,0,0,0,0,0,"-","-","DAVIS","YOLO","CA",-121.69505,38.52413
"8073073",0,0,2016,"5701","0","7","4","03",0,1,"A",,,,,,1200,5,"E","I","A","G ST","G ST 301",60,"W","N","2016-06-30",5701,"2016-05-15",1105,"120","4","5","5","0","0",,"0","002","-","N",,0,0,,,0,,,,"Y",2,"A","-",22350,,"N","A","H","-","A","A","0","Y","A","08",0,0,1,0,0,0,0,0,0,"-","-","DAVIS","YOLO","CA",-121.73889,38.54363
"8073001",-121.7287731,38.551955,2016,"5701","0","7","3","01",0,1,"A",,,,,"Y",1500,5,"D","E","A","LEHIGH DR","ADELINE PL",0,,"Y","2016-07-01",5701,"2016-05-15",1345,"120","5","5","5","0","0",,"0","002","-","N",,0,0,,,0,,,,"N",3,"A","-",23152,"A","N","A","H","-","A","D","0","Y","A","01",0,1,0,0,0,0,0,0,0,"-","-","DAVIS","YOLO","CA",-121.729,38.55172
"8072860",-121.7549755,38.546362,2016,"5701","0","7","3","03",0,1,"A",,"Y",,,,1800,6,"H","G","A","RUSSELL BL","ELM LN",211,"E","N","2016-07-06",5701,"2016-06-12",1620,"83","4","5","5","0","0",,"0","002","-","N",,0,0,,,0,,,,"N",2,"A","-",22350,,"N","A","H","-","A","A","0","Y","A","01",0,1,0,0,0,0,1,0,0,"-","-","DAVIS","YOLO","CA",-121.7528,38.54618
"8072859",-121.7501832,38.550695,2016,"5701","0","4","4","09",0,1,"A",,"Y",,,,1200,6,"H","G","A","W 8TH ST","EUREKA AV",0,,"Y","2016-07-06",5701,"2016-06-02",953,"91","4","5","5","0","0",,"0","002","-","N",,0,0,,,0,,,,"N",2,"A","-",21802,"A","N","A","H","-","A","A","0","Y","L","04",0,0,1,0,0,0,1,0,0,"-","-","DAVIS","YOLO","CA",-121.75273,38.55072
"8072857",-121.7399132,38.554575,2016,"5701","0","4","3","03",0,1,"A",,"Y",,,"Y",300,6,"H","J","A","J ST","ALICE ST",0,,"Y","2016-07-06",5701,"2016-06-02",138,"112","5","5","5","0","0",,"0","002","F","N",,0,0,,,0,,,,"N",1,"A","-",22350,,"N","A","H","-","C","D","0","Y","L","04",0,1,0,0,0,0,1,0,0,"-","-","DAVIS","YOLO","CA",-121.73991,38.55459
"8072858",-121.7454746,38.550764,2016,"5701","0","7","4","03",0,1,"A",,"Y",,,,1200,6,"H","G","A","E 8TH ST","B ST",250,"E","N","2016-07-06",5701,"2016-06-05",958,"121","4","5","5","0","0",,"0","002","-","N",,0,0,,,0,,,,"N",2,"A","-",22350,,"N","A","H","-","A","D","0","Y","L","04",0,0,1,0,0,0,1,0,0,"-","-","DAVIS","YOLO","CA",-121.74635,38.55067
"8069071",-121.7407932,38.6744751,2016,"5703","0","1","4","03",0,1,"A",,,,,,1800,6,"C","C","A","EAST MAIN ST","PIONEER AV",528,"E","N","2017-02-18",5703,"2016-06-06",1524,"2882","61","5","4","0","0",,"0","004","-","Y","YOL",3,5,"-","-",6.238,"R","4","N","N",2,"A","-",22350,,"N","A","H","-","A","A","0","Y","A","01",0,0,1,0,0,0,0,0,0,"-","-","WOODLAND","YOLO","CA",0,0
"8069068",-121.5486631,38.576925,2016,"5704","0","5","4","12",0,1,"A",,"Y",,,,2400,6,"D","G","A","EVERGREEN AV","HARBOR BL",0,,"Y","2016-06-29",5704,"2016-06-17",2232,"00142",,"5","4","0","0",,"0","002","-","N",,0,0,,,0,,,,"N",2,"A","-",21453,"A","N","A","H","-","D","A","0","Y","L","04",0,0,1,0,0,0,1,0,0,"-","-","WEST SACRAMENTO","YOLO","CA",0,0
"8069067",-121.7423554,38.665509,2016,"5703","0","1","2","08",0,1,"A",,"Y",,,,1500,6,"B","G","A","PIONEER AV","BRENNEN DR",300,"N","N","2016-06-29",5703,"2016-06-13",1205,"2856","53","5","4","0","0",,"0","004","-","N",,0,0,,,0,,,,"N",2,"A","-",22107,,"N","A","H","-","A","D","0","Y","L","04",1,0,0,0,0,0,1,0,0,"-","-","WOODLAND","YOLO","CA",0,0
"8069064",-121.5258201,38.5669565,2016,"5704","0","3","2","09",0,1,"A",,,"Y",,,1800,6,"D","C","A","JEFFERSON BL","VERMONT AV",150,"S","N","2016-06-29",5704,"2016-06-15",1625,"00165",,"5","4","0","0",,"0","002","-","N",,0,0,,,0,,,,"Y",2,"A","-",21804,"A","N","A","H","-","A","D","0","Y","A","01",1,0,0,0,0,0,0,0,1,"-","-","WEST SACRAMENTO","YOLO","CA",0,0
"8069060",0,0,2016,"5704","0","3","4","03",0,1,"A",,,,,,1800,6,"C","C","A","JEFFERSON BL","LOCKS DR",0,,"Y","2016-06-29",5704,"2016-06-15",1718,"00170",,"5","4","0","0",,"0","003","-","N",,0,0,,,0,,,,"N",2,"A","-",22350,,"N","A","H","-","A","A","0","Y","A","01",0,0,1,0,0,0,0,0,0,"-","-","WEST SACRAMENTO","YOLO","CA",0,0
"8069037",-121.7840332,38.677515,2016,"5703","0","5","4","12",0,1,"A",,,,,,2100,5,"-","C","A","WEST ST","WEST MAIN ST",0,,"Y","2016-07-11",5703,"2016-05-13",1803,"2826","32","5","4","0","0",,"0","003","-","N",,0,0,,,0,,,,"Y",2,"A","-",21453,"A","N","A","-","-","A","A","0","Y","-","-",0,0,1,0,0,0,0,0,0,"-","-","WOODLAND","YOLO","CA",0,0
"8069009",-121.5249801,38.5764181,2016,"5704","0","1","4","04",0,2,"A",,,,,,1500,6,"C","C","A","JEFFERSON BL","PARK BL",100,"N","N","2016-06-29",5704,"2016-06-13",1415,"165",,"5","4","0","0",,"0","002","-","N",,0,0,,,0,,,,"Y",2,"A","-",21703,,"N","A","H","-","A","D","0","Y","D","22",0,0,2,0,0,0,0,0,0,"-","-","WEST SACRAMENTO","YOLO","CA",0,0
"8068997",-121.5371023,38.5906377,2016,"5704","0","1","4","09",0,2,"A",,,,,,1800,6,"D","C","A","SACRAMENTO AV","BRYTE AV",75,"W","N","2016-06-29",5704,"2016-06-13",1615,"165",,"5","4","0","0",,"0","001","-","N",,0,0,,,0,,,,"Y",2,"A","-",21801,"A","N","A","H","-","A","A","0","Y","E","22",0,0,2,0,0,0,0,0,0,"-","-","WEST SACRAMENTO","YOLO","CA",0,0
"8068970",0,0,2016,"5703","0","5","4","03",0,1,"A",,,,"Y",,2100,6,"C","C","A","EAST GIBSON RD","COUNTY FAIR MALL",256,"W","N","2016-07-07",5703,"2016-06-03",1838,"2002","14","5","4","0","0",,"0","004","-","N",,0,0,,,0,,,,"N",3,"A","-",22350,,"N","A","H","-","A","A","0","Y","A","01",0,0,1,0,0,0,0,0,0,"-","-","WOODLAND","YOLO","CA",0,0
"8068968",-121.7650857,38.6773551,2016,"5703","0","3","3","11",0,1,"A","Y",,,,,1800,5,"D","B","D","EAST MAIN ST","EAST ST",108,"E","N","2016-07-12",5703,"2016-05-11",1745,"2826","11","5","4","0","0",,"0","001","-","N",,0,0,,,0,,,,"N",2,"A","-",21954,"A","N","A","H","-","A","-","0","Y","N","60",0,1,0,0,1,0,0,0,0,"-","-","WOODLAND","YOLO","CA",0,0
"8063584",-121.7664606,38.6628719,2016,"5703","0","2","4","03",0,1,"A",,,,,,1500,5,"C","C","A","GIBSON RD","EAST ST",225,"W","N","2016-06-16",5703,"2016-05-24",1455,"832","16","5","4","0","0",,"0","004","-","N",,0,0,,,0,,,,"N",2,"A","-",22350,,"N","A","H","-","A","A","0","Y","A","08",0,0,1,0,0,0,0,0,0,"-","-","WOODLAND","YOLO","CA",0,0
"8063507",-121.760507,38.6773851,2016,"5703","0","7","4","03",0,1,"A",,,,,,1800,4,"C","C","A","EAST MAIN ST","THOMAS ST",56,"E","N","2016-06-22",5703,"2016-04-24",1615,"2831","11","5","4","0","0",,"0","001","-","N",,0,0,,,0,,,,"Y",2,"A","-",22350,,"N","A","H","-","A","A","0","Y","I","12",0,0,1,0,0,0,0,0,0,"-","-","WOODLAND","YOLO","CA",0,0
"8063503",-121.7225029,38.6770838,2016,"5703","0","4","4","03",0,1,"A",,,,,,1800,5,"D","C","A","EAST MAIN ST","QUALITY CIR",963,"W","N","2016-06-21",5703,"2016-05-19",1716,"2812","91","5","4","0","0",,"0","004","-","N",,0,0,,,0,,,,"Y",2,"A","-",22350,,"N","A","H","-","A","D","0","Y","A","01",0,0,1,0,0,0,0,0,0,"-","-","WOODLAND","YOLO","CA",0,0
"8061155",-121.7654132,38.679875,2016,"5703","0","5","4","12",0,1,"A",,,,,,1500,6,"D","C","A","EAST ST","NORTH ST",0,,"Y","2016-07-22",5703,"2016-06-17",1200,"2865","21","5","4","0","0",,"0","001","-","N",,0,0,,,0,,,,,2,"A","-",21453,"A","N","A","H","-","A","A","0","Y","A","07",0,0,1,0,0,0,0,0,0,"-","-","WOODLAND","YOLO","CA",0,0