"CASEID","POINT_X","POINT_Y","YEAR_","LOCATION","CHPTYPE","DAYWEEK","CRASHSEV","VIOLCAT","KILLED","INJURED","WEATHER1","PEDCOL","BICCOL","MCCOL","TRUCKCOL","ETOH","TIMECAT","MONTH_","CRASHTYP","INVOLVE","PED","PRIMARYRD","SECONDRD","DISTANCE","DIRECT","INTERSECT_","PROCDATE","JURIS","DATE_","TIME_","BADGE","JURIDIST","SHIFT","POP","SPECIAL","BEATTYPE","LAPDDIV","BEATCLAS","BEATNUMB","WEATHER2","STATEHW","CALTRANC","CALTRAND","STROUTE","ROUTESUF","POSTPRE","POSTMILE","LOCATYPE","RAMP","SIDEHW","TOWAWAY","PARTIES","PCF","VIOLCODE","VIOL","VIOLSUB","HITRUN","ROADSURF","RDCOND1","RDCOND2","LIGHTING","RIGHTWAY","CHPRDTYP","NOTPRIV","STFAULT","CHPFAULT","SEVINJ","OTHERINJ","COP","PEDKILL","PEDINJ","BICKILL","BICINJ","MCKILL","MCINJURE","RAMP1","RAMP2","CITY","COUNTY","STATE","X_CHP","Y_CHP"
"8061088",-121.7749131,38.662925,2016,"5703","0","2","4","12",0,1,"A",,,,,,300,6,"D","C","A","COLLEGE ST","GIBSON RD",0,,"Y","2016-10-14",5703,"2016-06-14",5,"2012","14","5","4","0","0",,"0","003","-","N",,0,0,,,0,,,,"Y",2,"A","-",21453,"A","N","A","H","-","C","A","0","Y","A","01",0,0,1,0,0,0,0,0,0,"-","-","WOODLAND","YOLO","CA",-121.77492,38.66293
"8061085",-121.7966924,38.681152,2016,"5703","0","6","4","01",0,1,"A",,,,,,1800,6,"A","E","A","CHESTNUT ST","ALPINE PL",83,"E","N","2016-07-27",5703,"2016-06-11",1607,"2002","82","5","4","0","0",,"0","002","-","N",,0,0,,,0,,,,"Y",3,"A","-",23152,,"N","A","H","-","A","D","0","Y","A","01",0,0,1,0,0,0,0,0,0,"-","-","WOODLAND","YOLO","CA",0,0
"8060745",-121.7610425,38.6628642,2016,"5703","0","2","3","10",0,1,"A","Y",,,,,1800,5,"G","B","B","EAST GIBSON RD","WASHINGTON DR",528,"W","N","2016-06-14",5703,"2016-05-24",1730,"2882","13","5","4","0","0",,"0","004","-","N",,0,0,,,0,,,,"N",2,"A","-",21950,"A","N","A","H","-","A","D","0","Y","D","22",0,1,0,0,1,0,0,0,0,"-","-","WOODLAND","YOLO","CA",0,0
"8059240",-121.5141131,38.541005,2016,"5704","0","5","3","03",0,1,"A",,,"Y",,,600,6,"E","I","A","SOUTH RIVER RD","LINDEN RD",0,,"Y","2016-06-15",5704,"2016-06-03",347,"00154",,"5","4","0","0",,"0","003","-","N",,0,0,,,0,,,,"Y",1,"A","-",22350,,"N","A","H","-","C","A","0","Y","C","02",0,1,0,0,0,0,0,0,1,"-","-","WEST SACRAMENTO","YOLO","CA",0,0
"8059044",0,0,2016,"5704","0","7","4","03",0,1,"A",,,,,,2400,5,"C","C","A","JEFFERSON BL","LOCKS DR",0,,"Y","2016-06-18",5704,"2016-05-29",2231,"166",,"5","4","0","0",,"0","003","-","N",,0,0,,,0,,,,"Y",2,"A","-",22350,,"N","A","H","-","C","A","0","Y","D","22",0,0,1,0,0,0,0,0,0,"-","-","WEST SACRAMENTO","YOLO","CA",0,0
"8057788",-121.5500098,38.5391208,2016,"5704","0","5","4","03",0,1,"A",,,,,,900,6,"C","C","A","JEFFERSON BL","LINDEN RD",150,"S","N","2016-06-18",5704,"2016-06-10",734,"00173",,"5","4","0","0",,"0","003","-","N",,0,0,,,0,,,,"Y",2,"A","-",22350,,"N","A","H","-","A","D","0","Y","A","01",0,0,1,0,0,0,0,0,0,"-","-","WEST SACRAMENTO","YOLO","CA",0,0
"8057764",-121.5515839,38.5707808,2016,"5704","0","3","4","05",0,1,"A",,,,"Y",,600,6,"B","C","A","INDUSTRIAL BL","HARBOR BL",755,"W","N","2016-08-12",5704,"2016-06-08",309,"6054",,"5","4","0","0",,"0","002","-","N",,0,0,,,0,,,,"Y",2,"A","-",21460,"A","N","A","H","-","D","D","0","Y","A","01",0,0,1,0,0,0,0,0,0,"-","-","WEST SACRAMENTO","YOLO","CA",0,0
"8055169",-121.7782403,38.6788151,2016,"5703","0","2","3","08",0,1,"A",,"Y",,,,1200,5,"D","G","A","COURT ST","WALNUT ST",22,"W","N","2016-06-01",5703,"2016-05-17",946,"2882","42","5","4","0","0",,"0","005","-","N",,0,0,,,0,,,,"N",2,"A","-",22107,,"N","A","H","-","A","A","0","Y","A","01",0,1,0,0,0,0,1,0,0,"-","-","WOODLAND","YOLO","CA",0,0
"8055155",-121.7516672,38.6773051,2016,"5703","0","7","4","08",0,1,"A",,,,,,1500,5,"D","C","A","EAST MAIN ST","RT 113",121,"W","N","2016-08-29",5703,"2016-05-15",1427,"2002","31","5","4","0","0",,"0","001","-","N",,0,0,,,0,,,,"Y",2,"A","-",22107,,"N","A","H","-","A","D","0","Y","A","01",0,0,1,0,0,0,0,0,0,"-","SO","WOODLAND","YOLO","CA",0,0
"8051214",-121.5663631,38.541165,2016,"5704","0","3","4","11",0,1,"A","Y",,,,,900,5,"G","B","D","N BASS ISLAND RD","HALF MOON BAY CIR",0,,"Y","2016-06-02",5704,"2016-05-18",753,"00152",,"5","4","0","0",,"0","003","-","N",,0,0,,,0,,,,"N",2,"A","-",21954,"A","N","A","H","-","A","A","0","Y","N","60",0,0,1,0,1,0,0,0,0,"-","-","WEST SACRAMENTO","YOLO","CA",0,0
"8051146",-121.7176731,38.563535,2016,"5701","0","4","3","12",0,1,"A",,"Y",,,,900,4,"D","G","A","COVELL BL","WRIGHT BL",0,,"Y","2016-06-02",5701,"2016-04-28",715,"35","7","5","5","0","0",,"0","003","-","N",,0,0,,,0,,,,"N",2,"A","-",21453,"A","N","A","H","-","A","A","0","Y","A","01",0,1,0,0,0,0,1,0,0,"-","-","DAVIS","YOLO","CA",-121.72225,38.55963
"8051086",-121.5487031,38.5792451,2016,"5704","0","6","3","12",0,1,"A",,"Y",,,,2400,5,"D","G","A","WEST CAPITOL AV","HARBOR BL",0,,"Y","2016-06-03",5704,"2016-05-21",2244,"00166",,"5","4","0","0",,"0","002","-","N",,0,0,,,0,,,,"N",2,"A","-",21453,"A","N","A","H","-","C","A","0","Y","L","04",0,1,0,0,0,0,1,0,0,"-","-","WEST SACRAMENTO","YOLO","CA",0,0
"8050107",-121.7095432,38.564225,2016,"5701","0","2","4","09",0,1,"A",,"Y",,,,900,5,"H","G","A","COVELL BL","ALHAMBRA DR",0,,"Y","2016-06-09",5701,"2016-05-24",813,"91","6","5","5","0","0",,"0","003","-","N",,0,0,,,0,,,,"N",2,"A","-",21804,"A","N","A","H","-","A","A","0","Y","L","04",0,0,1,0,0,0,1,0,0,"-","-","DAVIS","YOLO","CA",-121.70949,38.56419
"8050021",-121.7477631,38.546265,2016,"5701","0","6","3","00",0,1,"A",,"Y",,,,1800,4,"D","-","A","RUSSELL BL","A ST",0,,"Y","2016-06-15",5701,"2016-04-30",1540,"108","4","5","5","0","0",,"0","002","-","N",,0,0,,,0,,,,"N",2,"D","-",0,,"N","A","H","-","A","A","0","Y","-","-",0,1,0,0,0,0,1,0,0,"-","-","DAVIS","YOLO","CA",-121.74775,38.54617
"8049231",-121.7751532,38.546495,2016,"5701","0","3","4","09",0,1,"A",,"Y",,,,1800,5,"H","G","A","RUSSELL BL","EISENHOWER ST",0,,"Y","2016-06-01",5701,"2016-05-11",1655,"121","1","5","5","0","0",,"0","001","-","N",,0,0,,,0,,,,"N",2,"A","-",21804,"A","N","A","H","-","A","A","0","Y","L","04",0,0,1,0,0,0,1,0,0,"-","-","DAVIS","YOLO","CA",-121.77516,38.5465
"8049227",-121.7463231,38.540915,2016,"5701","0","1","4","09",0,1,"A",,"Y",,,"Y",2400,5,"D","G","A","A ST","1ST ST",0,,"Y","2016-06-01",5701,"2016-05-16",2105,"38","4","5","5","0","0",,"0","002","-","N",,0,0,,,0,,,,"N",2,"A","-",21800,"A","F","A","H","-","C","A","0","Y","A","01",0,0,1,0,0,0,1,0,0,"-","-","DAVIS","YOLO","CA",-121.74627,38.54091
"8049223",-121.7586331,38.562085,2016,"5701","0","1","3","03",0,1,"A",,"Y",,,,2100,5,"H","G","A","ANDERSON RD","ALVARADO AV",0,,"Y","2016-06-01",5701,"2016-05-09",1957,"45","3","5","5","0","0",,"0","001","-","N",,0,0,,,0,,,,"N",2,"A","-",22350,,"N","A","H","-","A","A","0","Y","A","01",0,1,0,0,0,0,1,0,0,"-","-","DAVIS","YOLO","CA",-121.75858,38.56268
"8049219",-121.7132323,38.5476928,2016,"5701","0","3","4","00",0,1,"A",,,,,,1800,5,"C","C","A","COWELL BL","CHILES RD",90,"W","N","2016-06-01",5701,"2016-05-11",1717,"35","9","5","5","0","0",,"0","004","-","N",,0,0,,,0,,,,"N",2,"D","-",0,,"N","A","H","-","A","D","0","Y","-","-",0,0,1,0,0,0,0,0,0,"-","-","DAVIS","YOLO","CA",-121.71413,38.54745
"8046397",-121.529743,38.570255,2016,"5704","0","6","3","12",0,1,"A",,"Y",,,,2100,5,"D","G","A","MARYLAND AV","ALAMEDA BL",0,,"Y","2016-05-24",5704,"2016-05-14",2057,"0163",,"5","4","0","0",,"0","002","-","N",,0,0,,,0,,,,"N",2,"A","-",22450,"A","N","A","H","-","C","A","0","Y","L","04",0,1,0,0,0,0,1,0,0,"-","-","WEST SACRAMENTO","YOLO","CA",0,0
"8045510",-121.7979131,38.677635,2016,"5703","0","3","3","12",0,1,"A",,"Y",,,,2400,4,"D","G","A","WEST MAIN ST","ASHLEY AV",0,,"Y","2016-08-29",5703,"2016-04-20",2140,"2893","82","5","4","0","0",,"0","002","-","N",,0,0,,,0,,,,"N",2,"A","-",21453,"A","N","A","H","-","C","A","0","Y","L","04",0,1,0,0,0,0,1,0,0,"-","-","WOODLAND","YOLO","CA",0,0
"8045245",-121.5187631,38.5739551,2016,"5704","0","5","4","07",0,3,"B",,,,,,1200,5,"C","C","A","JEFFERSON BL","RT 50",10,"S","N","2017-02-24",5704,"2016-05-06",1020,"00173",,"5","4","0","0",,"0","002","-","Y","YOL",3,50,"-","-",2.812,"R","4","W","Y",2,"A","-",21658,"A","N","B","H","-","A","A","0","Y","A","01",0,0,3,0,0,0,0,0,0,"-","EF","WEST SACRAMENTO","YOLO","CA",0,0
"8043630",-121.7504131,38.561795,2016,"5701","0","4","4","10",0,1,"C","Y",,,,,1800,3,"A","B","D","CATALINA DR","ALVARADO AV",0,,"Y","2016-05-23",5701,"2016-03-10",1543,"27","3","5","5","0","0",,"0","001","-","N",,0,0,,,0,,,,"N",2,"A","-",21950,"A","N","B","G","-","A","D","0","Y","A","01",0,0,1,0,1,0,0,0,0,"-","-","DAVIS","YOLO","CA",-121.7504,38.56178
"8041940",-121.5262132,38.5933278,2016,"5704","0","6","3","05",0,1,"B",,,,,,1200,5,"A","C","A","KEGLE DR","RICH ST",50,"S","N","2016-05-27",5704,"2016-05-21",1030,"00109",,"5","4","0","0",,"0","001","-","N",,0,0,,,0,,,,"Y",3,"A","-",21650,,"N","A","H","-","A","D","0","Y","A","01",0,1,0,0,0,0,0,0,0,"-","-","WEST SACRAMENTO","YOLO","CA",0,0
"8041864",-121.5478493,38.5828086,2016,"5704","0","3","3","05",0,1,"A",,"Y",,,,900,5,"D","G","A","HARBOR BL","DULUTH ST",815,"S","N","2016-05-27",5704,"2016-05-18",855,"00165",,"5","4","0","0",,"0","002","-","N",,0,0,,,0,,,,"N",2,"A","-",21650,"1","N","A","H","-","A","D","0","Y","L","04",0,1,0,0,0,0,1,0,0,"-","-","WEST SACRAMENTO","YOLO","CA",0,0
"8040771",-121.7749131,38.662925,2016,"5703","0","5","4","01",0,1,"A",,,,,"Y",1200,4,"C","C","A","GIBSON RD","COLLEGE ST",0,,"Y","2016-05-19",5703,"2016-04-22",1030,"2831","14","5","4","0","0",,"0","004","-","N",,0,0,,,0,,,,"N",2,"A","-",23152,"A","M","A","H","-","A","A","0","Y","A","01",0,0,1,0,0,0,0,0,0,"-","-","WOODLAND","YOLO","CA",0,0
"8040767",-121.7915832,38.659055,2016,"5703","0","5","4","09",0,1,"A",,,,,,1800,4,"D","C","A","EL DORADO DR","AMHERST WY",0,,"Y","2016-05-19",5703,"2016-04-15",1648,"2011","56","5","4","0","0",,"0","003","-","N",,0,0,,,0,,,,,2,"A","-",21802,"A","N","A","H","-","A","D","0","Y","A","01",0,0,1,0,0,0,0,0,0,"-","-","WOODLAND","YOLO","CA",0,0
"8040759",-121.7694931,38.675585,2016,"5703","0","4","3","09",0,2,"A",,,,,,1200,4,"D","C","A","LINCOLN AV","4TH ST",0,,"Y","2016-05-19",5703,"2016-04-28",900,"2891","12","5","4","0","0",,"0","005","-","N",,0,0,,,0,,,,"N",2,"A","-",21802,"A","N","A","H","-","A","A","0","Y","A","01",0,1,1,0,0,0,0,0,0,"-","-","WOODLAND","YOLO","CA",0,0
"8040738",-121.7524932,38.6581551,2016,"5703","0","4","4","03",0,1,"A",,,,,,1500,4,"C","C","A","RT 113","EAST GIBSON RD",0,,"Y","2017-02-24",5703,"2016-04-21",1323,"2891","35","5","4","0","0",,"0","004","-","Y","YOL",3,113,"-","R",8.991,"R","4","N","N",2,"A","-",22350,,"N","A","H","-","A","A","0","Y","A","01",0,0,1,0,0,0,0,0,0,"NF","-","WOODLAND","YOLO","CA",0,0
"8040730",-121.7285732,38.677095,2016,"5703","0","4","4","12",0,1,"A",,,,,,1800,4,"-","C","A","EAST MAIN ST","COUNTY ROAD 102",0,,"Y","2016-08-29",5703,"2016-04-28",1657,"2838","91","5","4","0","0",,"0","004","-","N",,0,0,,,0,,,,"Y",2,"A","-",21453,"A","N","A","H","-","A","A","0","Y","-","-",0,0,1,0,0,0,0,0,0,"-","-","WOODLAND","YOLO","CA",0,0
"8039426",-121.5150882,38.5520159,2016,"5704","0","6","4","05",0,1,"A",,,,,,2400,4,"A","E","A","SOUTH RIVER RD","LINDEN RD",4224,"N","N","2016-05-20",5704,"2016-04-02",2233,"00119",,"5","4","0","0",,"0","003","-","N",,0,0,,,0,,,,"Y",2,"A","-",21650,,"N","A","H","-","D","D","0","Y","A","01",0,0,1,0,0,0,0,0,0,"-","-","WEST SACRAMENTO","YOLO","CA",0,0
"8039299",-121.7642764,38.6773551,2016,"5703","0","5","4","03",0,1,"A",,,,,,1500,4,"C","C","A","EAST MAIN ST","EAST ST",339,"E","N","2016-05-24",5703,"2016-04-29",1420,"2863","11","5","4","0","0",,"0","001","-","N",,0,0,,,0,,,,"Y",3,"A","-",22350,,"N","A","H","-","A","A","0","Y","A","01",0,0,1,0,0,0,0,0,0,"-","-","WOODLAND","YOLO","CA",0,0
"8038314",-121.7528132,38.546325,2016,"5701","0","3","3","09",0,1,"A",,,,,,1200,5,"D","C","A","RUSSELL BL","OAK AV",0,,"Y","2016-05-18",5701,"2016-05-04",1021,"92","4","5","5","0","0",,"0","002","-","N",,0,0,,,0,,,,"Y",2,"A","-",21801,"A","N","A","H","-","A","A","0","Y","A","01",0,1,0,0,0,0,0,0,0,"-","-","DAVIS","YOLO","CA",-121.7528,38.54618
"8038310",-121.7448316,38.5602361,2016,"5701","0","4","2","11",0,1,"A","Y",,,,,1500,4,"G","B","C","F ST","COVELL BL",200,"S","N","2016-05-17",5701,"2016-04-28",1315,"116","3","5","5","0","0",,"0","001","-","N",,0,0,,,0,,,,"N",2,"A","-",21950,"B","N","A","H","-","A","D","0","Y","N","60",1,0,0,0,1,0,0,0,0,"-","-","DAVIS","YOLO","CA",-121.74482,38.56073
"8034538",-121.5429432,38.5466551,2016,"5704","0","5","3","05",0,1,"A",,"Y",,,,1800,4,"D","G","A","JEFFERSON BL","HIGGINS RD",0,,"Y","2016-05-04",5704,"2016-04-22",1535,"108","5704","5","4","0","0",,"0","003","-","N",,0,0,,,0,,,,"N",2,"A","-",21650,"1","N","A","H","-","A","A","0","Y","L","04",0,1,0,0,0,0,1,0,0,"-","-","WEST SACRAMENTO","YOLO","CA",0,0
"8034496",-121.5830031,38.5732651,2016,"5704","0","4","3","12",0,1,"A",,,,,,600,4,"D","C","A","ENTERPRISE BL","RT 80",0,,"Y","2017-02-24",5704,"2016-04-21",550,"06604",,"5","4","0","0",,"0","002","-","Y","YOL",3,80,"-","-",9.004,"R","4","E","Y",2,"A","-",21453,"A","N","A","H","-","B","A","0","Y","A","07",0,1,0,0,0,0,0,0,0,"-","EO","WEST SACRAMENTO","YOLO","CA",0,0
"8033519",-121.7407182,38.5419551,2016,"5701","0","1","3","03",0,1,"A","Y","Y",,,,900,3,"G","B","F","1ST ST","E ST",10,"W","N","2016-05-06",5701,"2016-03-14",853,"100","4","5","5","0","0",,"0","002","-","N",,0,0,,,0,,,,"N",2,"A","-",22350,,"N","A","H","-","A","D","0","Y","L","04",0,1,0,0,1,0,0,0,0,"-","-","DAVIS","YOLO","CA",-121.7396,38.54215
"8033515",-121.7793531,38.560995,2016,"5701","0","3","3","03",0,1,"A",,,,,,2400,3,"E","I","A","DENALI","WEST COVELL BL",0,,"Y","2016-05-06",5701,"2016-03-30",2356,"118","1","5","5","0","0",,"0","001","-","N",,0,0,,,0,,,,"Y",1,"A","-",22350,,"N","A","H","-","C","A","0","Y","A","01",0,1,0,0,0,0,0,0,0,"-","-","DAVIS","YOLO","CA",-121.7794,38.56102
"8033511",-121.7352652,38.5472838,2016,"5701","0","7","2","01",0,1,"A",,"Y",,,"Y",300,3,"D","E","A","K ST","4TH ST",100,"N","N","2016-05-05",5701,"2016-03-20",152,"109","5","5","5","0","0",,"0","002","-","N",,0,0,,,0,,,,"N",2,"A","-",21200,"5","N","A","H","-","C","D","0","Y","L","04",1,0,0,0,0,0,1,0,0,"-","-","DAVIS","YOLO","CA",-121.73518,38.54697
"8033435",-121.714243,38.5492775,2016,"5701","0","5","4","08",0,1,"B",,,,,,600,4,"C","E","A","2ND ST","PENA DR",400,"E","N","2016-05-06",5701,"2016-04-22",314,"109","7","5","5","0","0",,"0","003","-","N",,0,0,,,0,,,,"Y",2,"A","-",22107,,"N","A","D","-","C","A","0","Y","A","01",0,0,1,0,0,0,0,0,0,"-","-","DAVIS","YOLO","CA",-121.72537,38.5471
"8033415",-121.737716,38.5404314,2016,"5701","0","5","4","03",0,2,"A",,,,,,2100,4,"C","C","A","RICHARDS BL","OLIVE DR",300,"E","N","2016-08-29",5701,"2016-04-15",1931,"121","8","5","5","0","0",,"0","004","-","N",,0,0,,,0,,,,"Y",2,"A","-",22350,,"N","A","H","-","A","A","0","Y","A","01",0,0,2,0,0,0,0,0,0,"-","-","DAVIS","YOLO","CA",0,0
"8032254",-121.5462032,38.569865,2016,"5704","0","2","3","09",0,1,"A",,,,,,1800,3,"D","C","A","DEL MONTE ST","SHORE ST",0,,"Y","2016-05-02",5704,"2016-03-29",1615,"158",,"5","4","0","0",,"0","002","-","N",,0,0,,,0,,,,"Y",2,"A","-",21801,"A","N","A","H","-","A","A","0","Y","A","07",0,1,0,0,0,0,0,0,0,"-","-","WEST SACRAMENTO","YOLO","CA",0,0
"8032250",-121.5319199,38.5304221,2016,"5704","0","5","4","01",0,1,"A",,,,,"Y",300,3,"F","-","A","SOUTH RIVER RD","DAVIS RD",840,"N","N","2016-05-02",5704,"2016-03-25",155,"124",,"5","4","0","0",,"0","003","-","N",,0,0,,,0,,,,"Y",1,"A","-",23152,"A","N","A","H","-","D","D","0","Y","A","01",0,0,1,0,0,0,0,0,0,"-","-","WEST SACRAMENTO","YOLO","CA",0,0
"8032242",-121.7437452,38.6719966,2016,"5703","0","4","4","03",0,3,"A",,,,,,1500,3,"C","C","A","PIONEER AV","FARNHAM AV",15,"S","N","2016-05-02",5703,"2016-03-31",1200,"2806","51","5","4","0","0",,"0","004","-","N",,0,0,,,0,,,,"Y",2,"A","-",22350,,"N","A","H","-","A","A","0","Y","A","07",0,0,3,0,0,0,0,0,0,"-","-","WOODLAND","YOLO","CA",0,0
"8031610",-121.5307431,38.581505,2016,"5704","0","1","3","01",0,2,"A",,,"Y",,"Y",2100,4,"C","C","A","WESTACRE RD","MADRONE AV",0,,"Y","2016-05-09",5704,"2016-04-25",2049,"00166",,"5","4","0","0",,"0","002","-","N",,0,0,,,0,,,,"Y",2,"A","-",23152,"A","N","A","-","-","D","D","0","Y","C","02",0,2,0,0,0,0,0,0,2,"-","-","WEST SACRAMENTO","YOLO","CA",0,0
"8028568",-121.7432532,38.5469649,2016,"5701","0","4","3","08",0,1,"A",,"Y",,,,1800,4,"D","G","A","5TH ST","D ST",0,,"Y","2016-05-24",5701,"2016-04-07",1718,"121","4","5","5","0","0",,"0","002","-","N",,0,0,,,0,,,,"N",2,"A","-",22107,,"N","A","H","-","A","D","0","Y","A","01",0,1,0,0,0,0,1,0,0,"-","-","DAVIS","YOLO","CA",-121.74325,38.54692
"8028567",-121.7704531,38.560975,2016,"5701","0","6","3","00",0,1,"A",,"Y",,,,900,4,"H","G","A","WEST COVELL BL","JOHN JONES RD",0,,"Y","2016-05-24",5701,"2016-04-16",800,"105","1","5","5","0","0",,"0","001","-","N",,0,0,,,0,,,,"N",2,"D","-",0,,"N","A","H","-","A","A","0","Y","-","-",0,1,0,0,0,0,1,0,0,"-","-","DAVIS","YOLO","CA",-121.77044,38.56009
"8028566",-121.7640332,38.5464449,2016,"5701","0","5","3","09",0,1,"A",,,"Y",,,1200,4,"D","C","A","RUSSELL BL","ORCHARD PARK DR",0,,"Y","2016-05-24",5701,"2016-04-15",905,"105","2","5","5","0","0",,"0","001","-","N",,0,0,,,0,,,,"N",2,"A","-",21802,"A","N","A","H","-","A","A","0","Y","A","01",0,1,0,0,0,0,0,0,1,"-","-","DAVIS","YOLO","CA",-121.76405,38.546
"8028492",-121.7187131,38.564925,2016,"5701","0","1","3","00",0,1,"A",,"Y",,,,900,5,"H","G","A","MOORE BL","WRIGHT BL",0,,"Y","2016-05-20",5701,"2016-05-02",800,"94","7","5","5","0","0",,"0","003","-","N",,0,0,,,0,,,,"N",2,"D","-",0,,"N","A","H","-","A","A","0","Y","-","-",0,1,0,0,0,0,1,0,0,"-","-","DAVIS","YOLO","CA",0,0
"8028491",-121.7230231,38.541345,2016,"5701","0","2","4","03",0,1,"A",,,,,,1800,5,"C","D","A","LILLARD DR","COWELL BL",0,,"Y","2016-05-20",5701,"2016-05-10",1738,"120","8","5","5","0","0",,"0","004","-","N",,0,0,,,0,,,,"Y",2,"A","-",22350,,"N","A","H","-","A","A","0","Y","A","01",0,0,1,0,0,0,0,0,0,"-","-","DAVIS","YOLO","CA",0,0
"8028490",0,0,2016,"5701","0","5","4","01",0,1,"A",,,,,,600,5,"E","I","A","2ND ST","FARADAY AV",640,"W","N","2016-05-20",5701,"2016-05-06",544,"120","7","5","5","0","0",,"0","003","-","N",,0,0,,,0,,,,"Y",1,"A","-",23152,"A","N","A","H","-","C","D","0","Y","A","07",0,0,1,0,0,0,0,0,0,"-","-","DAVIS","YOLO","CA",-121.69988,38.55397
"8027841",-121.9620772,38.528102,2016,"5702","0","3","2","09",0,2,"A",,,,,,2400,4,"A","C","A","EAST GRANT AV","MORGAN ST",0,,"Y","2017-02-24",5702,"2016-04-06",2103,"537","B","5","2","0","0",,"0","00B","-","Y","YOL",3,128,"-","-",9.149,"I","5","E","Y",3,"A","-",21801,,"N","A","H","-","C","D","0","Y","A","01",1,0,1,0,0,0,0,0,0,"-","-","WINTERS","YOLO","CA",0,0
"8025193",-121.7605731,38.559285,2016,"5701","0","6","3","01",0,1,"A",,,,,"Y",2400,4,"A","C","A","APPLE LN","KENT DR",0,,"Y","2016-08-29",5701,"2016-04-30",2109,"121","2","5","5","0","0",,"0","001","-","N",,0,0,,,0,,,,"Y",2,"A","-",23152,"A","M","A","H","-","C","D","0","Y","A","01",0,1,0,0,0,0,0,0,0,"-","-","DAVIS","YOLO","CA",-121.76057,38.55926
"8024442",-121.7200931,38.551705,2016,"5701","0","1","3","09",0,1,"A",,"Y",,,,1200,4,"H","G","A","5TH ST","CANTRILL DR",0,,"Y","2016-05-02",5701,"2016-04-18",1100,"94","7","5","5","0","0",,"0","003","-","N",,0,0,,,0,,,,"N",2,"A","-",21803,"A","N","A","H","-","A","A","0","Y","A","07",0,1,0,0,0,0,1,0,0,"-","-","DAVIS","YOLO","CA",-121.72136,38.55153
"8024360",-121.7278323,38.548769,2016,"5701","0","6","2","01",0,1,"A",,,,,"Y",2400,3,"F","I","A","5TH ST","POLE LINE RD",350,"W","N","2016-05-02",5701,"2016-03-26",2125,"121","7","5","5","0","0",,"0","003","-","N",,0,0,,,0,,,,"N",1,"A","-",23152,"A","N","A","H","-","C","D","0","Y","A","01",1,0,0,0,0,0,0,0,0,"-","-","DAVIS","YOLO","CA",-121.72649,38.54879
"8023829",-121.7396194,38.5536448,2016,"5701","0","1","2","08",0,2,"A",,,,,,1200,3,"D","C","A","J ST","E 8TH ST",739,"N","N","2016-04-26",5701,"2016-03-28",1150,"120","5","5","5","0","0",,"0","002","-","N",,0,0,,,0,,,,"Y",2,"A","-",22107,,"N","A","H","-","A","D","0","Y","A","01",1,0,1,0,0,0,0,0,0,"-","-","DAVIS","YOLO","CA",-121.73904,38.55249
"8023632",-121.7247479,38.5576785,2016,"5701","0","5","4","08",0,1,"A",,,,,,1800,4,"B","E","A","LOYOLA DR","ALDER PL",50,"W","N","2016-04-26",5701,"2016-04-08",1602,"11","7","5","5","0","0",,"0","003","-","N",,0,0,,,0,,,,"Y",2,"A","-",22107,,"N","A","H","-","A","A","0","Y","A","01",0,0,1,0,0,0,0,0,0,"-","-","DAVIS","YOLO","CA",-121.72457,38.55769
"8023628",-121.7275545,38.5575008,2016,"5701","0","5","4","08",0,1,"A",,,,,,1200,4,"D","C","A","LOYOLA DR","POLE LINE RD",50,"E","N","2016-04-26",5701,"2016-04-08",1031,"91","7","5","5","0","0",,"0","003","-","N",,0,0,,,0,,,,"N",2,"A","-",22107,,"N","A","H","-","A","D","0","Y","A","01",0,0,1,0,0,0,0,0,0,"-","-","DAVIS","YOLO","CA",-121.72768,38.55749
"8023624",-121.7432532,38.5469649,2016,"5701","0","2","4","09",0,1,"A",,"Y",,,,1800,4,"H","G","A","5TH ST","D ST",0,,"Y","2016-04-26",5701,"2016-04-12",1536,"91","4","5","5","0","0",,"0","002","-","N",,0,0,,,0,,,,"N",2,"A","-",21802,"A","N","A","H","-","A","A","0","Y","A","01",0,0,1,0,0,0,1,0,0,"-","-","DAVIS","YOLO","CA",-121.74325,38.54692
"8023620",-121.7477232,38.550695,2016,"5701","0","4","4","00",0,1,"A",,"Y",,,,900,4,"H","G","A","E 8TH ST","A ST",0,,"Y","2016-04-26",5701,"2016-04-07",854,"91","4","5","5","0","0",,"0","002","-","N",,0,0,,,0,,,,"N",3,"A","-",21755,"A","N","A","H","-","A","D","0","Y","A","01",0,0,1,0,0,0,1,0,0,"-","-","DAVIS","YOLO","CA",-121.74773,38.55067
"8023616",-121.7419334,38.5417334,2016,"5701","0","6","4","03",0,1,"A",,,,,,1500,4,"C","C","A","1ST ST","D ST",50,"W","N","2016-04-26",5701,"2016-04-16",1258,"11","4","5","5","0","0",,"0","002","-","N",,0,0,,,0,,,,"N",2,"A","-",22350,,"N","A","H","-","A","A","0","Y","A","01",0,0,1,0,0,0,0,0,0,"-","-","DAVIS","YOLO","CA",-121.74178,38.54175
"8023504",-121.7682823,38.5450107,2016,"5701","0","1","3","09",0,1,"A",,"Y",,,,2400,2,"H","G","A","RT 113","RUSSELL BL",20,"S","N","2017-02-10",5701,"2016-02-29",2215,"121","CHP","5","5","0","0",,"0","CHP","-","Y","YOL",3,113,"-","R",0.988,"R","3","S","N",2,"A","-",21804,"A","N","A","H","-","C","D","0","Y","L","04",0,1,0,0,0,0,1,0,0,"SO","-","DAVIS","YOLO","CA",-121.76828,38.54767