"CASEID","POINT_X","POINT_Y","YEAR_","LOCATION","CHPTYPE","DAYWEEK","CRASHSEV","VIOLCAT","KILLED","INJURED","WEATHER1","PEDCOL","BICCOL","MCCOL","TRUCKCOL","ETOH","TIMECAT","MONTH_","CRASHTYP","INVOLVE","PED","PRIMARYRD","SECONDRD","DISTANCE","DIRECT","INTERSECT_","PROCDATE","JURIS","DATE_","TIME_","BADGE","JURIDIST","SHIFT","POP","SPECIAL","BEATTYPE","LAPDDIV","BEATCLAS","BEATNUMB","WEATHER2","STATEHW","CALTRANC","CALTRAND","STROUTE","ROUTESUF","POSTPRE","POSTMILE","LOCATYPE","RAMP","SIDEHW","TOWAWAY","PARTIES","PCF","VIOLCODE","VIOL","VIOLSUB","HITRUN","ROADSURF","RDCOND1","RDCOND2","LIGHTING","RIGHTWAY","CHPRDTYP","NOTPRIV","STFAULT","CHPFAULT","SEVINJ","OTHERINJ","COP","PEDKILL","PEDINJ","BICKILL","BICINJ","MCKILL","MCINJURE","RAMP1","RAMP2","CITY","COUNTY","STATE","X_CHP","Y_CHP"
"90083388",-122.107505,38.7034595,2015,"5700","3","5","2","01",0,1,"A",,,,,,1500,12,"E","I","A","SR-16","CR-82B",400,"W","N","2015-12-28",9280,"2015-12-11",1320,"015128",,"1","9","0","1",,"2","034","-","Y",,0,0,,,0,,,,"Y",1,"A","-",23152,"E","N","A","H","-","A","D","0","Y","A","01",1,0,0,0,0,0,0,0,0,"-","-","UNINCORPORATED","YOLO","CA",-122.08811,38.70436
"90083368",0,0,2015,"5700","1","5","1","08",1,1,"A","Y",,,"Y",,2100,10,"G","B","E","I-80 W/B","WEBSTER U/C",5808,"W","N","2015-12-28",9280,"2015-10-02",1806,"016929",,"2","9","0","1",,"2","010","-","Y",,0,0,,,0,,,,"Y",3,"A","-",22107,,"N","A","H","-","A","D","0","Y","A","01",0,1,0,1,0,0,0,0,0,"-","-","UNINCORPORATED","YOLO","CA",-121.65922,38.56023
"90081141",-121.8121449,38.6196282,2015,"5700","5","4","3","08",0,1,"B",,,,,,1800,12,"E","I","A","COUNTY ROAD 27 ","COUNTY ROAD 98 ",2640,"W","N","2015-12-23",9280,"2015-12-10",1645,"016929",,"2","9","0","3",,"2","002","-","N",,0,0,,,0,,,,"Y",1,"A","-",22107,,"N","B","H","-","B","D","0","Y","A","01",0,1,0,0,0,0,0,0,0,"-","-","UNINCORPORATED","YOLO","CA",-121.79413,38.61963
"90080732",0,0,2015,"5701","3","3","4","07",0,1,"A",,,,,,2100,12,"B","C","A","SR-113 N/B","HUTCHISON DR. O/C",220,"S","N","2015-12-23",9280,"2015-12-09",1927,"016929",,"2","5","0","1",,"2","022","-","Y",,0,0,,,0,,,,"Y",2,"A","-",21658,"A","F","A","H","-","D","D","0","Y","D","22",0,0,1,0,0,0,0,0,0,"-","-","DAVIS","YOLO","CA",-121.7683,38.53608
"90080724",0,0,2015,"5704","2","3","4","03",0,1,"B",,,,,,1800,12,"C","C","A","US 50 E/B","HARBOR BLVD",1056,"W","N","2015-12-23",9280,"2015-12-09",1720,"013837",,"2","4","0","1",,"2","011","-","Y",,0,0,,,0,,,,"N",2,"A","-",22350,,"N","A","H","-","C","D","0","Y","D","22",0,0,1,0,0,0,0,0,0,"-","-","WEST SACRAMENTO","YOLO","CA",-121.55253,38.57488
"90080689",0,0,2015,"5700","3","2","4","03",0,1,"E",,,,,,900,12,"E","I","A","STATE ROUTE 84 (JEFFERSON BOULEVARD)","PUMPHOUSE ROAD",10560,"N","N","2015-12-23",9280,"2015-12-08",620,"016254",,"1","9","0","1",,"2","013","-","Y",,0,0,,,0,,,,"Y",1,"A","-",22350,,"N","B","H","-","B","D","0","Y","A","01",0,0,1,0,0,0,0,0,0,"-","-","UNINCORPORATED","YOLO","CA",-121.58046,38.4748
"90080354",0,0,2015,"5704","1","7","4","01",0,1,"C",,,,,"Y",2100,12,"B","C","A","I-80 E/B","ENTERPRISE BLVD",5280,"W","N","2015-12-22",9280,"2015-12-20",2046,"016520",,"2","4","0","1",,"2","010","-","Y",,0,0,,,0,,,,"Y",2,"A","-",23152,"A","F","B","H","-","D","D","0","Y","J","48",0,0,1,0,0,0,0,0,0,"-","-","WEST SACRAMENTO","YOLO","CA",-121.59458,38.57114
"90075509",0,0,2015,"5700","1","7","4","08",0,1,"A",,,,,,900,11,"E","I","A","N/B I-5 TO N/B SR-113","SR-113",1584,"S","N","2015-12-16",9280,"2015-11-29",620,"016254",,"1","9","0","1",,"2","020","-","Y",,0,0,,,0,,,,"Y",1,"A","-",22107,,"N","A","H","-","B","D","0","Y","D","22",0,0,1,0,0,0,0,0,0,"-","-","UNINCORPORATED","YOLO","CA",-121.76106,38.69595
"90075499",0,0,2015,"5700","5","2","3","01",0,1,"A",,,,,"Y",2400,11,"F","I","A","STATE ROUTE 16","COUNTY ROAD 45",500,"W","N","2015-12-16",9280,"2015-11-24",2318,"017629",,"3","9","0","3",,"2","003","-","Y",,0,0,,,0,,,,"Y",1,"A","-",23152,"A","N","A","H","-","D","D","0","Y","A","07",0,1,0,0,0,0,0,0,0,"-","-","UNINCORPORATED","YOLO","CA",-122.2055,38.84758
"90075492",0,0,2015,"5700","1","1","3","03",0,1,"A",,,,,,2400,11,"C","C","A","I-5 N/B","COUNTY ROAD 4 ",1056,"S","N","2015-12-16",9280,"2015-11-30",2243,"019281",,"3","9","0","1",,"2","030","-","Y",,0,0,,,0,,,,"Y",2,"A","-",22350,,"N","A","H","-","C","D","0","Y","I","11",0,1,0,0,0,0,0,0,0,"-","-","UNINCORPORATED","YOLO","CA",-121.97916,38.89373
"90075486",-121.8990714,38.5499504,2015,"5700","5","4","3","01",0,2,"A",,,,,"Y",1800,11,"E","J","A","RUSSELL BLVD.","COUNTY ROAD 92F ",1056,"E","N","2015-12-16",9280,"2015-11-26",1750,"016292",,"2","9","0","3",,"2","003","-","N",,0,0,,,0,,,,"Y",1,"A","-",23152,"A","N","A","H","-","D","D","0","Y","A","01",0,2,0,0,0,0,0,0,0,"-","-","UNINCORPORATED","YOLO","CA",-121.89887,38.54985
"90075481",-121.7852662,38.6105439,2015,"5700","5","1","4","08",0,2,"A",,,,,,1500,11,"F","I","A","COUNTY ROAD 99 ","BULLARD DR",229,"N","N","2015-12-16",9280,"2015-11-23",1414,"017375",,"2","9","0","3",,"2","002","-","N",,0,0,,,0,,,,"Y",1,"A","-",22107,,"N","A","H","-","A","D","0","Y","A","07",0,0,2,0,0,0,0,0,0,"-","-","UNINCORPORATED","YOLO","CA",-121.78534,38.60589
"90075464",0,0,2015,"5700","5","1","3","08",0,1,"A",,,,,,1200,11,"B","C","A","COUNTY ROAD 32B ","COUNTY ROAD 105D",0,,"Y","2015-12-16",9280,"2015-11-16",945,"017375",,"1","9","0","3",,"2","001","-","N",,0,0,,,0,,,,"N",2,"A","-",22107,,"N","A","H","-","A","D","0","Y","J","49",0,1,0,0,0,0,0,0,0,"-","-","UNINCORPORATED","YOLO","CA",-121.66464,38.55883
"90075453",0,0,2015,"5700","1","3","3","08",0,1,"A",,,,"Y",,1500,11,"E","I","A","I-5 N/B","CR-4",1056,"S","N","2015-12-16",9280,"2015-11-11",1303,"015128",,"1","9","0","1",,"2","030","-","Y",,0,0,,,0,,,,"Y",1,"A","-",22107,,"N","A","H","-","A","D","0","Y","G","25",0,1,0,0,0,0,0,0,0,"-","-","UNINCORPORATED","YOLO","CA",-121.97792,38.89156
"90075441",0,0,2015,"5701","1","2","4","03",0,3,"A",,,,,,1800,11,"C","C","A","I-80 E/B","POLE LINE RD",200,"E","N","2015-12-16",9280,"2015-11-10",1725,"016520",,"2","5","0","1",,"2","010","-","Y",,0,0,,,0,,,,"Y",4,"A","-",22350,,"N","A","H","-","D","D","0","Y","A","01",0,0,3,0,0,0,0,0,0,"-","-","DAVIS","YOLO","CA",-121.72594,38.54568
"90075040",-122.0190931,38.689055,2015,"5700","3","4","3","12",0,2,"B",,,,,,1800,12,"D","C","A","STATE ROUTE 16","YOLO AVE",0,,"Y","2015-12-16",9280,"2015-12-10",1535,"013837",,"2","9","0","1",,"2","034","-","Y",,0,0,,,0,,,,"Y",2,"A","-",22450,"A","N","A","H","-","A","A","0","Y","A","07",0,1,1,0,0,0,0,0,0,"-","-","UNINCORPORATED","YOLO","CA",-122.0187,38.68939
"90074761",0,0,2015,"5700","5","1","4","03",0,2,"A",,,,,,1800,11,"E","A","A","COUNTY ROAD 16 ","COUNTY ROAD 117 ",10560,"W","N","2015-12-15",9280,"2015-11-23",1524,"016520",,"2","9","0","3",,"2","002","-","Y",,0,0,,,0,,,,"Y",1,"A","-",22350,,"N","A","H","-","A","D","0","Y","A","01",0,0,2,0,0,0,0,0,0,"-","-","UNINCORPORATED","YOLO","CA",-121.62626,38.7485
"90074752",0,0,2015,"5701","1","1","4","03",0,1,"B",,,,"Y",,1500,12,"C","D","A"," I-80 E/B FROM MACE BLVD","MACE BLVD",145,"E","N","2015-12-15",9280,"2015-12-07",1337,"017375",,"1","5","0","1",,"2","010","-","Y",,0,0,,,0,,,,"Y",3,"A","-",22350,,"N","A","H","-","A","D","0","Y","A","01",0,0,1,0,0,0,0,0,0,"-","-","DAVIS","YOLO","CA",-121.69379,38.55249
"90073472",0,0,2015,"5700","1","3","4","03",0,1,"A",,,,,,1800,11,"C","C","A","I-5 S/B","COUNTY ROAD 103 ",5808,"S","N","2015-12-15",9280,"2015-11-25",1745,"016929",,"2","9","0","1",,"2","020","-","Y",,0,0,,,0,,,,"N",3,"A","-",22350,,"N","A","H","-","D","D","0","Y","A","07",0,0,1,0,0,0,0,0,0,"-","-","UNINCORPORATED","YOLO","CA",-121.68936,38.67354
"90066940",-122.0569819,38.7083347,2015,"5700","3","6","3","01",0,1,"A",,,,,"Y",2400,11,"E","J","A","STATE ROUTE 16","2ND STREET",322,"W","N","2015-12-07",9280,"2015-11-14",2145,"016292",,"2","9","0","1",,"2","034","-","Y",,0,0,,,0,,,,"Y",2,"A","-",23152,"A","N","A","H","-","D","D","0","Y","D","22",0,1,0,0,0,0,0,0,0,"-","-","UNINCORPORATED","YOLO","CA",-122.05552,38.70831
"90066611",-121.9746011,38.6828239,2015,"5700","5","6","2","01",0,3,"A",,,,,"Y",2100,12,"F","I","A","STATE ROUTE 16","TUTT STREET",528,"W","N","2015-12-07",9280,"2015-12-05",2020,"018205",,"2","9","0","3",,"2","001","-","Y",,0,0,,,0,,,,"Y",1,"A","-",23152,"A","N","A","H","-","D","D","0","Y","D","22",2,1,0,0,0,0,0,0,0,"-","-","UNINCORPORATED","YOLO","CA",-121.5827,38.4057
"90065457",0,0,2015,"5704","1","3","4","03",0,1,"A",,,,,,1800,11,"C","C","A","I-80 E/B","ENTERPRISE BLVD",2640,"E","N","2015-12-04",9280,"2015-11-04",1725,"015168",,"2","4","0","1",,"2","010","-","Y",,0,0,,,0,,,,"N",3,"A","-",22350,,"N","A","H","-","C","D","0","Y","A","01",0,0,1,0,0,0,0,0,0,"-","-","WEST SACRAMENTO","YOLO","CA",-121.56848,38.57512
"90063011",0,0,2015,"5701","1","3","3","03",0,1,"A",,,"Y",,,1800,11,"H","A","A","I-80 E/B","MACE BLVD. O/C",2640,"W","N","2015-12-01",9280,"2015-11-11",1728,"016929",,"2","5","0","1",,"2","010","-","Y",,0,0,,,0,,,,"Y",1,"A","-",22350,,"N","A","H","-","D","D","0","Y","C","02",0,1,0,0,0,0,0,0,1,"-","-","DAVIS","YOLO","CA",-121.70306,38.55097
"90062942",0,0,2015,"5701","1","2","4","03",0,1,"A",,,,,,1800,11,"C","C","A","I-80 E/B","RICHARDS BLVD",60,"W","N","2015-12-01",9280,"2015-11-10",1627,"016520",,"2","5","0","1",,"2","010","-","Y",,0,0,,,0,,,,"Y",2,"A","-",22350,,"N","A","H","-","A","D","0","Y","A","01",0,0,1,0,0,0,0,0,0,"-","-","DAVIS","YOLO","CA",-121.73585,38.53974
"90061734",0,0,2015,"5700","5","7","1","06",1,0,"A",,"Y",,,,1200,9,"A","G","A","COUNTY ROAD 19 ","GOTTLOB MAST WAY",306,"W","N","2015-11-30",9280,"2015-09-27",933,"016144",,"1","9","0","3",,"2","003","-","N",,0,0,,,0,,,,"Y",2,"A","-",21751,,"N","A","H","-","A","A","0","Y","A","01",0,0,0,0,0,1,0,0,0,"-","-","UNINCORPORATED","YOLO","CA",-121.97738,38.72846
"90059676",0,0,2015,"5700","1","6","4","09",0,1,"A",,,,,,2100,11,"D","C","A","COUNTY ROAD 102 (CR-102)","COUNTY ROAD 27 (CR-27)",0,,"Y","2015-11-25",9280,"2015-11-07",2055,"017772",,"2","9","0","1",,"2","020","-","Y",,0,0,,,0,,,,"Y",2,"A","-",21802,"A","N","A","H","-","D","A","0","Y","D","22",0,0,1,0,0,0,0,0,0,"-","-","UNINCORPORATED","YOLO","CA",-121.72966,38.61885
"90059498",0,0,2015,"5700","1","4","4","03",0,2,"A",,,,,,1800,11,"C","C","A","I-5 S/B","RIVER ROAD",4224,"N","N","2015-11-25",9280,"2015-11-19",1755,"013837",,"2","9","0","1",,"2","020","-","Y",,0,0,,,0,,,,"Y",2,"A","-",22350,,"N","A","H","-","D","D","0","Y","A","01",0,0,2,0,0,0,0,0,0,"-","-","UNINCORPORATED","YOLO","CA",-121.64402,38.67327
"90058730",0,0,2015,"5700","1","2","4","03",0,1,"A",,,,,,2400,11,"C","C","A","I-80 E/B","ENTERPRISE BLVD.",5280,"W","N","2015-11-24",9280,"2015-11-10",2105,"016351",,"2","9","0","1",,"2","010","-","Y",,0,0,,,0,,,,"N",2,"A","-",22350,,"F","A","H","-","D","D","0","Y","A","01",0,0,1,0,0,0,0,0,0,"-","-","UNINCORPORATED","YOLO","CA",-121.59367,38.57153
"90058587",0,0,2015,"5700","5","1","4","03",0,1,"A",,,,,,300,11,"F","I","A","COUNTY ROAD 14 ","COUNTY ROAD 88 ",1056,"E","N","2015-11-24",9280,"2015-11-09",40,"017629",,"3","9","0","3",,"2","003","-","N",,0,0,,,0,,,,"Y",1,"A","-",22350,,"N","A","H","-","D","D","0","Y","A","01",0,0,1,0,0,0,0,0,0,"-","-","UNINCORPORATED","YOLO","CA",-121.97284,38.77912
"90058582",-121.8025428,38.6783315,2015,"5700","5","6","3","08",0,1,"A",,"Y",,,,2100,11,"B","G","A","STATE ROUTE 16","MAIN STREET",250,"N","N","2015-11-24",9280,"2015-11-07",1945,"017629",,"2","9","0","3",,"2","002","-","Y",,0,0,,,0,,,,"N",2,"A","-",22107,,"N","A","H","-","C","D","0","Y","L","04",0,1,0,0,0,0,1,0,0,"-","-","UNINCORPORATED","YOLO","CA",-121.8025,38.67794
"90058468",0,0,2015,"5700","5","1","3","08",0,1,"B",,,,,,1200,11,"F","I","A","COUNTY ROAD 14 (31400 BLK)","COUNTY ROAD 90A ",5280,"E","N","2015-11-24",9280,"2015-11-09",935,"012272",,"1","9","0","3",,"2","003","-","N",,0,0,,,0,,,,"Y",1,"A","-",22107,,"N","B","H","-","A","D","0","Y","A","07",0,1,0,0,0,0,0,0,0,"-","-","UNINCORPORATED","YOLO","CA",-121.926,38.7838
"90058137",-121.7869002,38.6411967,2015,"5700","5","7","1","01",1,0,"A",,,,,"Y",300,8,"E","I","A","COUNTY ROAD 25A","COUNTY ROAD 99",656,"W","N","2015-11-24",9280,"2015-08-30",5,"016254",,"3","9","0","3",,"2","002","-","N",,0,0,,,0,,,,"Y",1,"A","-",23152,"A","N","A","H","-","D","D","0","Y","A","07",0,0,0,0,0,0,0,0,0,"-","-","UNINCORPORATED","YOLO","CA",-121.78672,38.64119
"90057667",0,0,2015,"5703","3","1","4","03",0,3,"B",,,,"Y",,1500,11,"D","C","A","SR-113 N/B","GIBSON RD",138,"S","N","2015-11-23",9280,"2015-11-02",1344,"015079",,"1","4","0","1",,"2","022","C","Y",,0,0,,,0,,,,"Y",2,"A","-",22350,,"N","B","H","-","A","D","0","Y","A","01",0,0,3,0,0,0,0,0,0,"-","-","WOODLAND","YOLO","CA",-121.75145,38.66187
"90057422",0,0,2015,"5700","5","5","3","03",0,1,"A",,,,"Y",,300,11,"C","C","A","SR-16 EASTBOUND ","I-505 NORTHBOUND TRANSITION RAMP",0,,"Y","2015-11-23",9280,"2015-11-06",150,"018034",,"3","9","0","3",,"2","003","-","Y",,0,0,,,0,,,,"Y",2,"A","-",22350,,"N","A","H","-","C","D","0","Y","A","01",0,1,0,0,0,0,0,0,0,"-","-","UNINCORPORATED","YOLO","CA",-121.94996,38.67932
"90057300",0,0,2015,"5704","1","7","1","07",1,1,"A",,,"Y","Y",,1500,9,"B","C","A","I-80 W/B ","REED AVE. ",2112,"W","N","2015-11-23",9280,"2015-09-27",1320,"017763",,"1","4","0","1",,"2","010","B","Y",,0,0,,,0,,,,"Y",3,"A","-",21658,"A","N","A","H","-","A","D","0","Y","C","02",1,0,0,0,0,0,0,1,1,"-","-","WEST SACRAMENTO","YOLO","CA",-121.55599,38.58666
"90057236",0,0,2015,"5700","5","3","1","06",1,1,"A",,,,,"Y",2100,9,"A","C","A","COUNTY ROAD 89 ","COUNTY ROAD 31 ",4752,"N","N","2015-11-23",9280,"2015-09-02",2030,"016632",,"2","9","0","3",,"2","003","-","N",,0,0,,,0,,,,"Y",2,"A","-",21751,,"N","A","H","-","D","D","0","Y","A","01",1,0,0,0,0,0,0,0,0,"-","-","UNINCORPORATED","YOLO","CA",-121.97135,38.57528
"90056979",-121.8026832,38.641415,2015,"5700","5","7","1","01",1,2,"A",,,,,,1200,8,"D","C","A","COUNTY ROAD 25A ","COUNTY ROAD 98 ",0,,"Y","2015-11-23",9280,"2015-08-16",920,"015128",,"1","9","0","3",,"2","002","-","N",,0,0,,,0,,,,"Y",2,"A","-",23152,"E","N","A","H","-","A","A","0","Y","A","01",1,0,1,0,0,0,0,0,0,"-","-","UNINCORPORATED","YOLO","CA",-121.80259,38.64151
"90054735",-122.0569613,38.7083452,2015,"5700","5","2","4","01",0,1,"B",,,,,,1200,10,"E","I","A","STATE ROUTE 16","2ND STREET",315,"W","N","2015-11-19",9280,"2015-10-27",1018,"016254",,"1","9","0","3",,"2","003","-","Y",,0,0,,,0,,,,"Y",1,"A","-",23152,"E","N","A","H","-","A","D","0","Y","A","01",0,0,1,0,0,0,0,0,0,"-","-","UNINCORPORATED","YOLO","CA",-122.01971,38.69274
"90054712",0,0,2015,"5700","2","1","4","08",0,1,"A",,,,"Y",,1200,10,"B","C","A","E/B US 50","HARBOR BLVD",3696,"W","N","2015-11-19",9280,"2015-10-26",1140,"016254",,"1","9","0","1",,"2","011","-","Y",,0,0,,,0,,,,"Y",2,"A","-",22107,,"N","A","H","-","A","D","0","Y","A","01",0,0,1,0,0,0,0,0,0,"-","-","UNINCORPORATED","YOLO","CA",-121.56249,38.57527
"90054678",0,0,2015,"5703","1","6","3","01",0,2,"A",,,,,"Y",300,10,"F","A","A","I-5 N/B TO COUNTY ROAD 102 OFF","COUNTY ROAD 102 ",438,"S","N","2015-11-19",9280,"2015-10-31",152,"015168",,"3","4","0","1",,"2","020","-","Y",,0,0,,,0,,,,"Y",1,"A","-",23152,"A","N","A","H","-","C","D","0","Y","A","01",0,1,1,0,0,0,0,0,0,"-","-","WOODLAND","YOLO","CA",-121.72643,38.67437
"90054663",-121.8548759,38.5469956,2015,"5700","5","7","3","03",0,1,"B",,,,,,1500,11,"E","I","A","RUSSELL BLVD. ","COUNTY ROAD 95A ",528,"E","N","2015-11-19",9280,"2015-11-01",1258,"017763",,"1","9","0","3",,"2","002","-","N",,0,0,,,0,,,,"Y",1,"A","-",22350,,"N","B","H","-","A","D","0","Y","A","01",0,1,0,0,0,0,0,0,0,"-","-","UNINCORPORATED","YOLO","CA",-121.85373,38.54688
"90054631",0,0,2015,"5700","1","1","4","08",0,1,"A",,,,,,1800,9,"E","I","A","INTERSTATE 5 ","YOLO/SACRAMENTO COUNTY LINE",8976,"W","N","2015-11-19",9280,"2015-09-28",1640,"015353",,"2","9","0","1",,"2","020","-","Y",,0,0,,,0,,,,"Y",1,"A","-",22107,,"N","A","H","-","A","D","0","Y","A","07",0,0,1,0,0,0,0,0,0,"-","-","UNINCORPORATED","YOLO","CA",-121.66184,38.67357
"90054609",0,0,2015,"5704","1","3","4","08",0,1,"A",,,,,,600,11,"E","I","A","US-50 WB TO I-80 EB","HARBOR BLVD",2640,"W","N","2015-11-19",9280,"2015-11-04",350,"017772",,"3","4","0","1",,"2","010","-","Y",,0,0,,,0,,,,"Y",1,"A","-",22107,,"N","A","H","-","C","D","0","Y","A","01",0,0,1,0,0,0,0,0,0,"-","-","WEST SACRAMENTO","YOLO","CA",-121.53666,38.57136
"90054602",-121.9515984,38.5318434,2015,"5700","5","2","4","03",0,1,"A",,,,,,1800,11,"C","C","A","RUSSELL BLVD","BUCKEYE RD",561,"W","N","2015-11-19",9280,"2015-11-03",1645,"012272",,"2","9","0","3",,"2","003","-","N",,0,0,,,0,,,,"N",3,"A","-",22350,,"N","A","H","-","C","D","0","Y","D","22",0,0,1,0,0,0,0,0,0,"-","-","UNINCORPORATED","YOLO","CA",-121.952,38.5316
"90054593",-121.559721,38.6071039,2015,"5700","5","2","3","08",0,1,"A",,,,,,1200,11,"E","I","A","OLD RIVER ROAD","COUNTY ROAD 126",113,"S","N","2015-11-19",9280,"2015-11-03",931,"017375",,"1","9","0","3",,"2","001","-","N",,0,0,,,0,,,,"Y",1,"A","-",22107,,"N","A","H","-","A","D","0","Y","A","01",0,1,0,0,0,0,0,0,0,"-","-","UNINCORPORATED","YOLO","CA",-121.55928,38.60664
"90054577",0,0,2015,"5700","1","1","2","08",0,1,"B",,,,,,1500,11,"E","J","A","I-80 E/B ","MACE BLVD. ",6864,"E","N","2015-11-19",9280,"2015-11-02",1203,"017763",,"1","9","0","1",,"2","010","-","Y",,0,0,,,0,,,,"Y",1,"A","-",22107,,"N","B","H","-","A","D","0","Y","A","01",1,0,0,0,0,0,0,0,0,"-","-","UNINCORPORATED","YOLO","CA",-121.67005,38.55825
"90054227",0,0,2015,"5700","1","7","4","08",0,2,"B",,,,,"Y",600,11,"E","I","A","I-80 E/B","MACE BLVD",1584,"E","N","2015-11-19",9280,"2015-11-01",522,"016214",,"3","9","0","1",,"2","010","-","Y",,0,0,,,0,,,,"Y",1,"A","-",22107,,"N","A","H","-","C","D","0","Y","A","01",0,0,2,0,0,0,0,0,0,"-","-","UNINCORPORATED","YOLO","CA",-121.69101,38.55348
"90054175",0,0,2015,"5700","3","5","2","18",0,1,"A",,,"Y",,,2400,10,"H","H","A","SR-128 W/B","EQUUS LN.",9504,"E","N","2015-11-19",9280,"2015-10-30",2225,"016292",,"3","9","0","1",,"2","032","-","Y",,0,0,,,0,,,,"Y",1,"C","-",0,,"N","A","H","-","D","D","0","Y","-","-",1,0,0,0,0,0,0,0,1,"-","-","UNINCORPORATED","YOLO","CA",-122.07943,38.51506
"90049067",-121.8491432,38.728455,2015,"5700","3","7","4","03",0,1,"C",,,,,,2100,11,"E","I","A","COUNTY ROAD 95A ","COUNTY ROAD 17A ",0,,"Y","2015-11-25",9280,"2015-11-01",1857,"017351",,"2","9","0","1",,"1","024","-","N",,0,0,,,0,,,,"Y",1,"A","-",22350,,"N","B","H","-","D","D","0","Y","A","01",0,0,1,0,0,0,0,0,0,"-","-","UNINCORPORATED","YOLO","CA",-121.8405,38.7244
"90049053",0,0,2015,"5700","1","4","4","17",0,2,"A",,,,,,1500,10,"E","J","A","I-80 W/B","ENTERPRISE BLVD",4752,"W","N","2015-11-11",9280,"2015-10-29",1348,"016632",,"1","9","0","1",,"2","010","-","Y",,0,0,,,0,,,,"Y",3,"A","-",23114,"A","F","A","H","-","A","D","0","Y","-","99",0,0,2,0,0,0,0,0,0,"-","-","UNINCORPORATED","YOLO","CA",-121.5962,38.571
"90049048",0,0,2015,"5701","3","3","4","03",0,1,"A",,,,,,1200,10,"C","C","A","SR-113 N/B","UC DAVIS BICYCLIST O/C",150,"S","N","2015-11-11",9280,"2015-10-28",916,"016144",,"1","5","0","1",,"2","022","-","Y",,0,0,,,0,,,,"Y",2,"A","-",22350,,"N","A","H","-","A","D","0","Y","A","01",0,0,1,0,0,0,0,0,0,"-","-","DAVIS","YOLO","CA",-121.7682,38.54399
"90049047",0,0,2015,"5700","5","2","3","08",0,1,"B",,,,,,1800,10,"E","J","A","COUNTY ROAD 13 ","COUNTY ROAD 95 ",317,"W","N","2015-11-11",9280,"2015-10-27",1610,"017763",,"2","9","0","3",,"2","003","-","N",,0,0,,,0,,,,"Y",1,"A","-",22107,,"N","A","H","-","A","D","0","Y","A","01",0,1,0,0,0,0,0,0,0,"-","-","UNINCORPORATED","YOLO","CA",-121.85996,38.79405
"90049042",-121.5501585,38.4143883,2015,"5700","5","1","3","00",0,3,"A",,,,,,900,9,"D","C","A","CLARKSBURG RD.","WOOD DUCK LN.",73,"E","N","2015-11-11",9280,"2015-09-28",605,"016292",,"1","9","0","3",,"2","001","-","N",,0,0,,,0,,,,"Y",2,"D","-",0,,"N","A","H","-","C","D","0","Y","-","-",0,3,0,0,0,0,0,0,0,"-","-","UNINCORPORATED","YOLO","CA",-121.5501,38.4144
"90049035",0,0,2015,"5704","2","2","3","03",0,3,"B",,,,,,900,10,"C","C","A","US-50 W/B ","HARBOR BLVD. ",1584,"W","N","2015-11-11",9280,"2015-10-27",745,"017763",,"1","4","0","1",,"2","011","-","Y",,0,0,,,0,,,,"Y",3,"A","-",22350,,"N","A","H","-","A","D","0","Y","A","01",0,1,2,0,0,0,0,0,0,"-","-","WEST SACRAMENTO","YOLO","CA",-121.55305,38.57509
"90049033",0,0,2015,"5700","1","2","4","03",0,1,"B",,,,,,900,10,"C","C","A","I-80 W/B ","ENTERPRISE BLVD. ",8976,"W","N","2015-11-11",9280,"2015-10-27",643,"017763",,"1","9","0","1",,"2","010","-","Y",,0,0,,,0,,,,"N",2,"A","-",22350,,"N","A","H","-","D","D","0","Y","D","22",0,0,1,0,0,0,0,0,0,"-","-","UNINCORPORATED","YOLO","CA",-121.6076,38.56902
"90046292",0,0,2015,"5700","1","4","3","01",0,1,"A",,,,"Y","Y",1800,10,"A","C","A","I-5 S/B","CR-8",3696,"S","N","2015-11-06",9280,"2015-10-22",1525,"015128",,"2","9","0","1",,"2","030","-","Y",,0,0,,,0,,,,"Y",2,"A","-",23152,"A","N","A","H","-","A","D","0","Y","D","22",0,1,0,0,0,0,0,0,0,"-","-","UNINCORPORATED","YOLO","CA",-121.5658,38.5126
"90046281",-121.5600138,38.6074224,2015,"5700","5","7","4","01",0,2,"A",,,,,"Y",2100,10,"A","C","A","OLD RIVER RD","COUNTY ROAD 126",30,"N","N","2015-11-06",9280,"2015-10-11",2030,"016520",,"2","9","0","3",,"2","001","-","N",,0,0,,,0,,,,"Y",2,"A","-",23152,"A","F","A","H","-","D","D","0","Y","A","07",0,0,2,0,0,0,0,0,0,"-","-","UNINCORPORATED","YOLO","CA",-121.56012,38.60746
"90040300",0,0,2015,"5700","5","5","3","00",0,1,"A",,,,,,900,10,"A","C","A","RUSSELL BLVD","SHAMS WAY",0,,"Y","2015-12-30",9280,"2015-10-23",647,"016144",,"1","9","0","3",,"2","003","-","N",,0,0,,,0,,,,"Y",2,"A","-",24400,"B","N","A","H","-","C","D","0","Y","D","23",0,1,0,0,0,0,0,0,0,"-","-","UNINCORPORATED","YOLO","CA",-121.94503,38.53416
"90038971",-121.8032304,38.7672652,2015,"5700","1","3","3","08",0,1,"A",,,,,,600,10,"F","A","A","COUNTY ROAD 98 ","COUNTY ROAD 15 ",1056,"N","N","2015-10-27",9280,"2015-10-21",420,"017351",,"3","9","0","1",,"2","020","-","N",,0,0,,,0,,,,"Y",1,"A","-",22107,,"N","A","H","-","D","D","0","Y","A","01",0,1,0,0,0,0,0,0,0,"-","-","UNINCORPORATED","YOLO","CA",-121.80319,38.76866