"CASEID","POINT_X","POINT_Y","YEAR_","LOCATION","CHPTYPE","DAYWEEK","CRASHSEV","VIOLCAT","KILLED","INJURED","WEATHER1","PEDCOL","BICCOL","MCCOL","TRUCKCOL","ETOH","TIMECAT","MONTH_","CRASHTYP","INVOLVE","PED","PRIMARYRD","SECONDRD","DISTANCE","DIRECT","INTERSECT_","PROCDATE","JURIS","DATE_","TIME_","BADGE","JURIDIST","SHIFT","POP","SPECIAL","BEATTYPE","LAPDDIV","BEATCLAS","BEATNUMB","WEATHER2","STATEHW","CALTRANC","CALTRAND","STROUTE","ROUTESUF","POSTPRE","POSTMILE","LOCATYPE","RAMP","SIDEHW","TOWAWAY","PARTIES","PCF","VIOLCODE","VIOL","VIOLSUB","HITRUN","ROADSURF","RDCOND1","RDCOND2","LIGHTING","RIGHTWAY","CHPRDTYP","NOTPRIV","STFAULT","CHPFAULT","SEVINJ","OTHERINJ","COP","PEDKILL","PEDINJ","BICKILL","BICINJ","MCKILL","MCINJURE","RAMP1","RAMP2","CITY","COUNTY","STATE","X_CHP","Y_CHP"
"90038474",-121.8024355,38.7156673,2015,"5700","3","5","4","08",0,3,"A",,,,,,1500,9,"A","C","A","SR-16","COUNTY ROAD 18 ",500,"S","N","2015-10-26",9280,"2015-09-18",1335,"012272",,"1","9","0","1",,"1","024","-","Y",,0,0,,,0,,,,"Y",2,"A","-",22107,,"N","A","H","-","A","D","0","Y","A","01",0,0,3,0,0,0,0,0,0,"-","-","UNINCORPORATED","YOLO","CA",-121.8023,38.7157
"90038435",0,0,2015,"5700","5","4","3","08",0,1,"A",,,,,"Y",2400,10,"B","I","A","STATE HIGHWAY 128 ","OF PLEASANTS VALLEY RD.",1584,"W","N","2015-10-26",9280,"2015-10-22",2145,"018205",,"2","9","0","3",,"2","003","-","Y",,0,0,,,0,,,,"Y",1,"A","-",22107,,"M","A","H","-","D","D","0","Y","A","01",0,1,0,0,0,0,0,0,0,"-","-","UNINCORPORATED","YOLO","CA",-122.0153,38.2943
"90038095",0,0,2015,"5704","1","5","3","08",0,4,"A",,,,,,1500,10,"E","I","A","I-80 E/B","REED AVE.",5280,"W","N","2015-10-26",9280,"2015-10-16",1403,"016144",,"2","4","0","1",,"2","010","-","Y",,0,0,,,0,,,,"Y",1,"A","-",22107,,"N","A","H","-","A","D","0","Y","A","07",0,2,2,0,0,0,0,0,0,"-","-","WEST SACRAMENTO","YOLO","CA",-121.56177,38.57752
"90037744",-121.5602023,38.6082894,2015,"5700","5","6","2","03",0,1,"A",,,,,,300,10,"F","J","A","OLD RIVER ROAD","COUNTY ROAD 126",360,"W","N","2015-10-26",9280,"2015-10-17",45,"018205",,"3","9","0","3",,"2","001","-","N",,0,0,,,0,,,,"Y",1,"A","-",22350,,"N","A","H","-","D","D","0","Y","A","07",1,0,0,0,0,0,0,0,0,"-","-","UNINCORPORATED","YOLO","CA",-121.56003,38.60804
"90037733",0,0,2015,"5700","1","5","3","01",0,1,"A",,,,"Y","Y",600,10,"C","C","A","I-5 N/B","COUTNY ROAD 103",1056,"N","N","2015-10-26",9280,"2015-10-16",320,"016929",,"3","9","0","1",,"2","020","-","Y",,0,0,,,0,,,,"Y",2,"A","-",23152,"A","N","A","H","-","D","D","0","Y","A","01",0,1,0,0,0,0,0,0,0,"-","-","UNINCORPORATED","YOLO","CA",-121.71315,38.67385
"90037737",0,0,2015,"5701","1","4","4","08",0,1,"A",,,,,,1200,10,"C","C","A","I-80 W/B","POLE LINE ROAD",2112,"E","N","2015-10-26",9280,"2015-10-08",1110,"016632",,"1","5","0","1",,"2","010","-","Y",,0,0,,,0,,,,"Y",2,"A","-",22107,,"F","A","H","-","A","D","0","Y","A","01",0,0,1,0,0,0,0,0,0,"-","-","DAVIS","YOLO","CA",-121.71738,38.54794
"90037700",0,0,2015,"5701","1","2","4","07",0,1,"A",,,,"Y",,900,10,"D","C","A","I-80 E/B ","MACE BLVD. ",1584,"E","N","2015-10-26",9280,"2015-10-20",647,"017763",,"1","5","0","1",,"2","010","-","Y",,0,0,,,0,,,,"Y",2,"A","-",21658,"A","N","A","H","-","D","D","0","Y","G","25",0,0,1,0,0,0,0,0,0,"-","-","DAVIS","YOLO","CA",-121.68831,38.5542
"90037573",-121.7155459,38.548317,2015,"5701","1","2","4","03",0,2,"A",,,,,,900,10,"C","C","A","I-80 ","POLE LINE RD",3168,"E","N","2015-10-26",9280,"2015-10-20",815,"012429",,"1","5","0","1",,"2","010","-","Y",,0,0,,,0,,,,"N",2,"A","-",22350,,"N","A","H","-","A","D","0","Y","A","01",0,0,2,0,0,0,0,0,0,"-","-","DAVIS","YOLO","CA",-121.71488,38.54827
"90037571",0,0,2015,"5700","1","1","4","03",0,1,"A",,,,,,1800,10,"C","C","A","I-80 W/B ","WEBSTER ",7920,"E","N","2015-10-26",9280,"2015-10-19",1740,"015079",,"2","9","0","1",,"2","010","-","Y",,0,0,,,0,,,,"Y",3,"A","-",22350,,"N","A","H","-","A","D","0","Y","A","07",0,0,1,0,0,0,0,0,0,"-","-","UNINCORPORATED","YOLO","CA",-121.61485,38.56777
"90036801",-121.5598101,38.607199,2015,"5700","5","1","2","08",0,1,"A",,,"Y",,,1800,10,"F","A","A","OLD RIVER RD","COUNTY ROAD 126",70,"S","N","2015-10-22",9280,"2015-10-12",1635,"015079",,"2","9","0","3",,"2","001","-","N",,0,0,,,0,,,,"Y",1,"A","-",22107,,"N","A","H","-","A","D","0","Y","C","02",1,0,0,0,0,0,0,0,1,"-","-","UNINCORPORATED","YOLO","CA",-121.3336,38.3626
"90036791",0,0,2015,"5700","1","2","3","03",0,5,"A",,,,,,1800,10,"C","C","A","I-5 S/B","OLD RIVER ROAD OFF",150,"S","N","2015-12-29",9280,"2015-10-13",1740,"017772",,"2","9","0","1",,"2","020","-","Y",,0,0,,,0,,,,"Y",3,"A","-",22350,,"N","A","H","-","A","D","0","Y","D","22",0,2,3,0,0,0,0,0,0,"-","-","UNINCORPORATED","YOLO","CA",-121.63823,38.67316
"90036397",0,0,2015,"5704","2","7","4","03",0,3,"A",,,,,,1800,10,"D","C","A","US-50 W/B","HARBOR BLVD",1584,"W","N","2015-10-22",9280,"2015-10-04",1640,"016520",,"2","4","0","1",,"2","011","-","Y",,0,0,,,0,,,,"Y",2,"A","-",22350,,"N","A","H","-","A","D","0","Y","A","07",0,0,3,0,0,0,0,0,0,"-","-","WEST SACRAMENTO","YOLO","CA",-121.55336,38.57513
"90035344",0,0,2015,"5700","1","5","3","03",0,2,"A",,,,"Y",,1200,10,"C","C","A","I-5 S/B","COUNTY ROAD 103 ",4752,"S","N","2015-10-21",9280,"2015-10-09",1010,"016292",,"1","9","0","1",,"2","020","-","Y",,0,0,,,0,,,,"Y",2,"A","-",22350,,"N","A","H","-","D","D","0","Y","G","25",0,1,1,0,0,0,0,0,0,"-","-","UNINCORPORATED","YOLO","CA",-121.4135,38.4024
"90034690",0,0,2015,"5700","3","5","4","08",0,1,"A",,,,,,1200,10,"E","I","A","SR-128","SOLANO/YOLO COUNTY LINE",350,"E","N","2015-10-20",9280,"2015-10-02",1030,"016144",,"1","9","0","1",,"2","032","-","Y",,0,0,,,0,,,,"Y",1,"A","-",22107,,"N","A","H","-","A","D","0","Y","A","07",0,0,1,0,0,0,0,0,0,"-","-","UNINCORPORATED","YOLO","CA",-122.09386,38.51516
"90034570",-121.8761724,38.6687434,2015,"5700","3","2","3","09",0,2,"A",,,,,,1200,9,"D","C","A","SR-16","CR-23A",528,"W","N","2015-10-20",9280,"2015-09-29",1050,"015128",,"1","9","0","1",,"2","034","-","Y",,0,0,,,0,,,,"Y",2,"A","-",21804,"A","N","A","H","-","A","D","0","Y","D","22",0,2,0,0,0,0,0,0,0,"-","-","UNINCORPORATED","YOLO","CA",-122.653,38.3512
"90034471",0,0,2015,"5701","1","3","4","03",0,2,"B",,,,,,1500,10,"C","C","A","I-80 E/B","MACE BLVD",3696,"W","N","2015-10-20",9280,"2015-10-14",1335,"016632",,"1","5","0","1",,"2","010","-","Y",,0,0,,,0,,,,"Y",3,"A","-",22350,,"N","A","H","-","A","D","0","Y","A","01",0,0,2,0,0,0,0,0,0,"-","-","DAVIS","YOLO","CA",-121.71788,38.54809
"90034345",0,0,2015,"5701","1","1","4","03",0,1,"A",,,,,,900,9,"C","C","A","INTERSTATE 80 E/B","MACE BLVD.",3960,"W","N","2015-10-20",9280,"2015-09-21",730,"016292",,"1","5","0","1",,"2","010","-","Y",,0,0,,,0,,,,"N",2,"A","-",22350,,"N","A","H","-","A","D","0","Y","A","01",0,0,1,0,0,0,0,0,0,"-","-","DAVIS","YOLO","CA",-121.7082,38.5947
"90034220",0,0,2015,"5700","2","6","3","08",0,1,"A",,,"Y",,,1200,9,"F","J","A","US-50 W/B","I-80 W/B TO US-50 E/B",300,"E","N","2015-10-20",9280,"2015-09-12",1055,"016292",,"1","9","0","1",,"2","011","-","Y",,0,0,,,0,,,,"Y",1,"A","-",22107,,"N","A","H","-","A","D","0","Y","C","02",0,1,0,0,0,0,0,0,1,"-","-","UNINCORPORATED","YOLO","CA",-121.5618,38.5754
"90033988",0,0,2015,"5700","1","2","3","08",0,2,"A",,,,,,2100,10,"E","I","A","I-80 W/B","ENTERPRISE BLVD",1056,"W","N","2015-10-19",9280,"2015-10-13",1950,"017629",,"2","9","0","1",,"2","010","-","Y",,0,0,,,0,,,,"Y",1,"A","-",22107,,"N","A","H","-","A","D","0","Y","A","07",0,2,0,0,0,0,0,0,0,"-","-","UNINCORPORATED","YOLO","CA",-121.59256,38.57176
"90033927",0,0,2015,"5704","2","2","4","03",0,1,"A",,,,,,1800,10,"C","C","A","US-50 E/B","HARBOR BLVD",0,,"N","2015-10-19",9280,"2015-10-13",1710,"015079",,"2","4","0","1",,"2","011","-","Y",,0,0,,,0,,,,"Y",2,"A","-",22350,,"N","A","H","-","A","D","0","Y","A","01",0,0,1,0,0,0,0,0,0,"-","-","WEST SACRAMENTO","YOLO","CA",-121.3231,38.3429
"90033860",-121.7858516,38.5831462,2015,"5700","1","6","3","03",0,1,"A",,"Y",,,,2100,10,"C","G","A","COUNTY ROAD 99 ","COUNTY ROAD 29 ",2640,"S","N","2015-10-19",9280,"2015-10-10",2010,"017351",,"2","9","0","1",,"2","020","-","N",,0,0,,,0,,,,"N",2,"A","-",22350,,"N","A","H","-","D","D","0","Y","A","01",0,1,0,0,0,0,1,0,0,"-","-","UNINCORPORATED","YOLO","CA",-121.78589,38.58274
"90033837",0,0,2015,"5700","3","5","4","08",0,1,"A",,,,,,900,10,"E","I","A","SR-113 N/S","COUNTY ROAD 102 ",4224,"S","N","2015-10-19",9280,"2015-10-09",731,"016632",,"1","9","0","1",,"2","023","-","Y",,0,0,,,0,,,,"Y",1,"A","-",22107,,"N","A","H","-","A","D","0","Y","D","22",0,0,1,0,0,0,0,0,0,"-","-","UNINCORPORATED","YOLO","CA",-121.74288,38.79249
"90032020",0,0,2015,"5700","5","4","4","09",0,2,"A",,,,,,900,10,"D","C","A","I-5 N/B TO OLD RIVER RD","OLD RIVER RD",15,"W","N","2015-10-19",9280,"2015-10-08",710,"015128",,"1","9","0","3",,"2","002","-","Y",,0,0,,,0,,,,"Y",2,"A","-",21801,"A","N","A","H","-","A","D","0","Y","A","01",0,0,2,0,0,0,0,0,0,"-","-","UNINCORPORATED","YOLO","CA",-121.63719,38.67658
"90031608",0,0,2015,"5704","2","3","3","17",0,1,"A",,,,,,1500,10,"E","J","A","US-50 W/B","JEFFERSON BLD",1584,"W","N","2015-10-19",9280,"2015-10-07",1354,"016632",,"1","4","0","1",,"2","011","-","Y",,0,0,,,0,,,,"Y",2,"A","-",23114,"A","F","A","C","-","A","D","0","Y","-","99",0,1,0,0,0,0,0,0,0,"-","-","WEST SACRAMENTO","YOLO","CA",-121.53217,38.57604
"90031581",0,0,2015,"5704","2","2","4","03",0,1,"A",,,,,,1800,10,"C","C","A","US-50 E/B","SR-84 (JEFFERSON BL)",350,"E","N","2015-10-19",9280,"2015-10-06",1645,"015079",,"2","4","0","1",,"2","011","-","Y",,0,0,,,0,,,,"Y",3,"A","-",22350,,"N","A","H","-","A","D","0","Y","D","22",0,0,1,0,0,0,0,0,0,"-","-","WEST SACRAMENTO","YOLO","CA",-121.51695,38.57211
"90030858",0,0,2015,"5700","3","1","4","03",0,1,"A",,,,,,900,10,"C","C","A","SR-16 (32000 BLK)","COUNTY ROAD 93 ",5280,"W","N","2015-10-19",9280,"2015-10-05",820,"012272",,"1","9","0","1",,"2","034","-","Y",,0,0,,,0,,,,"Y",2,"A","-",22350,,"N","A","B","D","A","A","0","Y","A","01",0,0,1,0,0,0,0,0,0,"-","-","UNINCORPORATED","YOLO","CA",-121.9137,38.6741
"90030839",0,0,2015,"5704","1","7","4","03",0,2,"A",,,,,,1800,10,"C","C","A","I-80 W/B","REED AVE",50,"W","N","2015-10-19",9280,"2015-10-04",1610,"017629",,"2","4","0","1",,"2","010","-","Y",,0,0,,,0,,,,"Y",2,"A","-",22350,,"N","A","H","-","A","D","0","Y","A","01",0,0,2,0,0,0,0,0,0,"-","-","WEST SACRAMENTO","YOLO","CA",-121.75908,38.52852
"90030761",0,0,2015,"5704","1","6","4","03",0,1,"B",,,,,,2400,10,"C","C","A","INTERSTATE 80 E/B","REED AVE",150,"W","N","2015-10-19",9280,"2015-10-03",2145,"018205",,"2","4","0","1",,"2","010","C","Y",,0,0,,,0,,,,"Y",3,"A","-",22350,,"M","B","H","-","C","D","0","Y","-","99",0,0,1,0,0,0,0,0,0,"-","-","WEST SACRAMENTO","YOLO","CA",-121.55264,38.59111
"90030667",0,0,2015,"5701","1","5","4","03",0,1,"A",,,,,,2100,10,"C","C","A","INTERSTATE 80 E/B","RICHARDS BLVD",10,"E","N","2015-10-19",9280,"2015-10-02",1905,"018205",,"2","5","0","1",,"2","010","-","Y",,0,0,,,0,,,,"Y",3,"A","-",22350,,"N","A","H","-","B","D","0","Y","A","01",0,0,1,0,0,0,0,0,0,"-","-","DAVIS","YOLO","CA",-121.73543,38.54021
"90030646",0,0,2015,"5704","2","5","4","03",0,1,"A",,,,,,1800,10,"C","C","A","US-50 W/B","HARBOR BLVD O/C",528,"W","N","2015-10-19",9280,"2015-10-02",1533,"016929",,"2","4","0","1",,"2","011","-","Y",,0,0,,,0,,,,"Y",2,"A","-",22350,,"N","A","H","-","A","D","0","Y","A","01",0,0,1,0,0,0,0,0,0,"-","-","WEST SACRAMENTO","YOLO","CA",-121.55258,38.57509
"90030571",0,0,2015,"5700","1","5","4","08",0,1,"A",,,,,,1200,10,"E","I","A","1-505 N/B TO COUNTY ROAD 27","COUNTY ROAD 27 ",80,"S","N","2015-10-19",9280,"2015-10-02",1025,"016144",,"1","9","0","1",,"2","031","-","Y",,0,0,,,0,,,,"Y",1,"A","-",22107,,"N","A","H","-","A","D","0","Y","A","01",0,0,1,0,0,0,0,0,0,"-","-","UNINCORPORATED","YOLO","CA",-121.95248,38.61989
"90030333",0,0,2015,"5701","1","5","4","03",0,1,"A",,,,,,1800,10,"C","C","A","I-80 E/B","RICHARDS BLVD",75,"W","N","2015-10-19",9280,"2015-10-02",1750,"016515",,"2","5","0","1",,"2","010","-","Y",,0,0,,,0,,,,"N",2,"A","-",22350,,"N","A","H","-","A","D","0","Y","A","01",0,0,1,0,0,0,0,0,0,"-","-","DAVIS","YOLO","CA",-121.73597,38.53794
"90029134",0,0,2015,"5704","1","5","3","03",0,1,"A",,,"Y",,,1800,9,"B","C","A","I-80 E/B","REED AVE",1584,"E","N","2015-10-19",9280,"2015-09-25",1712,"016214",,"2","4","0","1",,"2","010","-","Y",,0,0,,,0,,,,"Y",3,"A","-",22350,,"N","A","H","-","A","D","0","Y","C","02",0,1,0,0,0,0,0,0,1,"-","-","WEST SACRAMENTO","YOLO","CA",-121.5481,38.59763
"90029124",0,0,2015,"5701","1","4","4","03",0,2,"A",,,,,,1800,9,"C","C","A","I-80 E/B","POLE LINE RD",1320,"E","N","2015-10-19",9280,"2015-09-24",1720,"016214",,"2","5","0","1",,"2","010","-","Y",,0,0,,,0,,,,"Y",3,"A","-",22350,,"N","A","H","-","A","D","0","Y","A","01",0,0,2,0,0,0,0,0,0,"-","-","DAVIS","YOLO","CA",-121.71635,38.54775
"90029102",0,0,2015,"5700","5","2","4","03",0,1,"A",,"Y",,,,1800,9,"B","G","A"," COUNTY ROAD 32B","COUNTY ROAD 105D",1584,"E","N","2015-10-19",9280,"2015-09-22",1603,"016144",,"2","9","0","3",,"2","001","-","N",,0,0,,,0,,,,"N",2,"A","-",22350,,"N","A","H","-","A","D","0","Y","A","01",0,0,1,0,0,0,1,0,0,"-","-","UNINCORPORATED","YOLO","CA",-121.6208,38.55917
"90029007",0,0,2015,"5704","1","6","4","03",0,1,"A",,,,,,1800,9,"C","C","A","I-80 W/B","REED AVE",3115,"W","N","2015-10-19",9280,"2015-09-19",1627,"017874",,"2","4","0","1",,"2","010","-","Y",,0,0,,,0,,,,"Y",2,"A","-",22350,,"N","A","H","-","A","D","0","Y","A","01",0,0,1,0,0,0,0,0,0,"-","-","WEST SACRAMENTO","YOLO","CA",-121.55255,38.59193
"90028977",0,0,2015,"5700","5","7","3","08",0,1,"A",,,,,,1500,9,"F","J","A","COUNTY ROAD 14 ","I-505 ",6336,"E","N","2015-10-19",9280,"2015-09-06",1300,"016292",,"1","9","0","3",,"2","003","-","N",,0,0,,,0,,,,"Y",1,"A","-",22107,,"N","A","H","-","A","A","0","Y","D","22",0,1,0,0,0,0,0,0,0,"-","-","UNINCORPORATED","YOLO","CA",0,0
"90026612",0,0,2015,"5700","5","5","3","01",0,1,"A",,,,,"Y",2400,9,"B","I","A","CR-32A","COUNTY ROAD 105 ",49,"E","N","2015-10-19",9280,"2015-09-25",2335,"016632",,"3","9","0","3",,"2","001","-","N",,0,0,,,0,,,,"Y",1,"A","-",23152,"A","N","A","H","-","D","D","0","Y","A","01",0,1,0,0,0,0,0,0,0,"-","-","UNINCORPORATED","YOLO","CA",-121.67568,38.55779
"90024633",-121.8588132,38.561535,2015,"5700","5","2","3","05",0,1,"A",,,"Y",,,2100,9,"B","C","A","COUNTY ROAD 31 ","COUNTY ROAD 95 ",0,,"Y","2015-10-19",9280,"2015-09-22",1955,"018034",,"2","9","0","3",,"2","003","-","N",,0,0,,,0,,,,"N",2,"A","-",21752,"D","N","A","H","-","D","D","0","Y","C","02",0,1,0,0,0,0,0,0,1,"-","-","UNINCORPORATED","YOLO","CA",-121.85926,38.56151
"90023531",0,0,2015,"5700","5","6","3","03",0,1,"A",,,,,,2100,9,"C","C","A","COUNTY ROAD 85 ","COUNTY ROAD 15B ",0,,"Y","2015-10-19",9280,"2015-09-26",1820,"018034",,"2","9","0","3",,"2","003","-","N",,0,0,,,0,,,,"Y",2,"A","-",22350,,"N","A","H","-","A","D","0","Y","A","01",0,1,0,0,0,0,0,0,0,"-","-","UNINCORPORATED","YOLO","CA",0,0
"90023530",0,0,2015,"5700","5","6","3","03",0,1,"A",,,"Y",,"Y",1800,9,"C","C","A","SOUTH RIVER ROAD N/B","PUMPHOUSE ROAD",2112,"N","N","2015-10-19",9280,"2015-09-26",1700,"013837",,"2","9","0","3",,"2","001","-","N",,0,0,,,0,,,,"Y",2,"A","-",22350,,"F","A","H","-","A","D","0","Y","-","99",0,1,0,0,0,0,0,0,1,"-","-","UNINCORPORATED","YOLO","CA",-121.52917,38.43577
"90022582",0,0,2015,"5700","1","4","3","08",0,1,"B",,,,,,600,9,"E","I","A","I-5 SB","COUNTY ROAD 103 ",8976,"S","N","2015-10-19",9280,"2015-09-24",515,"012272",,"3","9","0","1",,"2","020","-","Y",,0,0,,,0,,,,"Y",1,"A","-",22107,,"N","A","H","-","B","D","0","Y","D","22",0,1,0,0,0,0,0,0,0,"-","-","UNINCORPORATED","YOLO","CA",-121.6781,38.6735
"90022586",0,0,2015,"5700","1","5","4","03",0,1,"A",,,,,,1200,9,"C","C","A","I-80 W/B","COUNTY ROAD 32A ",7286,"E","N","2015-10-19",9280,"2015-09-25",1130,"017883",,"1","9","0","1",,"2","010","-","Y",,0,0,,,0,,,,"N",2,"A","-",22350,,"N","A","H","-","A","D","0","Y","A","01",0,0,1,0,0,0,0,0,0,"-","-","UNINCORPORATED","YOLO","CA",-121.61447,38.5681
"90022579",0,0,2015,"5704","2","3","4","03",0,1,"A",,,"Y",,,1800,9,"C","C","A","US-50 E/B ","HARBOR BLVD. ",528,"E","N","2015-10-19",9280,"2015-09-23",1715,"017763",,"2","4","0","1",,"2","011","-","Y",,0,0,,,0,,,,"N",2,"A","-",22350,,"N","A","H","-","A","D","0","Y","C","02",0,0,1,0,0,0,0,0,1,"-","-","WEST SACRAMENTO","YOLO","CA",-121.54565,38.57476
"90022576",0,0,2015,"5700","1","6","4","08",0,1,"A",,,,,,2400,9,"B","C","A","I-5 N/B","COUNTY ROAD 103 ",528,"S","N","2016-01-11",9280,"2015-09-19",2130,"016027",,"2","9","0","1",,"2","020","-","Y",,0,0,,,0,,,,"Y",2,"A","-",22107,,"M","A","H","-","D","D","0","Y","A","01",0,0,1,0,0,0,0,0,0,"-","-","UNINCORPORATED","YOLO","CA",-121.70711,38.67376
"90022574",0,0,2015,"5700","5","6","4","09",0,2,"A",,,,,,1800,9,"D","C","A","COUNTY ROAD 98 ","HUTCHINSON DR",0,,"Y","2015-10-19",9280,"2015-09-19",1650,"016214",,"2","9","0","3",,"2","002","-","N",,0,0,,,0,,,,"Y",2,"A","-",21802,"A","N","A","H","-","A","A","0","Y","A","07",0,0,2,0,0,0,0,0,0,"-","-","UNINCORPORATED","YOLO","CA",-121.80345,38.53982
"90022568",0,0,2015,"5704","1","6","4","03",0,1,"A",,,,,,1200,9,"C","C","A","US-50 W/B","JEFFERSON BLVD",1056,"W","N","2015-10-19",9280,"2015-09-19",1150,"018205",,"1","4","0","1",,"2","010","-","Y",,0,0,,,0,,,,"Y",3,"A","-",22350,,"M","A","H","-","A","D","0","Y","A","01",0,0,1,0,0,0,0,0,0,"-","-","WEST SACRAMENTO","YOLO","CA",-121.54139,38.57504
"90022550",0,0,2015,"5700","1","5","4","03",0,6,"A",,,,,,1800,9,"C","C","A","I-5 S/B","COUNTY ROAD 103 ",1584,"N","N","2015-10-19",9280,"2015-09-18",1730,"016214",,"2","9","0","1",,"2","020","-","Y",,0,0,,,0,,,,"Y",3,"A","-",22350,,"N","A","H","-","A","D","0","Y","A","01",0,0,6,0,0,0,0,0,0,"-","-","UNINCORPORATED","YOLO","CA",-121.71613,38.67369
"90022506",0,0,2015,"5700","5","4","2","03",0,3,"A",,,,,,900,9,"E","I","A","COUNTY ROAD 26 ","COUNTY ROAD 90A ",12672,"E","N","2015-10-19",9280,"2015-09-17",730,"012272",,"1","9","0","3",,"2","003","-","N",,0,0,,,0,,,,"Y",1,"A","-",22350,,"N","A","H","-","B","D","0","Y","A","01",1,1,1,0,0,0,0,0,0,"-","-","UNINCORPORATED","YOLO","CA",-121.9289,38.6347
"90022497",0,0,2015,"5704","1","2","4","08",0,1,"B",,,,"Y",,1800,9,"E","I","A","I-80 W/B ","ENTERPRISE BLVD. ",2112,"E","N","2015-10-19",9280,"2015-09-15",1655,"017763",,"2","4","0","1",,"2","010","-","Y",,0,0,,,0,,,,"Y",3,"A","-",22107,,"N","A","H","-","A","D","0","Y","A","01",0,0,1,0,0,0,0,0,0,"-","-","WEST SACRAMENTO","YOLO","CA",-121.56974,38.57569
"90022381",0,0,2015,"5703","1","3","4","03",0,2,"B",,,,,,1800,9,"C","C","A","I-5 S/B","COUNTY ROAD 20 (KENTUCKY AVE.)",528,"N","N","2015-10-19",9280,"2015-09-16",1500,"017772",,"2","4","0","1",,"2","020","C","Y",,0,0,,,0,,,,"Y",2,"A","-",22350,,"N","A","H","-","A","D","0","Y","A","07",0,0,2,0,0,0,0,0,0,"-","-","WOODLAND","YOLO","CA",-121.75646,38.69297
"90020622",0,0,2015,"5704","2","5","3","08",0,2,"A",,,,,,1800,9,"C","C","A","US-50 W/B","HARBOR BLVD. O/C",800,"W","N","2015-10-19",9280,"2015-09-11",1750,"017772",,"2","4","0","1",,"2","011","-","Y",,0,0,,,0,,,,"Y",2,"A","-",22107,,"N","A","H","-","A","D","0","Y","A","07",0,2,0,0,0,0,0,0,0,"-","-","WEST SACRAMENTO","YOLO","CA",-121.54987,38.57527
"90020594",0,0,2015,"5704","2","4","4","01",0,1,"A",,,,,"Y",2400,9,"C","C","A","US-50 E/B","HARBOR BLVD",50,"E","N","2015-10-19",9280,"2015-09-10",2235,"016027",,"3","4","0","1",,"2","011","-","Y",,0,0,,,0,,,,"Y",2,"A","-",23152,"A","N","A","H","-","D","D","0","Y","A","01",0,0,1,0,0,0,0,0,0,"-","-","WEST SACRAMENTO","YOLO","CA",-121.54818,38.57496
"90020583",0,0,2015,"5700","5","1","4","08",0,1,"A",,,,,,300,9,"F","I","A","COUNTY ROAD 31 W/B","COUNTY ROAD 95 ",8448,"W","N","2015-10-19",9280,"2015-09-21",205,"017375",,"3","9","0","3",,"2","003","-","N",,0,0,,,0,,,,"Y",1,"A","-",22107,,"N","A","H","-","D","D","0","Y","A","01",0,0,1,0,0,0,0,0,0,"-","-","UNINCORPORATED","YOLO","CA",-121.88921,38.56163
"90020536",-121.7280438,38.7047241,2015,"5700","5","4","3","01",0,1,"A",,,,,,1500,9,"E","I","A","COUNTY ROAD 102 ","KENTUCKY AVE",4752,"N","N","2015-10-19",9280,"2015-09-10",1440,"018205",,"2","9","0","3",,"2","002","-","N",,0,0,,,0,,,,"Y",1,"A","-",23152,"E","N","A","H","-","A","D","0","Y","A","01",0,1,0,0,0,0,0,0,0,"-","-","UNINCORPORATED","YOLO","CA",-121.72813,38.7049
"90020123",0,0,2015,"5700","3","6","3","06",0,4,"A",,,,,,1200,9,"D","C","A","SR-84 (JEFFERSON BLVD.)","CLARKSBURG RD",0,,"Y","2015-10-19",9280,"2015-09-05",1055,"017772",,"1","9","0","1",,"2","013","-","Y",,0,0,,,0,,,,"Y",2,"A","-",21751,,"N","A","H","-","A","D","0","Y","A","01",0,1,3,0,0,0,0,0,0,"-","-","UNINCORPORATED","YOLO","CA",-121.58282,38.41438
"90020081",0,0,2015,"5700","3","7","4","05",0,1,"A",,,,,,1800,8,"B","C","A","STATE ROUTE 16","COUNTY ROAD 59",26,"E","N","2015-10-19",9280,"2015-08-30",1620,"013837",,"2","9","0","1",,"2","034","-","Y",,0,0,,,0,,,,"Y",2,"A","-",21752,"D","N","A","D","-","A","D","0","Y","D","22",0,0,1,0,0,0,0,0,0,"-","-","UNINCORPORATED","YOLO","CA",-122.18067,38.81091
"90019905",-121.729961,38.6081804,2015,"5700","4","6","3","01",0,2,"B",,,,"Y","Y",300,9,"C","C","A","COUNTY ROAD 102 ","COUNTY ROAD 28H ",6019,"N","N","2015-10-19",9280,"2015-09-12",32,"016632",,"3","9","0","2",,"1","021","-","N",,0,0,,,0,,,,"Y",2,"A","-",23153,"A","N","A","H","-","D","D","0","Y","A","01",0,2,0,0,0,0,0,0,0,"-","-","UNINCORPORATED","YOLO","CA",-121.72993,38.60812
"90018091",0,0,2015,"5700","1","2","3","03",0,1,"A",,,,,,1200,9,"C","C","A","I-80 W/B","ENTERPRISE BLVD.",1056,"E","N","2015-10-19",9280,"2015-09-01",940,"016292",,"1","9","0","1",,"2","010","-","Y",,0,0,,,0,,,,"Y",2,"A","-",22350,,"N","A","H","-","A","D","0","Y","A","01",0,1,0,0,0,0,0,0,0,"-","-","UNINCORPORATED","YOLO","CA",-121.57258,38.57516
"90015715",-121.8026832,38.641415,2015,"5700","4","5","4","09",0,2,"B",,,,,,1500,8,"D","C","A","COUNTY ROAD 98 ","COUNTY ROAD 25A ",0,,"Y","2015-10-19",9280,"2015-08-28",1445,"012272",,"2","9","0","2",,"2","025","-","N",,0,0,,,0,,,,"Y",2,"A","-",21802,"A","N","A","H","-","A","A","0","Y","A","01",0,0,2,0,0,0,0,0,0,"-","-","UNINCORPORATED","YOLO","CA",-121.8077,38.648