"CASEID","POINT_X","POINT_Y","YEAR_","LOCATION","CHPTYPE","DAYWEEK","CRASHSEV","VIOLCAT","KILLED","INJURED","WEATHER1","PEDCOL","BICCOL","MCCOL","TRUCKCOL","ETOH","TIMECAT","MONTH_","CRASHTYP","INVOLVE","PED","PRIMARYRD","SECONDRD","DISTANCE","DIRECT","INTERSECT_","PROCDATE","JURIS","DATE_","TIME_","BADGE","JURIDIST","SHIFT","POP","SPECIAL","BEATTYPE","LAPDDIV","BEATCLAS","BEATNUMB","WEATHER2","STATEHW","CALTRANC","CALTRAND","STROUTE","ROUTESUF","POSTPRE","POSTMILE","LOCATYPE","RAMP","SIDEHW","TOWAWAY","PARTIES","PCF","VIOLCODE","VIOL","VIOLSUB","HITRUN","ROADSURF","RDCOND1","RDCOND2","LIGHTING","RIGHTWAY","CHPRDTYP","NOTPRIV","STFAULT","CHPFAULT","SEVINJ","OTHERINJ","COP","PEDKILL","PEDINJ","BICKILL","BICINJ","MCKILL","MCINJURE","RAMP1","RAMP2","CITY","COUNTY","STATE","X_CHP","Y_CHP"
"90015712",0,0,2015,"5700","5","5","4","03",0,1,"A",,,,,,900,8,"E","I","A","RUSSEL BLVD. ","I-505 N/B ON RAMP",0,,"Y","2015-10-19",9280,"2015-08-28",640,"018205",,"1","9","0","3",,"2","003","-","N",,0,0,,,0,,,,"Y",1,"A","-",22350,,"N","A","H","-","A","D","0","Y","A","01",0,0,1,0,0,0,0,0,0,"-","-","UNINCORPORATED","YOLO","CA",-121.95107,38.53232
"90015681",0,0,2015,"5700","5","3","3","08",0,1,"A",,,,,,900,8,"E","I","A","COUNTY ROAD 89 (19300 BLK)","COUNTY ROAD 24A ",300,"N","N","2015-10-19",9280,"2015-08-26",655,"012272",,"1","9","0","3",,"2","003","-","N",,0,0,,,0,,,,"Y",1,"A","-",22107,,"N","A","H","-","B","D","0","Y","A","07",0,1,0,0,0,0,0,0,0,"-","-","UNINCORPORATED","YOLO","CA",-121.9708,38.6637
"90014551",0,0,2015,"5700","1","2","2","08",0,1,"A",,,"Y",,,1200,8,"E","I","A","I-5 S/B ","COUNTY ROAD 22 ",8976,"N","N","2015-10-19",9280,"2015-08-25",1100,"017763",,"1","9","0","1",,"2","020","-","Y",,0,0,,,0,,,,"Y",1,"A","-",22107,,"N","A","H","-","A","D","0","Y","C","02",1,0,0,0,0,0,0,0,1,"-","-","UNINCORPORATED","YOLO","CA",-121.66653,38.67339
"90014450",0,0,2015,"5700","5","6","4","21",0,1,"A",,,,,"Y",1800,8,"E","I","A","SR-16","COUNTY ROAD 89 ",350,"W","N","2015-10-19",9280,"2015-08-22",1515,"015079",,"2","9","0","3",,"2","003","-","Y",,0,0,,,0,,,,"Y",2,"A","-",22106,,"F","A","H","-","A","D","0","Y","A","01",0,0,1,0,0,0,0,0,0,"-","-","UNINCORPORATED","YOLO","CA",-121.96828,38.68179
"90013283",0,0,2015,"5700","1","4","4","03",0,1,"A",,,,,,900,8,"C","C","A","I-80 W/B","WEBSTER ST",0,,"N","2015-10-19",9280,"2015-08-20",825,"016351",,"1","9","0","1",,"2","010","-","Y",,0,0,,,0,,,,"Y",3,"A","-",22350,,"N","A","H","-","A","D","0","Y","A","01",0,0,1,0,0,0,0,0,0,"-","-","UNINCORPORATED","YOLO","CA",-121.62385,38.56604
"90013230",0,0,2015,"5704","1","2","2","03",0,5,"A",,,,"Y",,1200,6,"C","C","A","I-80 W/B","WEST CAPITOL U/C",55,"E","N","2015-11-23",9280,"2015-06-16",1030,"017883",,"1","4","0","1",,"2","010","-","Y",,0,0,,,0,,,,"Y",9,"A","-",22350,,"N","A","H","-","A","D","0","Y","G","25",1,1,3,0,0,0,0,0,0,"-","-","WEST SACRAMENTO","YOLO","CA",-121.56134,38.57878
"90012966",0,0,2015,"5700","1","1","3","08",0,1,"A",,,"Y",,,1500,8,"F","A","A","I-80 E/B","MACE BLVD.",2112,"E","N","2015-10-19",9280,"2015-08-17",1249,"016144",,"1","9","0","1",,"2","010","-","Y",,0,0,,,0,,,,"Y",1,"A","-",22107,,"N","A","H","-","A","D","0","Y","C","02",0,1,0,0,0,0,0,0,1,"-","-","UNINCORPORATED","YOLO","CA",-121.68348,38.55528
"90012438",0,0,2015,"5704","1","7","4","03",0,1,"A",,,,,,1500,8,"C","C","A","I-80 W/B ","REED AVE. ",3168,"W","N","2015-10-19",9280,"2015-08-16",1403,"017763",,"2","4","0","1",,"2","010","-","Y",,0,0,,,0,,,,"Y",3,"A","-",22350,,"N","A","H","-","A","D","0","Y","A","07",0,0,1,0,0,0,0,0,0,"-","-","WEST SACRAMENTO","YOLO","CA",-121.5577,38.58383
"90012437",0,0,2015,"5701","1","6","4","03",0,2,"A",,,,,,1800,8,"C","B","A","INTERSTATE 80","DAVE PELZ OC",300,"W","N","2015-10-19",9280,"2015-08-15",1710,"015353",,"2","5","0","1",,"2","010","-","Y",,0,0,,,0,,,,"Y",3,"A","-",22350,,"N","A","H","-","A","D","0","Y","A","01",0,0,2,0,0,0,0,0,0,"-","-","DAVIS","YOLO","CA",-121.90898,38.54947
"90012432",0,0,2015,"5701","1","5","3","03",0,1,"A",,,"Y",,,2100,8,"F","A","A","I-80 W/B","MACE BLVD O/C",2640,"W","N","2015-10-19",9280,"2015-08-14",1847,"015168",,"2","5","0","1",,"2","010","-","Y",,0,0,,,0,,,,"Y",1,"A","-",22350,,"N","A","H","-","A","D","0","Y","C","02",0,1,0,0,0,0,0,0,1,"-","-","DAVIS","YOLO","CA",-121.76949,38.5496
"90012431",0,0,2015,"5701","1","5","3","00",0,1,"A",,,,"Y",,1800,8,"B","C","A","I-80 W/B","MACE BLVD. O/C",1056,"E","N","2015-10-29",9280,"2015-08-14",1735,"016929",,"2","5","0","1",,"2","010","-","Y",,0,0,,,0,,,,"Y",2,"D","-",0,,"N","A","H","-","A","D","0","Y","-","-",0,1,0,0,0,0,0,0,0,"-","-","DAVIS","YOLO","CA",-121.69004,38.55407
"90012421",-121.5619305,38.5778744,2015,"5704","1","5","4","03",0,1,"A",,,,,,1500,8,"C","C","A","I-80 WB","REED AVE",5808,"W","N","2015-10-19",9280,"2015-08-14",1240,"012272",,"1","4","0","1",,"2","010","-","Y",,0,0,,,0,,,,"N",2,"A","-",22350,,"N","A","H","-","A","D","0","Y","A","01",0,0,1,0,0,0,0,0,0,"-","-","WEST SACRAMENTO","YOLO","CA",-121.5617,38.57796
"90012415",0,0,2015,"5700","1","4","3","03",0,1,"A",,,"Y",,,1800,8,"C","C","A","I-5 S/B","COUNTY ROAD 118",7392,"N","N","2015-10-19",9280,"2015-08-13",1540,"016351",,"2","9","0","1",,"2","020","-","Y",,0,0,,,0,,,,"Y",2,"A","-",22350,,"N","A","H","-","A","D","0","Y","C","02",0,1,0,0,0,0,0,0,1,"-","-","UNINCORPORATED","YOLO","CA",-121.66349,38.67359
"90012413",0,0,2015,"5704","1","4","3","07",0,1,"A",,,,,,1200,8,"B","C","A","INTERSTATE 80 W/B","ENTERPRISE BLVD",14784,"W","N","2015-10-19",9280,"2015-08-13",910,"018205",,"1","4","0","1",,"2","010","-","Y",,0,0,,,0,,,,"Y",2,"A","-",21658,"A","N","A","H","-","A","D","0","Y","D","22",0,1,0,0,0,0,0,0,0,"-","-","WEST SACRAMENTO","YOLO","CA",-121.64021,38.56519
"90012406",0,0,2015,"5704","2","3","4","03",0,1,"A",,,,,,2100,8,"C","C","A","JEFFERSON BLVD. OFF RAMP FROM WB US-50","JEFFERSON BLVD",20,"E","N","2015-10-19",9280,"2015-08-12",1825,"016214",,"2","4","0","1",,"2","011","-","Y",,0,0,,,0,,,,"N",2,"A","-",22350,,"N","A","H","-","A","A","0","Y","A","01",0,0,1,0,0,0,0,0,0,"-","-","WEST SACRAMENTO","YOLO","CA",-121.52469,38.57549
"90012404",0,0,2015,"5700","1","2","4","08",0,1,"A",,,,,,1800,8,"F","A","A","COUNTY ROAD 22 ","I-5 N/B",66,"N","N","2015-10-19",9280,"2015-08-11",1640,"015353",,"2","9","0","1",,"2","020","-","Y",,0,0,,,0,,,,"Y",1,"A","-",22107,,"N","A","H","-","A","D","0","Y","A","07",0,0,1,0,0,0,0,0,0,"-","-","UNINCORPORATED","YOLO","CA",-121.63807,38.67372
"90012403",0,0,2015,"5700","1","1","4","08",0,1,"A",,,,,,1800,8,"E","I","A","I-5 S/B","COUNTY ROAD 103 ",2640,"N","N","2015-10-19",9280,"2015-08-10",1735,"016144",,"2","9","0","1",,"2","020","-","Y",,0,0,,,0,,,,"Y",1,"A","-",22107,,"N","A","H","-","A","D","0","Y","A","07",0,0,1,0,0,0,0,0,0,"-","-","UNINCORPORATED","YOLO","CA",-121.71934,38.67369
"90012401",0,0,2015,"5700","1","1","2","08",0,4,"A",,,,,,1800,8,"F","A","A","COUNTY ROAD 117  ","COUNTY ROAD 16 ",5280,"N","N","2015-10-19",9280,"2015-08-10",1640,"018034",,"2","9","0","1",,"2","020","-","N",,0,0,,,0,,,,"Y",1,"A","-",22107,,"N","A","H","-","A","D","0","Y","A","08",2,1,1,0,0,0,0,0,0,"-","-","UNINCORPORATED","YOLO","CA",-121.86364,38.67349
"90011499",0,0,2015,"5700","1","7","1","08",1,1,"A",,,,,,900,7,"E","I","A","I-5 N/B ","COUNTY LINE RD. ",1584,"S","N","2015-10-19",9280,"2015-07-05",815,"017763",,"1","9","0","1",,"2","030","-","Y",,0,0,,,0,,,,"Y",1,"A","-",22107,,"N","A","H","-","A","D","0","Y","A","07",0,1,0,0,0,0,0,0,0,"-","-","UNINCORPORATED","YOLO","CA",-121.99659,38.92039
"90010439",0,0,2015,"5701","1","1","4","08",0,1,"A",,,,,,1200,8,"E","I","A","I-80 W/B ","DAVE PELZ BICYCLIST O/C ",2640,"W","N","2015-10-19",9280,"2015-08-10",1051,"017763",,"1","5","0","1",,"2","010","-","Y",,0,0,,,0,,,,"Y",1,"A","-",22107,,"N","A","H","-","A","D","0","Y","A","07",0,0,1,0,0,0,0,0,0,"-","-","DAVIS","YOLO","CA",-121.71785,38.54786
"90010427",-121.6756766,38.5579794,2015,"5700","5","7","4","03",0,1,"A",,,,,,2500,8,"E","I","A","COUNTY ROAD 32A ","COUNTY ROAD 105 ",7,"W","N","2015-10-19",9280,"2015-08-09",2500,"016632",,"4","9","0","3",,"2","001","-","N",,0,0,,,0,,,,"Y",1,"A","-",22350,,"F","A","H","-","D","A","0","Y","D","22",0,0,1,0,0,0,0,0,0,"-","-","UNINCORPORATED","YOLO","CA",-121.67568,38.55779
"90010418",-121.8555547,38.6773062,2015,"5700","3","7","2","08",0,1,"A",,,,,,2100,8,"F","A","A","SR-16 WESTBOUND ","COUNTY ROAD 22 ",374,"W","N","2015-10-19",9280,"2015-08-09",1830,"018034",,"2","9","0","1",,"1","024","-","Y",,0,0,,,0,,,,"Y",1,"A","-",22107,,"N","A","H","-","A","D","0","Y","A","01",1,0,0,0,0,0,0,0,0,"-","-","UNINCORPORATED","YOLO","CA",-121.86364,38.67349
"90009867",0,0,2015,"5700","5","6","3","08",0,1,"A",,,,,,600,8,"F","A","A","COUNTY ROAD 26 ","COUNTY ROAD 90A ",1584,"E","N","2015-10-19",9280,"2015-08-08",530,"016351",,"3","9","0","3",,"2","003","-","N",,0,0,,,0,,,,"Y",1,"A","-",22107,,"N","A","H","-","D","D","0","Y","A","01",0,1,0,0,0,0,0,0,0,"-","-","UNINCORPORATED","YOLO","CA",-121.95196,38.63693
"90009859",-121.6946638,38.5269749,2015,"5700","5","5","3","09",0,2,"A",,,,"Y",,900,8,"D","C","A","MACE BLVD","MONTGOMERY AVE",4224,"S","N","2015-10-19",9280,"2015-08-07",700,"018205",,"1","9","0","3",,"2","001","-","N",,0,0,,,0,,,,"Y",2,"A","-",21804,"A","N","A","H","-","A","D","0","Y","G","25",0,1,1,0,0,0,0,0,0,"-","-","UNINCORPORATED","YOLO","CA",-121.69463,38.5286
"90009848",0,0,2015,"5704","1","3","4","08",0,2,"A",,,,,,900,8,"E","I","A","I-80 W/B","WEST CAPITOL AVE",950,"E","N","2015-10-19",9280,"2015-08-05",800,"016351",,"1","4","0","1",,"2","010","-","Y",,0,0,,,0,,,,"Y",1,"A","-",22107,,"N","A","H","-","A","D","0","Y","D","22",0,0,2,0,0,0,0,0,0,"-","-","WEST SACRAMENTO","YOLO","CA",-121.57124,38.57544
"90009847",-121.6756933,38.5579754,2015,"5700","5","1","3","01",0,1,"A",,,,,"Y",900,8,"E","J","A","COUNTY ROAD 32A ","COUNTY ROAD 105 ",12,"W","N","2015-10-19",9280,"2015-08-03",730,"016292",,"1","9","0","3",,"2","002","-","N",,0,0,,,0,,,,"Y",1,"A","-",23152,"A","N","A","H","-","A","D","0","Y","D","22",0,1,0,0,0,0,0,0,0,"-","-","UNINCORPORATED","YOLO","CA",-121.80695,38.53454
"90009631",0,0,2015,"5704","2","1","4","03",0,1,"A",,,,,,900,7,"C","C","A","US-50 W/B","ENTERPRISE BLVD.",1584,"E","N","2015-10-19",9280,"2015-07-20",750,"016144",,"1","4","0","1",,"2","011","-","Y",,0,0,,,0,,,,"Y",3,"A","-",22350,,"N","A","H","-","A","D","0","Y","A","01",0,0,1,0,0,0,0,0,0,"-","-","WEST SACRAMENTO","YOLO","CA",-121.56287,38.57566
"90009619",0,0,2015,"5703","1","5","4","07",0,1,"A",,,,,,2100,7,"B","C","A","I-5 N/B","COUNTY ROAD 103 ",0,,"N","2015-10-19",9280,"2015-07-31",1930,"015079",,"2","4","0","1",,"2","020","-","Y",,0,0,,,0,,,,"N",2,"A","-",21658,"A","M","A","H","-","A","D","0","Y","A","01",0,0,1,0,0,0,0,0,0,"-","-","WOODLAND","YOLO","CA",-121.68717,38.67371
"90009618",0,0,2015,"5700","1","6","3","01",0,1,"A",,,,,"Y",600,7,"E","I","A","I-505 S/B TO COUNTY ROAD 27","I-505 S/B",300,"W","N","2015-10-19",9280,"2015-07-25",325,"017351",,"3","9","0","1",,"2","030","-","Y",,0,0,,,0,,,,"Y",1,"A","-",23152,"A","N","A","H","-","D","A","0","Y","A","01",0,1,0,0,0,0,0,0,0,"-","-","UNINCORPORATED","YOLO","CA",-121.95454,38.62032
"90009070",-121.7541339,38.7349522,2015,"5700","5","1","4","03",0,1,"A",,,,"Y",,1500,8,"C","C","A","COUNTY ROAD 17 ","COUNTY ROAD 101 ",1056,"W","N","2015-10-19",9280,"2015-08-10",1352,"013837",,"1","9","0","3",,"2","002","-","N",,0,0,,,0,,,,"Y",2,"A","-",22350,,"N","A","H","-","A","D","0","Y","G","25",0,0,1,0,0,0,0,0,0,"-","-","UNINCORPORATED","YOLO","CA",-121.75426,38.73499
"90008726",-121.8029031,38.619625,2015,"5700","4","1","4","12",0,1,"A",,,,"Y",,1500,8,"D","C","A","COUNTY ROAD 98 ","COUNTY ROAD 27 ",0,,"Y","2015-10-19",9280,"2015-08-10",1256,"017763",,"1","9","0","2",,"2","025","-","N",,0,0,,,0,,,,"Y",2,"A","-",22450,"A","N","A","H","-","A","A","0","Y","A","01",0,0,1,0,0,0,0,0,0,"-","-","UNINCORPORATED","YOLO","CA",-121.80295,38.61965
"90008186",0,0,2015,"5700","1","2","4","08",0,2,"A",,,,,,2400,7,"E","I","A","INTERSTATE 5 S/B","COUNTY ROAD 13 ",3696,"S","N","2015-10-19",9280,"2015-07-28",2230,"016254",,"3","9","0","1",,"2","030","-","Y",,0,0,,,0,,,,"Y",1,"A","-",22107,,"N","A","H","-","D","D","0","Y","A","01",0,0,2,0,0,0,0,0,0,"-","-","UNINCORPORATED","YOLO","CA",-121.86982,38.7863
"90008169",0,0,2015,"5700","1","1","4","03",0,1,"A",,,,,,1500,7,"C","C","A","INTERSTATE 80","DAVE PELZS OC",50,"W","N","2015-10-19",9280,"2015-07-27",1415,"015353",,"2","9","0","1",,"2","010","-","Y",,0,0,,,0,,,,"Y",2,"A","-",22350,,"N","A","H","-","A","D","0","Y","A","01",0,0,1,0,0,0,0,0,0,"-","-","UNINCORPORATED","YOLO","CA",-121.70764,38.5498
"90008142",0,0,2015,"5704","2","1","3","03",0,4,"A",,,,,,1200,7,"C","C","A","US-50 W/B","HARBOR BLVD.",1584,"W","N","2015-10-19",9280,"2015-07-20",935,"016292",,"1","4","0","1",,"2","011","-","Y",,0,0,,,0,,,,"Y",2,"A","-",22350,,"N","A","H","-","A","D","0","Y","A","08",0,1,3,0,0,0,0,0,0,"-","-","WEST SACRAMENTO","YOLO","CA",-121.55575,38.57509
"90008117",0,0,2015,"5700","5","7","3","08",0,1,"A",,,,,,900,7,"E","J","A","COUNTY ROAD 90A ","COUNTY ROAD 32 ",1056,"S","N","2015-10-19",9280,"2015-07-12",600,"016292",,"1","9","0","3",,"2","003","B","Y",,0,0,,,0,,,,"Y",1,"A","-",22107,,"N","A","H","-","B","D","0","Y","A","07",0,1,0,0,0,0,0,0,0,"-","-","UNINCORPORATED","YOLO","CA",-121.95065,38.53035
"90008112",-121.9533581,38.5883656,2015,"5700","1","1","4","08",0,1,"A",,,,,,600,6,"E","I","A","INTERSTATE 505","COUNTY ROAD 29A",1584,"N","N","2015-10-19",9280,"2015-06-15",515,"015353",,"3","9","0","1",,"2","031","-","Y",,0,0,,,0,,,,"Y",1,"A","-",22107,,"N","A","H","-","D","D","0","Y","A","01",0,0,1,0,0,0,0,0,0,"-","-","UNINCORPORATED","YOLO","CA",-121.95302,38.58909
"90007686",0,0,2015,"5704","2","7","4","03",0,4,"A",,,,,,1500,8,"C","C","A","US-50 W/B","I-80 WB TO US-50 EB",350,"E","N","2015-10-19",9280,"2015-08-02",1345,"015128",,"1","4","0","1",,"2","011","-","Y",,0,0,,,0,,,,"Y",3,"A","-",22350,,"N","A","H","-","A","D","0","Y","A","01",0,0,4,0,0,0,0,0,0,"-","-","WEST SACRAMENTO","YOLO","CA",-121.56164,38.57563
"90007530",0,0,2015,"5704","1","5","4","03",0,2,"B",,,,"Y",,1500,7,"C","C","A","I-80 W/B","REED AVE",2000,"W","N","2015-10-19",9280,"2015-07-31",1255,"016214",,"1","4","0","1",,"2","010","-","Y",,0,0,,,0,,,,"Y",3,"A","-",22350,,"N","A","H","-","A","D","0","Y","A","01",0,0,2,0,0,0,0,0,0,"-","-","WEST SACRAMENTO","YOLO","CA",-121.55401,38.58971
"90007527",-122.1005558,38.7036123,2015,"5700","3","5","3","08",0,1,"B",,,,,,900,7,"F","A","A","STATE ROUTE 16","COUNTY ROAD 82 ",1584,"E","N","2015-10-19",9280,"2015-07-31",845,"016351",,"1","9","0","1",,"2","034","-","Y",,0,0,,,0,,,,"Y",1,"A","-",22107,,"N","A","H","-","A","D","0","Y","A","01",0,1,0,0,0,0,0,0,0,"-","-","UNINCORPORATED","YOLO","CA",-122.08954,38.70395
"90007517",0,0,2015,"5704","1","4","3","03",0,1,"A",,,,,,1800,7,"C","C","A","I-80 W/B FROM SR-84 (REED AVE)","SR-84 (REED AVE)",350,"S","N","2015-10-19",9280,"2015-07-30",1500,"015079",,"2","4","0","1",,"2","010","-","Y",,0,0,,,0,,,,"Y",3,"A","-",22350,,"N","A","H","-","A","D","0","Y","D","22",0,1,0,0,0,0,0,0,0,"-","-","WEST SACRAMENTO","YOLO","CA",-121.55414,38.58983
"90007513",0,0,2015,"5700","1","3","3","03",0,2,"A",,,,,,1800,7,"C","C","A","I-5 N/B","COUNTY ROAD 22 ",0,,"N","2015-10-19",9280,"2015-07-29",1510,"015079",,"2","9","0","1",,"2","020","-","Y",,0,0,,,0,,,,"Y",2,"A","-",22350,,"N","A","H","-","A","D","0","Y","A","01",0,1,1,0,0,0,0,0,0,"-","-","UNINCORPORATED","YOLO","CA",-121.65053,38.67359
"90007501",0,0,2015,"5700","1","3","3","08",0,1,"A",,,,,,2400,7,"E","I","A","I-5 N/B","COUNTY ROAD 103 ",5280,"E","N","2015-10-19",9280,"2015-07-01",2120,"015079",,"2","9","0","1",,"2","020","-","Y",,0,0,,,0,,,,"Y",1,"A","-",22107,,"N","A","H","-","D","D","0","Y","A","01",0,1,0,0,0,0,0,0,0,"-","-","UNINCORPORATED","YOLO","CA",-121.6918,38.67368
"90006871",0,0,2015,"5704","2","6","4","08",0,1,"A",,,,,,1200,8,"E","I","A","US-50 E/B ","JEFFERSON BLVD. ",125,"W","N","2015-10-19",9280,"2015-08-01",946,"017763",,"1","4","0","1",,"2","011","-","Y",,0,0,,,0,,,,"Y",1,"A","-",22107,,"N","A","H","-","A","D","0","Y","A","07",0,0,1,0,0,0,0,0,0,"-","-","WEST SACRAMENTO","YOLO","CA",-121.52574,38.57697
"90006865",0,0,2015,"5700","1","1","4","03",0,1,"A",,,,,,1800,7,"C","C","A","I-80 ","POLELINE OC",1056,"E","N","2015-10-19",9280,"2015-07-27",1505,"015353",,"2","9","0","1",,"2","010","-","Y",,0,0,,,0,,,,"Y",2,"A","-",22350,,"N","A","H","-","A","D","0","Y","A","01",0,0,1,0,0,0,0,0,0,"-","-","UNINCORPORATED","YOLO","CA",-121.72108,38.54673
"90006612",0,0,2015,"5704","2","6","4","03",0,1,"A",,,,,,1200,7,"C","C","A","US-50 W/B","HARBOR BLVD",528,"W","N","2015-10-19",9280,"2015-07-25",910,"017629",,"1","4","0","1",,"2","011","-","Y",,0,0,,,0,,,,"Y",2,"A","-",22350,,"N","A","H","-","A","D","0","Y","A","01",0,0,1,0,0,0,0,0,0,"-","-","WEST SACRAMENTO","YOLO","CA",-121.56362,38.57545
"90006415",-121.7851764,38.6150861,2015,"5700","1","4","4","08",0,1,"A",,,,,,1200,7,"E","I","A","COUNTY ROAD 99 ","COUNTY ROAD 27 ",1584,"S","N","2015-10-19",9280,"2015-07-16",945,"017629",,"1","9","0","1",,"2","020","-","N",,0,0,,,0,,,,"Y",1,"A","-",22107,,"N","A","H","-","A","D","0","Y","A","01",0,0,1,0,0,0,0,0,0,"-","-","UNINCORPORATED","YOLO","CA",-121.78531,38.61007
"90006414",0,0,2015,"5700","1","5","4","03",0,2,"A",,,,,,1500,7,"C","C","A","I-80 E/B","MACE BLVD",150,"W","N","2015-10-19",9280,"2015-07-24",1345,"017629",,"1","9","0","1",,"2","010","-","Y",,0,0,,,0,,,,"Y",2,"A","-",22350,,"N","A","H","-","A","D","0","Y","A","01",0,0,2,0,0,0,0,0,0,"-","-","UNINCORPORATED","YOLO","CA",-121.69899,38.55163
"90006396",-121.8285613,38.6633109,2015,"5700","5","1","3","03",0,1,"A",,,,,,600,7,"C","C","A","COUNTY ROAD 24 ","COUNTY ROAD 97 ",2112,"W","N","2015-10-19",9280,"2015-07-27",540,"017763",,"3","9","0","3",,"2","002","-","N",,0,0,,,0,,,,"Y",2,"A","-",22350,,"N","A","H","-","B","D","0","Y","A","07",0,1,0,0,0,0,0,0,0,"-","-","UNINCORPORATED","YOLO","CA",-121.82802,38.66332
"90006397",-121.9714132,38.6012845,2015,"5700","5","2","4","08",0,1,"A",,,,,,900,7,"E","I","A","COUNTY ROAD 89 ","COUNTY ROAD 28 ",1584,"S","N","2015-10-19",9280,"2015-07-28",836,"017763",,"1","9","0","3",,"2","003","-","N",,0,0,,,0,,,,"Y",1,"A","-",22107,,"N","A","H","-","A","D","0","Y","A","01",0,0,1,0,0,0,0,0,0,"-","-","UNINCORPORATED","YOLO","CA",-121.97143,38.60177
"90006390",-121.8453731,38.793895,2015,"5700","5","1","3","09",0,4,"A",,,,,,600,7,"D","C","A","COUNTY ROAD 13","RAPTOR LANE",0,,"Y","2015-10-19",9280,"2015-07-27",435,"016520",,"3","9","0","3",,"2","002","-","N",,0,0,,,0,,,,"Y",2,"A","-",21802,"A","N","A","H","-","A","D","0","Y","A","01",0,2,2,0,0,0,0,0,0,"-","-","UNINCORPORATED","YOLO","CA",-121.84545,38.7935
"90006389",-121.7005032,38.7954951,2015,"5700","5","7","4","01",0,1,"A",,,,,"Y",1800,7,"E","I","A","COUNTY ROAD 116 ","COUNTY ROAD 116B ",0,,"Y","2015-10-19",9280,"2015-07-26",1550,"016144",,"2","9","0","3",,"2","002","-","N",,0,0,,,0,,,,"Y",1,"A","-",23152,"A","N","A","H","-","A","D","0","Y","D","22",0,0,1,0,0,0,0,0,0,"-","-","UNINCORPORATED","YOLO","CA",-121.70027,38.79535
"90006384",-121.8032132,38.5724097,2015,"5700","4","6","4","08",0,1,"A",,"Y",,,,2400,7,"B","G","A","COUNTY ROAD 98 ","COUNTY ROAD 30 ",1320,"S","N","2015-10-19",9280,"2015-07-25",2159,"015168",,"2","9","0","2",,"2","025","-","N",,0,0,,,0,,,,"N",2,"A","-",22107,,"N","A","H","-","D","D","0","Y","A","07",0,0,1,0,0,0,1,0,0,"-","-","UNINCORPORATED","YOLO","CA",-121.80326,38.57441
"90006373",0,0,2015,"5700","3","5","4","03",0,1,"A",,,,,,900,7,"C","C","A","SR-16","I-505 N/B",656,"E","N","2015-10-19",9280,"2015-07-24",835,"017874",,"1","9","0","1",,"2","034","-","Y",,0,0,,,0,,,,"Y",2,"A","-",22350,,"N","A","D","-","A","A","0","Y","A","01",0,0,1,0,0,0,0,0,0,"-","-","UNINCORPORATED","YOLO","CA",-121.9496,38.67929
"90006361",0,0,2015,"5700","1","4","4","00",0,1,"A",,,,,,900,7,"E","J","A","I-80 W/B","COUNTY ROAD 32A ",50,"W","N","2015-10-19",9280,"2015-07-23",820,"017629",,"1","9","0","1",,"2","010","-","Y",,0,0,,,0,,,,"Y",1,"D","-",0,,"N","A","H","-","A","D","0","Y","-","-",0,0,1,0,0,0,0,0,0,"-","-","UNINCORPORATED","YOLO","CA",-121.65417,38.56085
"90006352",0,0,2015,"5704","2","1","4","08",0,1,"A",,,,,,900,7,"E","I","A","US-50 W/B ","SACRAMENTO/YOLO COUNTY LINE",1584,"W","N","2015-10-19",9280,"2015-07-20",755,"017763",,"1","4","0","1",,"2","011","-","Y",,0,0,,,0,,,,"Y",1,"A","-",22107,,"N","A","H","-","A","D","0","Y","A","07",0,0,1,0,0,0,0,0,0,"-","-","WEST SACRAMENTO","YOLO","CA",-121.51864,38.57403
"90006345",0,0,2015,"5700","3","6","2","01",0,1,"A",,,,,"Y",2100,7,"E","I","A","SR-113 N/B","I-5 N/B",1210,"S","N","2015-10-19",9280,"2015-07-18",2040,"017800",,"2","9","0","1",,"2","022","-","Y",,0,0,,,0,,,,"Y",1,"A","-",23152,"A","N","A","H","-","B","D","0","Y","A","01",1,0,0,0,0,0,0,0,0,"-","-","UNINCORPORATED","YOLO","CA",-121.75267,38.68797
"90006348",0,0,2015,"5700","5","7","4","03",0,1,"A",,,,,,900,7,"E","I","A","COUNTY ROAD 29 ","COUNTY ROAD 98 ",528,"W","N","2015-10-19",9280,"2015-07-19",830,"016144",,"1","9","0","3",,"2","002","-","N",,0,0,,,0,,,,"Y",1,"A","-",22350,,"N","A","H","-","A","D","0","Y","A","01",0,0,1,0,0,0,0,0,0,"-","-","UNINCORPORATED","YOLO","CA",-121.8128,38.58996
"90006315",-121.7205092,38.7998799,2015,"5700","5","5","2","08",0,3,"A",,,,,,1800,7,"C","C","A","SR-113","FIFTH ST",68,"N","N","2015-10-19",9280,"2015-07-17",1725,"017874",,"2","9","0","3",,"2","002","-","Y",,0,0,,,0,,,,"Y",2,"A","-",22107,,"N","A","H","-","A","D","0","Y","D","22",1,0,2,0,0,0,0,0,0,"-","-","UNINCORPORATED","YOLO","CA",-121.72045,38.79989
"90006313",0,0,2015,"5700","1","5","4","03",0,1,"A",,,,,,1800,7,"C","C","A","I-5 S/B","COUNTY ROAD 22 ",1056,"S","N","2015-10-19",9280,"2015-07-17",1525,"017874",,"2","9","0","1",,"2","020","-","Y",,0,0,,,0,,,,"Y",2,"A","-",22350,,"N","A","H","-","A","D","0","Y","D","22",0,0,1,0,0,0,0,0,0,"-","-","UNINCORPORATED","YOLO","CA",-121.64806,38.67325