"CASEID","POINT_X","POINT_Y","YEAR_","LOCATION","CHPTYPE","DAYWEEK","CRASHSEV","VIOLCAT","KILLED","INJURED","WEATHER1","PEDCOL","BICCOL","MCCOL","TRUCKCOL","ETOH","TIMECAT","MONTH_","CRASHTYP","INVOLVE","PED","PRIMARYRD","SECONDRD","DISTANCE","DIRECT","INTERSECT_","PROCDATE","JURIS","DATE_","TIME_","BADGE","JURIDIST","SHIFT","POP","SPECIAL","BEATTYPE","LAPDDIV","BEATCLAS","BEATNUMB","WEATHER2","STATEHW","CALTRANC","CALTRAND","STROUTE","ROUTESUF","POSTPRE","POSTMILE","LOCATYPE","RAMP","SIDEHW","TOWAWAY","PARTIES","PCF","VIOLCODE","VIOL","VIOLSUB","HITRUN","ROADSURF","RDCOND1","RDCOND2","LIGHTING","RIGHTWAY","CHPRDTYP","NOTPRIV","STFAULT","CHPFAULT","SEVINJ","OTHERINJ","COP","PEDKILL","PEDINJ","BICKILL","BICINJ","MCKILL","MCINJURE","RAMP1","RAMP2","CITY","COUNTY","STATE","X_CHP","Y_CHP"
"90006299",0,0,2015,"5700","1","5","3","01",0,2,"A",,,,,"Y",1200,7,"C","C","A","I-80 E/B","RICHARDS BLVD",150,"E","N","2015-10-19",9280,"2015-07-17",1125,"017629",,"1","9","0","1",,"2","010","-","Y",,0,0,,,0,,,,"Y",2,"A","-",23152,"A","F","A","H","-","A","D","0","Y","A","01",0,1,1,0,0,0,0,0,0,"-","-","UNINCORPORATED","YOLO","CA",-121.73355,38.54156
"90006295",0,0,2015,"5700","1","4","4","03",0,2,"A",,,,,,1500,7,"C","C","A","I-80 E/B","MACE BLVD. O/C",11088,"E","N","2015-10-19",9280,"2015-07-16",1400,"017772",,"2","9","0","1",,"2","010","-","Y",,0,0,,,0,,,,"Y",2,"A","-",22350,,"N","A","H","-","A","D","0","Y","A","07",0,0,2,0,0,0,0,0,0,"-","-","UNINCORPORATED","YOLO","CA",-121.65906,38.55989
"90006128",0,0,2015,"5704","1","3","3","08",0,1,"A",,,,,,1200,7,"E","I","A","I-80 W/B ONRAMP FROM W.CAPITAL AVE.","WEST CAPITAL AVE.",100,"W","N","2015-10-19",9280,"2015-07-15",905,"017629",,"1","4","0","1",,"2","010","-","Y",,0,0,,,0,,,,"Y",1,"A","-",22107,,"N","A","H","-","A","D","0","Y","A","01",0,1,0,0,0,0,0,0,0,"-","-","WEST SACRAMENTO","YOLO","CA",-121.57975,38.57423
"90006126",0,0,2015,"5701","1","2","4","08",0,1,"A",,,,,,1200,7,"E","J","A","INTERSTATE 80 W/B","MACE BLVD.",2640,"E","N","2015-10-19",9280,"2015-07-14",917,"016292",,"1","5","0","1",,"2","010","-","Y",,0,0,,,0,,,,"Y",1,"A","-",22107,,"N","A","H","-","A","D","0","Y","A","01",0,0,1,0,0,0,0,0,0,"-","-","DAVIS","YOLO","CA",-121.67727,38.55708
"90006122",0,0,2015,"5700","1","2","4","08",0,1,"A",,,,,,600,7,"E","I","A","I-80 E/B","COUNTY ROAD 32B ",5808,"W","N","2015-10-19",9280,"2015-07-14",530,"016144",,"3","9","0","1",,"2","010","-","Y",,0,0,,,0,,,,"Y",1,"A","-",22107,,"N","A","H","-","B","D","0","Y","A","01",0,0,1,0,0,0,0,0,0,"-","-","UNINCORPORATED","YOLO","CA",-121.66388,38.55915
"90006109",-121.7295731,38.734615,2015,"5700","5","1","4","03",0,7,"A",,,,,,600,7,"C","C","A","COUNTY ROAD 102 ","COUNTY ROAD 17 ",0,,"Y","2015-10-19",9280,"2015-07-13",547,"016144",,"3","9","0","3",,"2","002","-","N",,0,0,,,0,,,,"Y",2,"A","-",22350,,"N","A","H","-","B","D","0","Y","A","07",0,0,7,0,0,0,0,0,0,"-","-","UNINCORPORATED","YOLO","CA",-121.72942,38.73463
"90006107",0,0,2015,"5700","1","7","4","18",0,1,"A",,,,,,300,7,"F","I","A","I-80 W/B","WEBSTER ST",528,"W","N","2015-10-19",9280,"2015-07-12",50,"017375",,"3","9","0","1",,"2","010","-","Y",,0,0,,,0,,,,"Y",1,"C","-",0,,"N","A","H","-","D","D","0","Y","-","-",0,0,1,0,0,0,0,0,0,"-","-","UNINCORPORATED","YOLO","CA",-121.64421,38.56269
"90006105",0,0,2015,"5700","1","6","4","18",0,1,"A",,,,,,2100,7,"E","I","A","I-5 N/B","COUNTY ROAD 103 O/C",7920,"S","N","2015-10-19",9280,"2015-07-11",1800,"017351",,"2","9","0","1",,"2","020","-","Y",,0,0,,,0,,,,"Y",1,"C","-",0,,"N","A","H","-","A","D","0","Y","-","-",0,0,1,0,0,0,0,0,0,"-","-","UNINCORPORATED","YOLO","CA",-121.66935,38.67365
"90006103",0,0,2015,"5700","1","4","4","03",0,2,"A",,,,,,2400,7,"C","C","A","I-80 W/B","ENTERPRISE BLVD",5280,"W","N","2015-10-19",9280,"2015-07-09",2110,"017874",,"2","9","0","1",,"2","010","-","Y",,0,0,,,0,,,,"Y",2,"A","-",22350,,"N","A","D","-","C","D","0","Y","A","01",0,0,2,0,0,0,0,0,0,"-","-","UNINCORPORATED","YOLO","CA",-121.59197,38.57181
"90006102",0,0,2015,"5704","2","7","4","03",0,2,"A",,,,,,1200,7,"C","C","A","US-50 W/B ","HARBOR BLVD. ",3696,"W","N","2015-10-19",9280,"2015-07-12",1118,"017763",,"1","4","0","1",,"2","011","-","Y",,0,0,,,0,,,,"Y",2,"A","-",22350,,"N","A","H","-","A","D","0","Y","A","01",0,0,2,0,0,0,0,0,0,"-","-","WEST SACRAMENTO","YOLO","CA",-121.56244,38.57564
"90005937",0,0,2015,"5704","2","6","4","03",0,1,"A",,,,,,1200,7,"C","C","A","US-50 W/B","HARBOR BLVD",200,"W","N","2015-10-19",9280,"2015-07-11",1055,"016351",,"1","4","0","1",,"2","011","-","Y",,0,0,,,0,,,,"Y",3,"A","-",22350,,"N","A","H","-","A","D","0","Y","A","01",0,0,1,0,0,0,0,0,0,"-","-","WEST SACRAMENTO","YOLO","CA",-121.55329,38.57526
"90005930",0,0,2015,"5704","1","5","4","03",0,1,"A",,,,,,1800,7,"C","C","A","I-80 W/B","SR-84 (REED AVE)",0,,"N","2015-10-19",9280,"2015-07-10",1600,"015079",,"2","4","0","1",,"2","010","-","Y",,0,0,,,0,,,,"N",2,"A","-",22350,,"N","A","H","-","A","D","0","Y","A","01",0,0,1,0,0,0,0,0,0,"-","-","WEST SACRAMENTO","YOLO","CA",-121.55648,38.58573
"90005927",0,0,2015,"5704","1","5","4","03",0,3,"B",,,,,,1500,7,"C","C","A","I-80 W/B","ENTERPRISE BLVD",0,,"N","2015-10-19",9280,"2015-07-10",1235,"016214",,"1","4","0","1",,"2","010","-","Y",,0,0,,,0,,,,"Y",2,"A","-",22350,,"N","A","H","-","A","D","0","Y","A","01",0,0,3,0,0,0,0,0,0,"-","-","WEST SACRAMENTO","YOLO","CA",-121.58181,38.57381
"90005922",0,0,2015,"5700","3","5","4","08",0,1,"B",,,,,,900,7,"F","I","A","SR-113 FROM CR-25A","COUNTY ROAD 25A ",130,"S","N","2015-10-19",9280,"2015-07-10",625,"017772",,"1","9","0","1",,"2","022","-","Y",,0,0,,,0,,,,"Y",1,"A","-",22107,,"N","A","H","-","A","D","0","Y","A","01",0,0,1,0,0,0,0,0,0,"-","-","UNINCORPORATED","YOLO","CA",-121.76173,38.64055
"90005915",0,0,2015,"5700","5","4","3","08",0,1,"A",,,,,,1200,7,"F","I","A","STATE ROUTE 16","RUMSEY CANYON RD",10560,"W","N","2015-10-19",9280,"2015-07-09",1100,"017629",,"1","9","0","3",,"2","003","-","Y",,0,0,,,0,,,,"Y",1,"A","-",22107,,"N","A","H","-","A","D","0","Y","A","01",0,1,0,0,0,0,0,0,0,"-","-","UNINCORPORATED","YOLO","CA",-122.25769,38.89968
"90005912",0,0,2015,"5703","3","4","3","08",0,1,"A",,,,,,300,7,"E","I","A","STATE ROUTE 16 E/B","COUNTY ROAD 96 ",1584,"W","N","2015-10-19",9280,"2015-07-09",50,"016632",,"3","4","0","1",,"2","034","-","Y",,0,0,,,0,,,,"Y",1,"A","-",22107,,"N","A","H","-","D","D","0","Y","A","07",0,1,0,0,0,0,0,0,0,"-","-","WOODLAND","YOLO","CA",-121.84531,38.67777
"90005679",0,0,2015,"5700","1","7","4","07",0,1,"A",,,,,,2100,7,"B","C","A","I-5 N/B","COUNTY ROAD 103 ",6864,"S","N","2015-10-19",9280,"2015-07-05",2055,"013837",,"2","9","0","1",,"2","020","-","Y",,0,0,,,0,,,,"Y",2,"A","-",21658,"A","M","A","H","-","D","D","0","Y","A","01",0,0,1,0,0,0,0,0,0,"-","-","UNINCORPORATED","YOLO","CA",-121.68414,38.67378
"90005621",-121.7295731,38.734615,2015,"5700","5","5","2","09",0,4,"A",,,,,,1800,7,"D","D","A","COUNTY ROAD 102 ","COUNTY ROAD 17 ",0,,"Y","2015-10-19",9280,"2015-07-03",1613,"016214",,"2","9","0","3",,"2","002","-","N",,0,0,,,0,,,,"Y",2,"A","-",21802,"A","N","A","H","-","A","D","0","Y","D","22",1,0,3,0,0,0,0,0,0,"-","-","UNINCORPORATED","YOLO","CA",-121.72952,38.73449
"90005587",-121.7772075,38.6411797,2015,"5700","5","2","3","08",0,2,"A",,,,,,2100,6,"F","A","A","COUNTY ROAD 25A","COUNTY ROAD 99",2112,"E","N","2015-10-19",9280,"2015-06-30",1920,"013837",,"2","9","0","3",,"2","002","-","N",,0,0,,,0,,,,"Y",1,"A","-",22107,,"N","A","H","-","A","D","0","Y","D","22",0,1,1,0,0,0,0,0,0,"-","-","UNINCORPORATED","YOLO","CA",-121.77544,38.64111
"90005586",0,0,2015,"5700","5","1","3","09",0,4,"A",,,,,,1800,6,"D","C","A","COUNTY ROAD 13 ","COUNTY ROAD 99W ",0,,"Y","2015-10-19",9280,"2015-06-29",1735,"017800",,"2","9","0","3",,"2","003","-","N",,0,0,,,0,,,,"Y",2,"A","-",21802,"A","N","A","H","-","A","D","0","Y","A","07",0,1,3,0,0,0,0,0,0,"-","-","UNINCORPORATED","YOLO","CA",-121.8772,38.79424
"90005108",-122.0225131,38.689575,2015,"5700","5","2","4","03",0,1,"A",,,,,,1800,7,"C","C","A","COUNTY ROAD 21A ","COUNTY ROAD 86 ",0,,"Y","2015-10-19",9280,"2015-07-07",1520,"015353",,"2","9","0","3",,"2","003","-","N",,0,0,,,0,,,,"Y",2,"A","-",22350,,"N","A","H","-","A","A","0","Y","D","22",0,0,1,0,0,0,0,0,0,"-","-","UNINCORPORATED","YOLO","CA",-121.02135,38.68963
"90005106",0,0,2015,"5701","1","2","4","03",0,1,"A",,,,,,900,7,"C","C","A","I-80 E/B","MACE BLVD",2112,"W","N","2015-10-19",9280,"2015-07-07",737,"015128",,"1","5","0","1",,"2","010","-","Y",,0,0,,,0,,,,"Y",2,"A","-",22350,,"N","A","H","-","A","D","0","Y","A","01",0,0,1,0,0,0,0,0,0,"-","-","DAVIS","YOLO","CA",-121.70189,38.55107
"90005102",-121.7010865,38.7349351,2015,"5700","5","1","4","08",0,1,"A",,,,,,2100,7,"E","I","A","COUNTY ROAD 17 ","COUNTY ROAD 103 ",2640,"E","N","2015-10-19",9280,"2015-07-06",1905,"015353",,"2","9","0","3",,"2","002","-","N",,0,0,,,0,,,,"Y",1,"A","-",22107,,"N","A","H","-","A","D","0","Y","D","22",0,0,1,0,0,0,0,0,0,"-","-","UNINCORPORATED","YOLO","CA",-121.70116,38.73502
"90005099",0,0,2015,"5701","1","4","4","03",0,1,"B",,,,,,1800,7,"C","C","A","I-80 E/B","RICHARDS BLVD",600,"W","N","2015-10-19",9280,"2015-07-09",1525,"017874",,"2","5","0","1",,"2","010","-","Y",,0,0,,,0,,,,"Y",3,"A","-",22350,,"N","A","H","-","A","D","0","Y","A","01",0,0,1,0,0,0,0,0,0,"-","-","DAVIS","YOLO","CA",-121.73653,38.53925
"90005100",0,0,2015,"5704","1","1","4","03",0,1,"A",,,,,,1800,7,"C","C","A","I-80 E/B","SACRAMENTO COUNTY LINE",100,"W","N","2015-10-19",9280,"2015-07-06",1535,"017800",,"2","4","0","1",,"2","010","-","Y",,0,0,,,0,,,,"N",2,"A","-",22350,,"N","A","H","-","A","D","0","Y","E","22",0,0,1,0,0,0,0,0,0,"-","-","WEST SACRAMENTO","YOLO","CA",-121.54162,38.6073
"90005096",-121.8337542,38.6778247,2015,"5700","3","7","4","03",0,6,"A",,,,,,1800,7,"C","C","A","SR-16","COUNTY ROAD 96B ",965,"W","N","2015-10-19",9280,"2015-07-12",1515,"017800",,"2","9","0","1",,"1","024","-","Y",,0,0,,,0,,,,"Y",5,"A","-",22350,,"N","A","H","-","A","D","0","Y","D","22",0,0,6,0,0,0,0,0,0,"-","-","UNINCORPORATED","YOLO","CA",-121.83371,38.67787
"90005094",0,0,2015,"5704","2","1","3","08",0,1,"A",,,"Y",,,1200,7,"F","A","A","US-50 W/B","HARBOR BLVD.",300,"W","N","2015-10-19",9280,"2015-07-06",1155,"016144",,"1","4","0","1",,"2","011","-","Y",,0,0,,,0,,,,"Y",1,"A","-",22107,,"N","A","H","-","A","D","0","Y","C","02",0,1,0,0,0,0,0,0,1,"-","-","WEST SACRAMENTO","YOLO","CA",-121.55078,38.57507
"90005078",0,0,2015,"5704","2","7","3","08",0,1,"A",,,,,,1200,7,"B","C","A","US-50 W/B","HARBOR BLVD.",1320,"E","N","2015-10-19",9280,"2015-07-05",1100,"016292",,"1","4","0","1",,"2","011","-","Y",,0,0,,,0,,,,"N",2,"A","-",22107,,"N","A","H","-","A","D","0","Y","A","01",0,1,0,0,0,0,0,0,0,"-","-","WEST SACRAMENTO","YOLO","CA",-121.54823,38.57533
"90005050",0,0,2015,"5701","1","5","4","03",0,1,"A",,,,,,1500,7,"C","C","A","I-80 E/B","MACE BLVD.",500,"W","N","2015-10-19",9280,"2015-07-03",1440,"017772",,"2","5","0","1",,"2","010","-","Y",,0,0,,,0,,,,"N",2,"A","-",22350,,"N","A","H","-","A","D","0","Y","A","07",0,0,1,0,0,0,0,0,0,"-","-","DAVIS","YOLO","CA",-121.6955,38.5522
"90004947",0,0,2015,"5700","1","4","4","03",0,1,"A",,,,,,900,7,"B","C","A","I-5 S/B","COUNTY ROAD 103 (CR-103)",10560,"S","N","2015-10-19",9280,"2015-07-02",715,"017772",,"1","9","0","1",,"2","020","-","Y",,0,0,,,0,,,,"Y",4,"A","-",22350,,"N","A","H","-","A","D","0","Y","D","22",0,0,1,0,0,0,0,0,0,"-","-","UNINCORPORATED","YOLO","CA",-121.6778,38.6734
"90004942",0,0,2015,"5700","1","3","4","03",0,1,"A",,,"Y",,,1500,7,"C","C","A","I-80 E/B","COUNTY ROAD 32B ",1056,"W","N","2015-10-19",9280,"2015-07-01",1230,"017629",,"1","9","0","1",,"2","010","-","Y",,0,0,,,0,,,,"Y",3,"A","-",22350,,"N","A","H","-","A","D","0","Y","D","22",0,0,1,0,0,0,0,0,0,"-","-","UNINCORPORATED","YOLO","CA",-121.65769,38.56001
"90004915",-121.9708332,38.663885,2015,"5700","5","7","2","12",0,1,"A",,,"Y",,,1200,6,"E","I","A","COUNTY ROAD 23 ","COUNTY ROAD 89 ",0,,"Y","2015-10-19",9280,"2015-06-28",1030,"017883",,"1","9","0","3",,"2","003","-","N",,0,0,,,0,,,,"N",1,"A","-",22450,"A","N","A","H","-","A","A","0","Y","C","02",1,0,0,0,0,0,0,0,1,"-","-","UNINCORPORATED","YOLO","CA",-121.97078,38.66359
"90004904",-121.7280615,38.701824,2015,"5700","4","6","3","08",0,1,"A",,,"Y",,,1800,6,"H","I","A","COUNTY ROAD 102 ","EAST KENTUCKY AVE",3696,"N","N","2015-10-19",9280,"2015-06-27",1747,"016929",,"2","9","0","2",,"1","021","-","N",,0,0,,,0,,,,"N",1,"A","-",22107,,"N","A","H","-","A","D","0","Y","C","02",0,1,0,0,0,0,0,0,1,"-","-","UNINCORPORATED","YOLO","CA",-121.72801,38.70273
"90004905",0,0,2015,"5700","2","6","4","17",0,1,"A",,,,,,2100,6,"E","J","A","US-50 E/B","SR-84 (JEFFERSON BL)",700,"E","N","2015-10-19",9280,"2015-06-27",2045,"015079",,"2","9","0","1",,"2","011","-","Y",,0,0,,,0,,,,"Y",6,"A","-",23114,"A","F","A","H","-","D","D","0","Y","D","22",0,0,1,0,0,0,0,0,0,"-","-","UNINCORPORATED","YOLO","CA",-121.52111,38.57574
"90004897",-121.5327335,38.4284278,2015,"5700","5","5","4","03",0,2,"A",,,,,,2100,6,"C","C","A","SOUTH RIVER RD","WILLOW POINT RD",400,"N","N","2015-10-19",9280,"2015-06-26",1820,"015079",,"2","9","0","3",,"2","001","-","N",,0,0,,,0,,,,"Y",2,"A","-",22350,,"N","A","H","-","A","D","0","Y","A","01",0,0,2,0,0,0,0,0,0,"-","-","UNINCORPORATED","YOLO","CA",-121.53254,38.428
"90004896",0,0,2015,"5704","2","5","4","03",0,1,"A",,,,,,1800,6,"C","C","A","US-50 W/B ","HARBOR BLVD.",1584,"W","N","2015-10-19",9280,"2015-06-26",1735,"016144",,"2","4","0","1",,"2","011","-","Y",,0,0,,,0,,,,"Y",2,"A","-",22350,,"N","A","H","-","A","D","0","Y","A","01",0,0,1,0,0,0,0,0,0,"-","-","WEST SACRAMENTO","YOLO","CA",-121.55073,38.575
"90004893",0,0,2015,"5700","1","5","3","03",0,2,"A",,,,,,900,6,"C","C","A","I-80 W/B","ENTERPRISE BLVD",8976,"W","N","2015-10-19",9280,"2015-06-26",753,"016632",,"1","9","0","1",,"2","010","-","Y",,0,0,,,0,,,,"Y",3,"A","-",22350,,"N","A","H","-","A","D","0","Y","A","01",0,1,1,0,0,0,0,0,0,"-","-","UNINCORPORATED","YOLO","CA",-121.61104,38.56842
"90004888",0,0,2015,"5700","5","1","3","08",0,1,"A",,"Y",,,,1200,6,"C","G","A","COUNTY ROAD 29 E/B","FAIRWAY DR",0,,"Y","2015-12-08",9280,"2015-06-15",1045,"017375",,"1","9","0","3",,"2","002","-","N",,0,0,,,0,,,,"N",2,"A","-",22107,,"N","A","H","-","A","D","0","Y","L","04",0,1,0,0,0,0,1,0,0,"-","-","UNINCORPORATED","YOLO","CA",-121.77251,38.59013
"90004884",0,0,2015,"5704","2","5","4","03",0,1,"A",,,,,,1800,6,"C","C","A","US-50 W/B","HARBOR BLVD",1056,"E","N","2015-11-19",9280,"2015-06-12",1501,"016632",,"2","4","0","1",,"2","011","-","Y",,0,0,,,0,,,,"Y",2,"A","-",22350,,"F","A","H","-","A","D","0","Y","A","07",0,0,1,0,0,0,0,0,0,"-","-","WEST SACRAMENTO","YOLO","CA",-121.54449,38.5751
"8140719",-121.7406832,38.541955,2015,"5701","0","4","4","09",0,1,"A","Y",,,,,2100,2,"G","B","B","1ST ST","E ST",0,,"Y","2016-10-10",5701,"2015-02-12",1930,"74","4","5","5","0","0",,"0","002","-","N",,0,0,,,0,,,,"N",2,"A","-",21453,"B","N","A","H","-","C","A","0","Y","N","60",0,0,1,0,1,0,0,0,0,"-","-","DAVIS","YOLO","CA",0,0
"7176064",-121.7475731,38.556155,2015,"5701","0","7","3","00",0,1,"A",,"Y",,,,300,1,"H","G","A","14TH ST","B ST",0,,"Y","2016-02-09",5701,"2015-01-04",112,"38","5","5","5","0","0",,"0","002","-","N",,0,0,,,0,,,,"N",2,"D","-",0,,"N","A","H","-","C","A","0","Y","-","-",0,1,0,0,0,0,1,0,0,"-","-","DAVIS","YOLO","CA",-121.73975,38.55235
"7174760",-121.7642553,38.6773551,2015,"5703","0","5","4","03",0,3,"A",,,,,,1500,12,"C","C","A","EAST MAIN ST","EAST ST",345,"E","N","2016-02-05",5703,"2015-12-18",1240,"2831","22","5","4","0","0",,"0","001","-","N",,0,0,,,0,,,,"Y",3,"A","-",22350,,"N","A","H","-","A","A","0","Y","A","01",0,0,3,0,0,0,0,0,0,"-","-","WOODLAND","YOLO","CA",0,0
"7170204",-121.7425331,38.544375,2015,"5701","0","2","2","08",0,1,"A",,"Y",,,,1800,1,"H","G","A","3RD ST","D ST",0,,"Y","2016-02-03",5701,"2015-01-13",1613,"11","4","5","5","0","0",,"0","002","-","N",,0,0,,,0,,,,"N",2,"A","-",22107,,"N","A","H","-","A","A","0","Y","A","01",1,0,0,0,0,0,1,0,0,"-","-","DAVIS","YOLO","CA",-121.74252,38.54434
"7165628",-121.7565232,38.550785,2015,"5701","0","6","3","09",0,2,"A",,,,,"Y",300,12,"D","C","A","8TH ST","OESTE DR",0,,"Y","2016-01-25",5701,"2015-12-12",105,"105","2","5","5","0","0",,"0","001","-","N",,0,0,,,0,,,,"Y",2,"A","-",21802,"A","N","A","H","-","A","A","0","Y","A","01",0,1,1,0,0,0,0,0,0,"-","-","DAVIS","YOLO","CA",0,0
"7164961",-121.6984941,38.5478537,2015,"5701","0","6","3","09",0,2,"A",,,,,,1800,12,"D","C","A","COWELL BL","ENSENADA DR",300,"E","N","2016-01-23",5701,"2015-12-12",1547,"27","9","5","5","0","0",,"0","004","-","N",,0,0,,,0,,,,"Y",2,"A","-",21804,"A","N","A","H","-","A","D","0","Y","A","01",0,1,1,0,0,0,0,0,0,"-","-","DAVIS","YOLO","CA",-121.69722,38.54877
"7154821",-121.7010786,38.5649475,2015,"5701","0","1","4","03",0,1,"A",,,,,,900,11,"C","C","A","EAST COVELL BL","COUNTY ROAD 30B",550,"W","N","2016-01-11",5701,"2015-11-16",821,"94","7","5","5","0","0",,"0","003","-","N",,0,0,,,0,,,,"N",2,"A","-",22350,,"N","A","H","-","A","A","0","Y","A","01",0,0,1,0,0,0,0,0,0,"-","-","DAVIS","YOLO","CA",-121.70227,38.56377
"7154811",0,0,2015,"5701","0","2","3","22",0,2,"B",,,,,,900,12,"E","I","A","2ND ST","2795 2ND ST",0,,"N","2016-01-11",5701,"2015-12-08",828,"100","7","5","5","0","0",,"0","003","-","N",,0,0,,,0,,,,"N",3,"B","-",0,,"N","B","H","-","A","D","0","Y","A","01",0,1,1,0,0,0,0,0,0,"-","-","DAVIS","YOLO","CA",-121.71703,38.54912
"7154745",-121.7344231,38.548445,2015,"5701","0","5","3","08",0,1,"A",,"Y",,"Y",,1800,10,"H","G","A","L ST","5TH ST",0,,"Y","2016-01-19",5701,"2015-10-30",1718,"118","5","5","5","0","0",,"0","002","-","N",,0,0,,,0,,,,"N",2,"A","-",22107,,"N","A","H","-","A","A","0","Y","F","86",0,1,0,0,0,0,1,0,0,"-","-","DAVIS","YOLO","CA",-121.73445,38.5485
"7154741",-121.7186847,38.5414205,2015,"5701","0","7","3","03",0,1,"B",,,,"Y",,1800,12,"D","C","A","LILLARD DR","EVANS CT",500,"W","N","2016-01-21",5701,"2015-12-06",1725,"44","8","5","5","0","0",,"0","004","-","N",,0,0,,,0,,,,"Y",2,"A","-",22350,,"N","A","H","-","C","D","0","Y","A","01",0,1,0,0,0,0,0,0,0,"-","-","DAVIS","YOLO","CA",0,0
"7153760",-121.7676132,38.5654151,2015,"5701","0","1","3","03",0,1,"A",,"Y",,,,2100,11,"H","A","A","WEST COVELL BL","RT 113",114,"E","N","2017-01-31",5701,"2015-11-16",1801,"45","3","5","5","0","0",,"0","001","-","Y","YOL",3,113,"-","R",2.286,"R","4","N","N",1,"A","-",22350,,"N","A","G","-","C","A","0","Y","L","04",0,1,0,0,0,0,1,0,0,"-","-","DAVIS","YOLO","CA",-121.74052,38.54491
"7153673",-121.7310596,38.5624451,2015,"5701","0","2","3","01",0,1,"A",,,,,"Y",1800,12,"E","J","A","COVELL BL","POLE LINE RD",30,"E","N","2016-01-21",5701,"2015-12-08",1625,"91","7","5","5","0","0",,"0","003","-","N",,0,0,,,0,,,,"Y",1,"A","-",23152,"A","N","A","H","-","A","A","0","Y","D","82",0,1,0,0,0,0,0,0,0,"-","-","DAVIS","YOLO","CA",0,0
"7152199",-121.5087972,38.5883057,2015,"5704","0","3","4","01",0,1,"A",,,,,"Y",1500,12,"A","C","A","C ST","3RD ST",365,"E","N","2016-01-13",5704,"2015-12-23",1414,"6018",,"5","4","0","0",,"0","001","-","N",,0,0,,,0,,,,"Y",2,"A","-",23152,"A","N","A","H","-","A","D","0","Y","A","01",0,0,1,0,0,0,0,0,0,"-","-","WEST SACRAMENTO","YOLO","CA",0,0
"7152016",-121.5687358,38.5656904,2015,"5704","0","2","2","17",0,2,"A",,,,"Y","Y",300,12,"B","C","A","SEAPORT BL","PARKWAY BL",1460,"W","N","2016-01-19",5704,"2015-12-29",7,"00166",,"5","4","0","0",,"0","002","-","N",,0,0,,,0,,,,"Y",4,"A","-",23109,"A","F","A","H","-","C","D","0","Y","A","01",2,0,0,0,0,0,0,0,0,"-","-","WEST SACRAMENTO","YOLO","CA",0,0
"7150076",-121.7344231,38.548445,2015,"5701","0","7","4","01",0,2,"A",,,,,"Y",2100,11,"C","C","A","L ST","5TH ST",0,,"Y","2016-01-14",5701,"2015-11-29",1912,"38","5","5","5","0","0",,"0","002","-","N",,0,0,,,0,,,,"N",2,"A","-",23152,,"N","A","H","-","C","A","0","Y","A","01",0,0,2,0,0,0,0,0,0,"-","-","DAVIS","YOLO","CA",-121.73445,38.5485
"7150075",-121.6893531,38.5542651,2015,"5701","0","6","4","01",0,1,"A",,,,,"Y",2400,11,"E","I","A","MACE BL","RT 80",0,,"Y","2017-01-31",5701,"2015-11-07",2140,"110","9","5","5","0","0",,"0","004","-","Y","YOL",3,80,"-","-",2.855,"R","4","W","Y",1,"A","-",23152,,"N","A","H","-","C","A","0","Y","A","01",0,0,1,0,0,0,0,0,0,"-","WF","DAVIS","YOLO","CA",-121.691,38.5539
"7149701",-121.7886631,38.677575,2015,"5703","0","3","3","11",0,1,"B","Y",,,,"Y",2100,12,"G","B","D","W MAIN ST","CALIFORNIA ST",0,,"Y","2016-01-07",5703,"2015-12-09",1913,"2840","52","5","4","0","0",,"0","003","-","N",,0,0,,,0,,,,"Y",2,"A","-",21950,"B","N","B","H","-","C","A","0","Y","N","60",0,1,0,0,1,0,0,0,0,"-","-","WOODLAND","YOLO","CA",0,0
"7149697",-121.7247154,38.6736515,2015,"5703","0","1","4","08",0,1,"A",,,,,,1500,12,"E","I","A","COUNTY ROAD 102","RT 5",127,"N","N","2017-02-04",5703,"2015-12-14",1439,"2850","91","5","4","0","0",,"0","004","-","Y","YOL",3,5,"-","-",5.37,"R","4","S","Y",1,"A","-",22107,,"N","A","H","-","A","A","0","Y","A","01",0,0,1,0,0,0,0,0,0,"-","SO","WOODLAND","YOLO","CA",0,0
"7149575",0,0,2015,"5703","0","4","4","22",0,1,"A","Y",,,,,1800,12,"G","B","F","N COTTONWOOD ST","N COTTONWOOD ST 25",0,,"Y","2016-01-13",5703,"2015-12-10",1710,"2850","84","5","4","0","0",,"0","002","-","N",,0,0,,,0,,,,"N",2,"B","-",0,,"N","B","H","-","-","D","0","Y","-","-",0,0,1,0,1,0,0,0,0,"-","-","WOODLAND","YOLO","CA",0,0
"7147926",-121.5551558,38.5788705,2015,"5704","0","1","4","09",0,1,"A",,,,,,1200,12,"D","C","A","WEST CAPITOL AV","PINE AV",128,"E","N","2016-01-07",5704,"2015-12-28",1135,"06018",,"5","4","0","0",,"0","002","-","N",,0,0,,,0,,,,"N",2,"A","-",21801,"A","N","A","H","-","A","D","0","Y","A","08",0,0,1,0,0,0,0,0,0,"-","-","WEST SACRAMENTO","YOLO","CA",0,0