"CASEID","POINT_X","POINT_Y","YEAR_","LOCATION","CHPTYPE","DAYWEEK","CRASHSEV","VIOLCAT","KILLED","INJURED","WEATHER1","PEDCOL","BICCOL","MCCOL","TRUCKCOL","ETOH","TIMECAT","MONTH_","CRASHTYP","INVOLVE","PED","PRIMARYRD","SECONDRD","DISTANCE","DIRECT","INTERSECT_","PROCDATE","JURIS","DATE_","TIME_","BADGE","JURIDIST","SHIFT","POP","SPECIAL","BEATTYPE","LAPDDIV","BEATCLAS","BEATNUMB","WEATHER2","STATEHW","CALTRANC","CALTRAND","STROUTE","ROUTESUF","POSTPRE","POSTMILE","LOCATYPE","RAMP","SIDEHW","TOWAWAY","PARTIES","PCF","VIOLCODE","VIOL","VIOLSUB","HITRUN","ROADSURF","RDCOND1","RDCOND2","LIGHTING","RIGHTWAY","CHPRDTYP","NOTPRIV","STFAULT","CHPFAULT","SEVINJ","OTHERINJ","COP","PEDKILL","PEDINJ","BICKILL","BICINJ","MCKILL","MCINJURE","RAMP1","RAMP2","CITY","COUNTY","STATE","X_CHP","Y_CHP"
"7098674",-121.7291194,38.5533536,2015,"5701","0","5","4","00",0,2,"A",,,,,,1200,10,"C","C","A","E 8TH ST","POLE LINE RD",500,"W","N","2015-10-20",5701,"2015-10-02",1102,"11","5","5","5","0","0",,"0","002","-","N",,0,0,,,0,,,,"Y",2,"A","-",22350,"A","N","A","H","-","A","A","0","Y","A","01",0,0,2,0,0,0,0,0,0,"-","-","DAVIS","YOLO","CA",-121.73048,38.55264
"7098673",-121.7013834,38.5553231,2015,"5701","0","4","3","08",0,1,"A",,,,,,1800,10,"E","I","A","ARROYO AV","LADERA CT",3,"S","N","2015-10-20",5701,"2015-10-08",1514,"11","7","5","5","0","0",,"0","003","-","N",,0,0,,,0,,,,"Y",1,"A","-",22107,,"N","A","H","-","A","A","0","Y","A","08",0,1,0,0,0,0,0,0,0,"-","-","DAVIS","YOLO","CA",-121.70137,38.55532
"7097082",-121.7718632,38.678765,2015,"5703","0","4","3","11",0,1,"A","Y",,,,,1200,9,"G","B","B","COURT ST","2ND ST",0,,"Y","2015-10-16",5703,"2015-09-17",1127,"2863","22","5","4","0","0",,"0","001","-","N",,0,0,,,0,,,,"N",2,"A","-",21950,"B","N","A","H","-","A","A","0","Y","N","60",0,1,0,0,1,0,0,0,0,"-","-","WOODLAND","YOLO","CA",0,0
"7097068",-121.7783693,38.5465155,2015,"5701","0","5","3","03",0,3,"A",,,,,,1800,9,"C","C","A","RUSSELL BL","ARLINGTON BL",300,"W","N","2015-10-19",5701,"2015-09-18",1632,"118","1","5","5","0","0",,"0","001","-","N",,0,0,,,0,,,,"Y",3,"A","-",22350,,"N","A","H","-","A","D","0","Y","A","01",0,1,2,0,0,0,0,0,0,"-","-","DAVIS","YOLO","CA",-121.77622,38.5465
"7097046",-121.7638231,38.560755,2015,"5701","0","6","3","17",0,1,"A",,"Y",,,,2100,9,"H","G","A","SYCAMORE LN","WEST COVELL BL",0,,"Y","2015-10-16",5701,"2015-09-26",1800,"105","3","5","5","0","0",,"0","001","-","N",,0,0,,,0,,,,"N",2,"A","-",21451,"A","N","A","H","-","A","A","0","Y","A","01",0,1,0,0,0,0,1,0,0,"-","-","DAVIS","YOLO","CA",-121.76382,38.56091
"7097042",-121.7365531,38.5391551,2015,"5701","0","7","3","12",0,4,"A",,,,,,2100,9,"D","C","A","RICHARDS BL","RT 80",0,,"Y","2017-01-14",5701,"2015-09-20",1848,"45","8","5","5","0","0",,"0","004","-","Y","YOL",3,80,"-","-",0.227,"R","4","E","Y",2,"A","-",21453,"A","N","A","H","-","A","A","0","Y","A","01",0,1,3,0,0,0,0,0,0,"-","EO","DAVIS","YOLO","CA",-121.73133,38.53984
"7096994",-121.7406832,38.541955,2015,"5701","0","4","3","00",0,1,"A",,"Y",,,,2100,10,"H","G","A","E ST","1ST ST",0,,"Y","2015-10-19",5701,"2015-10-01",1930,"118","4","5","5","0","0",,"0","002","-","N",,0,0,,,0,,,,"N",2,"D","-",0,,"F","A","H","-","A","A","0","Y","-","-",0,1,0,0,0,0,1,0,0,"-","-","DAVIS","YOLO","CA",-121.74068,38.54195
"7096990",-121.7768731,38.553275,2015,"5701","0","1","4","10",0,1,"A","Y",,,,,900,10,"G","B","B","HUMBOLDT AV","IMPERIAL AV",0,,"Y","2015-10-19",5701,"2015-10-05",800,"91","1","5","5","0","0",,"0","001","-","N",,0,0,,,0,,,,"N",2,"A","-",21950,"A","N","A","H","-","A","D","0","Y","A","01",0,0,1,0,1,0,0,0,0,"-","-","DAVIS","YOLO","CA",-121.77686,38.55325
"7096577",0,0,2015,"5703","0","1","3","12",0,2,"A",,,,,,900,9,"D","C","A","FARMERS CENTRAL RD","MIELKLE AV",0,,"Y","2015-10-15",5703,"2015-09-21",830,"2850","77","5","4","0","0",,"0","004","-","N",,0,0,,,0,,,,"N",2,"A","-",22450,"A","N","A","H","-","A","A","0","Y","A","01",0,1,1,0,0,0,0,0,0,"-","-","WOODLAND","YOLO","CA",0,0
"7096575",-121.7762332,38.688355,2015,"5703","0","7","2","12",0,2,"A",,,"Y",,,1500,9,"D","C","A","WOODLAND AV","FREEMAN ST",0,,"Y","2015-10-15",5703,"2015-09-13",1425,"2813","44","5","4","0","0",,"0","002","-","N",,0,0,,,0,,,,"Y",3,"A","-",22450,"A","N","A","H","-","A","A","0","Y","A","07",2,0,0,0,0,0,0,0,2,"-","-","WOODLAND","YOLO","CA",0,0
"7096574",-121.7227286,38.6796808,2015,"5703","0","5","4","09",0,1,"A",,,,,,1500,9,"B","C","A","HANSON WY","COUNTY ROAD 102",1654,"E","N","2015-10-16",5703,"2015-09-18",1335,"2831","101","5","4","0","0",,"0","001","-","N",,0,0,,,0,,,,"Y",2,"A","-",21804,"A","N","A","H","-","A","D","0","Y","-",,0,0,1,0,0,0,0,0,0,"-","-","WOODLAND","YOLO","CA",0,0
"7092761",-121.5270132,38.5868351,2015,"5704","0","1","4","03",0,2,"A",,,,,,1800,10,"C","C","A","JEFFERSON BL","F ST",0,,"Y","2015-10-22",5704,"2015-10-05",1652,"06048",,"5","4","0","0",,"0","001","-","N",,0,0,,,0,,,,"Y",2,"A","-",22350,,"N","A","H","-","A","A","0","Y","A","01",0,0,2,0,0,0,0,0,0,"-","-","WEST SACRAMENTO","YOLO","CA",0,0
"7092725",-121.5762331,38.5743251,2015,"5704","0","2","3","01",0,1,"A",,,,,"Y",1500,10,"E","I","A","ENTERPRISE BL","RT 80",125,"N","N","2017-01-31",5704,"2015-10-06",1428,"00173","WSPD","5","4","0","0",,"0","002","-","Y","YOL",3,80,"-","-",9.105,"R","4","E","Y",2,"A","-",23152,"B","N","A","H","-","A","D","0","Y","A","01",0,1,0,0,0,0,0,0,0,"-","EO","WEST SACRAMENTO","YOLO","CA",0,0
"7088054",-121.7654332,38.678075,2015,"5703","0","4","2","05",0,1,"A",,"Y",,,,1200,8,"D","G","A","EAST ST","ARMFIELD AV",0,,"Y","2015-10-10",5703,"2015-08-20",907,"832","22","5","4","0","0",,"0","001","-","N",,0,0,,,0,,,,"N",2,"A","-",21650,"1","N","A","H","-","A","A","0","Y","L","04",1,0,0,0,0,0,1,0,0,"-","-","WOODLAND","YOLO","CA",0,0
"7087988",0,0,2015,"5701","0","1","3","09",0,1,"A",,"Y",,,,1800,9,"H","G","A","E 8TH ST","E 8TH ST 1800",300,"N","N","2015-10-08",5701,"2015-09-07",1748,"118","5","5","5","0","0",,"0","002","-","N",,0,0,,,0,,,,"N",2,"A","-",21801,"A","N","A","H","-","A","D","0","Y","A","01",0,1,0,0,0,0,1,0,0,"-","-","DAVIS","YOLO","CA",-121.73048,38.55264
"7087984",-121.694918,38.55644,2015,"5701","0","1","3","05",0,1,"A",,"Y",,,,1800,9,"D","G","A","2ND ST","MACE BL",225,"W","N","2016-07-18",5701,"2015-09-21",1701,"60","7","5","5","0","0",,"0","003","-","N",,0,0,,,0,,,,"N",2,"A","-",21650,"1","N","A","H","-","A","D","0","Y","L","04",0,1,0,0,0,0,1,0,0,"-","-","DAVIS","YOLO","CA",-121.69477,38.55687
"7087972",-121.7387932,38.551785,2015,"5701","0","2","4","09",0,1,"A",,"Y",,,,1800,9,"H","G","A","8TH ST","J ST",0,,"Y","2015-10-08",5701,"2015-09-08",1745,"91","7","5","5","0","0",,"0","003","-","N",,0,0,,,0,,,,"N",2,"A","-",21800,"A","N","A","H","-","A","A","0","Y","A","01",0,0,1,0,0,0,1,0,0,"-","-","DAVIS","YOLO","CA",0,0
"7087964",-121.6910932,38.551115,2015,"5701","0","7","4","01",0,1,"A",,,,,"Y",300,9,"E","I","A","EL CEMONTE AV","GLIDE DR",0,,"Y","2015-10-08",5701,"2015-09-13",146,"106","9","5","5","0","0",,"0","004","-","N",,0,0,,,0,,,,"Y",3,"A","-",23152,"A","N","A","H","-","C","D","0","Y","A","01",0,0,1,0,0,0,0,0,0,"-","-","DAVIS","YOLO","CA",-121.69135,38.55083
"7087960",-121.7446932,38.544015,2015,"5701","0","2","3","12",0,1,"A",,"Y",,,,1200,9,"H","G","A","B ST","3RD",0,,"Y","2015-10-08",5701,"2015-09-15",939,"91","4","5","5","0","0",,"0","002","-","N",,0,0,,,0,,,,"N",2,"A","-",21453,"A","N","A","H","-","A","A","0","Y","L","04",0,1,0,0,0,0,1,0,0,"-","-","DAVIS","YOLO","CA",-121.74471,38.54395
"7087956",-121.7309732,38.5641751,2015,"5701","0","2","3","03",0,1,"A",,"Y",,,,2500,9,"E","I","A","POLE LINE RD","PICASSO AV",0,,"Y","2015-10-08",5701,"2015-09-22",2500,"45","6","5","5","0","0",,"0","003","-","N",,0,0,,,0,,,,"N",1,"A","-",22350,,"N","A","H","-","C","A","0","Y","L","04",0,1,0,0,0,0,1,0,0,"-","-","DAVIS","YOLO","CA",-121.73099,38.56415
"7087952",-121.7676132,38.5654151,2015,"5701","0","4","4","03",0,1,"A",,,,,,900,9,"C","C","A","WEST COVELL BL","RT 113",200,"E","N","2017-01-13",5701,"2015-09-03",756,"94","1","5","5","0","0",,"0","001","-","Y","YOL",3,113,"-","R",2.286,"R","4","N","N",3,"A","-",22350,,"N","A","H","-","A","A","0","Y","A","01",0,0,1,0,0,0,0,0,0,"-","-","DAVIS","YOLO","CA",0,0
"7087658",-121.7348317,38.5529714,2015,"5701","0","5","3","08",0,1,"A",,"Y",,,,1500,9,"H","G","A","L ST","8TH ST",50,"N","N","2015-10-17",5701,"2015-09-11",1251,"91","5","5","5","0","0",,"0","002","-","N",,0,0,,,0,,,,"N",2,"A","-",22107,,"N","A","H","-","A","D","0","Y","L","04",0,1,0,0,0,0,1,0,0,"-","-","DAVIS","YOLO","CA",-121.73119,38.547
"7087654",-121.7441146,38.551019,2015,"5701","0","2","4","03",0,2,"A",,,,,,1800,9,"C","C","A","E 8TH ST","D ST",106,"E","N","2015-10-12",5701,"2015-09-22",1742,"83","4","5","5","0","0",,"0","002","-","N",,0,0,,,0,,,,"Y",2,"A","-",22350,,"N","A","H","-","A","A","0","Y","D","22",0,0,2,0,0,0,0,0,0,"-","-","DAVIS","YOLO","CA",-121.74418,38.55101
"7081557",-121.7653331,38.684645,2015,"5703","0","2","4","12",0,2,"A",,,,,,1200,9,"D","C","A","EAST ST","E BEAMER ST",0,,"Y","2015-10-19",5703,"2015-09-29",1022,"2850","23","5","4","0","0",,"0","001","-","N",,0,0,,,0,,,,"Y",2,"A","-",21453,"A","N","A","H","-","A","A","0","Y","A","01",0,0,2,0,0,0,0,0,0,"-","-","WOODLAND","YOLO","CA",0,0
"7081136",-121.5523431,38.5919351,2015,"5704","0","4","4","12",0,1,"-",,,,,,1200,9,"-","-","A","REED AV","RT 80",0,,"Y","2016-02-25",5704,"2015-09-17",936,"06018",,"5","4","0","0",,"0","002","-","N",,0,0,,,0,,,,"N",2,"A","-",21453,"A","M","-","-","-","-","-","0","Y","A","01",0,0,1,0,0,0,0,0,0,"-","-","WEST SACRAMENTO","YOLO","CA",0,0
"7080649",0,0,2015,"5704","0","5","4","09",0,1,"A",,,,,,1800,9,"A","C","A","LINDEN RD","JEFFERSON BL N",225,"E","N","2015-09-30",5704,"2015-09-11",1747,"00190",,"5","4","0","0",,"0","003","-","N",,0,0,,,0,,,,"N",2,"A","-",21801,"A","N","A","H","-","A","D","0","Y","A","01",0,0,1,0,0,0,0,0,0,"-","-","WEST SACRAMENTO","YOLO","CA",0,0
"7080645",-121.526183,38.5793151,2015,"5704","0","3","4","03",0,1,"B",,,,,,2100,9,"C","C","A","MERKLEY AV","JEFFERSON BL",0,,"Y","2015-09-30",5704,"2015-09-16",1850,"00142",,"5","4","0","0",,"0",,"-","N",,0,0,,,0,,,,"Y",2,"A","-",22350,,"N","A","H","-","A","A","0","Y","A","01",0,0,1,0,0,0,0,0,0,"-","-","WEST SACRAMENTO","YOLO","CA",0,0
"7079291",-121.7585832,38.5562049,2015,"5701","0","4","3","09",0,1,"A",,"Y",,,,1800,9,"H","G","A","VILLANOVA DR","ANDERSON RD",0,,"Y","2015-10-19",5701,"2015-09-10",1620,"105","2","5","5","0","0",,"0","001","-","N",,0,0,,,0,,,,"N",2,"A","-",21801,,"N","A","H","-","A","A","0","Y","A","01",0,1,0,0,0,0,1,0,0,"-","-","DAVIS","YOLO","CA",-121.75714,38.55931
"7077463",-121.7748987,38.6642545,2015,"5703","0","2","3","11",0,1,"A","Y",,,,,1500,9,"G","B","E","COLLEGE ST","BUENA TIERRA DR",160,"N","N","2015-10-08",5703,"2015-09-08",1452,"2863","14","5","4","0","0",,"0","004","-","N",,0,0,,,0,,,,"N",2,"A","-",21954,"A","N","A","H","-","A","A","0","Y","N","60",0,1,0,0,1,0,0,0,0,"-","-","WOODLAND","YOLO","CA",0,0
"7077455",-121.7747186,38.6787435,2015,"5703","0","3","4","09",0,1,"A",,"Y",,,,1800,9,"D","G","A","COLLEGE ST","COURT ST",8,"S","N","2015-10-13",5703,"2015-09-09",1744,"2827","22","5","4","0","0",,"0","002","-","N",,0,0,,,0,,,,"N",2,"A","-",21801,,"N","A","H","-","A","A","0","Y","D","22",0,0,1,0,0,0,1,0,0,"-","-","WOODLAND","YOLO","CA",-121.77471,38.6788
"7074759",-121.7086205,38.5478544,2015,"5701","0","6","2","05",0,3,"A",,,,,,1800,6,"A","C","A","COWELL BL","OHLONE ST",560,"W","N","2016-06-08",5701,"2015-06-06",1500,"100","9","5","5","0","0",,"0","004","-","N",,0,0,,,0,,,,"N",2,"A","-",21460,"A","N","A","H","-","A","D","0","Y","D","22",1,2,0,0,0,0,0,0,0,"-","-","DAVIS","YOLO","CA",0,0
"7074727",-121.733836,38.5458786,2015,"5701","0","2","4","01",0,1,"A",,,,,"Y",2100,9,"C","C","A","3RD ST","L ST",30,"W","N","2015-09-25",5701,"2015-09-01",1802,"75","4","5","5","0","0",,"0","002","-","N",,0,0,,,0,,,,"N",2,"A","-",23152,"A","F","A","H","-","A","A","0","Y","D","22",0,0,1,0,0,0,0,0,0,"-","-","DAVIS","YOLO","CA",0,0
"7069000",-121.7709029,38.5464651,2015,"5701","0","1","4","03",0,1,"A",,,,,,900,8,"C","C","A","RUSSELL BL","ARTHUR ST",100,"W","N","2015-09-23",5701,"2015-08-31",746,"91","1","5","5","0","0",,"0","001","-","N",,0,0,,,0,,,,"Y",3,"A","-",22350,,"N","A","H","-","A","A","0","Y","D","22",0,0,1,0,0,0,0,0,0,"-","-","DAVIS","YOLO","CA",-121.77209,38.54646
"7068998",-121.726625,38.5489231,2015,"5701","0","1","4","21",0,4,"A",,,,,,1200,8,"C","C","A","POLE LINE RD","5TH ST",25,"N","N","2015-09-23",5701,"2015-08-24",1026,"94","6","5","5","0","0",,"0","003","-","N",,0,0,,,0,,,,"N",2,"A","-",22106,,"N","A","H","-","A","A","0","Y","A","07",0,0,4,0,0,0,0,0,0,"-","-","DAVIS","YOLO","CA",-121.7266,38.54903
"7068447",-121.7230231,38.541345,2015,"5701","0","4","2","00",0,3,"A",,,,,,2100,9,"D","C","A","COWELL BL","POLE LINE RD",0,,"Y","2015-09-23",5701,"2015-09-10",2059,"103","8","5","5","0","0",,"0","004","-","N",,0,0,,,0,,,,"N",2,"D","-",0,,"N","A","H","-","C","A","0","Y","-","-",1,0,2,0,0,0,0,0,0,"-","-","DAVIS","YOLO","CA",-121.72235,38.54158
"7068426",-121.7385737,38.5407585,2015,"5701","0","3","3","03",0,1,"A",,"Y",,,,900,9,"H","G","A","RICHARDS BL","OLIVE DR",25,"S","N","2015-09-23",5701,"2015-09-09",826,"100","8","5","5","0","0",,"0","004","-","N",,0,0,,,0,,,,"N",1,"A","-",22350,,"N","A","H","-","A","A","0","Y","L","04",0,1,0,0,0,0,1,0,0,"-","-","DAVIS","YOLO","CA",-121.73842,38.54061
"7068000",-121.6941522,38.5563779,2015,"5701","0","4","4","03",0,1,"A",,,,,,2400,9,"A","C","A","MACE BL","2ND ST",50,"S","N","2015-09-24",5701,"2015-09-03",2201,"106","7","5","5","0","0",,"0","003","-","N",,0,0,,,0,,,,"N",3,"A","-",22350,,"N","A","H","-","C","A","0","Y","D","73",0,0,1,0,0,0,0,0,0,"-","-","DAVIS","YOLO","CA",-121.69467,38.55692
"7067519",-121.7329572,38.5620046,2015,"5701","0","6","3","03",0,2,"A",,,,,,1800,8,"E","I","A","EAST COVELL BL","POLE LINE RD",540,"W","N","2015-09-23",5701,"2015-08-01",1741,"118","5","5","5","0","0",,"0","002","-","N",,0,0,,,0,,,,"Y",1,"A","-",22350,,"N","A","H","-","A","D","0","Y","A","01",0,1,1,0,0,0,0,0,0,"-","-","DAVIS","YOLO","CA",-121.73179,38.56196
"7067440",-121.7387648,38.5408956,2015,"5701","0","3","4","03",0,3,"A",,,,,,2100,8,"C","C","A","RICHARDS BL","OLIVE DR",50,"W","N","2015-09-23",5701,"2015-08-12",1828,"35","8","5","5","0","0",,"0","004","-","N",,0,0,,,0,,,,"N",3,"A","-",22350,,"N","A","H","-","A","A","0","Y","A","01",0,0,3,0,0,0,0,0,0,"-","-","DAVIS","YOLO","CA",0,0
"7067439",-121.7350167,38.5543765,2015,"5701","0","7","4","08",0,2,"A",,,,,,1800,8,"D","C","A","L ST","TULANE DR",25,"S","N","2015-09-23",5701,"2015-08-16",1629,"83","5","5","5","0","0",,"0","002","-","N",,0,0,,,0,,,,"Y",2,"A","-",22103,,"N","A","H","-","A","A","0","Y","A","07",0,0,2,0,0,0,0,0,0,"-","-","DAVIS","YOLO","CA",-121.73499,38.55422
"7067438",0,0,2015,"5701","0","3","2","03",0,1,"A",,,,,,2400,8,"E","I","A","SYCAMORE LN","CASSEL LN",300,"S","N","2015-09-23",5701,"2015-08-12",2309,"116","3","5","5","0","0",,"0","001","-","N",,0,0,,,0,,,,"Y",1,"A","-",22350,,"N","A","H","-","D","D","0","Y","A","01",1,0,0,0,0,0,0,0,0,"-","-","DAVIS","YOLO","CA",0,0
"7067437",-121.7351831,38.5405851,2015,"5701","0","2","3","08",0,1,"A",,"Y",,,,1500,8,"H","G","A","RICHARDS BL","RT 80",0,,"Y","2017-01-13",5701,"2015-08-11",1230,"45","8","5","5","0","0",,"0","004","-","Y","YOL",3,80,"-","-",0.284,"R","4","W","N",2,"A","-",22107,,"N","A","H","-","A","A","0","Y","A","01",0,1,0,0,0,0,1,0,0,"-","WO","DAVIS","YOLO","CA",0,0
"7066344",-121.7586331,38.562085,2015,"5701","0","2","3","01",0,1,"A",,"Y",,,"Y",1800,7,"H","G","A","ALVARADO AV","ANDERSON RD",0,,"Y","2015-09-21",5701,"2015-07-28",1741,"94","3","5","5","0","0",,"0","001","-","N",,0,0,,,0,,,,"N",1,"A","-",21200,"5","N","A","H","-","A","A","0","Y","L","04",0,1,0,0,0,0,1,0,0,"-","-","DAVIS","YOLO","CA",-121.75868,38.56255
"7066342",-121.734498,38.5487133,2015,"5701","0","1","3","09",0,2,"A",,,,,,1200,7,"D","C","A","L ST","5TH ST",100,"N","N","2015-09-21",5701,"2015-07-20",1044,"79","5","5","5","0","0",,"0","002","-","N",,0,0,,,0,,,,"N",2,"A","-",21804,"A","N","A","H","-","A","D","0","Y","A","07",0,1,1,0,0,0,0,0,0,"-","-","DAVIS","YOLO","CA",0,0
"7066341",-121.7883144,38.5466642,2015,"5701","0","7","3","00",0,1,"A",,,,,"Y",600,7,"E","I","A","RUSSELL BL","LAKE BL",300,"E","N","2015-09-21",5701,"2015-07-05",347,"106","1","5","5","0","0",,"0","001","-","N",,0,0,,,0,,,,"Y",1,"D","-",0,,"M","A","H","-","C","D","0","Y","-","-",0,1,0,0,0,0,0,0,0,"-","-","DAVIS","YOLO","CA",0,0
"7064864",-121.7772951,38.6738833,2015,"5703","0","6","3","03",0,1,"A",,,"Y",,,1500,7,"E","I","A","OAK AV","ELM ST",52,"W","N","2015-09-21",5703,"2015-07-25",1314,"2039","32","5","4","0","0",,"0","003","-","N",,0,0,,,0,,,,"N",1,"A","-",22350,,"N","A","H","-","A","A","0","Y","C","02",0,1,0,0,0,0,0,0,1,"-","-","WOODLAND","YOLO","CA",0,0
"7061793",-121.9704032,38.5251251,2015,"5702","0","5","4","03",0,3,"A",,,,,,1800,9,"C","C","A","GRANT AV","1ST ST",65,"E","N","2017-01-12",5702,"2015-09-18",1612,"537","C","5","2","0","0",,"0","00C","-","Y","YOL",3,128,"-","-",8.69,"H","-","E","N",2,"A","-",22350,,"N","A","D","-","A","D","0","Y","-",,0,0,3,0,0,0,0,0,0,"-","-","WINTERS","YOLO","CA",0,0
"7061589",-121.7527132,38.5507251,2015,"5701","0","4","4","09",0,1,"A",,"Y",,,,1800,9,"H","G","A","8TH","OAK AV",0,,"Y","2015-10-21",5701,"2015-09-24",1718,"94","4","5","5","0","0",,"0","002","-","N",,0,0,,,0,,,,"Y",2,"A","-",21801,"A","N","A","H","-","A","A","0","Y","A","01",0,0,1,0,0,0,1,0,0,"-","-","DAVIS","YOLO","CA",-121.75273,38.55072
"7059325",-121.7696331,38.6628951,2015,"5703","0","1","4","12",0,1,"A",,,,,,1800,9,"D","C","A","GIBSON RD","COLOMA WY",0,,"Y","2015-10-08",5703,"2015-09-14",1714,"2004","14","5","4","0","0",,"0","004","-","N",,0,0,,,0,,,,"Y",2,"A","-",21453,"A","N","A","H","-","A","A","0","Y","A","01",0,0,1,0,0,0,0,0,0,"-","-","WOODLAND","YOLO","CA",0,0
"7055540",-121.7557218,38.6773517,2015,"5703","0","5","3","05",0,1,"A",,"Y",,,,900,7,"H","G","A","MAIN ST","MATMOR RD",126,"E","N","2015-09-26",5703,"2015-07-31",651,"2822","31","5","4","0","0",,"0","001","-","N",,0,0,,,0,,,,"N",2,"A","-",21650,"1","N","A","H","-","A","D","0","Y","L","04",0,1,0,0,0,0,1,0,0,"-","-","WOODLAND","YOLO","CA",0,0
"7049076",-121.7947794,38.6848951,2015,"5703","0","5","4","08",0,1,"A",,,,,,1800,8,"B","C","A","W BEAMER ST","COTTONWOOD ST",450,"W","N","2016-01-05",5703,"2015-08-28",1657,"2002","84","5","4","0","0",,"0","002","-","N",,0,0,,,0,,,,"N",2,"A","-",22107,,"N","A","H","-","A","D","0","Y","A","01",0,0,1,0,0,0,0,0,0,"-","-","WOODLAND","YOLO","CA",0,0
"7047640",-121.5136331,38.584905,2015,"5704","0","1","4","03",0,2,"A",,,,,,1200,7,"C","C","A","5TH ST","F ST",0,,"Y","2015-09-19",5704,"2015-07-27",1058,"158","WSPD","5","4","0","0",,"0","001","-","N",,0,0,,,0,,,,"Y",2,"A","-",22350,,"N","A","H","-","A","A","0","Y","D","22",0,0,2,0,0,0,0,0,0,"-","-","WEST SACRAMENTO","YOLO","CA",0,0
"7047632",-121.5268331,38.589555,2015,"5704","0","3","3","12",0,1,"A",,"Y",,,,1500,9,"D","G","A","SACRAMENTO AV","JEFFERSON BL",0,,"Y","2015-09-19",5704,"2015-09-02",1311,"0173",,"5","4","0","0",,"0","001","-","N",,0,0,,,0,,,,"N",2,"A","-",21453,"A","N","A","H","-","A","A","0","Y","L","04",0,1,0,0,0,0,1,0,0,"-","-","WEST SACRAMENTO","YOLO","CA",0,0
"7045954",-121.7696331,38.6628951,2015,"5703","0","1","3","12",0,3,"A",,,,,,1200,8,"D","C","A","COLOMA WY","GIBSON RD",0,,"Y","2015-09-19",5703,"2015-08-17",1137,"2850","14","5","4","0","0",,"0","004","-","N",,0,0,,,0,,,,"Y",2,"A","-",21453,"A","N","A","H","-","A","A","0","Y","A","07",0,1,2,0,0,0,0,0,0,"-","-","WOODLAND","YOLO","CA",0,0
"7045938",-121.7923528,38.675851,2015,"5703","0","7","2","21",0,1,"A",,,"Y",,,2100,8,"D","D","A","WEST LINCOLN AV","COMMUNITY LN",160,"W","N","2015-09-19",5703,"2015-08-02",1840,"2859","52","5","4","0","0",,"0","003","-","N",,0,0,,,0,,,,"N",2,"A","-",22106,,"N","A","H","-","A","D","0","Y","D","22",1,0,0,0,0,0,0,0,1,"-","-","WOODLAND","YOLO","CA",0,0
"7044598",-121.7274163,38.555502,2015,"5701","0","2","3","03",0,1,"A",,,"Y",,,2100,7,"E","I","A","POLE LINE RD","WAHL WY",50,"N","N","2015-09-09",5701,"2015-07-28",1943,"38","6","5","5","0","0",,"0","003","-","N",,0,0,,,0,,,,"N",1,"A","-",22350,,"N","A","H","-","B","A","0","Y","C","03",0,1,0,0,0,0,0,0,1,"-","-","DAVIS","YOLO","CA",0,0
"7044594",-121.5326638,38.5791427,2015,"5704","0","1","4","08",0,1,"A",,,,,,1200,7,"B","E","A","MERKLEY AV","POPLAR AV",380,"E","N","2015-09-09",5704,"2015-07-13",1115,"00165",,"5","4","0","0",,"0","002","-","N",,0,0,,,0,,,,"Y",2,"A","-",22107,,"N","A","H","-","A","D","0","Y","A","01",0,0,1,0,0,0,0,0,0,"-","-","WEST SACRAMENTO","YOLO","CA",0,0
"7042734",0,0,2015,"5704","0","3","4","09",0,3,"A",,,,,,1500,8,"D","C","A","REED AV","IKEA CT",130,"W","N","2015-09-01",5704,"2015-08-12",1340,"165",,"5","4","0","0",,"0","001","-","N",,0,0,,,0,,,,"Y",2,"A","-",21804,"A","N","A","H","-","A","D","0","Y","A","01",0,0,3,0,0,0,0,0,0,"-","-","WEST SACRAMENTO","YOLO","CA",0,0
"7042733",-121.540083,38.591015,2015,"5704","0","1","4","09",0,1,"A",,"Y",,,,2400,8,"D","G","A","SACRAMENTO AV","SOLANO ST",0,,"Y","2015-08-29",5704,"2015-08-03",2146,"172",,"5","4","0","0",,"0","001","-","N",,0,0,,,0,,,,"N",2,"A","-",21802,"A","N","A","H","-","D","A","0","Y","A","01",0,0,1,0,0,0,1,0,0,"-","-","WEST SACRAMENTO","YOLO","CA",0,0
"7041914",0,0,2015,"5704","0","5","2","05",0,2,"A","Y",,"Y",,,2100,8,"G","B","F","ENTERPRISE BL","RT 80",450,"N","N","2015-09-11",5704,"2015-08-21",1918,"00142",,"5","4","0","0",,"0","002","-","N",,0,0,,,0,,,,"N",2,"A","-",21650,,"N","A","H","-","A","D","0","Y","C","02",2,0,0,0,1,0,0,0,1,"-","EO","WEST SACRAMENTO","YOLO","CA",0,0
"7041910",0,0,2015,"5704","0","2","3","17",0,1,"A",,"Y",,,,2100,8,"D","G","A","TOWER BRIDGE GATEWAY","3RD ST",0,,"Y","2015-09-11",5704,"2015-08-18",1857,"00173",,"5","4","0","0",,"0","001","-","N",,0,0,,,0,,,,"N",2,"A","-",21208,"A","N","A","H","-","A","A","0","Y","L","04",0,1,0,0,0,0,1,0,0,"-","-","WEST SACRAMENTO","YOLO","CA",0,0