"CASEID","POINT_X","POINT_Y","YEAR_","LOCATION","CHPTYPE","DAYWEEK","CRASHSEV","VIOLCAT","KILLED","INJURED","WEATHER1","PEDCOL","BICCOL","MCCOL","TRUCKCOL","ETOH","TIMECAT","MONTH_","CRASHTYP","INVOLVE","PED","PRIMARYRD","SECONDRD","DISTANCE","DIRECT","INTERSECT_","PROCDATE","JURIS","DATE_","TIME_","BADGE","JURIDIST","SHIFT","POP","SPECIAL","BEATTYPE","LAPDDIV","BEATCLAS","BEATNUMB","WEATHER2","STATEHW","CALTRANC","CALTRAND","STROUTE","ROUTESUF","POSTPRE","POSTMILE","LOCATYPE","RAMP","SIDEHW","TOWAWAY","PARTIES","PCF","VIOLCODE","VIOL","VIOLSUB","HITRUN","ROADSURF","RDCOND1","RDCOND2","LIGHTING","RIGHTWAY","CHPRDTYP","NOTPRIV","STFAULT","CHPFAULT","SEVINJ","OTHERINJ","COP","PEDKILL","PEDINJ","BICKILL","BICINJ","MCKILL","MCINJURE","RAMP1","RAMP2","CITY","COUNTY","STATE","X_CHP","Y_CHP"
"7041906",-121.5407031,38.579735,2015,"5704","0","5","3","03",0,1,"A",,,,,,2100,8,"C","C","A","WEST CAPITOL AV","WALNUT AV",0,,"Y","2015-09-11",5704,"2015-08-28",1841,"00108","5704","5","4","0","0",,"0","002","-","N",,0,0,,,0,,,,"Y",2,"A","-",22350,,"N","A","H","-","A","D","0","Y","A","01",0,1,0,0,0,0,0,0,0,"-","-","WEST SACRAMENTO","YOLO","CA",0,0
"7041902",-121.526183,38.5793151,2015,"5704","0","6","4","12",0,1,"A",,"Y",,,,1800,8,"D","G","A","JEFFERSON BL","MERKLEY AV",0,,"Y","2015-09-11",5704,"2015-08-29",1537,"00131",,"5","4","0","0",,"0","002","-","N",,0,0,,,0,,,,"N",2,"A","-",21453,"A","N","A","H","-","A","A","0","Y","L","04",0,0,1,0,0,0,1,0,0,"-","-","WEST SACRAMENTO","YOLO","CA",0,0
"7041898",0,0,2015,"5704","0","5","3","09",0,1,"A",,"Y",,,,900,8,"D","C","A","LAKE WASHINGTON BL","STONEGATE DR",800,"W","N","2015-09-11",5704,"2015-08-28",756,"00173",,"5","4","0","0",,"0","003","-","N",,0,0,,,0,,,,"N",2,"A","-",21803,"A","N","A","H","-","A","D","0","Y","A","07",0,1,0,0,0,0,1,0,0,"-","-","WEST SACRAMENTO","YOLO","CA",0,0
"7041587",-121.5462032,38.5709636,2015,"5704","0","5","3","08",0,2,"A",,,,,,2100,8,"D","C","A","SHORE ST","DEL MONTE ST",400,"N","N","2015-09-17",5704,"2015-08-28",1824,"00114",,"5","4","0","0",,"0","002","-","N",,0,0,,,0,,,,"Y",2,"A","-",22107,,"N","A","H","-","A","D","0","Y","A","01",0,1,1,0,0,0,0,0,0,"-","-","WEST SACRAMENTO","YOLO","CA",0,0
"7041583",-121.5468632,38.586125,2015,"5704","0","6","4","05",0,1,"A",,"Y",,,,600,8,"D","G","A","HARBOR BL","RICE AV",0,,"Y","2015-09-17",5704,"2015-08-29",555,"00131",,"5","4","0","0",,"0","002","-","N",,0,0,,,0,,,,"N",2,"A","-",21650,"1","N","A","H","-","B","A","0","Y","L","04",0,0,1,0,0,0,1,0,0,"-","-","WEST SACRAMENTO","YOLO","CA",0,0
"7038144",-121.5785132,38.564225,2015,"5704","0","3","4","09",0,1,"A",,,,"Y",,2100,8,"D","C","A","ENTERPRISE BL","SEAPORT BL",0,,"Y","2015-09-26",5704,"2015-08-05",1855,"00108","5704","5","4","0","0",,"0","002","-","N",,0,0,,,0,,,,"Y",2,"A","-",21802,"A","N","A","H","-","A","A","0","Y","F","21",0,0,1,0,0,0,0,0,0,"-","-","WEST SACRAMENTO","YOLO","CA",0,0
"7038143",-121.5267483,38.5807961,2015,"5704","0","4","4","12",0,1,"A",,,,,,1200,8,"D","C","A","JEFFERSON BL","WEST CAPITOL AV",15,"N","N","2015-12-29",5704,"2015-08-13",1029,"00173","WSPD","5","4","0","0",,"0","002","-","N",,0,0,,,0,,,,"Y",2,"A","-",21453,"A","N","A","H","-","A","A","0","Y","D","22",0,0,1,0,0,0,0,0,0,"-","-","WEST SACRAMENTO","YOLO","CA",0,0
"7034242",-121.7861532,38.561115,2015,"5701","0","7","3","12",0,4,"A",,,,,,1800,8,"D","C","A","WEST COVELL BL","LAKE BL",0,,"Y","2015-09-14",5701,"2015-08-02",1531,"92","1","5","5","0","0",,"0","001","-","N",,0,0,,,0,,,,"Y",2,"A","-",22450,"A","N","A","H","-","A","A","0","Y","A","01",0,1,3,0,0,0,0,0,0,"-","-","DAVIS","YOLO","CA",-121.76935,38.56714
"7033537",0,0,2015,"5701","0","3","3","18",0,1,"A",,,,,,900,8,"H","J","A","OLD DAVIS RD","LARUE RD",179,"W","N","2015-09-03",5701,"2015-08-05",650,"1060",,"5","5","0","0",,"0",,"-","N",,0,0,,,0,,,,"N",1,"C","-",0,,"N","D","H","-","A","D","0","Y","-","-",0,1,0,0,0,0,0,0,0,"-","-","DAVIS","YOLO","CA",0,0
"7031827",-121.7463432,38.5506851,2015,"5701","0","3","4","12",0,3,"A",,,,,,1200,8,"D","C","A","B ST","8TH ST",0,,"Y","2015-08-31",5701,"2015-08-05",1106,"94","4","5","5","0","0",,"0","002","-","N",,0,0,,,0,,,,"Y",2,"A","-",21453,"A","N","A","H","-","A","A","0","Y","A","01",0,0,3,0,0,0,0,0,0,"-","-","DAVIS","YOLO","CA",0,0
"7028991",-121.7303965,38.5454999,2015,"5701","0","3","3","03",0,2,"A",,,,,,1800,6,"C","C","A","2ND ST","L ST",900,"E","N","2015-08-31",5701,"2015-06-17",1540,"94","5","5","5","0","0",,"0","002","-","N",,0,0,,,0,,,,"N",3,"A","-",22350,,"N","A","H","-","A","A","0","Y","A","07",0,1,1,0,0,0,0,0,0,"-","-","DAVIS","YOLO","CA",-121.74055,38.54222
"7027934",-121.5491299,38.5719411,2015,"5704","0","1","3","09",0,1,"A",,,,,,1800,9,"A","C","A","BEACON BL","HARBOR BL",142,"W","N","2015-10-17",5704,"2015-09-28",1707,"06048",,"5","4","0","0",,"0","002","-","N",,0,0,,,0,,,,"Y",2,"A","-",21804,"A","N","A","H","-","A","D","0","Y","D","22",0,1,0,0,0,0,0,0,0,"-","-","WEST SACRAMENTO","YOLO","CA",0,0
"7026159",0,0,2015,"5704","0","1","4","03",0,1,"A",,,,,,2100,8,"F","I","A","VILLAGE PKWY","LAKE WASHINGTON BL",490,"E","N","2015-09-03",5704,"2015-08-03",1812,"00166",,"5","4","0","0",,"0","003","-","N",,0,0,,,0,,,,"Y",1,"A","-",22350,,"N","A","B","-","A","D","0","Y","A","01",0,0,1,0,0,0,0,0,0,"-","-","WEST SACRAMENTO","YOLO","CA",0,0
"7025327",-121.7521016,38.6773051,2015,"5703","0","1","4","09",0,1,"A",,,,,,1500,7,"B","C","A","EAST MAIN ST","RT 113",245,"W","N","2016-07-21",5703,"2015-07-13",1218,"2856","31","5","4","0","0",,"0","001","-","N",,0,0,,,0,,,,"Y",2,"A","-",21804,"A","N","A","H","-","A","D","0","Y","A","01",0,0,1,0,0,0,0,0,0,"-","-","WOODLAND","YOLO","CA",0,0
"7025323",-121.7475837,38.677289,2015,"5703","0","6","2","03",0,1,"A",,,,,"Y",1800,7,"C","C","A","EAST MAIN ST","PIONEER AV",160,"W","N","2015-08-29",5703,"2015-07-18",1655,"2831","61","5","4","0","0",,"0","004","-","N",,0,0,,,0,,,,"Y",2,"A","-",22350,,"N","A","H","-","A","A","0","Y","A","01",1,0,0,0,0,0,0,0,0,"-","-","WOODLAND","YOLO","CA",0,0
"7025319",-121.7656732,38.662845,2015,"5703","0","6","4","09",0,1,"A",,,,,,1800,7,"D","D","A","EAST GIBSON RD","EAST ST",0,,"Y","2015-09-08",5703,"2015-07-25",1700,"2831","5","5","4","0","0",,"0","004","-","N",,0,0,,,0,,,,"Y",2,"A","-",21802,"A","N","A","H","-","A","A","0","Y","A","01",0,0,1,0,0,0,0,0,0,"-","-","WOODLAND","YOLO","CA",0,0
"7023334",-121.5420833,38.591268,2015,"5704","0","7","3","05",0,1,"A",,,,,,2100,7,"F","I","A","SACRAMENTO AV","SUNSET AV",29,"W","N","2015-08-25",5704,"2015-07-19",1814,"00163",,"5","4","0","0",,"0","001","-","N",,0,0,,,0,,,,"Y",1,"A","-",21650,,"N","A","H","-","A","D","0","Y","A","01",0,1,0,0,0,0,0,0,0,"-","-","WEST SACRAMENTO","YOLO","CA",0,0
"7022185",-121.5441931,38.5749451,2015,"5704","0","5","3","08",0,1,"A",,,"Y",,,1800,7,"E","I","A","HARBOR BL","RT 50",0,,"Y","2017-01-13",5704,"2015-07-17",1612,"00174",,"5","4","0","0",,"0","002","-","Y","YOL",3,50,"-","-",1.342,"R","4","E","Y",1,"A","-",22107,,"N","A","H","-","A","A","0","Y","C","02",0,1,0,0,0,0,0,0,1,"-","-","WEST SACRAMENTO","YOLO","CA",0,0
"7022181",-121.5267431,38.580755,2015,"5704","0","1","4","01",0,1,"A",,,,,"Y",2100,7,"D","C","A","JEFFERSON BL","WEST CAPITOL AV",0,,"Y","2015-08-22",5704,"2015-07-06",1843,"00154",,"5","4","0","0",,"0","002","-","N",,0,0,,,0,,,,"N",2,"A","-",23153,"B","N","A","H","-","A","A","0","Y","A","08",0,0,1,0,0,0,0,0,0,"-","-","WEST SACRAMENTO","YOLO","CA",0,0
"7017565",-121.7176477,38.5557027,2015,"5701","0","6","3","03",0,2,"A",,"Y",,,,1800,1,"H","-","A","TULIP LN","JAVIER PL",30,"S","N","2015-08-17",5701,"2015-01-10",1720,"74","7","5","5","0","0",,"0","003","-","N",,0,0,,,0,,,,"N",2,"A","-",22350,,"N","A","H","-","B","D","0","Y","L","04",0,2,0,0,0,0,2,0,0,"-","-","DAVIS","YOLO","CA",-121.71244,38.55138
"7015789",0,0,2015,"5701","0","5","3","09",0,2,"A",,,,,,1800,6,"A","D","A","CHILES RD","CHILES RD 5200",50,"W","N","2016-04-13",5701,"2015-06-05",1749,"118","9","5","5","0","0",,"0","004","-","N",,0,0,,,0,,,,"Y",2,"A","-",21804,,"N","A","H","-","A","D","0","Y","A","01",0,1,1,0,0,0,0,0,0,"-","-","DAVIS","YOLO","CA",-121.6886,38.55394
"7013926",-121.9848432,38.5199151,2015,"5702","0","5","4","01",0,2,"A",,,,,"Y",2100,7,"D","C","A","W GRANT AV","TAYLOR ST",0,,"Y","2017-01-13",5702,"2015-07-31",1808,"532","D","5","2","0","0",,"0","00D","-","Y","YOL",3,128,"-","-",7.93,"I","5","E","Y",2,"A","-",23152,"A","N","A","H","-","A","A","0","Y","-",,0,0,2,0,0,0,0,0,0,"-","-","WINTERS","YOLO","CA",0,0
"7006414",-121.7903012,38.6900154,2015,"5703","0","4","1","03",1,0,"A","Y",,,,,600,11,"G","B","D","MARIPOSA ST","UTAH AV",20,"N","N","2016-01-26",5703,"2015-11-12",334,"2863","64","5","4","0","0",,"0","002","-","N",,0,0,,,0,,,,"N",2,"A","-",22350,,"F","A","H","-","C","A","0","Y","-","-",0,0,0,1,0,0,0,0,0,"-","-","WOODLAND","YOLO","CA",0,0
"7004527",-121.7562232,38.673715,2015,"5703","0","1","4","09",0,1,"A",,"Y",,,,2400,7,"D","G","A","EAST OAK AV","MATMOR RD",0,,"Y","2015-08-06",5703,"2015-07-20",2100,"2004","11","5","4","0","0",,"0","001","-","N",,0,0,,,0,,,,"N",2,"A","-",21801,"A","N","A","H","-","C","D","0","Y","A","01",0,0,1,0,0,0,1,0,0,"-","-","WOODLAND","YOLO","CA",0,0
"7004523",0,0,2015,"5703","0","1","3","08",0,1,"A",,"Y",,,,900,7,"G","G","A","FARMERS CENTRAL RD","CAMPOS AV",3,"W","N","2015-08-06",5703,"2015-07-20",855,"2840","77","5","4","0","0",,"0","004","-","N",,0,0,,,0,,,,"N",2,"A","-",22107,,"N","A","H","-","A","D","0","Y","L","04",0,1,0,0,0,0,1,0,0,"-","-","WOODLAND","YOLO","CA",0,0
"7004487",-121.7886932,38.6756142,2015,"5703","0","4","3","-",0,1,"A","Y",,,,,1800,7,"G","B","C","CALIFORNIA ST","LINCOLN AV",186,"S","N","2015-08-19",5703,"2015-07-02",1757,"2834","52","5","4","0","0",,"0","003","-","N",,0,0,,,0,,,,"N",2,"A","-",0,,"N","A","H","-","A","D","0","Y","N","60",0,1,0,0,1,0,0,0,0,"-","-","WOODLAND","YOLO","CA",0,0
"7004377",-121.7524932,38.6581551,2015,"5703","0","3","3","09",0,1,"A",,"Y",,"Y",,1200,7,"-","G","A","EAST GIBSON RD","RT 113",187,"E","N","2017-01-13",5703,"2015-07-08",1013,"2882","53","5","4","0","0",,"0","004","-","Y","YOL",3,113,"-","R",8.991,"R","4","N","N",2,"A","-",21803,"A","N","A","H","-","A","D","0","Y","F","26",0,1,0,0,0,0,1,0,0,"-","NF","WOODLAND","YOLO","CA",0,0
"7004202",-121.7586536,38.5522576,2015,"5701","0","3","3","17",0,1,"A",,"Y",,,,2100,7,"H","G","A","ANDERSON RD","AMHERST",10,"S","N","2015-08-05",5701,"2015-07-08",1825,"105","2","5","5","0","0",,"0","001","-","N",,0,0,,,0,,,,"N",2,"A","-",22517,,"N","A","H","-","A","D","0","Y","A","01",0,1,0,0,0,0,1,0,0,"-","-","DAVIS","YOLO","CA",-121.76935,38.56714
"7004013",-121.7246681,38.5468526,2015,"5701","0","6","4","08",0,3,"A",,,,,,1200,7,"B","C","A","2ND ST","CANTRILL DR",1373,"W","N","2015-08-14",5701,"2015-07-18",1153,"109","7","5","5","0","0",,"0","003","-","N",,0,0,,,0,,,,"Y",2,"A","-",21460,"5","N","A","H","-","A","D","0","Y","D","22",0,0,3,0,0,0,0,0,0,"-","-","DAVIS","YOLO","CA",0,0
"7001202",-121.7561831,38.5605652,2015,"5701","0","4","2","03",0,1,"A","Y",,,,,1500,5,"C","E","E","HANOVER DR","WEST COVELL BL",190,"S","N","2015-07-23",5701,"2015-05-21",1222,"72","2","5","5","0","0",,"0","001","-","N",,0,0,,,0,,,,"Y",3,"A","-",22350,,"N","A","H","-","A","D","0","Y","A","01",1,0,0,0,1,0,0,0,0,"-","-","DAVIS","YOLO","CA",0,0
"7000054",-121.7413731,38.548615,2015,"5701","0","7","4","05",0,1,"A",,,,,"Y",2400,6,"D","C","A","F ST","6TH ST",0,,"Y","2015-07-24",5701,"2015-06-28",2321,"38","4","5","5","0","0",,"0","002","-","N",,0,0,,,0,,,,"N",2,"A","-",21752,"D","F","A","H","-","C","A","0","Y","A","01",0,0,1,0,0,0,0,0,0,"-","-","DAVIS","YOLO","CA",-121.73113,38.54707
"7000050",-121.6934368,38.5509621,2015,"5701","0","1","3","09",0,1,"A","Y",,,,,1800,6,"G","B","D","CHILES RD","MACE BL",325,"E","N","2016-06-20",5701,"2015-06-08",1713,"60","9","5","5","0","0",,"0","004","-","N",,0,0,,,0,,,,"N",2,"A","-",21804,"A","N","A","H","-","A","D","0","Y","A","01",0,1,0,0,1,0,0,0,0,"-","-","DAVIS","YOLO","CA",0,0
"6999990",-121.5479632,38.5751151,2015,"5704","2","6","4","03",0,3,"A",,,,,,1200,6,"C","A","A","RT 50","HARBOR BL",50,"W","N","2016-11-02",9280,"2015-06-13",1050,"017629",,"1","4","0","1",,"2","011","-","Y","YOL",3,50,"-","-",1.19,"H","-","W","Y",4,"A","-",22350,,"N","A","H","-","A","D","1","Y","A","01",0,0,3,0,0,0,0,0,0,"-","-","WEST SACRAMENTO","YOLO","CA",-121.54906,38.57922
"6999939",-121.5532636,38.5906343,2015,"5704","1","5","4","03",0,2,"A",,,,,,1500,6,"C","C","A","RT 80","REED AV",528,"W","N","2016-11-03",9280,"2015-06-26",1355,"017874",,"1","4","0","1",,"2","010","-","Y","YOL",3,80,"-","R",11.11,"H","-","W","Y",2,"A","-",22350,,"N","A","H","-","A","D","1","Y","A","01",0,0,2,0,0,0,0,0,0,"-","-","WEST SACRAMENTO","YOLO","CA",-121.55334,38.59053
"6999935",-121.5573371,38.5752295,2015,"5704","2","2","3","03",0,1,"A",,,,,,900,6,"C","C","A","RT 50","HARBOR BL",1435,"W","N","2016-11-02",9280,"2015-06-16",845,"017883",,"1","4","0","1",,"2","011","-","Y","YOL",3,50,"-","-",0.61,"H","-","W","Y",4,"A","-",22350,,"F","A","H","-","A","D","1","Y","-","99",0,1,0,0,0,0,0,0,0,"-","-","WEST SACRAMENTO","YOLO","CA",-121.5543,38.57509
"6998111",-121.6413032,38.6732151,2015,"5700","1","2","2","00",0,1,"A",,,"Y",,,2400,6,"F","A","A","RT 5","COUNTY ROAD 118",200,"N","N","2016-11-07",9280,"2015-06-16",2158,"017800",,"2","9","0","1",,"2","020","-","Y","YOL",3,5,"-","-",0.724,"R","2","S","Y",1,"A","-",22630,,"N","A","H","-","D","D","1","Y","C","02",1,0,0,0,0,0,0,0,1,"-","-","UNINCORPORATED","YOLO","CA",-121.6383,38.67291
"6998107",-122.1642324,38.7662453,2015,"5700","3","3","3","03",0,1,"A",,,,,,2400,6,"E","I","A","RT 16","COUNTY ROAD 52",85,"E","N","2016-12-17",9280,"2015-06-24",2235,"016929",,"3","9","0","1",,"2","034","-","Y","YOL",3,16,"-","-",16.752,"I","5","E","Y",1,"A","-",22350,,"N","A","H","-","D","D","0","Y","A","01",0,1,0,0,0,0,0,0,0,"-","-","UNINCORPORATED","YOLO","CA",-121.19481,38.83178
"6998103",-121.9714016,38.6639674,2015,"5700","5","7","3","01",0,1,"A",,,,,"Y",1500,6,"E","I","A","COUNTY ROAD 23","COUNTY ROAD 89",165,"W","N","2015-07-28",9280,"2015-06-21",1435,"012272",,"2","9","0","3",,"2","003","-","N",,0,0,,,0,,,,"Y",1,"A","-",23152,"A","N","A","H","-","A","D","0","Y","A","01",0,1,0,0,0,0,0,0,0,"-","-","UNINCORPORATED","YOLO","CA",-121.91752,38.16392
"6998099",-121.5785431,38.5742417,2015,"5700","1","4","3","03",0,2,"A",,,,,,900,6,"E","I","A","RT 80","ENTERPRISE BL",150,"W","N","2016-11-03",9280,"2015-06-18",850,"017629",,"1","9","0","1",,"2","010","-","Y","YOL",3,80,"-","-",9.15,"H","-","W","Y",2,"A","-",22350,,"N","A","H","-","A","D","1","Y","A","01",0,1,1,0,0,0,0,0,0,"-","-","UNINCORPORATED","YOLO","CA",-121.56854,38.5758
"6998095",-121.7483177,38.6805458,2015,"5703","1","5","4","03",0,1,"A",,,,,,2100,6,"C","C","A","RT 5","BEAMER ST",528,"N","N","2016-11-07",9280,"2015-06-19",1805,"016929",,"2","4","0","1",,"2","020","-","Y","YOL",3,5,"-","R",7.23,"H","-","S","N",2,"A","-",22350,,"N","A","H","-","A","D","1","Y","A","01",0,0,1,0,0,0,0,0,0,"-","-","WOODLAND","YOLO","CA",-121.75241,38.68616
"6998091",-121.5758151,38.5746538,2015,"5704","1","6","4","18",0,1,"A",,,,,,1500,6,"E","J","A","RT 80","ENTERPRISE BL",85,"E","N","2016-11-03",9280,"2015-06-20",1430,"012272",,"2","4","0","1",,"2","010","-","Y","YOL",3,80,"-","-",9.22,"H","-","W","N",1,"C","-",0,,"N","A","B","-","A","D","1","Y","-","-",0,0,1,0,0,0,0,0,0,"-","-","WEST SACRAMENTO","YOLO","CA",-121.5754,38.57463
"6998087",-121.608401,38.6572554,2015,"5700","5","4","4","01",0,1,"A",,,,,"Y",2400,6,"F","A","A","OLD RIVER RD","COUNTY ROAD 124",2112,"S","N","2016-06-08",9280,"2015-06-18",2200,"015079",,"3","9","0","3",,"2","001","-","N",,0,0,,,0,,,,"Y",1,"A","-",23152,"A","N","A","H","-","D","D","0","Y","A","08",0,0,1,0,0,0,0,0,0,"-","-","UNINCORPORATED","YOLO","CA",-121.60794,38.65683
"6998074",-121.7130648,38.5486354,2015,"5701","1","4","4","03",0,3,"A",,,,,,2100,6,"C","C","A","RT 80","MACE BL",5280,"W","N","2016-11-03",9280,"2015-06-18",1830,"017874",,"2","5","0","1",,"2","010","-","Y","YOL",3,80,"-","-",1.68,"H","-","E","Y",5,"A","-",22350,,"N","A","H","-","A","D","1","Y","A","01",0,0,3,0,0,0,0,0,0,"-","-","DAVIS","YOLO","CA",-121.71341,38.5485
"6998058",-121.5479632,38.5751151,2015,"5704","2","6","4","03",0,1,"B",,,,,,1500,6,"C","C","A","RT 50","HARBOR BL",70,"W","N","2016-11-02",9280,"2015-06-20",1230,"012272",,"1","4","0","1",,"2","011","-","Y","YOL",3,50,"-","-",1.19,"H","-","W","N",2,"A","-",22350,,"N","A","H","-","A","D","1","Y","A","01",0,0,1,0,0,0,0,0,0,"-","-","WEST SACRAMENTO","YOLO","CA",-121.54949,38.57528
"6991296",-121.9535476,38.5311495,2015,"5702","0","1","4","03",0,1,"A",,,,,"Y",600,6,"C","C","A","EAST GRANT AV","MATSUMOTO LN",0,,"Y","2016-12-20",5702,"2015-06-29",530,"531","5702","5","2","0","0",,"0","00B","-","Y","YOL",3,128,"-","-",9.67,"H","-","W","N",3,"A","-",22350,,"N","A","H","-","B","A","0","Y","-",,0,0,1,0,0,0,0,0,0,"-","-","WINTERS","YOLO","CA",0,0
"6988144",-121.5779832,38.572935,2015,"5704","0","1","3","12",0,1,"A",,,,,,1800,6,"A","C","A","ENTERPRISE BL","LAKE RD",0,,"Y","2015-07-16",5704,"2015-06-29",1655,"00165",,"5","4","0","0",,"0","002","-","N",,0,0,,,0,,,,"Y",2,"A","-",21453,"A","N","A","H","-","A","A","0","Y","A","01",0,1,0,0,0,0,0,0,0,"-","-","WEST SACRAMENTO","YOLO","CA",0,0
"6987894",-121.5340031,38.580255,2015,"5704","0","2","4","18",0,1,"A",,,,,,1800,7,"E","I","A","WEST CAPITOL AV","POPLAR AV",0,,"Y","2015-11-20",5704,"2015-07-07",1657,"00170",,"5","4","0","0",,"0","002","-","N",,0,0,,,0,,,,"Y",1,"C","-",0,,"N","A","H","-","A","A","0","Y","-","-",0,0,1,0,0,0,0,0,0,"-","-","WEST SACRAMENTO","YOLO","CA",0,0
"6987729",0,0,2015,"5704","0","1","4","09",0,1,"A",,"Y",,,,2400,6,"D","G","A","IKEA CT","REED AV",850,"S","N","2016-06-08",5704,"2015-06-22",2118,"00118",,"5","4","0","0",,"0","001","-","N",,0,0,,,0,,,,"N",2,"A","-",21801,"A","N","A","H","-","C","D","0","Y","D","22",0,0,1,0,0,0,1,0,0,"-","-","WEST SACRAMENTO","YOLO","CA",0,0
"6987682",-121.7835632,38.6721051,2015,"5703","0","4","4","07",0,1,"A",,,,,,1800,6,"F","E","A","CROSS ST","WEST ST",157,"E","N","2016-06-08",5703,"2015-06-18",1620,"2834","32","5","4","0","0",,"0","003","-","N",,0,0,,,0,,,,"Y",2,"A","-",21658,"A","N","A","H","-","A","D","0","Y","A","01",0,0,1,0,0,0,0,0,0,"-","-","WOODLAND","YOLO","CA",0,0
"6986223",0,0,2015,"5701","0","2","4","03",0,1,"A",,,,,,2100,6,"E","I","A","FARRAGUT CIR","FARRAGUT CIR 1405",0,,"N","2015-07-20",5701,"2015-06-16",1955,"45","8","5","5","0","0",,"0","004","-","N",,0,0,,,0,,,,"N",1,"A","-",22350,,"N","A","H","-","A","A","0","Y","A","01",0,0,1,0,0,0,0,0,0,"-","-","DAVIS","YOLO","CA",0,0
"6986219",-121.6897234,38.5490482,2015,"5701","0","3","3","03",0,1,"A",,,,,,300,6,"C","E","A","COWELL BL","EL CEMONTE AV",90,"W","N","2015-07-20",5701,"2015-06-03",0,"118","9","5","5","0","0",,"0","004","-","N",,0,0,,,0,,,,"Y",2,"A","-",22350,,"N","A","H","-","C","D","0","Y","A","01",0,1,0,0,0,0,0,0,0,"-","-","DAVIS","YOLO","CA",0,0
"6980461",-121.5678502,38.575777,2015,"5704","2","7","3","03",0,2,"A",,,"Y",,,1800,6,"C","C","A","RT 80","ENTERPRISE BL",1584,"E","N","2016-11-03",9280,"2015-06-14",1600,"16520",,"2","4","0","1",,"2","011","-","Y","YOL",3,80,"-","-",9.53,"H","-","W","N",2,"A","-",22350,,"N","A","H","-","A","D","1","Y","C","02",0,1,1,0,0,0,0,0,2,"-","-","WEST SACRAMENTO","YOLO","CA",-121.57192,38.57519
"6980457",-121.5830915,38.3835233,2015,"5700","3","5","2","05",0,1,"A",,,,"Y",,900,5,"A","C","A","RT 84","CENTRAL AV",190080,"S","N","2016-10-31",9280,"2015-05-29",850,"15168",,"1","9","0","1",,"2","013","-","Y","YOL",3,84,"-","-",7.73,"H","-","S","Y",2,"A","-",21650,,"N","A","H","-","A","D","0","Y","D","22",1,0,0,0,0,0,0,0,0,"-","-","UNINCORPORATED","YOLO","CA",-121.58289,38.39201
"6978891",-121.5582915,38.5752888,2015,"5700","2","7","3","04",0,2,"A",,,,,,1200,6,"C","C","A","RT 50","RT 80",528,"E","N","2016-12-20",9280,"2015-06-14",955,"016292",,"1","9","0","1",,"2","011","-","Y","YOL",3,50,"-","-",0.56,"H","-","W","N",2,"A","-",21703,,"N","A","H","-","A","D","1","Y","A","07",0,2,0,0,0,0,0,0,0,"-","TO","UNINCORPORATED","YOLO","CA",0,0
"6978890",-121.5241865,38.5769344,2015,"5704","2","6","4","08",0,1,"A",,,,,,300,6,"E","I","A","RT 50","JEFFERSON BL",60,"W","N","2016-11-02",9280,"2015-06-13",107,"016929",,"3","4","0","1",,"2","011","-","Y","YOL",3,50,"-","-",2.47,"H","-","E","Y",1,"A","-",22107,,"N","A","H","-","D","D","1","Y","A","01",0,0,1,0,0,0,0,0,0,"-","-","WEST SACRAMENTO","YOLO","CA",0,0
"6978541",-121.5541444,38.5346608,2015,"5704","0","7","4","04",0,1,"A",,,"Y",,,1200,6,"C","C","A","JEFFERSON BL","MARSHALL RD",200,"S","N","2015-08-05",5704,"2015-06-21",1130,"00170",,"5","4","0","0",,"0","003","-","N",,0,0,,,0,,,,"Y",2,"A","-",21703,,"N","A","H","-","A","D","0","Y","A","01",0,0,1,0,0,0,0,0,1,"-","-","WEST SACRAMENTO","YOLO","CA",0,0
"6978451",-121.7933432,38.675875,2015,"5703","0","6","4","12",0,1,"A",,,,,,1800,6,"D","C","A","WEST LINCOLN AV","COTTONWOOD ST",0,,"Y","2015-07-15",5703,"2015-06-20",1522,"2002","52","5","4","0","0",,"0","003","-","N",,0,0,,,0,,,,"Y",2,"A","-",22450,"A","N","A","H","-","A","A","0","Y","-","-",0,0,1,0,0,0,0,0,0,"-","-","WOODLAND","YOLO","CA",0,0
"6977281",-121.7840932,38.675715,2015,"5703","0","3","4","18",0,1,"A",,,,,,1800,5,"A","E","A","WEST LINCOLN AV","WEST ST",0,,"-","2015-10-24",5703,"2015-05-27",1538,"2834","32","5","4","0","0",,"0","003","-","N",,0,0,,,0,,,,"Y",5,"C","-",0,,"N","A","H","-","A","D","0","Y","-","-",0,0,1,0,0,0,0,0,0,"-","-","WOODLAND","YOLO","CA",0,0
"6976202",-121.7586732,38.550825,2015,"5701","0","2","3","03",0,2,"A",,"Y",,,,1200,6,"H","G","A","W 8TH ST","ANDERSON RD",0,,"Y","2016-06-08",5701,"2015-06-02",1021,"94","2","5","5","0","0",,"0","001","-","N",,0,0,,,0,,,,"N",2,"A","-",22350,,"N","A","H","-","A","A","0","Y","L","04",0,2,0,0,0,0,2,0,0,"-","-","DAVIS","YOLO","CA",0,0