"CASEID","POINT_X","POINT_Y","YEAR_","LOCATION","CHPTYPE","DAYWEEK","CRASHSEV","VIOLCAT","KILLED","INJURED","WEATHER1","PEDCOL","BICCOL","MCCOL","TRUCKCOL","ETOH","TIMECAT","MONTH_","CRASHTYP","INVOLVE","PED","PRIMARYRD","SECONDRD","DISTANCE","DIRECT","INTERSECT_","PROCDATE","JURIS","DATE_","TIME_","BADGE","JURIDIST","SHIFT","POP","SPECIAL","BEATTYPE","LAPDDIV","BEATCLAS","BEATNUMB","WEATHER2","STATEHW","CALTRANC","CALTRAND","STROUTE","ROUTESUF","POSTPRE","POSTMILE","LOCATYPE","RAMP","SIDEHW","TOWAWAY","PARTIES","PCF","VIOLCODE","VIOL","VIOLSUB","HITRUN","ROADSURF","RDCOND1","RDCOND2","LIGHTING","RIGHTWAY","CHPRDTYP","NOTPRIV","STFAULT","CHPFAULT","SEVINJ","OTHERINJ","COP","PEDKILL","PEDINJ","BICKILL","BICINJ","MCKILL","MCINJURE","RAMP1","RAMP2","CITY","COUNTY","STATE","X_CHP","Y_CHP"
"6974975",-121.7609532,38.668325,2015,"5703","0","4","4","12",0,1,"A",,"Y","Y",,,2100,6,"-","G","A","E GUM AV","THOMAS ST",0,,"Y","2015-10-28",5703,"2015-06-18",2026,"2002","13","5","4","0","0",,"0","001","-","N",,0,0,,,0,,,,"N",2,"A","-",22450,"A","N","A","H","-","A","A","0","Y","L","04",0,0,1,0,0,0,0,0,1,"-","-","WOODLAND","YOLO","CA",0,0
"6974547",-121.7420732,38.551375,2015,"5701","0","5","3","17",0,1,"A",,"Y",,,,900,6,"D","G","A","E 8TH ST","F ST",0,,"Y","2015-07-07",5701,"2015-06-12",715,"88","4","5","5","0","0",,"0","002","-","N",,0,0,,,0,,,,"N",2,"A","-",21451,"A","N","A","H","-","A","A","0","Y","A","01",0,1,0,0,0,0,1,0,0,"-","-","DAVIS","YOLO","CA",-121.74205,38.55136
"6974430",-121.7406858,38.5570494,2015,"5701","0","1","3","12",0,1,"A",,"Y",,,,1500,6,"H","G","A","J ST","DREXEL DR",50,"S","N","2016-06-08",5701,"2015-06-01",1316,"94","5","5","5","0","0",,"0","002","-","N",,0,0,,,0,,,,"N",2,"A","-",22450,,"N","A","H","-","A","A","0","Y","L","04",0,1,0,0,0,0,1,0,0,"-","-","DAVIS","YOLO","CA",0,0
"6972125",-121.8216753,38.5760689,2015,"5700","5","1","2","08",0,2,"A",,,,,,1800,5,"E","I","A","COUNTY ROAD 30","COUNTY ROAD 98",5280,"W","N","2015-07-10",9280,"2015-05-25",1700,"016520",,"2","9","0","3",,"2","002","-","N",,0,0,,,0,,,,"Y",1,"A","-",22107,,"N","A","H","-","A","D","0","Y","A","01",1,0,1,0,0,0,0,0,0,"-","-","UNINCORPORATED","YOLO","CA",-121.82159,38.57617
"6972121",-122.0328058,38.691035,2015,"5700","5","6","4","08",0,1,"A",,,,,,1500,5,"E","I","A","COUNTY ROAD 21A","COUNTY ROAD 85C",21,"W","N","2015-07-10",9280,"2015-05-30",1305,"016632",,"1","9","0","3",,"2","003","-","N",,0,0,,,0,,,,"Y",1,"A","-",22107,,"N","A","H","-","A","D","0","Y","A","01",0,0,1,0,0,0,0,0,0,"-","-","UNINCORPORATED","YOLO","CA",0,0
"6971982",-121.727768,38.673663,2015,"5703","1","6","4","01",0,1,"A",,,,,"Y",2100,5,"E","I","A","RT 5","COUNTY ROAD 102",50,"N","N","2016-11-07",9280,"2015-05-23",2030,"016520",,"2","4","0","1",,"2","020","-","Y","YOL",3,5,"-","-",5.54,"H","-","S","Y",1,"A","-",23152,"A","N","A","H","-","D","D","1","Y","A","01",0,0,1,0,0,0,0,0,0,"-","-","WOODLAND","YOLO","CA",-121.72872,38.67353
"6970805",-121.5495699,38.5751133,2015,"5704","2","5","4","03",0,1,"A",,,,,,900,6,"C","C","A","RT 50","HARBOR BL",200,"W","N","2016-11-02",9280,"2015-06-26",810,"017629",,"1","4","0","1",,"2","011","-","Y","YOL",3,50,"-","-",1.16,"H","-","W","Y",2,"A","-",22350,,"N","A","H","-","A","D","1","Y","D","22",0,0,1,0,0,0,0,0,0,"-","-","WEST SACRAMENTO","YOLO","CA",-121.50823,38.56836
"6970791",0,0,2015,"5701","0","2","3","09",0,1,"A",,,,,,900,7,"D","C","A","4TH ST","1ST ST",0,,"Y","2015-07-27",5701,"2015-07-07",848,"92","5","5","5","0","0",,"0","002","-","N",,0,0,,,0,,,,"Y",2,"A","-",21802,"A","N","A","H","-","A","A","0","Y","D","22",0,1,0,0,0,0,0,0,0,"-","-","DAVIS","YOLO","CA",0,0
"6967127",-121.5506407,38.5751051,2015,"5704","2","5","4","08",0,1,"A",,,,,,1800,6,"E","I","A","RT 50","HARBOR BL",300,"W","N","2016-11-02",9280,"2015-06-12",1640,"15079",,"2","4","0","1",,"2","011","-","Y","YOL",3,50,"-","-",1.14,"H","-","W","Y",1,"A","-",22107,,"N","A","H","-","A","D","1","Y","A","07",0,0,1,0,0,0,0,0,0,"-","-","WEST SACRAMENTO","YOLO","CA",-121.54909,38.57505
"6967123",-121.5762057,38.5745965,2015,"5704","1","4","3","03",0,1,"A",,,"Y",,,1200,6,"C","C","A","RT 80","ENTERPRISE BL",50,"E","N","2016-11-03",9280,"2015-06-11",1100,"17629",,"1","4","0","1",,"2","010","-","Y","YOL",3,80,"-","-",9.21,"H","-","W","Y",2,"A","-",22350,,"N","A","H","-","A","D","1","Y","C","02",0,1,0,0,0,0,0,0,1,"-","-","WEST SACRAMENTO","YOLO","CA",-121.64205,38.56385
"6966794",-121.9446795,38.7823359,2015,"5700","1","5","4","03",0,3,"A",,,,,,1500,6,"C","C","A","RT 505","COUNTY ROAD 14",1056,"N","N","2016-10-31",9280,"2015-06-12",1400,"017772",,"2","9","0","1",,"2","031","-","Y","YOL",3,505,"-","-",17.75,"H","-","S","Y",2,"A","-",22350,,"N","A","H","-","A","D","1","Y","A","01",0,0,3,0,0,0,0,0,0,"-","-","UNINCORPORATED","YOLO","CA",-121.94472,38.78201
"6965835",-121.7351432,38.560585,2015,"5701","0","7","4","03",0,1,"A",,,,,"Y",1200,6,"D","B","A","CLAREMONT DR","L ST",0,,"Y","2015-07-13",5701,"2015-06-14",900,"83","5","5","5","0","0",,"0","002","-","N",,0,0,,,0,,,,"N",2,"A","-",22350,,"F","A","H","-","A","A","0","Y","A","01",0,0,1,0,0,0,0,0,0,"-","-","DAVIS","YOLO","CA",0,0
"6961165",-121.7682831,38.677435,2015,"5703","0","5","3","09",0,1,"A",,"Y",,,,1500,6,"D","G","A","MAIN ST","FIFTH ST",0,,"Y","2015-07-11",5703,"2015-06-05",1355,"2802","12","5","4","0","0",,"0","001","-","N",,0,0,,,0,,,,"Y",2,"A","-",21804,"A","M","A","D","-","-","D","0","Y","L","04",0,1,0,0,0,0,1,0,0,"-","-","WOODLAND","YOLO","CA",0,0
"6961145",-121.7286632,38.668705,2015,"5703","0","1","3","12",0,3,"A",,,,,,1200,6,"D","C","A","COUNTY ROAD 102","MAXWELL AV",0,,"Y","2015-07-11",5703,"2015-06-08",1143,"2850","93","5","4","0","0",,"0","004","-","N",,0,0,,,0,,,,"Y",3,"A","-",21453,"A","N","A","H","-","A","A","0","Y","A","01",0,1,2,0,0,0,0,0,0,"-","-","WOODLAND","YOLO","CA",0,0
"6960107",-121.5270132,38.5868351,2015,"5704","0","1","4","09",0,1,"A",,,,,,1500,6,"A","C","A","TRIANGLE CT","F ST",0,,"Y","2015-07-09",5704,"2015-06-01",1240,"165",,"5","4","0","0",,"0","001","-","N",,0,0,,,0,,,,"Y",2,"A","-",21801,"A","N","A","H","-","A","A","0","Y","A","01",0,0,1,0,0,0,0,0,0,"-","-","WEST SACRAMENTO","YOLO","CA",0,0
"6959121",-121.5340031,38.580255,2015,"5704","0","2","2","11",0,1,"A","Y",,,,,1800,6,"G","B","B","POPLAR AV","WEST CAPITOL AV",0,,"Y","2015-07-01",5704,"2015-06-02",1749,"00165",,"5","4","0","0",,"0","002","-","N",,0,0,,,0,,,,"Y",2,"A","-",21456,"B","N","A","H","-","A","A","0","Y","N","60",1,0,0,0,1,0,0,0,0,"-","-","WEST SACRAMENTO","YOLO","CA",0,0
"6959074",-121.7671587,38.6968277,2015,"5700","1","5","4","08",0,2,"A",,,,,,1800,5,"B","C","A","RT 5","RT 113",300,"N","N","2016-11-07",9280,"2015-05-22",1721,"16144",,"2","9","0","1",,"2","020","-","Y","YOL",3,5,"-","R",8.36,"H","-","S","Y",2,"A","-",22107,,"N","A","H","-","A","D","1","Y","A","01",0,0,2,0,0,0,0,0,0,"-","-","UNINCORPORATED","YOLO","CA",-121.75118,38.6843
"6958980",-121.7372708,38.5385615,2015,"5700","1","6","3","04",0,3,"A",,,,,,1500,6,"C","C","A","RT 80","RICHARDS BL",528,"W","N","2016-11-03",9280,"2015-06-06",1430,"016292",,"2","9","0","1",,"2","010","-","Y","YOL",3,80,"-","-",0.13,"H","-","E","Y",3,"A","-",21703,,"N","A","H","-","A","D","1","Y","A","01",0,1,2,0,0,0,0,0,0,"-","-","UNINCORPORATED","YOLO","CA",-121.73557,38.53984
"6958976",-121.6335008,38.5643859,2015,"5700","1","4","4","03",0,1,"A",,,,,,900,6,"C","C","A","RT 80","COUNTY ROAD 32A",1056,"E","N","2016-11-03",9280,"2015-06-04",730,"017629",,"1","9","0","1",,"2","010","-","Y","YOL",3,80,"-","-",6,"H","-","W","Y",2,"A","-",22350,,"N","A","H","-","A","D","1","Y","A","01",0,0,1,0,0,0,0,0,0,"-","-","UNINCORPORATED","YOLO","CA",-121.6422,38.56418
"6958972",-121.5504551,38.3858502,2015,"5700","5","6","3","08",0,1,"A",,,,,,2400,6,"E","I","A","NETHERLANDS RD","NISHIA LN",1056,"N","N","2015-07-01",9280,"2015-06-06",2220,"015353",,"3","9","0","3",,"2","001","-","N",,0,0,,,0,,,,"Y",1,"A","-",22107,,"N","A","H","-","D","D","0","Y","A","01",0,1,0,0,0,0,0,0,0,"-","-","UNINCORPORATED","YOLO","CA",-121.55059,38.6319
"6958968",-121.8399622,38.619675,2015,"5700","5","5","3","03",0,1,"A",,,,,,900,6,"F","A","A","COUNTY ROAD 27","COUNTY RD 96",6,"E","N","2015-07-01",9280,"2015-06-05",750,"017351",,"1","9","0","3",,"2","002","-","N",,0,0,,,0,,,,"Y",1,"A","-",22350,,"N","A","H","-","A","D","0","Y","A","07",0,1,0,0,0,0,0,0,0,"-","-","UNINCORPORATED","YOLO","CA",-121.84,38.6196
"6958639",-121.583026,38.4643344,2015,"5700","5","2","4","08",0,1,"B",,,,,,1500,6,"E","I","A","JEFFERSON BL N/B","BABEL SLOUGH",6336,"N","N","2016-10-31",9280,"2015-06-09",1203,"017883",,"1","9","0","3",,"2","001","-","Y","YOL",3,84,"-","-",12.97,"H","-","N","Y",1,"A","-",22107,,"N","A","H","-","A","D","0","Y","D","22",0,0,1,0,0,0,0,0,0,"-","-","UNINCORPORATED","YOLO","CA",-121.583,38.46449
"6958627",-121.9568936,38.7195459,2015,"5700","5","3","3","09",0,1,"A",,,,"Y",,900,4,"F","A","A","COUNTY ROAD 19","COUNTY ROAD 19A",45,"E","N","2015-07-06",9280,"2015-04-29",820,"017629",,"1","9","0","3",,"2","003","-","N",,0,0,,,0,,,,"Y",2,"A","-",21804,"A","N","A","H","-","A","D","0","Y","G","25",0,1,0,0,0,0,0,0,0,"-","-","UNINCORPORATED","YOLO","CA",-121.9805,38.72943
"6958563",-121.5790556,38.5732394,2015,"5704","0","4","3","00",0,1,"A",,,,,,600,6,"A","E","A","LAKE RD","ENTERPRISE BL",326,"W","N","2015-07-20",5704,"2015-06-18",547,"00158",,"5","4","0","0",,"0","002","-","N",,0,0,,,0,,,,"Y",2,"A","-",23153,"E","N","A","H","-","A","D","0","Y","D","22",0,1,0,0,0,0,0,0,0,"-","-","WEST SACRAMENTO","YOLO","CA",0,0
"6957449",-121.7617932,38.546425,2015,"5701","0","1","4","17",0,1,"A",,"Y",,,,1800,5,"D","G","A","RUSSELL BL","SYCAMORE LN",0,,"Y","2015-06-27",5701,"2015-05-18",1700,"110","2","5","5","0","0",,"0","001","-","N",,0,0,,,0,,,,"N",2,"A","-",21451,"A","N","A","H","-","A","A","0","Y","A","07",0,0,1,0,0,0,1,0,0,"-","-","DAVIS","YOLO","CA",0,0
"6957448",-121.7314331,38.539975,2015,"5701","0","3","3","03",0,1,"A",,"Y",,,,1500,5,"H","G","A","RICHARDS BL","RESEARCH PARK",0,,"Y","2015-06-27",5701,"2015-05-27",1200,"91","8","5","5","0","0",,"0","004","-","N",,0,0,,,0,,,,"N",2,"A","-",22350,,"N","A","H","-","A","A","0","Y","L","04",0,1,0,0,0,0,1,0,0,"-","-","DAVIS","YOLO","CA",0,0
"6957253",-121.5233233,38.5767238,2015,"5704","2","7","4","08",0,1,"A",,,,,,900,6,"E","I","A","RT 50","JEFFERSON BL",126,"E","N","2016-11-02",9280,"2015-06-07",815,"17883",,"1","4","0","1",,"2","011","-","Y","YOL",3,50,"-","-",2.52,"H","-","E","Y",1,"A","-",22107,,"N","A","H","-","A","D","1","Y","A","01",0,0,1,0,0,0,0,0,0,"-","-","WEST SACRAMENTO","YOLO","CA",-121.52447,38.5777
"6957087",-121.6148301,38.5677739,2015,"5700","1","2","4","08",0,1,"A",,,,,"Y",2400,5,"E","I","A","RT 80","WEBSTER ST",6864,"E","N","2016-11-03",9280,"2015-05-12",2340,"013399",,"3","9","0","1",,"2","010","-","Y","YOL",3,80,"-","-",7.1,"H","-","W","Y",1,"A","-",22107,,"N","A","H","-","D","D","1","Y","A","01",0,0,1,0,0,0,0,0,0,"-","-","UNINCORPORATED","YOLO","CA",-121.61632,38.56762
"6957083",-121.827234,38.5615291,2015,"5700","5","3","4","08",0,1,"A",,,,,,1800,5,"E","I","A","COUNTY ROAD 31","COUNTY ROAD 97",1584,"W","N","2016-06-20",9280,"2015-05-20",1515,"015168",,"2","9","0","3",,"2","002","-","N",,0,0,,,0,,,,"Y",1,"A","-",22107,,"N","A","H","-","A","D","0","Y","A","01",0,0,1,0,0,0,0,0,0,"-","-","UNINCORPORATED","YOLO","CA",-121.82979,38.56161
"6957079",-121.75098,38.6777746,2015,"5700","3","5","3","03",0,2,"A",,,,,,1800,5,"C","C","A","RT 113","MAIN ST",528,"S","N","2016-10-31",9280,"2015-05-22",1615,"016144",,"2","9","0","1",,"2","022","-","Y","YOL",3,113,"-","R",10.12,"H","-","N","Y",2,"A","-",22350,,"N","A","H","-","A","D","1","Y","A","07",0,1,1,0,0,0,0,0,0,"-","-","UNINCORPORATED","YOLO","CA",-121.75097,38.66919
"6957043",-121.8560332,38.7285251,2015,"5700","5","3","4","05",0,1,"A",,,,,,1200,5,"A","C","A","COUNTY ROAD 17A","COUNTY ROAD 95",0,,"Y","2015-06-30",9280,"2015-05-20",910,"017629",,"1","9","0","3",,"2","002","-","N",,0,0,,,0,,,,"Y",2,"A","-",21650,,"N","A","H","-","A","D","0","Y","A","01",0,0,1,0,0,0,0,0,0,"-","-","UNINCORPORATED","YOLO","CA",-121.85621,38.72806
"6956893",-121.6273529,38.6732151,2015,"5700","1","5","4","03",0,2,"A",,,,,,1800,5,"C","C","A","RT 5","OLD RIVER RD",300,"S","N","2016-11-07",9280,"2015-05-15",1558,"16929",,"2","9","0","1",,"2","020","-","Y","YOL",3,5,"-","-",0.09,"H","-","S","Y",3,"A","-",22350,,"N","A","H","-","A","D","1","Y","A","01",0,0,2,0,0,0,0,0,0,"-","-","UNINCORPORATED","YOLO","CA",-121.62761,38.67317
"6955570",-121.7808163,38.5465668,2015,"5701","0","5","4","03",0,1,"A",,"Y",,,,1800,5,"C","C","A","RUSSELL BL","ARLINGTON BL",1000,"W","N","2015-10-16",5701,"2015-05-29",1736,"109","1","5","5","0","0",,"0","001","-","N",,0,0,,,0,,,,"N",3,"A","-",22350,,"N","A","H","-","A","D","0","Y","A","01",0,0,1,0,0,0,0,0,0,"-","-","DAVIS","YOLO","CA",-121.77967,38.54655
"6955050",-121.7564732,38.556305,2015,"5701","0","1","3","03",0,1,"A",,"Y",,,,1800,6,"H","G","A","VILLANOVA DR","REED DR",0,,"Y","2015-07-11",5701,"2015-06-08",1517,"118","2","5","5","0","0",,"0","001","-","N",,0,0,,,0,,,,"N",2,"A","-",22350,,"N","A","H","-","A","D","0","Y","L","04",0,1,0,0,0,0,1,0,0,"-","-","DAVIS","YOLO","CA",0,0
"6954407",-121.7790831,38.550575,2015,"5701","0","4","4","09",0,1,"A",,,,,,900,5,"D","C","A","ARLINGTON BL","CALAVERAS AV",0,,"Y","2015-07-02",5701,"2015-05-21",724,"72","1","5","5","0","0",,"0","001","-","N",,0,0,,,0,,,,"Y",2,"A","-",21801,"A","N","A","H","-","A","A","0","Y","A","01",0,0,1,0,0,0,0,0,0,"-","-","DAVIS","YOLO","CA",-121.78797,38.55399
"6953710",-121.756038,38.6682619,2015,"5703","0","4","2","03",0,3,"A",,,,,,1500,5,"C","C","A","GUM AV","MATMOR RD",70,"E","N","2015-10-21",5703,"2015-05-28",1450,"2863","13","5","4","0","0",,"0","004","-","N",,0,0,,,0,,,,"Y",2,"A","-",22350,,"N","A","H","-","A","A","0","Y","A","07",1,2,0,0,0,0,0,0,0,"-","-","WOODLAND","YOLO","CA",0,0
"6953677",-121.693199,38.5527964,2015,"5701","1","5","4","03",0,1,"A",,,,,,1500,5,"C","C","A","RT 80","MACE BL",100,"E","N","2016-11-03",9280,"2015-05-22",1440,"017629",,"2","5","0","1",,"2","010","-","Y","YOL",3,80,"-","-",2.68,"H","-","E","Y",2,"A","-",22350,,"N","A","H","-","A","A","1","Y","A","01",0,0,1,0,0,0,0,0,0,"-","-","DAVIS","YOLO","CA",-121.65542,38.5604
"6953669",-121.7514032,38.6625651,2015,"5703","3","5","4","03",0,1,"A",,,,,,1200,5,"C","C","A","RT 113","EAST GIBSON RD",10,"S","N","2016-10-31",9280,"2015-05-15",1150,"016632",,"1","4","0","1",,"2","022","-","Y","YOL",3,113,"-","R",9.191,"R","1","N","N",2,"A","-",22350,,"N","A","H","-","A","D","1","Y","A","08",0,0,1,0,0,0,0,0,0,"NF","-","WOODLAND","YOLO","CA",-121.74879,38.66255
"6953665",-121.6669065,38.6733351,2015,"5700","1","3","4","03",0,1,"A",,,,,,2400,5,"C","C","A","RT 5","OLD RIVER RD",10560,"N","N","2016-11-07",9280,"2015-05-20",2220,"015079",,"3","9","0","1",,"2","020","-","Y","YOL",3,5,"-","-",2.15,"H","-","S","Y",2,"A","-",22350,,"N","A","H","-","D","D","1","Y","A","01",0,0,1,0,0,0,0,0,0,"-","-","UNINCORPORATED","YOLO","CA",-121.6496,38.67328
"6953661",-121.5636378,38.5756069,2015,"5704","2","7","3","08",0,1,"B",,,"Y",,,1500,5,"E","I","A","RT 50","ENTERPRISE BL",2000,"E","N","2016-11-02",9280,"2015-05-31",1226,"017883",,"1","4","0","1",,"2","011","-","Y","YOL",3,50,"-","-",0.28,"H","-","W","Y",1,"A","-",22107,,"N","A","H","-","A","D","1","Y","C","02",0,1,0,0,0,0,0,0,1,"-","-","WEST SACRAMENTO","YOLO","CA",-121.56452,38.5756
"6953637",-121.6388618,38.6734668,2015,"5700","1","3","3","08",0,2,"A",,,,,,900,5,"E","I","A","RT 5","COUNTY ROAD 102",2640,"N","N","2016-11-07",9280,"2015-05-20",615,"015168",,"1","9","0","1",,"2","020","-","Y","YOL",3,5,"-","-",0.65,"H","-","N","Y",1,"A","-",22107,,"N","A","H","-","B","D","1","Y","A","01",0,1,1,0,0,0,0,0,0,"-","-","UNINCORPORATED","YOLO","CA",-121.63833,38.67328
"6953630",-121.5765956,38.5745379,2015,"5704","1","5","4","03",0,1,"A",,,,,,900,5,"C","C","A","RT 80","ENTERPRISE BL",15,"E","N","2016-11-03",9280,"2015-05-29",830,"017629",,"1","4","0","1",,"2","010","-","Y","YOL",3,80,"-","-",9.2,"H","-","W","Y",2,"A","-",22350,,"N","A","H","-","A","D","1","Y","A","01",0,0,1,0,0,0,0,0,0,"-","-","WEST SACRAMENTO","YOLO","CA",-121.57967,38.57311
"6953606",-121.8917064,38.6198692,2015,"5700","1","7","3","08",0,1,"A",,,,,,1800,5,"E","I","A","COUNTY ROAD 27","COUNTY ROAD 93",1056,"E","N","2015-07-14",9280,"2015-05-31",1530,"015128",,"2","9","0","1",,"2","020","-","N",,0,0,,,0,,,,"Y",1,"A","-",22107,,"N","A","H","-","A","D","0","Y","A","01",0,1,0,0,0,0,0,0,0,"-","-","UNINCORPORATED","YOLO","CA",-122.547,38.4335
"6953602",-121.585128,38.5728907,2015,"5704","1","4","4","08",0,1,"B",,,,,,1500,5,"E","I","A","RT 80","ENTERPRISE BL",528,"W","N","2016-11-03",9280,"2015-05-28",1405,"016632",,"2","4","0","1",,"2","010","-","Y","YOL",3,80,"-","-",8.88,"H","-","E","Y",1,"A","-",22107,,"N","A","H","-","A","D","1","Y","A","01",0,0,1,0,0,0,0,0,0,"-","-","WEST SACRAMENTO","YOLO","CA",-121.58269,38.57322
"6952467",-121.7238632,38.6738951,2015,"5703","0","1","4","03",0,1,"A",,,,,,900,6,"C","C","A","COUNTY ROAD 102","HAYS LN",41,"N","N","2016-11-02",5703,"2015-06-01",801,"2850","91","5","4","0","0",,"0","004","-","Y","YOL",3,5,"-","-",5.357,"R","4","N","N",2,"A","-",22350,,"N","A","H","-","A","A","0","Y","A","01",0,0,1,0,0,0,0,0,0,"-","-","WOODLAND","YOLO","CA",0,0
"6952438",-121.7238632,38.6738951,2015,"5703","0","4","3","12",0,2,"A",,,,,,1800,5,"D","C","A","COUNTY ROAD 102","HAYS LN",0,,"Y","2016-11-02",5703,"2015-05-07",1545,"832","91","5","4","0","0",,"0","004","-","Y","YOL",3,5,"-","-",5.357,"R","4","N","Y",2,"A","-",21453,"A","N","A","H","-","A","A","0","Y","M","47",0,1,1,0,0,0,0,0,0,"-","-","WOODLAND","YOLO","CA",0,0
"6952434",-121.5486331,38.571935,2015,"5704","0","1","4","03",0,1,"A",,,,,,900,5,"C","C","A","HARBOR BL","BEACON BL",0,,"Y","2015-06-25",5704,"2015-05-18",800,"00158","WSPD","5","4","0","0",,"0","002","B","N",,0,0,,,0,,,,"Y",2,"A","-",22350,,"N","A","H","-","A","A","0","Y","A","01",0,0,1,0,0,0,0,0,0,"-","-","WEST SACRAMENTO","YOLO","CA",0,0
"6952430",-121.5487032,38.5791901,2015,"5704","0","4","4","21",0,1,"B",,,,,,1200,5,"C","C","A","HARBOR BL","WEST CAPITOL AV",20,"S","N","2015-06-25",5704,"2015-05-28",1121,"00173","WSPD","5","4","0","0",,"0","002","-","N",,0,0,,,0,,,,"N",2,"A","-",22106,,"N","A","H","-","A","A","0","Y","A","07",0,0,1,0,0,0,0,0,0,"-","-","WEST SACRAMENTO","YOLO","CA",0,0
"6952219",-121.5297485,38.5791351,2015,"5704","0","5","3","05",0,1,"A",,"Y",,,,1500,4,"D","G","A","MERKLEY AV","WESTACRE RD",250,"E","N","2015-06-22",5704,"2015-04-10",1344,"00152",,"5","4","0","0",,"0","002","-","N",,0,0,,,0,,,,"N",2,"A","-",21650,"1","F","A","H","-","A","D","0","Y","L","04",0,1,0,0,0,0,1,0,0,"-","-","WEST SACRAMENTO","YOLO","CA",0,0
"6952180",-121.7669757,38.6571538,2015,"5703","0","4","3","01",0,1,"A",,,,,"Y",300,6,"B","E","A","6TH ST","DONNER ST",375,"N","N","2015-07-16",5703,"2015-06-11",25,"2002","16","5","4","0","0",,"0","004","-","N",,0,0,,,0,,,,"Y",5,"A","-",23152,"A","N","A","H","-","C","D","0","Y","A","01",0,1,0,0,0,0,0,0,0,"-","-","WOODLAND","YOLO","CA",0,0
"6952128",-121.5964767,38.5710291,2015,"5700","1","3","4","03",0,1,"A",,,,,,1200,6,"C","C","A","RT 80","ENTERPRISE BL",5280,"W","N","2016-11-03",9280,"2015-06-03",1040,"017772",,"1","9","0","1",,"2","010","-","Y","YOL",3,80,"-","-",8.18,"H","-","W","N",2,"A","-",22350,,"N","A","H","-","A","D","1","Y","A","01",0,0,1,0,0,0,0,0,0,"-","-","UNINCORPORATED","YOLO","CA",-121.58987,38.57203
"6952100",-121.5617291,38.5754933,2015,"5704","2","3","3","03",0,5,"A",,,,,,1200,6,"C","C","A","RT 50","HARBOR BL",5280,"W","N","2016-11-02",9280,"2015-06-03",955,"17772",,"1","4","0","1",,"2","011","-","Y","YOL",3,50,"-","-",0.38,"H","-","W","Y",3,"A","-",22350,,"N","A","H","-","A","D","1","Y","A","01",0,1,4,0,0,0,0,0,0,"-","-","WEST SACRAMENTO","YOLO","CA",-121.56341,38.57563
"6952096",0,0,2015,"5700","5","3","3","03",0,1,"A",,,,,,1500,6,"B","I","A","COUNTY ROAD 85","RT 16",2640,"N","N","2015-07-16",9280,"2015-06-03",1440,"17629",,"2","9","0","3",,"2","003","-","N",,0,0,,,0,,,,"Y",1,"A","-",22350,,"N","A","H","-","A","D","0","Y","A","07",0,1,0,0,0,0,0,0,0,"-","-","UNINCORPORATED","YOLO","CA",-122.04684,38.7148
"6952009",-121.7315131,38.5434751,2015,"5701","1","3","4","08",0,1,"A",,,,"Y",,1800,5,"D","C","A","RT 80","RICHARDS BL",1320,"E","N","2016-11-03",9280,"2015-05-13",1550,"015079",,"2","5","0","1",,"2","010","-","Y","YOL",3,80,"-","-",0.48,"H","-","W","Y",2,"A","-",22107,,"N","A","H","-","A","D","1","Y","A","07",0,0,1,0,0,0,0,0,0,"-","-","DAVIS","YOLO","CA",-121.73226,38.5429
"6950440",-121.7304869,38.5597087,2015,"5701","0","6","3","01",0,2,"A",,,,,"Y",300,5,"E","I","A","POLE LINE RD","CHESTNUT PL",75,"N","N","2015-06-26",5701,"2015-05-30",153,"75","6","5","5","0","0",,"0","003","-","N",,0,0,,,0,,,,"Y",1,"A","-",23152,"A","N","A","H","-","C","D","0","Y","A","01",0,2,0,0,0,0,0,0,0,"-","-","DAVIS","YOLO","CA",0,0
"6950287",-121.7853021,38.5541785,2015,"5701","0","5","3","09",0,1,"A",,"Y",,,,1800,5,"H","G","A","ARLINGTON BL","CABOT",110,"W","N","2015-06-23",5701,"2015-05-15",1621,"36","1","5","5","0","0",,"0","001","-","N",,0,0,,,0,,,,"N",2,"A","-",21801,"A","N","A","H","-","A","A","0","Y","D","22",0,1,0,0,0,0,1,0,0,"-","-","DAVIS","YOLO","CA",-121.78634,38.55482
"6948845",-121.7705932,38.6787351,2015,"5703","0","4","4","12",0,1,"A",,,,,,2400,4,"D","C","A","COURT ST","3RD ST",0,,"Y","2015-06-15",5703,"2015-04-30",2229,"2927","22","5","4","0","0",,"0","001","-","N",,0,0,,,0,,,,"Y",2,"A","-",21453,"A","N","A","H","-","C","A","0","Y","D","22",0,0,1,0,0,0,0,0,0,"-","-","WOODLAND","YOLO","CA",0,0
"6946328",0,0,2015,"5701","0","7","3","09",0,1,"A",,"Y",,,,1500,6,"H","B","A","DAIRY RD","TERCERO HALL BIKEWAY",0,,"Y","2015-07-21",5701,"2015-06-07",1315,"1050","UCD","5","5","0","0",,"0",,"-","N",,0,0,,,0,,,,"N",2,"A","-",21802,"A","N","A","H","-","A","-","0","Y","A","01",0,1,0,0,0,0,1,0,0,"-","-","DAVIS","YOLO","CA",0,0