"CASEID","POINT_X","POINT_Y","YEAR_","LOCATION","CHPTYPE","DAYWEEK","CRASHSEV","VIOLCAT","KILLED","INJURED","WEATHER1","PEDCOL","BICCOL","MCCOL","TRUCKCOL","ETOH","TIMECAT","MONTH_","CRASHTYP","INVOLVE","PED","PRIMARYRD","SECONDRD","DISTANCE","DIRECT","INTERSECT_","PROCDATE","JURIS","DATE_","TIME_","BADGE","JURIDIST","SHIFT","POP","SPECIAL","BEATTYPE","LAPDDIV","BEATCLAS","BEATNUMB","WEATHER2","STATEHW","CALTRANC","CALTRAND","STROUTE","ROUTESUF","POSTPRE","POSTMILE","LOCATYPE","RAMP","SIDEHW","TOWAWAY","PARTIES","PCF","VIOLCODE","VIOL","VIOLSUB","HITRUN","ROADSURF","RDCOND1","RDCOND2","LIGHTING","RIGHTWAY","CHPRDTYP","NOTPRIV","STFAULT","CHPFAULT","SEVINJ","OTHERINJ","COP","PEDKILL","PEDINJ","BICKILL","BICINJ","MCKILL","MCINJURE","RAMP1","RAMP2","CITY","COUNTY","STATE","X_CHP","Y_CHP"
"6941982",-121.7619873,38.6846202,2015,"5703","0","7","4","03",0,1,"A",,,,,,1800,5,"E","I","A","E BEAMER ST","BEE JAY WY",113,"E","N","2015-06-29",5703,"2015-05-17",1551,"2004","21","5","4","0","0",,"0","001","-","N",,0,0,,,0,,,,"Y",1,"A","-",22350,,"N","A","H","-","A","D","0","Y","A","01",0,0,1,0,0,0,0,0,0,"-","-","WOODLAND","YOLO","CA",0,0
"6941955",-121.7522431,38.560855,2015,"5701","0","2","3","12",0,2,"A",,,,,,2400,5,"D","C","A","OAK AV","COVELL BL",0,,"Y","2015-06-27",5701,"2015-05-12",2114,"38","4","5","5","0","0",,"0","002","-","N",,0,0,,,0,,,,"N",2,"A","-",21453,"A","N","A","H","-","C","A","0","Y","A","01",0,1,1,0,0,0,0,0,0,"-","-","DAVIS","YOLO","CA",0,0
"6941950",0,0,2015,"5704","0","1","4","12",0,1,"A",,,,,,1800,5,"D","C","A","LINDEN RD","STONEGATE DR",0,,"Y","2015-06-29",5704,"2015-05-11",1641,"00137","WSPD","5","4","0","0",,"0","003","-","N",,0,0,,,0,,,,"Y",2,"A","-",22450,,"N","A","H","-","A","A","0","Y","A","01",0,0,1,0,0,0,0,0,0,"-","-","WEST SACRAMENTO","YOLO","CA",0,0
"6941946",-121.5487031,38.5792451,2015,"5704","0","5","3","12",0,1,"A",,"Y",,,,2400,5,"G","G","A","WEST CAPITOL AV","HARBOR BL",0,,"Y","2015-07-02",5704,"2015-05-22",2147,"00107",,"5","4","0","0",,"0","002","-","N",,0,0,,,0,,,,"N",2,"A","-",21453,"A","N","A","-","-","C","A","0","Y","L","04",0,1,0,0,0,0,1,0,0,"-","-","WEST SACRAMENTO","YOLO","CA",0,0
"6941829",-121.5301177,38.5899556,2015,"5704","0","5","4","04",0,1,"A",,,,,,1500,5,"C","C","A","SACRAMENTO AV","SIMON TER",45,"E","N","2015-06-23",5704,"2015-05-22",1443,"00173","WSPD","5","4","0","0",,"0","001","-","N",,0,0,,,0,,,,"Y",4,"A","-",21703,,"N","A","H","-","A","D","0","Y","A","01",0,0,1,0,0,0,0,0,0,"-","-","WEST SACRAMENTO","YOLO","CA",0,0
"6941817",-121.5187631,38.5739551,2015,"5704","0","7","4","01",0,1,"A",,,,"Y","Y",900,5,"D","C","A","JEFFERSON BL","RT 50",0,,"Y","2016-11-02",5704,"2015-05-17",706,"137","WSPD","5","4","0","0",,"0","002","-","Y","YOL",3,50,"-","-",2.812,"R","4","W","Y",2,"A","-",23152,"B","N","A","H","-","A","A","0","Y","A","01",0,0,1,0,0,0,0,0,0,"-","WF","WEST SACRAMENTO","YOLO","CA",0,0
"6941471",-121.9532138,38.5627386,2015,"5700","1","2","4","03",0,2,"A",,,,,,1800,4,"B","C","A","RT 505","COUNTY ROAD 31",620,"N","N","2016-10-31",9280,"2015-04-28",1735,"015492",,"2","9","0","1",,"2","031","-","Y","YOL",3,505,"-","-",2.59,"H","-","S","Y",2,"A","-",22350,,"N","A","H","-","A","D","1","Y","A","07",0,0,2,0,0,0,0,0,0,"-","-","UNINCORPORATED","YOLO","CA",-121.95315,38.56239
"6941380",-121.9611933,38.8682507,2015,"5700","1","4","3","08",0,1,"B",,,,,,2400,5,"F","A","A","RT 5","COUNTY ROAD 8",3168,"N","N","2016-11-07",9280,"2015-05-14",2137,"015485",,"2","9","0","1",,"2","030","-","Y","YOL",3,5,"-","R",24.39,"H","-","S","Y",1,"A","-",22107,,"N","A","H","-","C","D","1","Y","A","07",0,1,0,0,0,0,0,0,0,"-","-","UNINCORPORATED","YOLO","CA",-121.9604,38.86804
"6941376",0,0,2015,"5700","1","4","3","08",0,1,"A",,,,,,1200,5,"F","I","A","COUNTY ROAD 85","COUNTY ROAD 15B",2640,"S","N","2015-07-07",9280,"2015-05-07",915,"017772",,"1","9","0","1",,"2","030","-","N",,0,0,,,0,,,,"Y",1,"A","-",22107,,"N","A","H","-","A","D","0","Y","A","01",0,1,0,0,0,0,0,0,0,"-","-","UNINCORPORATED","YOLO","CA",-122.04454,38.75114
"6941215",-121.7705532,38.655665,2015,"5700","5","3","4","09",0,1,"A",,,,,,900,5,"D","C","A","COUNTY ROAD 24A","COLOMA WY",0,,"Y","2015-07-08",9280,"2015-05-06",740,"17629",,"1","9","0","3",,"2","002","-","N",,0,0,,,0,,,,"N",2,"A","-",21801,"A","N","A","H","-","A","A","0","Y","A","01",0,0,1,0,0,0,0,0,0,"-","-","UNINCORPORATED","YOLO","CA",-121.77095,38.65559
"6941211",-121.5405178,38.5751251,2015,"5704","2","6","4","03",0,1,"A",,,,,,1200,5,"C","C","A","RT 50","HARBOR BL",1056,"E","N","2016-11-02",9280,"2015-05-09",1133,"17375",,"1","4","0","1",,"2","011","-","Y","YOL",3,50,"-","-",1.55,"H","-","W","Y",2,"A","-",22350,,"N","A","H","-","A","D","1","Y","A","01",0,0,1,0,0,0,0,0,0,"-","-","WEST SACRAMENTO","YOLO","CA",-121.5449,38.57535
"6941207",-121.6420043,38.5626869,2015,"5700","1","2","3","07",0,1,"A",,,"Y",,,1800,5,"B","C","A","RT 80","CHILES RD",1056,"W","N","2016-11-03",9280,"2015-05-12",1715,"16520",,"2","9","0","1",,"2","010","-","Y","YOL",3,80,"-","-",5.58,"H","-","E","N",2,"A","-",21658,"A","N","A","H","-","A","D","1","Y","A","07",0,1,0,0,0,0,0,0,1,"-","-","UNINCORPORATED","YOLO","CA",-121.65425,38.56027
"6941203",-121.7670475,38.5812111,2015,"5700","3","3","4","08",0,1,"A",,,,,"Y",1800,5,"E","I","A","RT 113","COUNTY ROAD 29",3168,"S","N","2016-10-31",9280,"2015-05-13",1545,"16214",,"2","9","0","1",,"2","022","G","Y","YOL",3,113,"-","R",3.52,"H","-","N","Y",1,"A","-",22107,,"N","A","H","-","A","D","1","Y","A","01",0,0,1,0,0,0,0,0,0,"-","-","UNINCORPORATED","YOLO","CA",-121.76701,38.58116
"6940653",-121.9894086,38.5221063,2015,"5702","0","7","2","08",0,3,"A",,,,,"Y",1800,4,"A","I","A","VALLEY OAK DR","HAMPSHIRE CT",109,"S","N","2015-06-15",5702,"2015-04-12",1754,"533","D","5","2","0","0",,"0","00D","-","N",,0,0,,,0,,,,"Y",1,"A","-",22107,,"N","A","H","-","A","D","0","Y","-",,3,0,0,0,0,0,0,0,0,"-","-","WINTERS","YOLO","CA",0,0
"6940077",-121.7565232,38.550785,2015,"5701","0","5","4","09",0,1,"B",,,,,,1500,5,"D","C","A","OESTE DR","W 8TH ST",0,,"Y","2015-08-19",5701,"2015-05-15",1220,"72","2","5","5","0","0",,"0","001","-","N",,0,0,,,0,,,,"Y",2,"A","-",21802,"A","N","A","H","-","A","A","0","Y","A","01",0,0,1,0,0,0,0,0,0,"-","-","DAVIS","YOLO","CA",-121.75649,38.55077
"6938429",-121.7695232,38.6719751,2015,"5703","0","3","4","09",0,1,"A",,,,,,1800,8,"D","C","A","4TH ST","CROSS ST",0,,"Y","2015-09-23",5703,"2015-08-12",1534,"832","12","5","4","0","0",,"0","004","-","N",,0,0,,,0,,,,"Y",2,"A","-",21802,"A","N","A","H","-","A","A","0","Y","D","22",0,0,1,0,0,0,0,0,0,"-","-","WOODLAND","YOLO","CA",0,0
"6932611",-121.7434313,38.557194,2015,"5701","0","2","4","00",0,1,"A",,,,,,1500,4,"C","C","A","F ST","14TH ST",75,"N","N","2015-05-28",5701,"2015-04-28",1445,"91","4","5","5","0","0",,"0","002","-","N",,0,0,,,0,,,,"Y",2,"A","-",22350,"A","N","A","H","-","A","D","0","Y","A","01",0,0,1,0,0,0,0,0,0,"-","-","DAVIS","YOLO","CA",0,0
"6932533",-121.9529232,38.5619553,2015,"5700","1","2","4","03",0,1,"A",,,,,,1800,4,"C","C","A","RT 505","COUNTY ROAD 31",100,"N","N","2016-10-31",9280,"2015-04-28",1745,"015492",,"2","9","0","1",,"2","031","-","Y","YOL",3,505,"-","-",2.52,"H","-","N","N",2,"A","-",22350,,"N","A","H","-","A","D","1","Y","A","07",0,0,1,0,0,0,0,0,0,"-","-","UNINCORPORATED","YOLO","CA",-121.95315,38.56239
"6932447",-121.7752319,38.7655077,2015,"5700","3","5","4","08",0,1,"A",,,,,,1500,5,"E","I","A","RT 113","COUNTY ROAD 15",528,"N","N","2016-10-31",9280,"2015-05-01",1435,"16632",,"2","9","0","1",,"2","023","-","Y","YOL",3,113,"-","-",16.77,"H","-","N","N",1,"A","-",22107,,"N","A","H","-","A","D","0","Y","A","01",0,0,1,0,0,0,0,0,0,"-","-","UNINCORPORATED","YOLO","CA",-121.77517,38.76593
"6932444",0,0,2015,"5700","5","5","4","03",0,1,"A",,,,,,1800,5,"C","C","A","CHILES RD","COUNTY ROAD 105",5280,"E","N","2015-06-25",9280,"2015-05-01",1700,"16214",,"2","9","0","3",,"2","001","-","N",,0,0,,,0,,,,"Y",2,"A","-",22350,,"N","A","H","-","A","D","0","Y","A","07",0,0,1,0,0,0,0,0,0,"-","-","UNINCORPORATED","YOLO","CA",-121.64727,38.56152
"6931691",-121.7842737,38.5537851,2015,"5701","0","3","3","03",0,1,"A",,,"Y",,,2400,4,"E","I","A","ARLINGTON BL","CABOT ST",234,"S","N","2015-06-09",5701,"2015-04-29",2111,"45","1","5","5","0","0",,"0","001","-","N",,0,0,,,0,,,,"Y",1,"A","-",22350,,"N","A","H","-","C","A","0","Y","C","02",0,1,0,0,0,0,0,0,1,"-","-","DAVIS","YOLO","CA",0,0
"6931687",-121.7154635,38.5517407,2015,"5701","0","2","4","18",0,1,"A",,"Y",,,,900,4,"H","G","A","SPAFFORD ST","PENA DR",80,"E","N","2016-06-08",5701,"2015-04-21",840,"94","7","5","5","0","0",,"0","003","-","N",,0,0,,,0,,,,"N",2,"C","-",0,,"N","A","H","-","A","A","0","Y","-","-",0,0,1,0,0,0,1,0,0,"-","-","DAVIS","YOLO","CA",-121.71244,38.55138
"6931062",-121.5224771,38.5940166,2015,"5704","0","5","2","11",0,2,"A","Y",,"Y",,"Y",300,2,"G","B","E","CUMMINS WY","GREENWOOD AV",30,"W","N","2015-06-04",5704,"2015-02-13",248,"00139",,"5","4","0","0",,"0","001","-","N",,0,0,,,0,,,,"Y",2,"A","-",21954,"A","N","A","H","-","C","D","0","Y","N","60",1,0,1,0,1,0,0,0,1,"-","-","WEST SACRAMENTO","YOLO","CA",0,0
"6928661",-121.9917707,38.5173945,2015,"5700","3","4","3","08",0,3,"B",,,,,,600,5,"F","A","A","RT 128","COUNTY ROAD 87D",1056,"E","N","2016-10-31",9280,"2015-05-07",500,"016027",,"3","9","0","1",,"2","032","-","Y","YOL",3,128,"-","-",7.5,"H","-","W","Y",1,"A","-",22107,,"N","A","H","-","D","D","0","Y","A","01",0,1,2,0,0,0,0,0,0,"-","-","UNINCORPORATED","YOLO","CA",-121.99237,38.51717
"6928658",-121.5412678,38.5751169,2015,"5704","2","2","4","01",0,1,"A",,,,,,2100,5,"E","I","A","RT 50","HARBOR BL",1528,"E","N","2016-11-02",9280,"2015-05-05",1923,"015128",,"2","4","0","1",,"2","011","-","Y","YOL",3,50,"-","-",1.51,"H","-","W","Y",1,"A","-",23152,"E","N","A","H","-","A","D","1","Y","A","01",0,0,1,0,0,0,0,0,0,"-","-","WEST SACRAMENTO","YOLO","CA",-121.5435,38.575
"6928657",-121.8880436,38.6198435,2015,"5700","5","6","2","08",0,2,"A",,,,,,600,5,"E","I","A","COUNTY ROAD 27","COUNTY ROAD 94",3168,"W","N","2015-06-25",9280,"2015-05-09",550,"012272",,"3","9","0","3",,"2","003","-","N",,0,0,,,0,,,,"Y",1,"A","-",22107,,"N","A","H","-","B","D","0","Y","A","07",1,1,0,0,0,0,0,0,0,"-","-","UNINCORPORATED","YOLO","CA",-121.8889,38.6197
"6927118",-121.7693332,38.6794327,2015,"5703","0","1","4","09",0,1,"A",,"Y",,,,1800,4,"D","G","A","4TH ST","NORTH ST",172,"S","N","2015-05-29",5703,"2015-04-06",1514,"2002","22","5","4","0","0",,"0","001","-","N",,0,0,,,0,,,,"N",2,"A","-",21804,"A","N","A","H","-","A","D","0","Y","L","04",0,0,1,0,0,0,1,0,0,"-","-","WOODLAND","YOLO","CA",0,0
"6927117",-121.7285732,38.677095,2015,"5703","0","6","4","12",0,1,"A",,,"Y",,,1500,4,"D","C","A","EAST MAIN ST","COUNTY ROAD 102",0,,"Y","2015-05-29",5703,"2015-04-18",1419,"2831","91","5","4","0","0",,"0","004","-","N",,0,0,,,0,,,,"Y",2,"A","-",21453,"A","N","A","H","-","A","A","0","Y","C","06",0,0,1,0,0,0,0,0,1,"-","-","WOODLAND","YOLO","CA",0,0
"6927114",0,0,2015,"5703","0","6","4","00",0,1,"A",,,,,"Y",2100,4,"E","I","A","PIONEER AV","FARMERS CENTRAL RD",511,"N","N","2015-05-29",5703,"2015-04-25",1817,"2838","55","5","4","0","0",,"0","004","-","N",,0,0,,,0,,,,"Y",1,"D","-",0,,"N","A","H","-","A","D","0","Y","-","-",0,0,1,0,0,0,0,0,0,"-","-","WOODLAND","YOLO","CA",0,0
"6925943",-121.7442887,38.5607757,2015,"5701","0","2","4","00",0,1,"A",,,,,,1800,5,"C","C","A","COVELL BL","F ST",150,"E","N","2015-06-04",5701,"2015-05-05",1601,"91","3","5","5","0","0",,"0","001","-","N",,0,0,,,0,,,,"N",3,"A","-",22350,"A","N","A","H","-","A","A","0","Y","A","01",0,0,1,0,0,0,0,0,0,"-","-","DAVIS","YOLO","CA",0,0
"6925544",-121.7463432,38.5506851,2015,"5701","0","1","3","03",0,1,"A",,"Y",,,,1200,5,"H","G","A","B ST","8TH ST",0,,"Y","2015-06-09",5701,"2015-05-11",1113,"79","4","5","5","0","0",,"0","002","-","N",,0,0,,,0,,,,"N",2,"A","-",22350,,"N","A","H","-","A","A","0","Y","-",,0,1,0,0,0,0,1,0,0,"-","-","DAVIS","YOLO","CA",-121.74641,38.55072
"6923665",-122.0417702,38.6879036,2015,"5700","5","7","4","08",0,2,"A",,,,,,1200,5,"C","C","A","COUNTY ROAD 85B","COUNTY ROAD 21A",1584,"S","N","2015-06-29",9280,"2015-05-03",930,"012272",,"1","9","0","3",,"2","003","-","N",,0,0,,,0,,,,"Y",2,"A","-",22107,,"N","A","H","-","A","D","0","Y","A","08",0,0,2,0,0,0,0,0,0,"-","-","UNINCORPORATED","YOLO","CA",-122.0399,38.68843
"6921833",-121.7347631,38.552845,2015,"5701","0","5","4","09",0,1,"A",,"Y",,,,2100,4,"H","G","A","E 8TH ST","L ST",0,,"Y","2015-05-21",5701,"2015-04-10",1822,"87","5","5","5","0","0",,"0","002","-","N",,0,0,,,0,,,,"N",2,"A","-",21801,"A","N","A","H","-","A","A","0","Y","A","71",0,0,1,0,0,0,1,0,0,"-","-","DAVIS","YOLO","CA",-121.73463,38.55277
"6921834",-121.695258,38.5239568,2015,"5701","0","4","3","09",0,1,"A",,"Y",,,,1500,4,"H","G","A","COWELL BL","MACE BL",50,"W","N","2015-05-21",5701,"2015-04-30",1338,"91","9","5","5","0","0",,"0","004","-","N",,0,0,,,0,,,,"N",2,"A","-",21804,"A","N","A","H","-","A","D","0","Y","L","04",0,1,0,0,0,0,1,0,0,"-","-","DAVIS","YOLO","CA",0,0
"6921830",-121.752294,38.5566984,2015,"5701","0","6","4","08",0,1,"A",,,,,,1800,4,"B","C","A","OAK AV","14TH ST",300,"N","N","2015-05-21",5701,"2015-04-11",1616,"116","2","5","5","0","0",,"0","001","-","N",,0,0,,,0,,,,"Y",2,"A","-",22107,,"N","A","H","-","A","D","0","Y","-",,0,0,1,0,0,0,0,0,0,"-","-","DAVIS","YOLO","CA",-121.74375,38.55944
"6921829",-121.7383579,38.5406456,2015,"5701","0","5","3","03",0,1,"A",,"Y",,,,900,4,"H","G","A","RICHARDS BL","OLIVE DR",100,"E","N","2016-06-08",5701,"2015-04-10",810,"100","8","5","5","0","0",,"0","004","-","N",,0,0,,,0,,,,"N",2,"A","-",22350,,"N","A","H","-","A","D","0","Y","L","04",0,1,0,0,0,0,1,0,0,"-","-","DAVIS","YOLO","CA",0,0
"6921598",-121.5537331,38.5351051,2015,"5704","0","1","4","12",0,1,"A",,,,,,1800,5,"D","C","A","JEFFERSON BL","MARSHALL RD",0,,"Y","2015-06-01",5704,"2015-05-04",1655,"00165",,"5","4","0","0",,"0","003","-","N",,0,0,,,0,,,,"Y",2,"A","-",21453,"A","N","A","H","-","A","A","0","Y","A","07",0,0,1,0,0,0,0,0,0,"-","-","WEST SACRAMENTO","YOLO","CA",0,0
"6921597",-121.5268331,38.583025,2015,"5704","0","7","4","08",0,1,"A",,"Y",,,,1800,5,"D","G","A","MICHIGAN BL","ROCKROSE RD",0,,"Y","2015-06-01",5704,"2015-05-03",1730,"00170",,"5","4","0","0",,"0","002","-","N",,0,0,,,0,,,,"Y",2,"A","-",22107,,"N","A","H","-","A","A","0","Y","A","01",0,0,1,0,0,0,1,0,0,"-","-","WEST SACRAMENTO","YOLO","CA",0,0
"6921425",-121.7585731,38.5608849,2015,"5701","0","5","3","17",0,1,"A",,"Y",,,,1500,5,"H","G","A","ANDERSON RD","COVELL BL",0,,"Y","2015-06-03",5701,"2015-05-01",1334,"91","3","5","5","0","0",,"0","001","-","N",,0,0,,,0,,,,"N",2,"A","-",21451,"A","N","A","H","-","A","A","0","Y","A","01",0,1,0,0,0,0,1,0,0,"-","-","DAVIS","YOLO","CA",0,0
"6921421",-121.7308431,38.553415,2015,"5701","0","6","4","05",0,1,"A",,"Y",,,,1200,5,"H","G","A","E 8TH ST","CHESTNUT LN",0,,"Y","2015-06-03",5701,"2015-05-02",901,"88","5","5","5","0","0",,"0","002","-","N",,0,0,,,0,,,,"N",2,"A","-",21650,"1","N","A","H","-","A","D","0","Y","L","04",0,0,1,0,0,0,1,0,0,"-","-","DAVIS","YOLO","CA",-121.73087,38.55335
"6920992",-121.7307212,38.5704562,2015,"5701","0","5","4","03",0,1,"A",,,,,,2100,5,"C","C","A","POLE LINE RD","MOORE RD",15,"N","N","2015-05-29",5701,"2015-05-01",1958,"105","6","5","5","0","0",,"0","003","-","N",,0,0,,,0,,,,"Y",2,"A","-",22350,,"N","A","H","-","A","A","0","Y","A","01",0,0,1,0,0,0,0,0,0,"-","-","DAVIS","YOLO","CA",-121.73237,38.56077
"6917955",-121.6938566,38.6737691,2015,"5700","1","7","3","17",0,3,"B",,,,,,1200,4,"C","C","A","RT 5","COUNTY ROAD 103",4224,"S","N","2016-11-07",9280,"2015-04-26",1015,"012272",,"1","9","0","1",,"2","020","-","Y","YOL",3,5,"-","-",3.69,"H","-","N","Y",2,"A","-",22109,,"N","A","H","-","A","D","1","Y","A","01",0,2,1,0,0,0,0,0,0,"-","-","UNINCORPORATED","YOLO","CA",-121.694,38.67566
"6917952",-121.7660506,38.6244607,2015,"5700","3","2","3","01",0,1,"A",,,,,"Y",600,4,"E","I","A","RT 113","COUNTY ROAD 27",1584,"N","N","2016-10-31",9280,"2015-04-28",300,"013399",,"3","9","0","1",,"2","022","-","Y","YOL",3,113,"-","R",6.35,"H","-","N","Y",1,"A","-",23152,"A","N","A","H","-","D","D","1","Y","A","01",0,1,0,0,0,0,0,0,0,"-","-","UNINCORPORATED","YOLO","CA",-121.76609,38.62336
"6917951",-121.5272262,38.5769082,2015,"5704","2","2","4","08",0,1,"A",,,,,,900,4,"E","I","A","RT 50","JEFFERSON BL",850,"W","N","2016-12-20",9280,"2015-04-28",646,"017883",,"1","4","0","1",,"2","011","-","Y","YOL",3,50,"-","-",2.3,"H","-","E","Y",1,"A","-",22107,,"N","A","H","-","A","D","1","Y","A","01",0,0,1,0,0,0,0,0,0,"-","-","WEST SACRAMENTO","YOLO","CA",-121.52848,38.57667
"6916173",-121.5248031,38.576185,2015,"5704","0","7","4","12",0,3,"A",,,,,,1500,4,"D","C","A","JEFFERSON BL","PARK BL",0,,"Y","2015-05-22",5704,"2015-04-26",1435,"00165",,"5","4","0","0",,"0","002","-","N",,0,0,,,0,,,,"Y",2,"A","-",21453,"A","N","A","H","-","A","A","0","Y","A","07",0,0,3,0,0,0,0,0,0,"-","-","WEST SACRAMENTO","YOLO","CA",0,0
"6916169",-121.5295385,38.5760219,2015,"5704","0","3","3","-",0,2,"A",,,,,,1500,4,"D","C","A","JEFFERSON BL","RT 50",0,,"Y","2016-11-02",5704,"2015-04-29",1400,"00165",,"5","4","0","0",,"0","002","-","Y","YOL",3,275,"-","-",11.844,"R","4","E","Y",2,"-","-",0,,"N","A","H","-","A","A","0","Y","-","-",0,1,1,0,0,0,0,0,0,"-","EF","WEST SACRAMENTO","YOLO","CA",0,0
"6913463",-121.5879822,38.5725467,2015,"5704","1","5","4","08",0,1,"A",,,,,,1500,4,"E","I","A","RT 80","ENTERPRISE BL",2640,"W","N","2016-11-03",9280,"2015-04-17",1444,"016632",,"2","4","0","1",,"2","010","-","Y","YOL",3,80,"-","-",8.68,"H","-","W","Y",2,"A","-",22107,,"N","A","H","-","A","D","1","Y","A","01",0,0,1,0,0,0,0,0,0,"-","-","WEST SACRAMENTO","YOLO","CA",-121.58983,38.57222
"6909473",-121.7529531,38.5463274,2015,"5701","0","5","4","03",0,1,"C",,,"Y",,,1800,2,"F","I","A","RUSSELL BL","OAK",40,"W","N","2015-05-18",5701,"2015-02-06",1520,"108","4","5","5","0","0",,"0","002","G","N",,0,0,,,0,,,,"Y",1,"A","-",22350,,"N","B","H","-","A","A","0","Y","C","02",0,0,1,0,0,0,0,0,1,"-","-","DAVIS","YOLO","CA",-121.75321,38.54638
"6905627",-121.5707779,38.5770943,2015,"5704","0","5","1","11",1,0,"A","Y",,,"Y",,300,4,"G","B","D","WEST CAPITOL AV","ENTERPRISE BL",2000,"E","N","2015-05-15",5704,"2015-04-03",207,"00161","WSPD","5","4","0","0",,"0","002","-","N",,0,0,,,0,,,,"N",2,"A","-",21954,"A","N","A","H","-","D","D","0","Y","N","60",0,0,0,1,0,0,0,0,0,"-","-","WEST SACRAMENTO","YOLO","CA",0,0
"6904546",-121.6695262,38.5584396,2015,"5700","1","7","3","03",0,2,"A",,,,"Y",,2100,4,"D","C","A","RT 80","MACE BL",7392,"E","N","2016-11-03",9280,"2015-04-26",1926,"17763",,"2","9","0","1",,"2","010","-","Y","YOL",3,80,"-","-",4.08,"H","-","E","Y",2,"A","-",22350,,"N","A","H","-","A","D","1","Y","A","01",0,1,1,0,0,0,0,0,0,"-","-","UNINCORPORATED","YOLO","CA",-121.6702,38.55824
"6904502",0,0,2015,"5701","0","3","4","09",0,1,"A",,"Y",,,,900,5,"D","G","A","OLD DAVIS RD","HUTCHINSON DR",0,,"Y","2015-05-18",5701,"2015-05-06",759,"1050","UCD","5","5","0","0",,"0",,"-","N",,0,0,,,0,,,,"N",2,"A","-",21802,"A","N","A","H","-","A","D","0","Y","D","22",0,0,1,0,0,0,1,0,0,"-","-","DAVIS","YOLO","CA",0,0
"6901586",-121.7746731,38.679935,2015,"5703","0","4","3","09",0,2,"A",,,,,,1800,4,"D","C","A","COLLEGE ST","NORTH ST",0,,"Y","2015-05-13",5703,"2015-04-09",1734,"2875","22","5","4","0","0",,"0","002","-","N",,0,0,,,0,,,,"Y",3,"A","-",21802,"A","N","A","H","-","A","A","0","Y","A","07",0,2,0,0,0,0,0,0,0,"-","-","WOODLAND","YOLO","CA",0,0
"6900859",-121.9377026,38.6202357,2015,"5700","5","3","3","08",0,1,"A",,,,,,1800,4,"F","I","A","COUNTY ROAD 27","COUNTY ROAD 92D",6864,"W","N","2015-05-15",9280,"2015-04-22",1745,"16632",,"2","9","0","3",,"2","003","-","N",,0,0,,,0,,,,"Y",1,"A","-",22107,,"N","A","H","-","A","D","0","Y","A","08",0,1,0,0,0,0,0,0,0,"-","-","UNINCORPORATED","YOLO","CA",-121.93659,38.62029
"6900855",-122.0133692,38.6884365,2015,"5700","3","3","4","03",0,2,"A",,,,,,900,4,"C","C","A","RT 16","COUNTY ROAD 86A",100,"E","N","2016-12-17",9280,"2015-04-15",840,"17772",,"1","9","0","1",,"2","034","G","Y","YOL",3,16,"-","-",28.51,"H","-","W","Y",4,"A","-",22350,,"N","A","H","-","A","D","0","Y","A","01",0,0,2,0,0,0,0,0,0,"-","-","UNINCORPORATED","YOLO","CA",-121.01302,38.08815
"6900299",-121.9533556,38.5878644,2015,"5700","1","1","3","08",0,1,"A",,,,,,1800,3,"B","C","A","RT 505","COUNTY ROAD 29A",1584,"N","N","2016-09-07",9280,"2015-03-30",1723,"17763",,"2","9","0","1",,"2","031","-","Y","YOL",3,505,"-","-",4.22,"H","-","S","Y",2,"A","-",22107,,"N","A","H","-","A","D","1","Y","A","01",0,1,0,0,0,0,0,0,0,"-","-","UNINCORPORATED","YOLO","CA",-121.9535,38.58699
"6900295",0,0,2015,"5700","5","1","4","08",0,1,"A",,,,,,600,3,"E","I","A","COUNTY ROAD 32B","COUNTY ROAD 105D",528,"E","N","2015-05-11",9280,"2015-03-30",420,"16351",,"3","9","0","3",,"2","001","-","N",,0,0,,,0,,,,"Y",1,"A","-",22107,,"N","A","H","-","D","D","0","Y","A","08",0,0,1,0,0,0,0,0,0,"-","-","UNINCORPORATED","YOLO","CA",-121.66177,38.55905
"6900291",-121.5645708,38.5754578,2015,"5704","2","7","3","03",0,4,"-",,,,,,1200,3,"C","C","A","RT 50","HARBOR BL",4752,"W","N","2016-09-12",9280,"2015-03-29",1030,"12272",,"1","4","0","1",,"2","011","-","Y","YOL",3,50,"-","-",0.3,"H","-","E","Y",4,"A","-",22350,,"N","-","-","-","-","D","1","Y","-","-",0,1,3,0,0,0,0,0,0,"-","-","WEST SACRAMENTO","YOLO","CA",-121.5643,38.5757
"6900287",-121.9558631,38.530315,2015,"5700","3","2","4","09",0,2,"A",,,,,,300,3,"D","C","A","RUSSELL BL","COUNTY ROAD 90A",0,,"Y","2015-05-11",9280,"2015-03-24",205,"16351",,"3","9","0","1",,"2","034","-","N",,0,0,,,0,,,,"Y",2,"A","-",21802,"A","N","A","H","-","D","A","0","Y","A","01",0,0,2,0,0,0,0,0,0,"-","-","UNINCORPORATED","YOLO","CA",-121.94974,38.53262
"6899789",-121.674806,38.6733728,2015,"5700","1","5","3","03",0,4,"A",,,,,,2100,4,"C","C","A","RT 5","COUNTY ROAD 103",10032,"S","N","2016-11-07",9280,"2015-04-17",1809,"16929",,"2","9","0","1",,"2","020","-","Y","YOL",3,5,"-","-",2.59,"H","-","S","Y",2,"A","-",22350,,"N","A","H","-","A","D","1","Y","A","01",0,3,1,0,0,0,0,0,0,"-","-","UNINCORPORATED","YOLO","CA",-121.6748,38.67345