"CASEID","POINT_X","POINT_Y","YEAR_","LOCATION","CHPTYPE","DAYWEEK","CRASHSEV","VIOLCAT","KILLED","INJURED","WEATHER1","PEDCOL","BICCOL","MCCOL","TRUCKCOL","ETOH","TIMECAT","MONTH_","CRASHTYP","INVOLVE","PED","PRIMARYRD","SECONDRD","DISTANCE","DIRECT","INTERSECT_","PROCDATE","JURIS","DATE_","TIME_","BADGE","JURIDIST","SHIFT","POP","SPECIAL","BEATTYPE","LAPDDIV","BEATCLAS","BEATNUMB","WEATHER2","STATEHW","CALTRANC","CALTRAND","STROUTE","ROUTESUF","POSTPRE","POSTMILE","LOCATYPE","RAMP","SIDEHW","TOWAWAY","PARTIES","PCF","VIOLCODE","VIOL","VIOLSUB","HITRUN","ROADSURF","RDCOND1","RDCOND2","LIGHTING","RIGHTWAY","CHPRDTYP","NOTPRIV","STFAULT","CHPFAULT","SEVINJ","OTHERINJ","COP","PEDKILL","PEDINJ","BICKILL","BICINJ","MCKILL","MCINJURE","RAMP1","RAMP2","CITY","COUNTY","STATE","X_CHP","Y_CHP"
"6863671",-121.7204067,38.6736451,2015,"5703","1","5","4","03",0,2,"A",,,,,,1800,3,"C","C","A","RT 5","COUNTY ROAD 102",2112,"S","N","2016-09-02",9280,"2015-03-20",1610,"15492",,"2","4","0","1",,"2","020","-","Y","YOL",3,5,"-","-",5.13,"H","-","S","Y",2,"A","-",22350,,"N","A","H","-","A","D","1","Y","A","01",0,0,2,0,0,0,0,0,0,"-","-","WOODLAND","YOLO","CA",-121.71832,38.67372
"6863623",0,0,2015,"5700","1","1","2","01",0,2,"A",,,,,,2400,3,"E","I","A","RT 5","COUNTY LINE RD",60,"S","N","2017-02-28",9280,"2015-03-02",2245,"16351",,"3","9","0","1",,"2","030","-","Y","COL",3,5,"-","R",0.195,"R","4","S","Y",1,"A","-",23152,"E","N","A","H","-","D","A","1","Y","A","07",1,1,0,0,0,0,0,0,0,"TO","-","UNINCORPORATED","YOLO","CA",-122.00242,38.9255
"6863004",0,0,2015,"5704","0","5","2","05",0,1,"A",,,,,,300,3,"E","I","A","LIGHTHOUSE DR","WATERCOLOR LN",0,,"Y","2015-03-27",5704,"2015-03-20",140,"00141",,"5","4","0","0",,"0","001","-","N",,0,0,,,0,,,,"N",1,"A","-",21651,"A","N","A","H","-","C","A","0","Y","A","01",1,0,0,0,0,0,0,0,0,"-","-","WEST SACRAMENTO","YOLO","CA",0,0
"6858317",-121.9021446,38.6724016,2015,"5700","3","7","2","01",0,2,"A",,,,,"Y",600,2,"A","C","A","RT 16","COUNTY ROAD 93",1584,"W","N","2016-09-07",9280,"2015-02-22",310,"16292",,"3","9","0","1",,"2","034","-","Y","YOL",3,16,"-","-",34.97,"H","-","W","Y",2,"A","-",23152,"A","N","A","H","-","D","D","0","Y","A","01",1,1,0,0,0,0,0,0,0,"-","-","UNINCORPORATED","YOLO","CA",-121.90238,38.67248
"6858136",-121.9810392,38.5212857,2015,"5702","0","6","3","08",0,1,"B",,,,,,1500,1,"F","I","A","RT 128","MAIN ST",0,,"Y","2016-09-07",5702,"2015-01-10",1425,"534","C","5","2","0","0",,"0","00C","-","Y","YOL",3,128,"-","-",8.13,"H","-","W","Y",1,"A","-",22107,,"N","A","H","-","A","D","0","Y","-",,0,1,0,0,0,0,0,0,0,"-","-","WINTERS","YOLO","CA",0,0
"6857679",0,0,2015,"5704","2","3","3","01",0,2,"A",,,,,,2400,3,"B","C","A","RT 50","JEFFERSON BL",1584,"W","N","2016-09-12",9280,"2015-03-18",2111,"016144",,"2","4","0","1",,"2","011","-","Y","YOL",3,50,"-","-",11.7,"H","-","E","Y",2,"A","-",23152,"E","N","A","H","-","C","D","0","Y","A","07",0,1,1,0,0,0,0,0,0,"-","-","WEST SACRAMENTO","YOLO","CA",-121.53115,38.57591
"6857675",0,0,2015,"5700","5","3","4","03",0,2,"A",,,,,,1200,3,"C","C","A","COUNTY ROAD 93A","COUNTY ROAD 31",231,"S","N","2015-04-20",9280,"2015-03-18",1030,"015492",,"1","9","0","3",,"2","003","-","N",,0,0,,,0,,,,"Y",2,"A","-",22350,,"N","A","H","-","A","D","0","Y","A","07",0,0,2,0,0,0,0,0,0,"-","-","UNINCORPORATED","YOLO","CA",-121.89862,38.5609
"6857667",-121.7721633,38.7171058,2015,"5700","5","7","3","08",0,1,"B",,,,,,1500,3,"F","A","A","COUNTY ROAD 99E","COIL LN",1267,"N","N","2015-04-20",9280,"2015-03-15",1255,"013837",,"1","9","0","3",,"2","002","-","N",,0,0,,,0,,,,"Y",1,"A","-",22107,,"N","A","H","-","A","D","0","Y","D","22",0,1,0,0,0,0,0,0,0,"-","-","UNINCORPORATED","YOLO","CA",-121.77221,38.71772
"6857659",-121.5550279,38.5874124,2015,"5704","1","3","3","03",0,1,"B",,,,"Y",,1800,3,"C","C","A","RT 80","RT 84",1200,"W","N","2016-09-22",9280,"2015-03-11",1610,"015079",,"2","4","0","1",,"2","010","-","Y","YOL",3,80,"-","R",10.99,"H","-","E","Y",2,"A","-",22350,,"N","A","H","-","A","D","1","Y","F","55",0,1,0,0,0,0,0,0,0,"-","-","WEST SACRAMENTO","YOLO","CA",-121.55464,38.58831
"6857134",-121.7247562,38.5422481,2015,"5701","0","1","4","01",0,1,"A",,,,,"Y",300,3,"E","I","A","POLE LINE RD","COWELL BL",600,"N","N","2015-04-01",5701,"2015-03-02",227,"38","6","5","5","0","0",,"0","003","-","N",,0,0,,,0,,,,"Y",1,"A","-",23152,"A","N","A","H","-","C","A","0","Y","-",,0,0,1,0,0,0,0,0,0,"-","-","DAVIS","YOLO","CA",-121.72551,38.54328
"6857075",-121.7310431,38.560595,2015,"5701","0","2","3","03",0,1,"A",,"Y",,,,1800,3,"H","G","A","POLE LINE RD","CLAREMONT DR",0,,"Y","2016-04-06",5701,"2015-03-03",1622,"94","6","5","5","0","0",,"0","003","-","N",,0,0,,,0,,,,"N",2,"A","-",22350,,"N","A","H","-","A","A","0","Y","A","08",0,1,0,0,0,0,1,0,0,"-","-","DAVIS","YOLO","CA",-121.73237,38.56077
"6856539",-121.7839631,38.684755,2015,"5703","0","2","4","01",0,1,"B",,,,,"Y",1800,3,"B","C","A","BEAMER ST","WEST ST",0,,"Y","2015-04-07",5703,"2015-03-10",1535,"2863","64","5","4","0","0",,"0","002","-","N",,0,0,,,0,,,,"Y",2,"A","-",23152,,"N","A","H","-","A","A","0","Y","A","01",0,0,1,0,0,0,0,0,0,"-","-","WOODLAND","YOLO","CA",0,0
"6855473",-121.8405706,38.5615451,2015,"5700","5","2","3","08",0,1,"B",,,,,,1500,3,"E","I","A","COUNTY ROAD 31","COUNTY ROAD 96",65,"W","N","2015-03-24",9280,"2015-03-10",1305,"012272",,"1","9","0","3",,"2","002","-","N",,0,0,,,0,,,,"Y",1,"A","-",22107,,"N","A","H","-","A","D","0","Y","A","08",0,1,0,0,0,0,0,0,0,"-","-","UNINCORPORATED","YOLO","CA",-121.83965,38.56163
"6855464",-121.6849343,38.5550612,2015,"5701","1","1","4","03",0,1,"B",,,,,,1800,3,"C","C","A","RT 80","MACE BL",2500,"E","N","2016-09-22",9280,"2015-03-02",1745,"017800",,"2","5","0","1",,"2","010","-","Y","YOL",3,80,"-","-",3.15,"H","-","E","N",2,"A","-",22350,,"N","A","H","-","B","D","1","Y","A","07",0,0,1,0,0,0,0,0,0,"-","-","DAVIS","YOLO","CA",-121.68556,38.55477
"6855463",-121.5874289,38.5726458,2015,"5704","1","5","4","03",0,1,"A",,,,,,1800,3,"C","C","A","RT 80","ENTERPRISE BL",2112,"E","N","2017-02-28",9280,"2015-03-13",1545,"015492",,"2","4","0","1",,"2","010","-","Y","YOL",3,80,"-","R",9.6,"H","-","W","N",2,"A","-",22350,,"N","A","H","-","A","D","1","Y","A","07",0,0,1,0,0,0,0,0,0,"-","-","WEST SACRAMENTO","YOLO","CA",0,0
"6855380",-121.6925734,38.5529865,2015,"5701","1","6","4","01",0,2,"A",,,,,"Y",1800,2,"C","C","A","RT 80","MACE BL",150,"E","N","2016-09-22",9280,"2015-02-21",1530,"016214",,"2","5","0","1",,"2","010","-","Y","YOL",3,80,"-","-",2.71,"H","-","E","Y",2,"A","-",23153,"A","F","A","H","-","A","D","1","Y","A","01",0,0,2,0,0,0,0,0,0,"-","-","DAVIS","YOLO","CA",-121.69289,38.55277
"6855379",-121.5513848,38.5933451,2015,"5704","1","7","4","03",0,1,"A",,,,,,1800,2,"C","C","A","RT 80","REED AV",100,"E","N","2016-09-22",9280,"2015-02-22",1550,"017800",,"2","4","0","1",,"2","010","-","Y","YOL",3,80,"-","R",11.26,"H","-","W","N",2,"A","-",22350,,"N","A","H","-","E","D","1","Y","A","01",0,0,1,0,0,0,0,0,0,"-","-","WEST SACRAMENTO","YOLO","CA",-121.55105,38.59296
"6855362",-121.8400613,38.5978264,2015,"5700","5","1","3","08",0,1,"A",,,,,,1800,2,"E","I","A","COUNTY ROAD 96","COUNTY ROAD 29",2622,"N","N","2015-05-22",9280,"2015-02-23",1655,"013837",,"2","9","0","3",,"2","002","-","N",,0,0,,,0,,,,"Y",1,"A","-",22107,,"N","A","B","-","A","D","0","Y","A","01",0,1,0,0,0,0,0,0,0,"-","-","UNINCORPORATED","YOLO","CA",-121.84009,38.59783
"6855361",-121.7169757,38.5479949,2015,"5701","1","3","3","01",0,1,"A",,,,,"Y",300,2,"E","I","A","RT 80","POLE LINE RD",2640,"E","N","2016-09-22",9280,"2015-02-25",210,"013399",,"3","5","0","1",,"2","010","-","Y","YOL",3,80,"-","-",1.39,"H","-","W","Y",1,"A","-",23152,"A","N","A","H","-","D","D","1","Y","A","01",0,1,0,0,0,0,0,0,0,"-","-","DAVIS","YOLO","CA",-121.72052,38.54708
"6854721",-121.7611109,38.6683251,2015,"5703","0","4","1","11",1,1,"A","Y",,,,,2100,5,"G","B","D","E GUM AV","THOMAS ST",45,"W","N","2015-07-13",5703,"2015-05-07",2044,"832","13","5","4","0","0",,"0","001","-","N",,0,0,,,0,,,,"N",2,"A","-",21954,"A","N","A","H","-","E","D","0","Y","N","60",0,1,0,1,0,0,0,0,0,"-","-","WOODLAND","YOLO","CA",0,0
"6854720",-121.9713941,38.6383384,2015,"5700","5","5","1","08",1,1,"A",,,,,,2100,5,"F","A","A","COUNTY ROAD 89","COUNTY RD 26",1210,"N","N","2015-07-13",9280,"2015-05-08",2040,"13837",,"2","9","0","3",,"2","003","-","N",,0,0,,,0,,,,"Y",1,"A","-",22107,,"N","A","H","-","D","D","0","Y","D","22",1,0,0,0,0,0,0,0,0,"-","-","UNINCORPORATED","YOLO","CA",-121.97146,38.63846
"6853142",-121.7659632,38.6248651,2015,"5700","5","7","3","09",0,1,"A",,,,,,1800,3,"D","C","A","RT 113","COUNTY ROAD 27",0,,"Y","2016-09-07",9280,"2015-03-01",1640,"017763",,"2","9","0","3",,"2","002","-","Y","YOL",3,113,"-","R",6.369,"R","4","N","Y",2,"A","-",21802,"A","N","A","H","-","A","A","1","Y","A","07",0,1,0,0,0,0,0,0,0,"-","-","UNINCORPORATED","YOLO","CA",-121.76469,38.6193
"6853141",-121.9532132,38.6165451,2015,"5700","5","5","3","09",0,2,"A",,,,,,900,2,"D","C","A","COUNTY ROAD 27","RT 505",0,,"Y","2016-09-07",9280,"2015-02-27",841,"16632",,"1","9","0","3",,"2","003","-","Y","YOL",3,505,"-","-",6.339,"R","4","N","Y",2,"A","-",21802,"A","N","A","H","-","A","A","1","Y","A","01",0,1,1,0,0,0,0,0,0,"-","-","UNINCORPORATED","YOLO","CA",-121.95271,38.6203
"6853006",-121.5123332,38.591425,2015,"5704","0","3","4","08",0,1,"B",,,,,,2100,3,"D","C","A","5TH ST","A ST",0,,"Y","2015-03-25",5704,"2015-03-11",1903,"00141",,"5","4","0","0",,"0","001","-","N",,0,0,,,0,,,,"N",2,"A","-",22100,"B","N","A","H","-","B","D","0","Y","A","01",0,0,1,0,0,0,0,0,0,"-","-","WEST SACRAMENTO","YOLO","CA",0,0
"6853005",0,0,2015,"5704","0","2","4","03",0,1,"B",,,,,,1200,3,"C","C","A","REED AV","IKEA CT",100,"E","N","2015-03-25",5704,"2015-03-10",1120,"00173","WSPD","5","4","0","0",,"0","002","-","N",,0,0,,,0,,,,"Y",2,"A","-",22350,,"N","A","H","-","A","A","0","Y","A","07",0,0,1,0,0,0,0,0,0,"-","-","WEST SACRAMENTO","YOLO","CA",0,0
"6851882",-121.5492878,38.5398968,2015,"5704","0","2","4","09",0,1,"A",,,,,,1800,3,"A","C","A","JEFFERSON BL","LINDEN RD",200,"N","N","2015-03-23",5704,"2015-03-03",1745,"00165",,"5","4","0","0",,"0","003","-","N",,0,0,,,0,,,,"Y",2,"A","-",21804,"A","N","A","H","-","B","D","0","Y","A","01",0,0,1,0,0,0,0,0,0,"-","-","WEST SACRAMENTO","YOLO","CA",0,0
"6851878",-121.5262384,38.5955303,2015,"5704","0","1","4","08",0,1,"A",,,,,,1800,3,"C","E","A","KEGLE DR","JOAN ST",60,"S","N","2015-03-23",5704,"2015-03-09",1626,"00165",,"5","4","0","0",,"0","001","-","N",,0,0,,,0,,,,"Y",3,"A","-",22107,,"N","A","H","-","A","D","0","Y","-",,0,0,1,0,0,0,0,0,0,"-","-","WEST SACRAMENTO","YOLO","CA",0,0
"6849820",-121.8250552,38.625435,2015,"5700","1","5","3","08",0,1,"A",,,,,,2400,2,"F","A","A","COUNTY ROAD 97","COUNTY ROAD 27",2112,"N","N","2015-03-23",9280,"2015-02-20",2205,"016027",,"3","9","0","1",,"2","010","-","N",,0,0,,,0,,,,"Y",1,"A","-",22107,,"N","A","H","-","D","D","0","Y","A","08",0,1,0,0,0,0,0,0,0,"-","-","UNINCORPORATED","YOLO","CA",-121.82464,38.62694
"6849816",-121.6532604,38.6732876,2015,"5700","1","1","4","07",0,1,"A",,,,,,900,2,"B","C","A","RT 5","COUNTY ROAD 103",16368,"S","N","2016-09-22",9280,"2015-02-16",615,"012272",,"1","9","0","1",,"2","020","-","Y","YOL",3,5,"-","-",1.39,"H","-","S","Y",2,"A","-",21658,"A","N","A","H","-","B","D","1","Y","A","01",0,0,1,0,0,0,0,0,0,"-","-","UNINCORPORATED","YOLO","CA",-121.6653,38.67371
"6849812",-121.6576709,38.5600981,2015,"5700","1","6","4","03",0,1,"A",,,,,"Y",1800,2,"C","C","A","RT 80","WEBSTER ST",5280,"W","N","2016-09-22",9280,"2015-02-14",1714,"013837",,"2","9","0","1",,"2","010","-","Y","YOL",3,80,"-","-",4.78,"H","-","E","Y",2,"A","-",22350,,"F","A","H","-","A","D","1","Y","A","01",0,0,1,0,0,0,0,0,0,"-","-","UNINCORPORATED","YOLO","CA",-121.65895,38.55997
"6849302",-121.5560475,38.5864796,2015,"5704","1","6","4","03",0,2,"A",,,,,,1200,3,"C","C","A","RT 80","REED AV",1584,"W","N","2016-09-22",9280,"2015-03-07",1115,"017772",,"1","4","0","1",,"2","010","-","Y","YOL",3,80,"-","R",10.91,"H","-","W","Y",2,"A","-",22350,,"N","A","H","-","A","D","1","Y","A","07",0,0,2,0,0,0,0,0,0,"-","-","WEST SACRAMENTO","YOLO","CA",-121.55543,38.58727
"6847747",-121.5575111,38.5837223,2015,"5704","1","4","4","01",0,1,"E",,,,,,300,1,"C","C","A","RT 80","REED AV",1056,"W","N","2016-09-22",9280,"2015-01-15",3,"017874",,"3","4","0","1",,"2","010","-","Y","YOL",3,80,"-","R",10.84,"H","-","E","Y",2,"A","-",23152,"A","F","B","H","-","C","D","1","Y","D","22",0,0,1,0,0,0,0,0,0,"-","-","WEST SACRAMENTO","YOLO","CA",-121.5554,38.58694
"6847695",-121.5377044,38.5751023,2015,"5704","2","5","4","03",0,1,"A",,,,,,1800,2,"C","C","A","RT 50","HARBOR BL",2640,"E","N","2016-09-12",9280,"2015-02-13",1750,"16929",,"2","4","0","1",,"2","011","-","Y","YOL",3,50,"-","-",1.7,"H","-","W","Y",2,"A","-",22350,,"N","A","H","-","B","D","1","Y","D","22",0,0,1,0,0,0,0,0,0,"-","-","WEST SACRAMENTO","YOLO","CA",-121.53916,38.57509
"6847691",-122.157029,38.7581721,2015,"5700","3","6","4","08",0,1,"E",,,,,"Y",2400,1,"E","I","A","RT 16","COUNTY ROAD 75A",528,"E","N","2016-09-07",9280,"2015-01-24",2253,"17874",,"3","9","0","1",,"2","034","-","Y","YOL",3,16,"-","-",17.43,"H","-","W","Y",1,"A","-",22107,,"N","B","H","-","D","D","0","Y","D","22",0,0,1,0,0,0,0,0,0,"-","-","UNINCORPORATED","YOLO","CA",-121.15628,38.75716
"6847687",-121.5728747,38.5748399,2015,"5704","1","4","4","01",0,2,"E",,,,,,300,1,"B","C","A","RT 80","WEST CAPITOL AV",528,"W","N","2016-09-22",9280,"2015-01-15",5,"017874",,"3","4","0","1",,"2","010","-","Y","YOL",3,80,"-","-",9.3,"H","-","E","Y",2,"A","-",23152,"A","F","B","H","-","C","D","1","Y","D","22",0,0,2,0,0,0,0,0,0,"-","-","WEST SACRAMENTO","YOLO","CA",-121.57715,38.57423
"6847056",-121.7561632,38.677355,2015,"5703","0","1","4","07",0,1,"A",,"Y",,,"Y",1200,2,"B","G","A","EAST MAIN ST","MATMOR RD",0,"W","N","2015-04-01",5703,"2015-02-09",1015,"2826","11","5","4","0","0",,"0","001","-","N",,0,0,,,0,,,,"N",2,"A","-",21658,"A","F","A","H","-","A","A","0","Y","L","04",0,0,1,0,0,0,1,0,0,"-","-","WOODLAND","YOLO","CA",0,0
"6846767",-121.7564932,38.662865,2015,"5703","0","7","3","12",0,1,"C",,,,,,1500,2,"D","C","A","EAST GIBSON RD","MATMOR RD",0,,"Y","2015-03-18",5703,"2015-02-08",1420,"2826","33","5","4","0","0",,"0","004","-","N",,0,0,,,0,,,,"Y",2,"A","-",21453,"A","N","B","H","-","A","A","0","Y","D","22",0,1,0,0,0,0,0,0,0,"-","-","WOODLAND","YOLO","CA",0,0
"6845098",-121.7040363,38.5548135,2015,"5701","0","7","4","03",0,1,"B",,,,,,2100,2,"C","E","A","ARROYO AV","VALEROSA WY",60,"W","N","2015-03-13",5701,"2015-02-08",1847,"45","7","5","5","0","0",,"0","003","-","N",,0,0,,,0,,,,"N",2,"A","-",22350,,"N","B","H","-","C","A","0","Y","A","01",0,0,1,0,0,0,0,0,0,"-","-","DAVIS","YOLO","CA",0,0
"6843818",0,0,2015,"5703","0","6","4","08",0,2,"A",,,,,,1200,2,"D","C","A","GIBSON RD","COLLENE ST",398,"E","N","2015-03-19",5703,"2015-02-21",935,"2865","14","5","4","0","0",,"0","004","-","N",,0,0,,,0,,,,"Y",2,"A","-",22107,,"N","A","H","-","A","D","0","Y","A","01",0,0,2,0,0,0,0,0,0,"-","-","WOODLAND","YOLO","CA",0,0
"6843041",-121.7435939,38.5469031,2015,"5701","0","3","3","03",0,1,"A",,"Y",,,,900,1,"H","G","A","5TH ST","D ST",100,"W","N","2015-03-30",5701,"2015-01-07",853,"88","4","5","5","0","0",,"0","002","-","N",,0,0,,,0,,,,"N",2,"A","-",22350,,"N","A","H","-","A","D","0","Y","L","04",0,1,0,0,0,0,1,0,0,"-","-","DAVIS","YOLO","CA",0,0
"6839917",-121.7461431,38.549365,2015,"5701","0","2","3","09",0,1,"A",,,,,,1800,2,"D","C","A","B ST","7TH ST",0,,"Y","2016-04-06",5701,"2015-02-10",1510,"94","4","5","5","0","0",,"0","002","-","N",,0,0,,,0,,,,"N",2,"A","-",21802,"A","N","A","H","-","A","A","0","Y","A","01",0,1,0,0,0,0,0,0,0,"-","-","DAVIS","YOLO","CA",-121.74606,38.54932
"6836122",-121.7262772,38.5456055,2015,"5701","1","5","4","07",0,1,"C",,,"Y",,,1800,2,"B","C","A","RT 80","POLE LINE RD",200,"W","N","2016-09-22",9280,"2015-02-06",1715,"016929",,"2","5","0","1",,"2","010","-","Y","YOL",3,80,"-","-",0.85,"H","-","E","Y",2,"A","-",21658,"A","N","B","H","-","D","D","1","Y","A","01",0,0,1,0,0,0,0,0,1,"-","-","DAVIS","YOLO","CA",-121.72711,38.54539
"6836121",-121.6299328,38.5650196,2015,"5700","1","6","4","01",0,3,"B",,,,,"Y",1800,2,"C","C","A","RT 80","WEBSTER RD",2112,"E","N","2016-09-22",9280,"2015-02-07",1520,"016214",,"2","9","0","1",,"2","010","-","Y","YOL",3,80,"-","-",6.21,"H","-","W","Y",2,"A","-",23153,"A","F","A","H","-","A","D","1","Y","A","01",0,0,3,0,0,0,0,0,0,"-","-","UNINCORPORATED","YOLO","CA",-121.63225,38.56473
"6836120",-122.0073625,38.7371437,2015,"5700","5","3","3","08",0,1,"A",,,,,,2400,2,"F","A","A","COUNTY ROAD 87","COUNTY ROAD 17",307,"N","N","2015-03-11",9280,"2015-02-04",2330,"015079",,"3","9","0","3",,"2","003","-","N",,0,0,,,0,,,,"Y",1,"A","-",22107,,"F","A","H","-","D","D","0","Y","A","08",0,1,0,0,0,0,0,0,0,"-","-","UNINCORPORATED","YOLO","CA",-122.00649,38.73771
"6836118",0,0,2015,"5700","5","7","3","01",0,1,"A",,,,,"Y",1800,2,"E","I","A","COUNTY ROAD 89","COUNTY ROAD 6",1552,"N","N","2015-03-11",9280,"2015-02-01",1615,"015485",,"2","9","0","3",,"2","003","-","N",,0,0,,,0,,,,"Y",1,"A","-",23152,"A","N","A","H","-","A","D","0","Y","A","01",0,1,0,0,0,0,0,0,0,"-","-","UNINCORPORATED","YOLO","CA",-121.5816,38.4341
"6833663",-121.5136331,38.584905,2015,"5704","0","5","4","08",0,1,"A",,"Y",,,,1800,2,"D","G","A","5TH ST","F ST",0,,"Y","2015-03-13",5704,"2015-02-20",1714,"00169",,"5","4","0","0",,"0","001","-","N",,0,0,,,0,,,,"N",2,"A","-",22107,,"N","A","H","-","A","A","0","Y","L","04",0,0,1,0,0,0,1,0,0,"-","-","WEST SACRAMENTO","YOLO","CA",0,0
"6833587",-121.7577025,38.6926585,2015,"5703","1","1","4","07",0,1,"A",,,,,"Y",2400,2,"B","C","A","RT 5","EAST ST",1977,"S","N","2016-09-22",9280,"2015-02-09",2318,"15128",,"3","4","0","1",,"2","020","-","Y","YOL",3,5,"-","R",7.89,"H","-","S","Y",2,"A","-",21658,"A","F","A","H","-","C","D","1","Y","-","99",0,0,1,0,0,0,0,0,0,"-","-","WOODLAND","YOLO","CA",-121.3857,38.3337
"6833586",-121.5182756,38.5731796,2015,"5704","2","3","4","03",0,1,"B",,,,,,900,2,"C","C","A","RT 50","SACRAMENTO/YOLO CO LINE",528,"W","N","2016-09-12",9280,"2015-02-11",830,"16632",,"1","4","0","1",,"2","011","-","Y","YOL",3,50,"-","-",2.92,"H","-","E","Y",3,"A","-",22350,,"N","A","H","-","A","D","1","Y","A","01",0,0,1,0,0,0,0,0,0,"-","-","WEST SACRAMENTO","YOLO","CA",-121.51901,38.57379
"6833585",0,0,2015,"5700","5","4","4","08",0,2,"A",,,,,,1800,2,"E","I","A","COUNTY ROAD 95","LOUISE LN",590,"S","N","2016-04-06",9280,"2015-02-12",1515,"15079",,"2","9","0","3",,"2","002","-","N",,0,0,,,0,,,,"Y",1,"A","-",22107,,"N","A","H","-","A","D","0","Y","A","07",0,0,2,0,0,0,0,0,0,"-","-","UNINCORPORATED","YOLO","CA",-121.85821,38.65609
"6833584",-121.7991055,38.7200263,2015,"5700","5","4","4","03",0,1,"A",,,,,,1500,2,"C","C","A","COUNTY ROAD 99W","COUNTY ROAD 18",10,"N","N","2015-03-12",9280,"2015-02-19",1338,"16144",,"1","9","0","3",,"2","002","-","N",,0,0,,,0,,,,"Y",2,"A","-",22350,,"N","A","H","-","A","A","0","Y","A","01",0,0,1,0,0,0,0,0,0,"-","-","UNINCORPORATED","YOLO","CA",-121.79925,38.72003
"6828873",-121.5634531,38.5554851,2015,"5704","0","2","4","03",0,1,"A",,,,,,1800,2,"C","C","A","SOUTHPORT PKWY","RAMCO ST",0,,"Y","2015-03-11",5704,"2015-02-24",1727,"00165",,"5","4","0","0",,"0","003","-","N",,0,0,,,0,,,,"Y",2,"A","-",22350,,"N","A","H","-","A","A","0","Y","A","01",0,0,1,0,0,0,0,0,0,"-","-","WEST SACRAMENTO","YOLO","CA",0,0
"6828852",-121.5258018,38.5770651,2015,"5704","2","4","3","08",0,1,"B",,,,"Y",,900,2,"E","I","A","RT 50","JEFFERSON BL",528,"W","N","2016-09-12",9280,"2015-02-05",810,"017772",,"1","4","0","1",,"2","011","-","Y","YOL",3,50,"-","-",2.38,"H","-","E","Y",2,"A","-",22107,,"N","A","H","-","A","D","1","Y","A","01",0,1,0,0,0,0,0,0,0,"-","-","WEST SACRAMENTO","YOLO","CA",-121.52533,38.57706
"6828506",-121.7291702,38.7560529,2015,"5700","5","6","3","08",0,1,"A",,,,"Y",,900,2,"E","J","A","COUNTY ROAD 102","COUNTY ROAD 16",2640,"N","N","2015-03-16",9280,"2015-02-07",700,"017629",,"1","9","0","3",,"2","002","-","N",,0,0,,,0,,,,"Y",1,"A","-",22107,,"N","B","H","-","A","D","0","Y","F","25",0,1,0,0,0,0,0,0,0,"-","-","UNINCORPORATED","YOLO","CA",-121.72898,38.76458
"6824413",-121.5676843,38.5757909,2015,"5704","1","7","3","03",0,1,"B",,,,"Y",,1200,2,"D","C","A","RT 80","ENTERPRISE BL",655,"E","N","2016-09-22",9280,"2015-02-08",1047,"017883",,"1","4","0","1",,"2","010","C","Y","YOL",3,80,"-","-",9.54,"H","-","W","Y",2,"A","-",22350,,"N","B","H","-","A","D","1","Y","A","01",0,1,0,0,0,0,0,0,0,"-","-","WEST SACRAMENTO","YOLO","CA",-121.57021,38.5756
"6818157",-121.6420043,38.5626869,2015,"5701","1","1","3","08",0,2,"A",,,,,,300,1,"C","C","A","RT 80","COUNTY ROAD 32B",1056,"W","N","2016-09-22",9280,"2015-01-26",110,"014492",,"3","5","0","1",,"2","010","-","Y","YOL",3,80,"-","-",5.58,"H","-","E","Y",2,"A","-",22107,,"F","A","H","-","D","D","1","Y","A","01",0,1,1,0,0,0,0,0,0,"-","-","DAVIS","YOLO","CA",-121.65093,38.56106
"6818133",-121.5634143,38.6224029,2015,"5700","5","5","4","03",0,1,"A",,,,,,1800,1,"C","C","A","OLD RIVER RD","COUNTY ROAD 128A",801,"N","N","2015-02-26",9280,"2015-01-30",1710,"016214",,"2","9","0","3",,"2","001","-","N",,0,0,,,0,,,,"Y",2,"A","-",22350,,"N","A","H","-","A","D","0","Y","A","07",0,0,1,0,0,0,0,0,0,"-","-","UNINCORPORATED","YOLO","CA",-121.56355,38.62411
"6818129",-121.8581386,38.6590646,2015,"5700","5","1","3","08",0,1,"A",,,,,,300,1,"E","I","A","COUNTY ROAD 95","COUNTY ROAD 24",1584,"S","N","2015-02-27",9280,"2015-01-26",8,"016351",,"3","9","0","3",,"2","002","-","N",,0,0,,,0,,,,"Y",1,"A","-",22107,,"N","A","H","-","D","D","0","Y","A","01",0,1,0,0,0,0,0,0,0,"-","-","UNINCORPORATED","YOLO","CA",-121.85817,38.65995