"CASEID","POINT_X","POINT_Y","YEAR_","LOCATION","CHPTYPE","DAYWEEK","CRASHSEV","VIOLCAT","KILLED","INJURED","WEATHER1","PEDCOL","BICCOL","MCCOL","TRUCKCOL","ETOH","TIMECAT","MONTH_","CRASHTYP","INVOLVE","PED","PRIMARYRD","SECONDRD","DISTANCE","DIRECT","INTERSECT_","PROCDATE","JURIS","DATE_","TIME_","BADGE","JURIDIST","SHIFT","POP","SPECIAL","BEATTYPE","LAPDDIV","BEATCLAS","BEATNUMB","WEATHER2","STATEHW","CALTRANC","CALTRAND","STROUTE","ROUTESUF","POSTPRE","POSTMILE","LOCATYPE","RAMP","SIDEHW","TOWAWAY","PARTIES","PCF","VIOLCODE","VIOL","VIOLSUB","HITRUN","ROADSURF","RDCOND1","RDCOND2","LIGHTING","RIGHTWAY","CHPRDTYP","NOTPRIV","STFAULT","CHPFAULT","SEVINJ","OTHERINJ","COP","PEDKILL","PEDINJ","BICKILL","BICINJ","MCKILL","MCINJURE","RAMP1","RAMP2","CITY","COUNTY","STATE","X_CHP","Y_CHP"
"6818125",-121.5832443,38.5732259,2015,"5700","1","7","4","07",0,1,"A",,,,,,2400,1,"C","C","A","RT 80","ENTERPRISE BL",1000,"W","N","2016-09-22",9280,"2015-01-25",2100,"017800",,"2","9","0","1",,"2","010","-","Y","YOL",3,80,"-","-",8.99,"H","-","E","Y",3,"A","-",21658,"A","F","A","H","-","D","D","1","Y","A","01",0,0,1,0,0,0,0,0,0,"-","-","UNINCORPORATED","YOLO","CA",-121.59383,38.57128
"6818113",-121.6927549,38.673506,2015,"5700","1","5","4","08",0,1,"A",,,,,,1800,1,"E","I","A","RT 5","COUNTY ROAD 103",4752,"S","N","2016-09-22",9280,"2015-01-30",1745,"015492",,"2","9","0","1",,"2","020","-","Y","YOL",3,5,"-","-",3.59,"H","-","S","Y",1,"A","-",22107,,"N","A","H","-","B","D","1","Y","A","01",0,0,1,0,0,0,0,0,0,"-","-","UNINCORPORATED","YOLO","CA",-121.69299,38.67343
"6817867",-121.7675631,38.684665,2015,"5703","0","1","4","09",0,2,"A",,,,,,1500,2,"D","-","A","BEAMER ST","5TH ST",0,,"Y","2015-08-19",5703,"2015-02-02",1427,"2857","24","5","4","0","0",,"0","001","-","N",,0,0,,,0,,,,"Y",2,"A","-",21801,"A","N","A","H","-","A","D","0","Y","A","01",0,0,2,0,0,0,0,0,0,"-","-","WOODLAND","YOLO","CA",0,0
"6817747",-121.989624,38.9097123,2015,"5700","1","2","2","08",0,2,"A",,,"Y",,,600,2,"F","A","A","RT 5","COUNTY ROAD 2",528,"S","N","2016-09-22",9280,"2015-02-03",330,"15353",,"3","9","0","1",,"2","030","-","Y","YOL",3,5,"-","R",27.68,"H","-","N","Y",1,"A","-",22107,,"N","A","H","-","D","D","1","Y","C","02",1,0,1,0,0,0,0,0,2,"-","-","UNINCORPORATED","YOLO","CA",-121.98935,38.90941
"6816457",0,0,2015,"5700","5","1","4","08",0,1,"A",,,,,,1800,2,"E","I","A","COUNTY ROAD 31","RT 505",2640,"W","N","2016-04-18",9280,"2015-02-02",1715,"015128",,"2","9","0","3",,"2","003","-","N",,0,0,,,0,,,,"Y",1,"A","-",22107,,"N","A","H","-","A","D","0","Y","A","07",0,0,1,0,0,0,0,0,0,"-","-","UNINCORPORATED","YOLO","CA",-121.96364,38.56187
"6816079",-121.5467057,38.5751133,2015,"5704","2","1","4","03",0,3,"A",,,,,,1800,1,"C","C","A","RT 50","HARBOR BL",100,"E","N","2016-09-12",9280,"2015-01-19",1638,"17800",,"2","4","0","1",,"2","011","-","Y","YOL",3,50,"-","-",1.22,"H","-","W","Y",3,"A","-",22350,,"N","A","H","-","A","D","1","Y","A","01",0,0,3,0,0,0,0,0,0,"-","-","WEST SACRAMENTO","YOLO","CA",-121.5479,38.57509
"6816075",0,0,2015,"5700","5","6","3","08",0,3,"B",,,,,,1500,1,"E","I","A","COUNTY ROAD 29","COUNTY ROAD 98",250,"W","N","2015-03-04",9280,"2015-01-17",1420,"12272",,"2","9","0","3",,"2","002","-","N",,0,0,,,0,,,,"Y",1,"A","-",22107,,"N","A","H","-","A","A","0","Y","A","07",0,1,2,0,0,0,0,0,0,"-","-","UNINCORPORATED","YOLO","CA",-121.8044,38.5903
"6816071",-121.5566622,38.5751886,2015,"5704","2","5","3","18",0,4,"A",,,,,,2100,1,"C","C","A","RT 50","RT 80",1057,"E","N","2016-09-12",9280,"2015-01-02",1804,"15492",,"2","4","0","1",,"2","011","-","Y","YOL",3,50,"-","-",0.66,"H","-","W","Y",2,"C","-",0,,"N","A","H","-","C","D","1","Y","-","-",0,1,3,0,0,0,0,0,0,"-","-","WEST SACRAMENTO","YOLO","CA",-121.55909,38.57527
"6816051",-121.7549901,38.6192059,2015,"5700","5","3","3","08",0,1,"B",,,,,,1800,1,"F","A","A","COUNTY ROAD 27","COUNTY ROAD 100A",2112,"E","N","2015-03-04",9280,"2015-01-21",1640,"15492",,"2","9","0","3",,"2","002","-","N",,0,0,,,0,,,,"Y",1,"A","-",22107,,"N","A","H","-","A","D","0","Y","A","01",0,1,0,0,0,0,0,0,0,"-","-","UNINCORPORATED","YOLO","CA",-121.75271,38.61915
"6816047",-121.5203844,38.5751017,2015,"5704","2","4","4","03",0,2,"A",,,,,,1800,1,"C","C","A","RT 50","JEFFERSON BL",1056,"E","N","2016-09-12",9280,"2015-01-22",1655,"15492",,"2","4","0","1",,"2","011","-","Y","YOL",3,50,"-","-",2.72,"H","-","E","Y",2,"A","-",22350,,"N","A","H","-","A","D","1","Y","A","07",0,0,2,0,0,0,0,0,0,"-","-","WEST SACRAMENTO","YOLO","CA",-121.51806,38.57296
"6816043",-121.8564512,38.5484435,2015,"5700","5","5","4","03",0,2,"B",,,,,,1800,1,"F","A","A","RUSSELL BL","COUNTY ROAD 95A",185,"N","N","2015-03-04",9280,"2015-01-16",1635,"15079",,"2","9","0","3",,"2","003","-","N",,0,0,,,0,,,,"Y",1,"A","-",22350,,"N","B","H","-","A","D","0","Y","A","01",0,0,2,0,0,0,0,0,0,"-","-","UNINCORPORATED","YOLO","CA",-121.85639,38.54828
"6816039",-121.639141,38.5633677,2015,"5700","1","2","4","08",0,1,"B",,,,,,2100,1,"E","I","A","RT 80","WEBSTER ST",528,"W","N","2016-09-22",9280,"2015-01-27",2005,"13837",,"2","9","0","1",,"2","010","-","Y","YOL",3,80,"-","-",5.68,"H","-","W","Y",1,"A","-",22107,,"N","A","H","-","D","D","1","Y","A","01",0,0,1,0,0,0,0,0,0,"-","-","UNINCORPORATED","YOLO","CA",-121.64111,38.56304
"6816036",-121.7676632,38.5558151,2015,"5701","3","5","4","03",0,1,"A",,,,,,1800,1,"C","C","A","RT 113","COVELL BL",100,"S","N","2016-09-07",9280,"2015-01-23",1730,"15079",,"2","5","0","1",,"2","022","-","Y","YOL",3,113,"-","R",1.896,"R","1","N","Y",3,"A","-",22350,,"N","A","H","-","D","D","1","Y","A","01",0,0,1,0,0,0,0,0,0,"-","-","DAVIS","YOLO","CA",-121.76728,38.56019
"6816012",-121.5516842,38.5749498,2015,"5704","2","7","4","07",0,1,"A",,,,,,1200,1,"B","C","A","RT 50","HARBOR BL",1056,"W","N","2016-09-12",9280,"2015-01-11",1145,"17375",,"1","4","0","1",,"2","011","-","Y","YOL",3,50,"-","-",1.1,"H","-","E","N",3,"A","-",21658,"A","N","A","H","-","A","D","1","Y","A","01",0,0,1,0,0,0,0,0,0,"-","-","WEST SACRAMENTO","YOLO","CA",-121.55957,38.57511
"6816008",-121.5540331,38.5749551,2015,"5704","1","3","3","08",0,2,"A",,,,,,2400,1,"E","I","A","RT 80","RT 50",300,"N","N","2016-09-22",9280,"2015-01-14",2150,"16292",,"2","4","0","1",,"2","010","-","Y","YOL",3,50,"-","-",0.724,"R","2","E","Y",1,"A","-",22107,,"N","A","H","-","D","D","1","Y","A","01",0,1,1,0,0,0,0,0,0,"TO","-","WEST SACRAMENTO","YOLO","CA",-121.56301,38.57622
"6816004",-121.6877413,38.5544149,2015,"5701","1","3","4","03",0,2,"E",,,,,,900,1,"C","C","A","RT 80","MACE BL",1584,"E","N","2016-09-22",9280,"2015-01-21",830,"17629",,"1","5","0","1",,"2","010","-","Y","YOL",3,80,"-","-",2.98,"H","-","E","Y",3,"A","-",22350,,"N","B","H","-","A","D","1","Y","A","01",0,0,2,0,0,0,0,0,0,"-","-","DAVIS","YOLO","CA",-121.68486,38.55493
"6815914",-121.5675493,38.542894,2015,"5704","0","3","3","18",0,1,"A",,,,,,1500,2,"E","I","A","PROMENADE ST","GOLDEN GATE DR",200,"N","N","2015-03-05",5704,"2015-02-04",1235,"165",,"5","4","0","0",,"0","003","-","N",,0,0,,,0,,,,"Y",1,"C","-",0,,"N","A","H","-","A","D","0","Y","-","-",0,1,0,0,0,0,0,0,0,"-","-","WEST SACRAMENTO","YOLO","CA",0,0
"6815724",-121.8699105,38.6700713,2015,"5700","3","3","3","05",0,1,"A",,,,,,2100,1,"A","C","A","RT 16","COUNTY ROAD 94B",262,"E","N","2016-09-07",9280,"2015-01-21",1925,"017351",,"2","9","0","1",,"2","034","-","Y","YOL",3,16,"-","-",36.76,"H","-","E","Y",2,"A","-",21650,,"F","A","H","-","C","D","0","Y","A","08",0,1,0,0,0,0,0,0,0,"-","-","UNINCORPORATED","YOLO","CA",-121.86977,38.67056
"6814083",-121.9727132,38.522365,2015,"5702","0","5","4","09",0,1,"B",,,,,,1500,1,"D","C","A","2ND ST","EDWARDS ST",0,,"Y","2015-02-18",5702,"2015-01-09",1202,"532",,"5","2","0","0",,"0","00A","-","N",,0,0,,,0,,,,"Y",2,"A","-",21802,"A","N","A","H","-","A","A","0","Y","-",,0,0,1,0,0,0,0,0,0,"-","-","WINTERS","YOLO","CA",0,0
"6811917",-121.7159171,38.5488834,2015,"5701","0","5","4","03",0,1,"A",,,,,,1200,1,"C","C","A","2ND ST","PENA DR",100,"W","N","2016-04-06",5701,"2015-01-30",1145,"91","7","5","5","0","0",,"0","003","-","N",,0,0,,,0,,,,"N",2,"A","-",22350,,"N","A","H","-","A","D","0","Y","A","01",0,0,1,0,0,0,0,0,0,"-","-","DAVIS","YOLO","CA",-121.71677,38.54878
"6811913",-121.7587826,38.546419,2015,"5701","0","6","4","09",0,1,"A",,"Y",,,,1800,1,"H","G","A","ANDERSON RD","RUSSELL BL",75,"N","N","2015-02-27",5701,"2015-01-10",1736,"103","2","5","5","0","0",,"0","001","-","N",,0,0,,,0,,,,"N",2,"A","-",21804,"A","N","A","H","-","C","D","0","Y","A","01",0,0,1,0,0,0,1,0,0,"-","-","DAVIS","YOLO","CA",-121.75894,38.54725
"6811909",-121.7200732,38.547945,2015,"5701","0","2","4","09",0,1,"A",,"Y",,,,1800,1,"H","G","A","CANTRILL DR","2ND ST",0,,"Y","2016-04-06",5701,"2015-01-27",1650,"91","7","5","5","0","0",,"0","003","-","N",,0,0,,,0,,,,"N",2,"A","-",21802,"A","N","A","H","-","A","D","0","Y","A","01",0,0,1,0,0,0,1,0,0,"-","-","DAVIS","YOLO","CA",-121.71995,38.54816
"6811583",-121.7386232,38.540815,2015,"5701","0","1","4","09",0,1,"A",,"Y",,,,2100,1,"H","G","A","OLIVE DR","RICHARDS BL",0,,"Y","2016-04-06",5701,"2015-01-12",2000,"91","8","5","5","0","0",,"0","004","-","N",,0,0,,,0,,,,"N",2,"A","-",21801,"A","N","A","H","-","C","A","0","Y","A","01",0,0,1,0,0,0,1,0,0,"-","-","DAVIS","YOLO","CA",0,0
"6809148",-121.547143,38.5851122,2015,"5704","0","1","4","04",0,1,"A",,,,,,1500,2,"C","C","A","HARBOR BL","DULUTH ST",50,"N","N","2015-03-05",5704,"2015-02-09",1235,"00165",,"5","4","0","0",,"0","002","-","N",,0,0,,,0,,,,"Y",4,"A","-",21703,,"N","A","H","-","A","D","0","Y","A","01",0,0,1,0,0,0,0,0,0,"-","-","WEST SACRAMENTO","YOLO","CA",0,0
"6808970",-121.5339843,38.566999,2015,"5704","0","4","4","18",0,1,"A",,,,,,1500,2,"C","E","A","PARK BL","ACORN CT",75,"N","N","2015-03-06",5704,"2015-02-12",1207,"00173","WSPD","5","4","0","0",,"0","002","-","N",,0,0,,,0,,,,"Y",2,"C","-",0,,"N","A","H","-","A","D","0","Y","-","-",0,0,1,0,0,0,0,0,0,"-","-","WEST SACRAMENTO","YOLO","CA",0,0
"6804850",-121.5549041,38.5788792,2015,"5704","0","1","4","04",0,1,"B",,,,,,1200,1,"C","C","A","WEST CAPITOL AV","PINE ST",200,"E","N","2015-03-03",5704,"2015-01-19",1050,"00158","WSPD","5","4","0","0",,"0","002","-","N",,0,0,,,0,,,,"Y",2,"A","-",21703,,"N","A","H","-","A","D","0","Y","D","22",0,0,1,0,0,0,0,0,0,"-","-","WEST SACRAMENTO","YOLO","CA",0,0
"6802400",-121.5365331,38.5534051,2015,"5704","0","2","4","03",0,2,"B",,,,,,1500,1,"C","C","A","JEFFERSON BL","MANCHESTER ST",0,,"Y","2015-02-25",5704,"2015-01-27",1320,"00165",,"5","4","0","0",,"0","003","-","N",,0,0,,,0,,,,"Y",3,"A","-",22350,,"N","A","H","-","A","D","0","Y","A","08",0,0,2,0,0,0,0,0,0,"-","-","WEST SACRAMENTO","YOLO","CA",0,0
"6802359",-121.7009331,38.551105,2015,"5701","0","4","4","09",0,1,"A",,"Y",,,,2100,1,"H","G","A","CHILES RD","ENSENADA DR",0,,"Y","2015-02-25",5701,"2015-01-08",1815,"105","9","5","5","0","0",,"0","004","-","N",,0,0,,,0,,,,"N",2,"A","-",21801,"A","N","A","H","-","C","D","0","Y","A","08",0,0,1,0,0,0,1,0,0,"-","-","DAVIS","YOLO","CA",-121.701,38.5511
"6802355",-121.7749783,38.5464951,2015,"5701","0","1","4","03",0,1,"A",,,,,,1800,1,"C","C","A","RUSSELL BL","EISENHOWER ST",50,"E","N","2015-02-25",5701,"2015-01-05",1551,"94","1","5","5","0","0",,"0","001","-","N",,0,0,,,0,,,,"Y",2,"A","-",22350,,"N","A","H","-","A","D","0","Y","A","01",0,0,1,0,0,0,0,0,0,"-","-","DAVIS","YOLO","CA",-121.77497,38.54636
"6802354",-121.7522431,38.560855,2015,"5701","0","3","4","17",0,1,"A",,"Y",,,,1200,1,"D","G","A","COVELL BL","OAK AV",0,,"Y","2016-04-06",5701,"2015-01-07",1039,"91","4","5","5","0","0",,"0","002","-","N",,0,0,,,0,,,,"N",2,"A","-",21451,"A","N","A","H","-","A","A","0","Y","L","04",0,0,1,0,0,0,1,0,0,"-","-","DAVIS","YOLO","CA",0,0
"6802322",0,0,2015,"5704","0","5","3","05",0,1,"A",,,,,,600,1,"F","I","A","SOUTHPORT PKWY","LAKE WASHINGTON BL",1320,"S","N","2015-02-25",5704,"2015-01-30",448,"142",,"5","4","0","0",,"0","003","-","N",,0,0,,,0,,,,"Y",1,"A","-",21651,"A","N","A","H","-","C","D","0","Y","A","01",0,1,0,0,0,0,0,0,0,"-","-","WEST SACRAMENTO","YOLO","CA",0,0
"6802321",-121.5139782,38.5831379,2015,"5704","0","5","4","05",0,1,"A",,"Y",,,,2100,1,"D","G","A","5TH ST","WEST CAPITOL AV",250,"N","N","2015-02-25",5704,"2015-01-23",1812,"00116",,"5","4","0","0",,"0","001","-","N",,0,0,,,0,,,,"N",2,"A","-",21650,,"N","A","H","-","C","D","0","Y","L","04",0,0,1,0,0,0,1,0,0,"-","-","WEST SACRAMENTO","YOLO","CA",0,0
"6801601",-121.6941431,38.556515,2015,"5701","0","5","4","03",0,1,"A",,,,,,1200,1,"C","C","A","MACE BL","2ND ST",0,,"Y","2016-04-06",5701,"2015-01-16",1125,"94","7","5","5","0","0",,"0","003","-","N",,0,0,,,0,,,,"N",2,"A","-",22350,,"N","A","H","-","A","A","0","Y","D","22",0,0,1,0,0,0,0,0,0,"-","-","DAVIS","YOLO","CA",0,0
"6801482",-121.7319031,38.5429351,2015,"5701","0","7","4","05",0,1,"A",,"Y",,,,300,1,"H","G","A","RICHARDS BL","RT 80",0,,"Y","2016-09-22",5701,"2015-01-18",50,"91","8","5","5","0","0",,"0","004","-","Y","YOL",3,80,"-","-",0.451,"R","4","E","N",2,"A","-",21650,,"N","A","H","-","C","A","0","Y","L","04",0,0,1,0,0,0,1,0,0,"-","EO","DAVIS","YOLO","CA",0,0
"6801106",-121.7928848,38.6776051,2015,"5703","0","5","3","21",0,1,"A",,"Y",,,,2100,1,"D","G","A","W MAIN ST","COTTONWOOD ST",42240,"E","N","2015-02-27",5703,"2015-01-09",1843,"2927","52","5","4","0","0",,"0","003","-","N",,0,0,,,0,,,,"N",2,"A","-",22106,,"N","A","H","-","C","A","0","Y","L","04",0,1,0,0,0,0,1,0,0,"-","-","WOODLAND","YOLO","CA",0,0
"6799547",-121.7902187,38.6775901,2015,"5703","0","6","4","03",0,1,"A",,"Y",,,,1200,1,"D","G","A","W MAIN ST","CALIFORNIA ST",444,"W","N","2015-03-30",5703,"2015-01-10",935,"2865","52","5","4","0","0",,"0","003","-","N",,0,0,,,0,,,,"N",2,"A","-",22350,,"N","A","H","-","A","D","0","Y","-","-",0,0,1,0,0,0,1,0,0,"-","-","WOODLAND","YOLO","CA",0,0
"6797558",-121.557528,38.5752414,2015,"5704","2","5","4","03",0,2,"A",,,,,,2100,1,"C","C","A","RT 50","HARBOR BL",2640,"W","N","2016-09-12",9280,"2015-01-02",1806,"016929",,"2","4","0","1",,"2","011","-","Y","YOL",3,50,"-","-",0.6,"H","-","W","Y",2,"A","-",22350,,"N","A","H","-","D","D","1","Y","A","01",0,0,2,0,0,0,0,0,0,"-","-","WEST SACRAMENTO","YOLO","CA",-121.55895,38.57528
"6797557",-121.5834624,38.3718751,2015,"5700","3","6","4","03",0,1,"A",,,,,,1800,1,"C","E","A","RT 84","HAMILTON RD",242,"N","N","2016-09-07",9280,"2015-01-10",1738,"016214",,"2","9","0","1",,"2","013","-","Y","YOL",3,84,"-","-",7.09,"H","-","N","Y",2,"A","-",22350,,"N","A","H","-","D","D","0","Y","A","01",0,0,1,0,0,0,0,0,0,"-","-","UNINCORPORATED","YOLO","CA",-121.58317,38.37907
"6797556",-121.7327131,38.5426051,2015,"5701","1","3","3","01",0,1,"A",,,,,,1800,1,"E","I","A","RT 80","RICHARDS BL",110,"E","N","2016-09-22",9280,"2015-01-14",1505,"015492",,"2","5","0","1",,"2","010","-","Y","YOL",3,80,"-","-",0.39,"R","2","W","Y",1,"A","-",23152,"E","N","A","H","-","A","D","1","Y","A","01",0,1,0,0,0,0,0,0,0,"TO","-","DAVIS","YOLO","CA",-121.73525,38.54117
"6797555",-121.5638155,38.575757,2015,"5704","1","5","4","03",0,1,"B",,,,,,1800,1,"C","C","A","RT 80","REED AV",3168,"W","N","2016-09-22",9280,"2015-01-16",1600,"015492",,"2","4","0","1",,"2","010","-","Y","YOL",3,80,"-","R",10.5,"H","-","E","N",2,"A","-",22350,,"N","B","H","-","A","D","1","Y","A","07",0,0,1,0,0,0,0,0,0,"-","-","WEST SACRAMENTO","YOLO","CA",-121.5584,38.58271
"6797554",0,0,2015,"5700","3","5","3","08",0,1,"B",,,,,,1200,1,"E","I","A","COUNTY ROAD 85","COUNTY ROAD 16A",5280,"S","N","2015-02-25",9280,"2015-01-16",940,"017772",,"1","9","0","1",,"2","034","-","N",,0,0,,,0,,,,"Y",1,"A","-",22107,,"N","B","H","-","A","D","0","Y","A","01",0,1,0,0,0,0,0,0,0,"-","-","UNINCORPORATED","YOLO","CA",-122.0454,38.73341
"6797553",-121.9973346,38.9208357,2015,"5700","1","5","2","07",0,2,"A",,,,,,1800,1,"E","A","A","RT 5","BUCKEYE CREEK BRIDGE",3,"N","N","2016-09-22",9280,"2015-01-09",1640,"015492",,"2","9","0","1",,"2","031","-","Y","YOL",3,5,"-","R",28.58,"H","-","S","Y",2,"A","-",21658,"A","N","A","H","-","A","D","1","Y","A","01",1,0,1,0,0,0,0,0,0,"-","-","UNINCORPORATED","YOLO","CA",-121.9981,38.92189
"6797552",-121.9531541,38.5461927,2015,"5700","1","6","2","07",0,3,"A",,,,,,1200,1,"B","C","A","RT 505","RT 128",5280,"N","N","2016-09-07",9280,"2015-01-10",1010,"015168",,"1","9","0","1",,"2","031","-","Y","YOL",3,505,"-","-",1.4,"H","-","S","Y",2,"A","-",21658,"A","N","A","H","-","A","D","1","Y","A","01",1,2,0,0,0,0,0,0,0,"-","-","UNINCORPORATED","YOLO","CA",-121.95325,38.54482
"6797551",-121.630661,38.5647439,2015,"5700","1","4","4","01",0,4,"B",,,,,"Y",600,1,"C","C","A","RT 80","WEBSTER AV",2112,"E","N","2016-09-22",9280,"2015-01-01",317,"014492",,"3","9","0","1",,"2","010","-","Y","YOL",3,80,"-","-",6.22,"H","-","E","Y",2,"A","-",23152,"A","N","A","H","-","D","D","1","Y","A","01",0,0,4,0,0,0,0,0,0,"-","-","UNINCORPORATED","YOLO","CA",-121.62946,38.56501
"6797550",0,0,2015,"5700","5","4","2","08",0,3,"A",,,,,,1500,1,"E","I","A","OLD RIVER RD","OLD RIVER RD 20508",528,"S","N","2015-03-30",9280,"2015-01-01",1200,"016632",,"1","9","0","3",,"2","002","-","N",,0,0,,,0,,,,"Y",1,"A","-",22107,,"N","A","H","-","A","D","0","Y","A","07",1,1,1,0,0,0,0,0,0,"-","-","UNINCORPORATED","YOLO","CA",-121.56712,38.64375
"6797077",-121.5651672,38.5756692,2015,"5704","2","4","4","06",0,1,"A",,,,"Y",,1200,1,"B","C","A","RT 50","W CAPITOL BL",50,"E","N","2016-09-12",9280,"2015-01-15",916,"15168",,"1","4","0","1",,"2","011","-","Y","YOL",3,50,"-","-",0.2,"H","-","W","Y",3,"A","-",21755,,"N","A","H","-","A","D","1","Y","A","01",0,0,1,0,0,0,0,0,0,"-","-","WEST SACRAMENTO","YOLO","CA",-121.56734,38.57588
"6797073",0,0,2015,"5700","5","3","4","09",0,1,"B",,,,,,1800,1,"D","C","A","PRIMATE DR","COUNTY ROAD 98",0,,"Y","2015-02-26",9280,"2015-01-14",1540,"016214",,"2","9","0","3",,"2","002","-","N",,0,0,,,0,,,,"Y",2,"A","-",21802,"A","N","A","H","-","A","A","0","Y","A","01",0,0,1,0,0,0,0,0,0,"-","-","UNINCORPORATED","YOLO","CA",-121.80334,38.53982
"6785520",0,0,2015,"5704","0","4","3","17",0,1,"A",,"Y",,,,1200,1,"C","G","A","TOWER BRIDGE GATEWAY","GARDEN ST",20,"E","N","2015-02-24",5704,"2015-01-08",930,"00170","WSPD","5","4","0","0",,"0","002","-","N",,0,0,,,0,,,,"N",2,"A","-",21209,"A","N","A","H","-","A","A","0","Y","A","01",0,1,0,0,0,0,1,0,0,"-","-","WEST SACRAMENTO","YOLO","CA",0,0
"6780665",-121.7672032,38.675565,2015,"5703","0","4","3","05",0,1,"A",,,,,,2100,1,"E","I","A","LINCOLN AV","6TH ST",0,,"Y","2015-02-18",5703,"2015-01-08",2031,"832","11","5","4","0","0",,"0","001","-","N",,0,0,,,0,,,,"Y",1,"A","-",21650,,"N","A","H","-","C","A","0","Y","J","48",0,1,0,0,0,0,0,0,0,"-","-","WOODLAND","YOLO","CA",0,0
"6777898",-121.5180631,38.5883751,2015,"5704","0","1","3","05",0,1,"E",,,,,"Y",300,1,"F","A","A","SACRAMENTO AV","REUTER DR",0,,"Y","2015-02-18",5704,"2015-01-19",104,"114",,"5","4","0","0",,"0","001","-","N",,0,0,,,0,,,,"Y",1,"A","-",21650,,"M","A","H","-","C","D","0","Y","A","01",0,1,0,0,0,0,0,0,0,"-","-","WEST SACRAMENTO","YOLO","CA",0,0
"6775009",-121.7609232,38.539075,2015,"5701","0","7","4","09",0,1,"A",,"Y",,,,1800,1,"D","G","A","HUTCHINSON DR","LARUE RD",0,,"Y","2015-02-24",5701,"2015-01-04",1620,"1060","UCD","5","5","0","0",,"0",,"-","N",,0,0,,,0,,,,"N",2,"A","-",21804,"A","N","A","H","-","A","A","0","Y","L","04",0,0,1,0,0,0,1,0,0,"-","-","DAVIS","YOLO","CA",0,0
"6770526",-121.5340031,38.580255,2015,"5704","0","2","4","12",0,1,"A",,,,,,1800,1,"D","C","A","WEST CAPITOL AV","POPLAR AV",0,,"Y","2015-02-20",5704,"2015-01-06",1605,"00141",,"5","4","0","0",,"0","002","-","N",,0,0,,,0,,,,"N",2,"A","-",21453,"A","N","A","H","-","A","A","0","Y","A","01",0,0,1,0,0,0,0,0,0,"-","-","WEST SACRAMENTO","YOLO","CA",0,0
"6678146",-121.5387031,38.5908351,2015,"5704","0","3","1","00",1,0,"A","Y",,,,,1800,12,"G","B","B","SACRAMENTO AV","YOLO ST",0,,"Y","2016-02-19",5704,"2015-12-16",1715,"00165",,"5","4","0","0",,"0","001","-","N",,0,0,,,0,,,,"Y",2,"A","-",21950,,"N","A","H","-","D","D","0","Y","A","01",0,0,0,1,0,0,0,0,0,"-","-","WEST SACRAMENTO","YOLO","CA",0,0
"6292686",-121.9534623,38.6913235,2015,"5700","1","6","1","01",4,1,"A",,,,,"Y",2400,5,"A","C","A","RT 505","RT 16",4224,"N","N","2015-11-04",9280,"2015-05-02",2221,"15485",,"3","9","0","1",,"2","031","-","Y","YOL",3,505,"-","-",11.38,"H","-","N","Y",2,"A","-",23152,"A","N","A","H","-","C","D","1","Y","A","01",0,1,0,0,0,0,0,0,0,"-","-","UNINCORPORATED","YOLO","CA",-121.95334,38.69054
"6292342",-121.5181492,38.5734212,2015,"5704","2","1","1","08",1,0,"A","Y",,,"Y",,2100,2,"G","B","E","RT 50","SACRAMENTO/YOLO CO LINE",1584,"W","N","2016-12-22",9280,"2015-02-23",2045,"15353",,"2","4","0","1",,"2","011","-","Y","YOL",3,50,"-","-",2.86,"H","-","W","Y",3,"A","-",22107,,"F","A","H","-","C","D","1","Y","G","27",0,0,0,1,0,0,0,0,0,"-","-","WEST SACRAMENTO","YOLO","CA",-121.5195,38.57481
"6292275",-121.5244332,38.575025,2015,"5704","0","5","1","03",1,0,"A",,,"Y",,,2400,3,"D","C","A","JEFFERSON BL","WEBSTER ST",0,,"Y","2015-06-22",5704,"2015-03-13",2349,"108","5704","5","4","0","0",,"0","002","-","N",,0,0,,,0,,,,"Y",2,"A","-",22350,,"N","A","H","-","C","D","0","Y","C","02",0,0,0,0,0,0,0,1,0,"-","-","WEST SACRAMENTO","YOLO","CA",0,0
"6292217",-121.8032081,38.5749886,2015,"5700","5","7","1","01",1,0,"A",,,,,"Y",900,3,"E","I","A","COUNTY ROAD 98","COUNTY ROAD 30",381,"S","N","2015-06-02",9280,"2015-03-29",837,"17800",,"1","9","0","3",,"2","002","-","N",,0,0,,,0,,,,"Y",1,"A","-",23152,"A","N","A","H","-","A","D","0","Y","A","01",0,0,0,0,0,0,0,0,0,"-","-","UNINCORPORATED","YOLO","CA",-121.80301,38.57524
"6292171",-121.5601194,38.5039216,2015,"5704","0","5","1","05",1,0,"A",,,,,,900,3,"E","I","A","SOUTH RIVER RD","BURROWS AV",2180,"S","N","2015-05-15",5704,"2015-03-13",730,"173","WSPD","5","4","0","0",,"0","003","-","N",,0,0,,,0,,,,"Y",1,"A","-",21650,,"N","A","H","-","A","D","0","Y","A","07",0,0,0,0,0,0,0,0,0,"-","-","WEST SACRAMENTO","YOLO","CA",0,0