"CASEID","POINT_X","POINT_Y","YEAR_","LOCATION","CHPTYPE","DAYWEEK","CRASHSEV","VIOLCAT","KILLED","INJURED","WEATHER1","PEDCOL","BICCOL","MCCOL","TRUCKCOL","ETOH","TIMECAT","MONTH_","CRASHTYP","INVOLVE","PED","PRIMARYRD","SECONDRD","DISTANCE","DIRECT","INTERSECT_","PROCDATE","JURIS","DATE_","TIME_","BADGE","JURIDIST","SHIFT","POP","SPECIAL","BEATTYPE","LAPDDIV","BEATCLAS","BEATNUMB","WEATHER2","STATEHW","CALTRANC","CALTRAND","STROUTE","ROUTESUF","POSTPRE","POSTMILE","LOCATYPE","RAMP","SIDEHW","TOWAWAY","PARTIES","PCF","VIOLCODE","VIOL","VIOLSUB","HITRUN","ROADSURF","RDCOND1","RDCOND2","LIGHTING","RIGHTWAY","CHPRDTYP","NOTPRIV","STFAULT","CHPFAULT","SEVINJ","OTHERINJ","COP","PEDKILL","PEDINJ","BICKILL","BICINJ","MCKILL","MCINJURE","RAMP1","RAMP2","CITY","COUNTY","STATE","X_CHP","Y_CHP"
"7096576",0,0,2014,"5703","0","2","3","10",0,1,"A","Y",,,,,1200,9,"G","B","B","PIONEER AV","FARMERS CENTRAL RD",0,,"Y","2015-10-15",5703,"2014-09-23",1054,"2882","57","5","4","0","0",,"0","004","-","N",,0,0,,,0,,,,"N",2,"A","-",21950,"A","N","A","H","-","A","D","0","Y","A","01",0,1,0,0,1,0,0,0,0,"-","-","WOODLAND","YOLO","CA",0,0
"6977028",-121.7708932,38.553465,2014,"5701","0","3","4","08",0,1,"A",,"Y",,,,900,7,"D","G","A","ARTHUR ST","COLUSA AV",0,,"Y","2015-07-09",5701,"2014-07-23",820,"72","1","5","5","0","0",,"0","001","-","N",,0,0,,,0,,,,"N",2,"A","-",22107,,"N","A","H","-","A","D","0","Y","L","04",0,0,1,0,0,0,1,0,0,"-","-","DAVIS","YOLO","CA",-121.77089,38.55336
"6905922",-121.8029031,38.619625,2014,"5700","4","4","2","09",0,2,"A",,,,,,900,7,"D","C","A","COUNTY RD 98","COUNTY RD 27",0,,"Y","2015-12-21",9280,"2014-07-03",744,"16214",,"1","9","0","2",,"2","025","-","N",,0,0,,,0,,,,"Y",2,"A","-",21802,"A","N","A","-","-","A","D","0","Y","A","01",2,0,0,0,0,0,0,0,0,"-","-","UNINCORPORATED","YOLO","CA",-121.80293,38.61956
"6883275",0,0,2014,"5700","5","6","4","03",0,1,"A",,,,,,600,6,"F","I","A","COUNTY ROAD 102","COUNTY ROAD 29",1056,"S","N","2015-04-20",9280,"2014-06-21",320,"17874",,"3","9","0","3",,"2","002","-","N",,0,0,,,0,,,,"Y",1,"A","-",22350,,"N","A","H","-","-","D","0","Y","A","01",0,0,1,0,0,0,0,0,0,"-","-","UNINCORPORATED","YOLO","CA",-121.73037,38.58702
"6866281",-121.7705532,38.546465,2014,"5701","0","1","3","12",0,1,"A",,"Y",,,,2400,12,"H","G","A","RUSSELL BL","ARTHUR ST",0,,"Y","2015-04-14",5701,"2014-12-08",2209,"79","1","5","5","0","0",,"0","001","-","N",,0,0,,,0,,,,"N",2,"A","-",21453,"A","N","A","H","-","D","A","0","Y","A","01",0,1,0,0,0,0,1,0,0,"-","-","DAVIS","YOLO","CA",0,0
"6854110",-121.7652432,38.7094451,2014,"5700","3","4","1","09",1,1,"A",,,,"Y",,600,10,"D","C","A","RT 113","COUNTY ROAD 18C",20,"S","N","2015-04-06",9280,"2014-10-16",450,"13399",,"3","9","0","1",,"2","023","-","Y","YOL",3,113,"-","-",12.33,"I","5","N","Y",2,"A","-",21802,"A","N","A","H","-","D","A","0","Y","A","01",0,1,0,0,0,0,0,0,0,"-","-","UNINCORPORATED","YOLO","CA",-121.76524,38.70945
"6854026",-121.9711032,38.530855,2014,"5702","0","7","1","08",1,0,"A",,,,,,1200,11,"D","C","A","RAILROAD AV","NIEMANN ST",0,,"Y","2015-03-20",5702,"2014-11-09",1114,"531","5702","5","2","0","0",,"0","00C","-","N",,0,0,,,0,,,,"Y",2,"A","-",22107,,"N","A","H","-","A","D","0","Y","-",,0,0,0,0,0,0,0,0,0,"-","-","WINTERS","YOLO","CA",0,0
"6827374",-121.9838926,38.5202581,2014,"5702","0","4","3","01",0,1,"A",,,,,"Y",300,12,"E","I","A","GRANT AV","TAYLOR ST",243,"E","N","2016-06-23",5702,"2014-12-25",3,"537","D","5","2","0","0",,"0","PATROL","-","Y","YOL",3,128,"-","-",7.98,"H","-","W","Y",1,"A","-",23152,"A","N","A","H","-","C","A","0","Y","-",,0,1,0,0,0,0,0,0,0,"-","-","WINTERS","YOLO","CA",0,0
"6811066",-121.7443031,38.542665,2014,"5701","0","2","4","12",0,1,"E",,,,,,300,12,"D","C","A","B ST","2ND ST",0,,"Y","2015-02-13",5701,"2014-12-09",134,"38","4","5","5","0","0",,"0","002","-","N",,0,0,,,0,,,,"N",2,"A","-",22450,"A","F","A","H","-","C","A","0","Y","A","01",0,0,1,0,0,0,0,0,0,"-","-","DAVIS","YOLO","CA",-121.74381,38.54268
"6804854",-121.5487132,38.5795191,2014,"5704","0","2","3","09",0,1,"B",,,,,,1800,12,"F","C","A","HARBOR BL","WEST CAPITOL AV",100,"N","N","2015-02-13",5704,"2014-12-16",1630,"00158","WSDP","5","4","0","0",,"0","002","-","N",,0,0,,,0,,,,"Y",2,"A","-",21804,,"N","A","H","-","B","A","0","Y","A","01",0,1,0,0,0,0,0,0,0,"-","-","WEST SACRAMENTO","YOLO","CA",0,0
"6803528",-121.7433859,38.5570614,2014,"5701","0","4","4","03",0,1,"A",,,,,,2100,12,"C","C","A","F ST","E 14TH ST",25,"N","N","2015-02-10",5701,"2014-12-18",1800,"109","4","5","5","0","0",,"0","002","-","N",,0,0,,,0,,,,"N",3,"A","-",22350,,"N","A","H","-","C","A","0","Y","A","01",0,0,1,0,0,0,0,0,0,"-","-","DAVIS","YOLO","CA",0,0
"6803527",-121.7473636,38.5493327,2014,"5701","0","2","4","18",0,1,"G",,,,,,1500,12,"H","J","A","7TH ST","A ST",100,"E","N","2015-02-10",5701,"2014-12-30",1300,"116","4","5","5","0","0",,"0","002","-","N",,0,0,,,0,,,,"Y",2,"C","-",0,,"N","A","H","-","A","D","0","Y","-","-",0,0,1,0,0,0,0,0,0,"-","-","DAVIS","YOLO","CA",-121.75171,38.54161
"6803526",-121.7386182,38.5606251,2014,"5701","0","3","4","03",0,1,"A",,"Y",,,,900,12,"H","G","A","EAST COVELL BL","J ST",10,"W","N","2015-02-10",5701,"2014-12-31",811,"60","5","5","5","0","0",,"0","002","-","N",,0,0,,,0,,,,"N",2,"A","-",22350,,"N","A","H","-","A","A","0","Y","L","04",0,0,1,0,0,0,1,0,0,"-","-","DAVIS","YOLO","CA",0,0
"6797994",-121.5560475,38.5864796,2014,"5704","1","7","3","03",0,1,"A",,,,,,1500,12,"C","C","A","RT 80","REED AV",1584,"W","N","2016-06-22",9280,"2014-12-28",1233,"016632",,"1","4","0","1",,"2","010","-","Y","YOL",3,80,"-","R",10.91,"H","-","W","Y",4,"A","-",22350,,"N","A","H","-","A","D","1","Y","A","01",0,1,0,0,0,0,0,0,0,"-","-","WEST SACRAMENTO","YOLO","CA",-121.5565,38.58571
"6787712",-121.7146331,38.5638049,2014,"5701","0","4","4","12",0,1,"A",,"Y",,,"Y",900,11,"H","G","A","EAST COVELL BL","MONARCH LN",0,,"Y","2016-02-18",5701,"2014-11-20",742,"91","6","5","5","0","0",,"0","003","-","N",,0,0,,,0,,,,"N",2,"A","-",22450,"A","N","A","H","-","A","A","0","Y","A","01",0,0,1,0,0,0,1,0,0,"-","-","DAVIS","YOLO","CA",-121.71244,38.55138
"6787692",-121.6576709,38.5600981,2014,"5700","1","6","4","18",0,1,"A",,,,,,1800,11,"B","C","A","RT 80","WEBSTER",5280,"W","N","2016-06-20",9280,"2014-11-15",1740,"015079",,"2","9","0","1",,"2","010","-","Y","YOL",3,80,"-","-",4.78,"H","-","E","Y",3,"C","-",0,,"N","A","H","-","D","D","1","Y","-","-",0,0,1,0,0,0,0,0,0,"-","-","UNINCORPORATED","YOLO","CA",-121.6477,38.56136
"6786722",-122.0545682,38.7083869,2014,"5700","3","7","3","08",0,1,"E",,,,,,900,12,"E","I","A","RT 16","2ND ST",104,"W","N","2016-07-05",9280,"2014-12-21",745,"012272",,"1","9","0","1",,"2","034","-","Y","YOL",3,16,"-","-",25.35,"H","-","E","N",1,"A","-",22107,,"N","B","H","-","B","A","0","Y","A","01",0,1,0,0,0,0,0,0,0,"-","-","UNINCORPORATED","YOLO","CA",-122.05435,38.70832
"6781884",-121.7334179,38.5619385,2014,"5701","0","1","4","08",0,2,"A",,,,,,1800,10,"D","C","A","EAST COVELL BL","L ST",609,"E","N","2015-01-23",5701,"2014-10-27",1618,"10","6","5","5","0","0",,"0","003","-","N",,0,0,,,0,,,,"Y",2,"A","-",22107,,"N","A","G","-","A","A","0","Y","A","01",0,0,2,0,0,0,0,0,0,"-","-","DAVIS","YOLO","CA",-121.73815,38.56614
"6781860",-121.6941765,38.5565067,2014,"5701","0","2","4","03",0,2,"A",,,,,,1800,10,"C","C","A","2ND ST","MACE BL",10,"W","N","2015-01-23",5701,"2014-10-21",1608,"10","7","5","5","0","0",,"0","00E","-","N",,0,0,,,0,,,,"N",2,"A","-",22350,,"N","A","H","-","A","B","0","Y","A","01",0,0,2,0,0,0,0,0,0,"-","-","DAVIS","YOLO","CA",-121.69439,38.55655
"6779538",-121.7050731,38.557925,2014,"5701","0","2","3","03",0,1,"B","Y",,,,,900,12,"G","B","B","ALHAMBRA AV","5TH ST",0,,"Y","2016-02-18",5701,"2014-12-09",822,"94","7","5","5","0","0",,"0","003","-","N",,0,0,,,0,,,,"N",2,"A","-",22350,,"N","A","H","-","A","A","0","Y","A","07",0,1,0,0,1,0,0,0,0,"-","-","DAVIS","YOLO","CA",-121.70534,38.558
"6776875",-121.7683813,38.677436,2014,"5703","0","4","4","03",0,1,"C",,,,,,600,12,"C","E","A","MAIN ST","5TH ST",28,"W","N","2015-04-20",5703,"2014-12-04",440,"2831","22","5","4","0","0",,"0","001","-","N",,0,0,,,0,,,,"Y",2,"A","-",22350,,"N","B","H","-","C","A","0","Y","-",,0,0,1,0,0,0,0,0,0,"-","-","WOODLAND","YOLO","CA",0,0
"6774199",-121.7420732,38.551375,2014,"5701","0","7","3","-",0,1,"A",,"Y",,,"Y",1800,10,"A","G","A","E 8TH ST","F ST",0,,"Y","2016-02-18",5701,"2014-10-12",1611,"10","4","5","5","0","0",,"0","002","-","N",,0,0,,,0,,,,"Y",2,"A","-",0,,"N","A","H","-","A","A","0","Y","-",,0,1,0,0,0,0,1,0,0,"-","-","DAVIS","YOLO","CA",-121.74076,38.55198
"6773679",-121.5576752,38.5834757,2014,"5704","1","5","4","03",0,1,"B",,,,,,1800,12,"C","C","A","RT 80","REED AV",2000,"W","N","2016-06-22",9280,"2014-12-12",1635,"16214",,"2","4","0","1",,"2","010","-","Y","YOL",3,80,"-","R",10.83,"H","-","E","Y",3,"A","-",22350,,"N","B","H","-","A","D","1","Y","A","01",0,0,1,0,0,0,0,0,0,"-","-","WEST SACRAMENTO","YOLO","CA",-121.55544,38.58712
"6773671",-121.7301432,38.6018024,2014,"5700","5","4","3","01",0,1,"C",,,,,"Y",1800,12,"F","A","A","COUNTY ROAD 102","COUNTY ROAD 28H",3696,"N","N","2015-02-05",9280,"2014-12-11",1650,"16144",,"2","9","0","3",,"2","002","-","N",,0,0,,,0,,,,"Y",1,"A","-",23152,"A","N","B","H","-","D","D","0","Y","A","01",0,1,0,0,0,0,0,0,0,"-","-","UNINCORPORATED","YOLO","CA",-121.73017,38.60417
"6773667",-121.8403431,38.561545,2014,"5701","5","6","3","06",0,2,"B",,,,,,1200,12,"B","C","A","COUNTY ROAD 31","COUNTY ROAD 96",0,,"Y","2015-02-05",9280,"2014-12-06",1040,"16632",,"1","5","0","3",,"2","002","-","N",,0,0,,,0,,,,"Y",2,"A","-",21755,,"N","A","H","-","A","D","0","Y","A","01",0,2,0,0,0,0,0,0,0,"-","-","DAVIS","YOLO","CA",-121.84079,38.56156
"6773663",-121.5190813,38.5739057,2014,"5704","2","3","4","09",0,2,"C",,,,,,2400,12,"C","C","A","RT 50","SOUTH RIVER RD",420,"W","N","2016-06-29",9280,"2014-12-17",2155,"16214",,"2","4","0","1",,"2","011","-","Y","YOL",3,50,"-","-",2.83,"H","-","E","Y",2,"A","-",21804,"A","N","B","D","-","C","A","1","Y","A","01",0,0,2,0,0,0,0,0,0,"-","-","WEST SACRAMENTO","YOLO","CA",-121.51998,38.5748
"6773660",-121.5930817,38.5716482,2014,"5704","1","7","4","18",0,1,"A",,,,,,1200,12,"E","J","A","RT 80","ENTERPRISE BL",4224,"W","N","2016-06-20",9280,"2014-12-28",1029,"16632",,"1","4","0","1",,"2","010","-","Y","YOL",3,80,"-","-",8.38,"H","-","W","N",2,"C","-",0,,"N","A","C","-","A","D","1","Y","-","-",0,0,1,0,0,0,0,0,0,"-","-","WEST SACRAMENTO","YOLO","CA",-121.59452,38.57134
"6773655",-121.693199,38.5527964,2014,"5701","1","4","4","08",0,1,"B",,,,"Y",,600,12,"D","C","A","RT 80","MACE BL",10,"E","N","2016-06-22",9280,"2014-12-18",550,"17629",,"3","5","0","1",,"2","010","-","Y","YOL",3,80,"-","-",2.68,"H","-","E","Y",2,"A","-",22107,,"N","B","H","-","D","D","1","Y","A","01",0,0,1,0,0,0,0,0,0,"-","-","DAVIS","YOLO","CA",-121.68798,38.55427
"6773648",-121.5558531,38.5751451,2014,"5704","2","3","4","03",0,1,"A",,,,,,1800,12,"C","C","A","RT 50","HARBOR BL",2112,"W","N","2016-06-29",9280,"2014-12-31",1540,"17874",,"2","4","0","1",,"2","011","-","Y","YOL",3,50,"-","-",0.8,"H","-","W","Y",4,"A","-",22350,,"N","A","H","-","A","D","1","Y","D","22",0,0,1,0,0,0,0,0,0,"-","-","WEST SACRAMENTO","YOLO","CA",-121.55578,38.57507
"6773643",-121.6199288,38.5668741,2014,"5700","1","7","2","07",0,1,"B",,,,"Y",,900,12,"C","C","A","RT 80","WEBSTER ST",5280,"E","N","2016-06-20",9280,"2014-12-21",641,"17375",,"1","9","0","1",,"2","010","-","Y","YOL",3,80,"-","-",6.8,"H","-","W","N",2,"A","-",21658,"A","N","A","H","-","D","D","1","Y","A","01",1,0,0,0,0,0,0,0,0,"-","-","UNINCORPORATED","YOLO","CA",-121.61899,38.56713
"6773542",-121.5530586,38.5749551,2014,"5704","2","4","3","03",0,1,"B",,,,,,1200,12,"E","I","A","RT 50","HARBOR BL",1848,"W","N","2016-06-29",9280,"2014-12-11",1030,"11706",,"1","4","0","1",,"2","011","C","Y","YOL",3,50,"-","-",0.88,"H","-","E","Y",1,"A","-",22350,,"N","B","H","-","A","D","1","Y","D","22",0,1,0,0,0,0,0,0,0,"-","-","WEST SACRAMENTO","YOLO","CA",-121.55495,38.57481
"6773170",-121.7654332,38.678075,2014,"5703","0","2","4","09",0,1,"A",,,,,,1200,12,"D","C","A","EAST ST","ARMFIELD AV",0,,"Y","2015-07-21",5703,"2014-12-16",924,"832","121","5","4","0","0",,"0","001","-","N",,0,0,,,0,,,,"Y",2,"A","-",21802,"A","N","A","H","-","A","A","0","Y","A","01",0,0,1,0,0,0,0,0,0,"-","-","WOODLAND","YOLO","CA",0,0
"6772624",-121.7705932,38.6787351,2014,"5703","0","3","3","10",0,1,"B","Y",,,,,900,12,"G","B","B","3RD ST","COURT ST",0,,"Y","2015-02-13",5703,"2014-12-17",635,"2806","22","5","4","0","0",,"0","001","-","N",,0,0,,,0,,,,"N",2,"A","-",21950,"A","N","B","H","-","C","A","0","Y","D","22",0,1,0,0,1,0,0,0,0,"-","-","WOODLAND","YOLO","CA",0,0
"6771062",-121.7528132,38.546325,2014,"5701","0","2","4","03",0,1,"B",,"Y",,,,2100,12,"H","G","A","RUSSELL BL","OAK AV",0,,"Y","2015-02-10",5701,"2014-12-16",1858,"113","4","5","5","0","0",,"0","002","C","N",,0,0,,,0,,,,"N",2,"A","-",22350,,"N","B","H","-","C","A","0","Y","L","04",0,0,1,0,0,0,0,0,0,"-","-","DAVIS","YOLO","CA",0,0
"6770444",-121.7749405,38.7788018,2014,"5700","3","5","2","12",0,3,"A",,,,,,1500,11,"D","C","A","RT 113","COUNTY ROAD 14",0,,"Y","2016-06-23",9280,"2014-11-07",1250,"017629",,"1","9","0","1",,"2","023","-","Y","YOL",3,113,"-","-",17.685,"I","5","S","Y",2,"A","-",22450,"A","N","A","H","-","A","A","0","Y","A","01",1,2,0,0,0,0,0,0,0,"-","-","UNINCORPORATED","YOLO","CA",-121.7749,38.77867
"6770443",-121.7268701,38.673659,2014,"5703","1","5","2","03",0,2,"B",,,,,,1800,11,"C","C","A","RT 5","COUNTY ROAD 102",253,"S","N","2016-06-24",9280,"2014-11-21",1757,"015079",,"2","4","0","1",,"2","020","-","Y","YOL",3,5,"-","-",5.49,"H","-","S","Y",3,"A","-",22350,,"N","A","H","-","D","D","1","Y","A","01",1,0,1,0,0,0,0,0,0,"-","-","WOODLAND","YOLO","CA",-121.72772,38.67372
"6770073",-121.7444635,38.5607788,2014,"5701","0","3","4","03",0,3,"B",,,,,,900,12,"C","C","A","WEST COVELL BL","F ST",100,"E","N","2016-02-18",5701,"2014-12-03",858,"91","3","5","5","0","0",,"0","001","C","N",,0,0,,,0,,,,"Y",2,"A","-",22350,,"N","B","H","-","A","A","0","Y","A","01",0,0,3,0,0,0,0,0,0,"-","-","DAVIS","YOLO","CA",-121.74375,38.55944
"6770054",-121.7564932,38.662865,2014,"5703","0","2","3","12",0,1,"A",,,,,,1200,12,"D","C","A","EAST GIBSON RD","MATMOR RD",0,,"Y","2015-02-18",5703,"2014-12-16",949,"2875","33","5","4","0","0",,"0","004","-","N",,0,0,,,0,,,,"Y",2,"A","-",21453,"A","N","A","H","-","A","A","0","Y","A","01",0,1,0,0,0,0,0,0,0,"-","-","WOODLAND","YOLO","CA",0,0
"6770037",-121.7010361,38.5516008,2014,"5701","1","2","4","17",0,1,"A",,,,,,1200,12,"E","A","A","RT 80","MACE BL",1584,"W","N","2016-06-22",9280,"2014-12-30",1047,"016632",,"1","5","0","1",,"2","010","-","Y","YOL",3,80,"-","-",2.38,"H","-","W","Y",2,"A","-",23114,"A","F","A","H","-","A","D","1","Y","-","99",0,0,1,0,0,0,0,0,0,"-","-","DAVIS","YOLO","CA",-121.70036,38.55165
"6770036",-122.1658278,38.768042,2014,"5700","3","4","4","08",0,1,"B",,,,,,1500,12,"F","I","A","RT 16","COUNTY ROAD 71",528,"W","N","2016-07-05",9280,"2014-12-18",1235,"017772",,"1","9","0","1",,"2","034","-","Y","YOL",3,16,"-","-",16.6,"H","-","E","Y",1,"A","-",22107,,"N","B","H","-","A","D","0","Y","A","01",0,0,1,0,0,0,0,0,0,"-","-","UNINCORPORATED","YOLO","CA",-122.16661,38.76882
"6770035",-121.5558531,38.5751451,2014,"5704","2","7","3","08",0,1,"A",,,,,,1800,12,"E","A","A","RT 50","HARBOR BL",2112,"W","N","2016-06-29",9280,"2014-12-21",1527,"015128",,"2","4","0","1",,"2","011","-","Y","YOL",3,50,"-","-",0.8,"H","-","W","Y",2,"A","-",22107,,"N","A","H","-","A","D","1","Y","A","01",0,1,0,0,0,0,0,0,0,"-","-","WEST SACRAMENTO","YOLO","CA",-121.55678,38.57514
"6770034",-121.7098791,38.549363,2014,"5701","1","1","4","03",0,1,"B",,,,,,900,12,"C","C","A","RT 80","MACE BL",4224,"W","N","2016-06-22",9280,"2014-12-22",753,"016632",,"1","5","0","1",,"2","010","-","Y","YOL",3,80,"-","-",1.88,"H","-","E","Y",2,"A","-",22350,,"N","A","H","-","A","D","1","Y","A","01",0,0,1,0,0,0,0,0,0,"-","-","DAVIS","YOLO","CA",-121.70962,38.54945
"6770033",-121.7197811,38.8016914,2014,"5700","3","4","4","01",0,1,"A",,,,,"Y",1500,12,"E","I","A","RT 113","3RD ST",173,"N","N","2016-06-23",9280,"2014-12-25",1446,"017874",,"2","9","0","1",,"2","023","-","Y","YOL",3,113,"-","-",22.01,"H","-","N","Y",1,"A","-",23152,"A","M","A","H","-","A","D","0","Y","A","01",0,0,1,0,0,0,0,0,0,"-","-","UNINCORPORATED","YOLO","CA",-121.71984,38.80181
"6770032",-121.6316967,38.6732121,2014,"5700","1","2","4","03",0,1,"A",,,,,,1800,12,"C","C","A","RT 5","VIETNAM VETERANS BRIDGE",20,"S","N","2016-06-24",9280,"2014-12-09",1745,"015128",,"2","9","0","1",,"2","020","-","Y","YOL",3,5,"-","-",0.358,"H","-","S","Y",2,"A","-",22350,,"N","A","H","-","A","D","1","Y","A","08",0,0,1,0,0,0,0,0,0,"-","-","UNINCORPORATED","YOLO","CA",-121.63302,38.67319
"6770031",-122.1117335,38.7037251,2014,"5700","3","2","3","03",0,1,"B",,,,,,600,12,"E","J","A","RT 16","COUNTY ROAD 81",97,"W","N","2016-07-05",9280,"2014-12-16",529,"016632",,"3","9","0","1",,"2","034","-","Y","YOL",3,16,"-","-",22.19,"H","-","W","Y",1,"A","-",22350,,"N","B","C","-","D","D","0","Y","A","01",0,1,0,0,0,0,0,0,0,"-","-","UNINCORPORATED","YOLO","CA",-121.11334,38.70387
"6770030",-121.7247154,38.6736515,2014,"5703","0","4","4","08",0,1,"C",,,,,,2100,12,"E","I","A","COUNTY ROAD 102","RT 5",22,"S","N","2016-06-24",5703,"2014-12-11",1917,"2011","71","5","4","0","0",,"0","004","-","Y","YOL",3,5,"-","-",5.37,"R","4","S","Y",1,"A","-",22107,,"N","B","H","-","C","A","0","Y","A","01",0,0,1,0,0,0,0,0,0,"-","-","WOODLAND","YOLO","CA",0,0
"6770027",-121.7344408,38.5409134,2014,"5701","1","2","4","03",0,1,"A",,,,,,300,12,"C","C","A","RT 80","RICHARDS BL",528,"E","N","2016-07-05",9280,"2014-12-30",240,"016027",,"3","5","0","1",,"2","010","-","Y","YOL",3,80,"-","-",0.33,"H","-","E","Y",2,"A","-",22350,,"F","A","H","-","D","D","1","Y","A","01",0,0,1,0,0,0,0,0,0,"-","-","DAVIS","YOLO","CA",-121.4358,38.323
"6765425",0,0,2014,"5700","5","4","4","01",0,1,"A",,,,,,2100,12,"E","I","A","NETHERLANDS RD","N SCHOOL ST",1584,"W","N","2015-02-02",9280,"2014-12-04",1830,"016042",,"2","9","0","3",,"2","001","-","N",,0,0,,,0,,,,"Y",1,"A","-",23152,"A","N","A","H","-","D","D","0","Y","A","01",0,0,1,0,0,0,0,0,0,"-","-","UNINCORPORATED","YOLO","CA",-121.53421,38.41323
"6763332",-121.5701684,38.5754943,2014,"5704","1","3","3","08",0,1,"B",,,,,,1500,12,"E","I","A","RT 80","WEST CAPITOL AV",180,"E","N","2016-06-22",9280,"2014-12-03",1240,"11706",,"1","4","0","1",,"2","010","C","Y","YOL",3,80,"-","R",10.19,"H","-","W","Y",1,"A","-",22107,,"N","B","H","-","A","D","1","Y","A","07",0,1,0,0,0,0,0,0,0,"-","-","WEST SACRAMENTO","YOLO","CA",-121.56132,38.57867
"6763182",0,0,2014,"5700","5","6","4","09",0,1,"B",,,,,,900,12,"D","C","A","COUNTY ROAD 23","COUNTY ROAD 85",3696,"W","N","2015-02-04",9280,"2014-12-06",700,"012272",,"1","9","0","3",,"2","003","-","N",,0,0,,,0,,,,"Y",2,"A","-",21801,"A","N","B","H","-","B","D","0","Y","D","22",0,0,1,0,0,0,0,0,0,"-","-","UNINCORPORATED","YOLO","CA",-122.05723,38.6806
"6758992",-121.5451638,38.5442677,2014,"5704","0","6","4","05",0,1,"A",,,,,,2400,12,"E","I","A","JEFFERSON BL","PERKINS RD",150,"N","N","2015-02-03",5704,"2014-12-13",2331,"00114",,"5","4","0","0",,"0","003","-","N",,0,0,,,0,,,,"Y",1,"A","-",21650,,"N","A","H","-","C","D","0","Y","A","01",0,0,1,0,0,0,0,0,0,"-","-","WEST SACRAMENTO","YOLO","CA",0,0
"6758988",-121.5381854,38.5800324,2014,"5704","0","6","4","05",0,1,"A","Y",,,,,1800,12,"C","C","E","MAPLE ST","WEST CAPITOL AV",50,"N","N","2015-02-03",5704,"2014-12-13",1715,"00161","YOLO","5","4","0","0",,"0","002","-","N",,0,0,,,0,,,,"Y",3,"A","-",21650,,"N","A","H","-","C","D","0","Y","A","01",0,0,1,0,1,0,0,0,0,"-","-","WEST SACRAMENTO","YOLO","CA",0,0
"6758984",-121.5271925,38.5709581,2014,"5704","0","7","4","05",0,1,"A",,,,,,1800,12,"E","E","A","15TH ST","PENNSYLVANIA AV",75,"E","N","2015-02-03",5704,"2014-12-07",1546,"00190",,"5","4","0","0",,"0","002","B","N",,0,0,,,0,,,,"Y",2,"A","-",21650,,"N","A","H","-","A","D","0","Y","A","01",0,0,1,0,0,0,0,0,0,"-","-","WEST SACRAMENTO","YOLO","CA",0,0
"6756065",-121.7355331,38.548285,2014,"5701","0","2","3","09",0,1,"A",,"Y",,,,1800,12,"H","G","A","5TH ST","K ST",0,,"Y","2015-01-08",5701,"2014-12-09",1716,"45","5","5","5","0","0",,"0","002","-","N",,0,0,,,0,,,,"N",2,"A","-",21804,"A","N","A","H","-","C","A","0","Y","L","04",0,1,0,0,0,0,1,0,0,"-","-","DAVIS","YOLO","CA",-121.73589,38.54831
"6755925",-121.7861532,38.561115,2014,"5701","0","4","2","12",0,3,"B",,,,,,1200,11,"D","C","A","LAKE BL","WEST COVELL BL",0,,"Y","2015-01-27",5701,"2014-11-13",925,"91","1","5","5","0","0",,"0","001","C","N",,0,0,,,0,,,,"Y",2,"A","-",22450,"A","N","B","H","-","A","A","0","Y","E","82",1,0,2,0,0,0,0,0,0,"-","-","DAVIS","YOLO","CA",0,0
"6755921",-121.7477631,38.546265,2014,"5701","0","2","4","08",0,1,"A",,,,,,1200,10,"C","C","A","RUSSELL BL","A ST",0,,"Y","2015-01-21",5701,"2014-10-14",1024,"10","4","5","5","0","0",,"0","002","-","N",,0,0,,,0,,,,"Y",2,"A","-",22107,,"N","A","H","-","A","A","0","Y","A","08",0,0,1,0,0,0,0,0,0,"-","-","DAVIS","YOLO","CA",-121.75171,38.54161
"6755920",-121.7421246,38.5517022,2014,"5701","0","7","4","18",0,1,"C",,,,,,300,12,"E","I","A","F ST","8TH ST",120,"N","N","2016-02-18",5701,"2014-12-07",0,"10","4","5","5","0","0",,"0","002","-","N",,0,0,,,0,,,,"N",1,"C","-",0,,"N","B","B","G","A","A","0","Y","-","-",0,0,1,0,0,0,0,0,0,"-","-","DAVIS","YOLO","CA",0,0
"6755706",-121.5488732,38.570275,2014,"5704","0","5","4","12",0,2,"A",,,,,,600,12,"D","C","A","HARBOR BL","DEL MONTE ST",0,,"Y","2015-02-06",5704,"2014-12-05",544,"00142",,"5","4","0","0",,"0","002","-","N",,0,0,,,0,,,,"Y",2,"A","-",21453,"A","N","B","H","-","C","A","0","Y","-",,0,0,2,0,0,0,0,0,0,"-","-","WEST SACRAMENTO","YOLO","CA",0,0
"6755694",-121.7366332,38.548105,2014,"5701","0","1","3","10",0,1,"A","Y",,,,,2400,12,"G","B","B","J ST","5TH ST",0,,"Y","2015-02-05",5701,"2014-12-01",2146,"87","5","5","5","0","0",,"0","002","B","N",,0,0,,,0,,,,"N",2,"A","-",21950,"A","N","B","H","-","C","D","0","Y","A","01",0,1,0,0,1,0,0,0,0,"-","-","DAVIS","YOLO","CA",-121.73521,38.5465