"CASEID","POINT_X","POINT_Y","YEAR_","LOCATION","CHPTYPE","DAYWEEK","CRASHSEV","VIOLCAT","KILLED","INJURED","WEATHER1","PEDCOL","BICCOL","MCCOL","TRUCKCOL","ETOH","TIMECAT","MONTH_","CRASHTYP","INVOLVE","PED","PRIMARYRD","SECONDRD","DISTANCE","DIRECT","INTERSECT_","PROCDATE","JURIS","DATE_","TIME_","BADGE","JURIDIST","SHIFT","POP","SPECIAL","BEATTYPE","LAPDDIV","BEATCLAS","BEATNUMB","WEATHER2","STATEHW","CALTRANC","CALTRAND","STROUTE","ROUTESUF","POSTPRE","POSTMILE","LOCATYPE","RAMP","SIDEHW","TOWAWAY","PARTIES","PCF","VIOLCODE","VIOL","VIOLSUB","HITRUN","ROADSURF","RDCOND1","RDCOND2","LIGHTING","RIGHTWAY","CHPRDTYP","NOTPRIV","STFAULT","CHPFAULT","SEVINJ","OTHERINJ","COP","PEDKILL","PEDINJ","BICKILL","BICINJ","MCKILL","MCINJURE","RAMP1","RAMP2","CITY","COUNTY","STATE","X_CHP","Y_CHP"
"6755250",-121.5269881,38.5886754,2014,"5704","0","3","2","08",0,1,"B",,"Y",,,,1800,12,"D","C","A","JEFFERSON BL","SACRAMENTO AV",325,"S","N","2015-02-05",5704,"2014-12-24",1728,"00169",,"5","4","0","0",,"0","001","-","N",,0,0,,,0,,,,"N",2,"A","-",22107,,"N","A","H","-","B","D","0","Y","L","04",1,0,0,0,0,0,1,0,0,"-","-","WEST SACRAMENTO","YOLO","CA",0,0
"6755249",-121.5405731,38.556495,2014,"5704","0","6","3","09",0,1,"A",,,,,,1200,12,"D","C","A","LAKE WASHINGTON BL","SOUTHPORT PKWY",0,,"Y","2015-02-05",5704,"2014-12-27",1150,"00159",,"5","4","0","0",,"0","003","-","N",,0,0,,,0,,,,"Y",2,"A","-",21453,"C","N","A","H","-","A","A","0","Y","A","01",0,1,0,0,0,0,0,0,0,"-","-","WEST SACRAMENTO","YOLO","CA",0,0
"6752205",-121.5267363,38.5807004,2014,"5704","0","1","4","03",0,1,"B",,,,,,2100,12,"C","C","A","JEFFERSON BL","WEST CAPITOL AV",20,"S","N","2015-03-27",5704,"2014-12-29",1959,"00108","5704","5","4","0","0",,"0","002","-","N",,0,0,,,0,,,,"Y",2,"A","-",22350,,"N","A","H","-","C","A","0","Y","D","23",0,0,1,0,0,0,0,0,0,"-","-","WEST SACRAMENTO","YOLO","CA",0,0
"6750906",-121.5588655,38.5557121,2014,"5704","0","3","4","03",0,1,"A",,,,,,1500,12,"E","I","A","SOUTHPORT PKWY","LAKE WASHINGTON BL",5280,"W","N","2015-07-23",5704,"2014-12-24",1420,"00136",,"5","4","0","0",,"0","003","-","N",,0,0,,,0,,,,"N",1,"A","-",22350,,"N","A","H","-","A","D","0","Y","A","01",0,0,1,0,0,0,0,0,0,"-","-","WEST SACRAMENTO","YOLO","CA",0,0
"6750126",-121.8031271,38.6632051,2014,"5700","5","2","2","18",0,1,"A",,,,,,1500,10,"E","I","A","GIBSON RD","COUNTY ROAD 98",121,"W","N","2015-01-06",9280,"2014-10-28",1431,"015128",,"2","9","0","3",,"2","002","-","N",,0,0,,,0,,,,"Y",1,"C","-",0,,"N","A","H","-","A","D","0","Y","-","-",1,0,0,0,0,0,0,0,0,"-","-","UNINCORPORATED","YOLO","CA",-121.80334,38.66316
"6749157",-121.7840132,38.678855,2014,"5703","0","5","4","00",0,1,"B",,,,,,1500,11,"B","C","A","WEST ST","COURT ST",0,,"Y","2015-01-23",5703,"2014-11-21",1329,"2826","42","5","4","0","0",,"0","002","-","N",,0,0,,,0,,,,"Y",2,"D","-",0,,"N","A","H","-","A","A","0","Y","-","-",0,0,1,0,0,0,0,0,0,"-","-","WOODLAND","YOLO","CA",0,0
"6748052",-121.7504331,38.560835,2014,"5701","0","5","4","17",0,1,"A",,"Y",,,"Y",900,11,"D","G","A","WEST COVELL BL","CATALINA DR",0,,"Y","2015-01-28",5701,"2014-11-07",840,"72","3","5","5","0","0",,"0","001","-","N",,0,0,,,0,,,,"N",2,"A","-",21451,"A","N","A","H","-","A","A","0","Y","A","01",0,0,1,0,0,0,1,0,0,"-","-","DAVIS","YOLO","CA",-121.74375,38.55944
"6748017",-121.9529599,38.5699181,2014,"5700","1","1","3","01",0,2,"A",,,,,"Y",2100,11,"E","I","A","RT 505","CR-31",3168,"N","N","2016-06-23",9280,"2014-11-17",1855,"015128",,"2","9","0","1",,"2","031","-","Y","YOL",3,505,"-","-",3.1,"H","-","N","Y",1,"A","-",23152,"A","N","A","H","-","A","D","1","Y","A","01",0,1,1,0,0,0,0,0,0,"-","-","UNINCORPORATED","YOLO","CA",-121.95299,38.57059
"6748013",-121.5423929,38.5751051,2014,"5704","1","4","2","03",0,4,"A",,,,,,1200,11,"C","C","A","RT 50","HARBOR BL",1320,"E","N","2016-06-29",9280,"2014-11-27",1145,"017874",,"1","4","0","1",,"2","010","-","Y","YOL",3,50,"-","-",1.45,"H","-","W","Y",3,"A","-",22350,,"N","A","H","-","A","D","1","Y","A","01",1,0,3,0,0,0,0,0,0,"-","-","WEST SACRAMENTO","YOLO","CA",-121.54413,38.575
"6747967",0,0,2014,"5700","5","6","3","08",0,2,"A",,,,,,1500,11,"E","I","A","COUNTY ROAD 98","HUTCHISON DR",4224,"S","N","2015-01-26",9280,"2014-11-15",1211,"16144",,"1","9","0","3",,"2","002","-","N",,0,0,,,0,,,,"Y",1,"A","-",22107,,"N","A","H","-","A","D","0","Y","A","01",0,1,1,0,0,0,0,0,0,"-","-","UNINCORPORATED","YOLO","CA",-121.80354,38.52718
"6747708",-121.7524932,38.6581551,2014,"5703","0","6","4","12",0,1,"A",,,,,,1800,11,"D","C","A","EAST GIBSON RD","RT 113",0,,"Y","2016-06-23",5703,"2014-11-22",1738,"2816","33","5","4","0","0",,"0","004","-","Y","YOL",3,113,"-","R",8.991,"R","4","N","Y",2,"A","-",21453,"A","N","A","H","-","C","A","0","Y","D","22",0,0,1,0,0,0,0,0,0,"-","NF","WOODLAND","YOLO","CA",0,0
"6747704",-121.685655,38.5551192,2014,"5701","1","4","4","03",0,1,"A",,,,,,1800,12,"C","C","A","RT 80","MACE BL",2112,"E","N","2016-06-22",9280,"2014-12-04",1712,"016929",,"2","5","0","1",,"2","010","-","Y","YOL",3,80,"-","-",3.08,"H","-","W","Y",4,"A","-",22350,,"N","A","H","-","D","D","1","Y","A","01",0,0,1,0,0,0,0,0,0,"-","-","DAVIS","YOLO","CA",0,0
"6747684",-121.5625925,38.577274,2014,"5704","1","5","3","03",0,1,"B",,,,,,2400,11,"C","C","A","RT 80","WEST CAPITOL AV",1584,"E","N","2016-06-22",9280,"2014-11-28",2156,"016929",,"2","4","0","1",,"2","010","C","Y","YOL",3,80,"-","R",10.46,"H","-","W","Y",3,"A","-",22350,,"N","B","H","-","D","D","1","Y","A","01",0,1,0,0,0,0,0,0,0,"-","-","WEST SACRAMENTO","YOLO","CA",-121.55824,38.58313
"6741865",-121.7508906,38.5462951,2014,"5701","0","6","4","03",0,1,"A","Y","Y",,,"Y",1800,11,"H","B","F","RUSSELL BL","COLLEGE PARK",25,"W","N","2015-01-20",5701,"2014-11-08",1757,"113","4","5","5","0","0",,"0","002","-","N",,0,0,,,0,,,,"N",2,"A","-",22350,,"N","A","H","-","C","D","0","Y","L","04",0,0,1,0,0,0,1,0,0,"-","-","DAVIS","YOLO","CA",-121.75143,38.54631
"6741798",-121.5509001,38.5703311,2014,"5704","0","4","4","03",0,1,"A",,,,,,900,12,"C","C","A","INDUSTRIAL BL","HARBOR BL",500,"W","N","2015-01-29",5704,"2014-12-04",834,"116","WSPD","5","4","0","0",,"0","002","-","N",,0,0,,,0,,,,"Y",3,"A","-",22350,,"N","A","H","-","A","D","0","Y","A","01",0,0,1,0,0,0,0,0,0,"-","-","WEST SACRAMENTO","YOLO","CA",0,0
"6734303",-121.5632709,38.6181457,2014,"5704","5","5","4","03",0,1,"A",,,,,,900,10,"C","C","A","OLD RIVER RD","COUNTY ROAD 128A",750,"S","N","2014-12-17",9280,"2014-10-31",640,"17629",,"1","4","0","3",,"2","001","-","N",,0,0,,,0,,,,"Y",2,"A","-",22350,,"N","A","H","-","B","D","0","Y","A","01",0,0,1,0,0,0,0,0,0,"-","-","WEST SACRAMENTO","YOLO","CA",-121.56355,38.62484
"6734291",-121.9521325,38.6842459,2014,"5700","1","4","4","03",0,2,"C",,,,"Y",,900,11,"D","C","A","RT 505","RT 16",950,"N","N","2016-06-23",9280,"2014-11-13",625,"017874",,"1","9","0","1",,"2","031","-","Y","YOL",3,505,"-","-",10.84,"H","-","N","Y",2,"A","-",22350,,"N","B","H","-","B","D","1","Y","A","01",0,0,2,0,0,0,0,0,0,"-","-","UNINCORPORATED","YOLO","CA",-121.95194,38.68217
"6734287",-121.643206,38.6732351,2014,"5700","1","5","2","03",0,2,"A",,,,,,1800,10,"C","C","A","RT 5","OLD RIVER RD",3960,"N","N","2016-06-24",9280,"2014-10-03",1750,"16292",,"2","9","0","1",,"2","020","-","Y","YOL",3,5,"-","-",0.83,"H","-","S","Y",4,"A","-",22350,,"N","A","H","-","A","D","1","Y","D","22",1,1,0,0,0,0,0,0,0,"-","-","UNINCORPORATED","YOLO","CA",-121.64013,38.67319
"6734283",-121.7254957,38.5458246,2014,"5701","1","3","4","03",0,1,"A",,,,,,600,11,"C","C","A","RT 80","DAVE PELZ",528,"W","N","2016-06-20",9280,"2014-11-26",500,"16027",,"3","5","0","1",,"2","010","-","Y","YOL",3,80,"-","-",0.9,"H","-","E","Y",2,"A","-",22350,,"N","A","H","-","D","D","1","Y","I","11",0,0,1,0,0,0,0,0,0,"-","-","DAVIS","YOLO","CA",-121.70838,38.54976
"6734259",-121.8285813,38.747674,2014,"5700","1","3","2","03",0,2,"A",,,,,,1800,11,"C","C","A","RT 5","COUNTY ROAD 17",5280,"N","N","2016-06-24",9280,"2014-11-26",1515,"17874",,"2","9","0","1",,"2","030","-","Y","YOL",3,5,"-","R",13.34,"H","-","N","Y",2,"A","-",22350,,"N","A","C","-","A","D","1","Y","A","01",2,0,0,0,0,0,0,0,0,"-","-","UNINCORPORATED","YOLO","CA",-121.82841,38.74732
"6734255",-121.7724025,38.6556802,2014,"5703","5","6","4","18",0,1,"B",,,,,,1500,11,"E","I","A","COUNTY ROAD 24A","COLOMA WY",528,"W","N","2014-12-18",9280,"2014-11-22",1417,"16632",,"2","4","0","3",,"2","002","-","N",,0,0,,,0,,,,"N",1,"C","-",0,,"N","A","H","-","A","D","0","Y","-","-",0,0,1,0,0,0,0,0,0,"-","-","WOODLAND","YOLO","CA",-121.77391,38.65564
"6732699",-121.6995031,38.5519351,2014,"5701","0","5","4","12",0,1,"A",,,,,,2400,11,"D","C","A","MACE BL","RT 80",0,,"Y","2016-06-22",5701,"2014-11-14",2109,"106","7","5","5","0","0",,"0","003","-","Y","YOL",3,80,"-","-",2.475,"R","4","W","N",2,"A","-",21453,"A","N","B","H","-","C","A","0","Y","A","01",0,0,1,0,0,0,0,0,0,"-","WF","DAVIS","YOLO","CA",0,0
"6732695",-121.6806331,38.551335,2014,"5701","0","2","4","-",0,1,"A",,,,,,1800,11,"E","I","A","ROGERS ST","ROOS ST",0,,"Y","2015-01-16",5701,"2014-11-18",1532,"91","9","5","5","0","0",,"0","004","-","N",,0,0,,,0,,,,"Y",1,"A","-",0,,"N","A","H","-","A","D","0","Y","A","01",0,0,1,0,0,0,0,0,0,"-","-","DAVIS","YOLO","CA",0,0
"6732691",-121.7540231,38.546345,2014,"5701","0","1","4","09",0,1,"A",,"Y",,,"Y",1800,11,"H","G","A","RUSSELL BL","CALIFORNIA AV",0,,"Y","2015-01-16",5701,"2014-11-10",1615,"91","3","5","5","0","0",,"0","001","-","N",,0,0,,,0,,,,"N",2,"A","-",21800,,"N","A","H","-","A","A","0","Y","L","04",0,0,1,0,0,0,1,0,0,"-","-","DAVIS","YOLO","CA",0,0
"6732687",-121.7638231,38.560755,2014,"5701","0","6","4","17",0,1,"A",,"Y",,,,1500,11,"D","G","A","SYCAMORE LN","WEST COVELL BL",0,,"Y","2015-01-16",5701,"2014-11-15",1255,"72","3","5","5","0","0",,"0","001","-","N",,0,0,,,0,,,,"N",2,"A","-",21451,"A","N","A","H","-","A","A","0","Y","A","01",0,0,1,0,0,0,1,0,0,"-","-","DAVIS","YOLO","CA",0,0
"6732683",-121.6944131,38.552485,2014,"5701","0","6","3","12",0,1,"A",,,"Y",,,1500,11,"F","A","A","MACE BL","RT 80",0,,"Y","2015-01-16",5701,"2014-11-15",1200,"35","7","5","5","0","0",,"0","003","-","Y",,0,0,,,0,,,,"N",2,"A","-",21453,"A","N","A","H","-","A","A","0","Y","A","01",0,1,0,0,0,0,0,0,1,"-","WF","DAVIS","YOLO","CA",0,0
"6732679",-121.7316392,38.5399438,2014,"5701","0","4","4","08",0,1,"A",,"Y",,,,900,11,"H","G","A","RICHARDS BL","RESEARCH PARK RD",60,"S","N","2015-01-16",5701,"2014-11-13",850,"91","8","5","5","0","0",,"0","004","-","N",,0,0,,,0,,,,"N",2,"A","-",22107,,"F","A","H","-","A","D","0","Y","L","04",0,0,1,0,0,0,1,0,0,"-","-","DAVIS","YOLO","CA",0,0
"6732675",-121.7774932,38.546955,2014,"5701","0","5","3","09",0,1,"A",,"Y",,,,2100,11,"H","G","A","RUSSELL BL","ARLINGTON BL",0,,"Y","2015-01-16",5701,"2014-11-07",1938,"74","1","5","5","0","0",,"0","001","-","N",,0,0,,,0,,,,"N",2,"A","-",21801,"A","N","A","H","-","C","D","0","Y","A","01",0,1,0,0,0,0,1,0,0,"-","-","DAVIS","YOLO","CA",-121.77767,38.54667
"6732669",-121.7347631,38.552845,2014,"5701","0","4","4","09",0,2,"A",,,,,,2100,10,"D","C","A","E 8TH ST","L ST",0,,"Y","2015-01-05",5701,"2014-10-09",1840,"91","5","5","5","0","0",,"0","002","-","N",,0,0,,,0,,,,"Y",2,"A","-",21801,"A","N","A","H","-","C","A","0","Y","A","01",0,0,2,0,0,0,0,0,0,"-","-","DAVIS","YOLO","CA",-121.73117,38.54699
"6732665",-121.7396563,38.5475801,2014,"5701","0","3","3","16",0,1,"A",,"Y",,,,1500,10,"H","G","A","5TH ST","G ST",90,"E","N","2016-02-18",5701,"2014-10-29",1356,"94","5","5","5","0","0",,"0","002","-","N",,0,0,,,0,,,,"Y",2,"A","-",27801,"A","N","A","H","-","A","A","0","Y","A","07",0,1,0,0,0,0,1,0,0,"-","-","DAVIS","YOLO","CA",-121.73117,38.54699
"6732661",-121.7588731,38.546235,2014,"5701","0","4","3","-",0,1,"A",,"Y",,,,2100,10,"E","I","A","RUSSELL BL","ANDERSON RD",0,,"Y","2015-01-22",5701,"2014-10-23",1800,"45","2","5","5","0","0",,"0","001","-","N",,0,0,,,0,,,,"N",1,"A","-",0,,"N","A","H","-","A","A","0","Y","-","-",0,1,0,0,0,0,1,0,0,"-","-","DAVIS","YOLO","CA",0,0
"6731476",-122.169838,38.7728095,2014,"5700","3","4","2","08",0,1,"A",,,,,,1800,11,"E","I","A","RT 16","COUNTY ROAD 71",2640,"W","N","2016-07-05",9280,"2014-11-27",1625,"016144",,"2","9","0","1",,"2","034","-","Y","YOL",3,16,"-","-",16.2,"H","-","E","Y",1,"A","-",22107,,"N","A","H","-","A","D","0","Y","A","01",1,0,0,0,0,0,0,0,0,"-","-","UNINCORPORATED","YOLO","CA",-122.16979,38.7727
"6731468",-121.5484977,38.5751151,2014,"5704","2","6","4","03",0,1,"B",,,,,,1500,11,"C","C","A","RT 50","HARBOR BL",120,"W","N","2016-06-29",9280,"2014-11-29",1410,"017629",,"2","4","0","1",,"2","011","C","Y","YOL",3,50,"-","-",1.18,"H","-","W","Y",2,"A","-",22350,,"N","B","H","-","A","D","1","Y","A","01",0,0,1,0,0,0,0,0,0,"-","-","WEST SACRAMENTO","YOLO","CA",-121.56005,38.57555
"6729654",-121.5405731,38.556495,2014,"5704","0","2","3","12",0,1,"A",,,,,,900,10,"D","C","A","LAKE WASHINGTON BL","SOUTHPORT PK",0,,"Y","2014-12-30",5704,"2014-10-28",630,"158","WSPD","5","4","0","0",,"0","003","-","N",,0,0,,,0,,,,"Y",2,"A","-",21453,"A","N","A","H","-","C","A","0","Y","D","22",0,1,0,0,0,0,0,0,0,"-","-","WEST SACRAMENTO","YOLO","CA",0,0
"6729653",-121.5497032,38.5394551,2014,"5704","0","4","3","10",0,1,"C","Y",,,,,1500,11,"G","B","B","JEFFERSON BL","LINDEN RD",0,,"Y","2015-01-16",5704,"2014-11-20",1309,"00116","WSPD","5","4","0","0",,"0","003","-","N",,0,0,,,0,,,,"N",2,"A","-",21950,"A","F","B","H","-","A","A","0","Y","D","22",0,1,0,0,1,0,0,0,0,"-","-","WEST SACRAMENTO","YOLO","CA",0,0
"6729651",-121.5211831,38.5757451,2014,"5704","0","5","4","03",0,1,"A",,,,,,1800,11,"C","C","A","JEFFERSON BL","RT 50",157,"N","N","2016-06-29",5704,"2014-11-21",1601,"00108","5704","5","4","0","0",,"0","002","B","Y","YOL",3,50,"-","-",2.658,"R","4","E","Y",2,"A","-",22350,,"N","A","H","-","A","A","0","Y","A","01",0,0,1,0,0,0,0,0,0,"-","EO","WEST SACRAMENTO","YOLO","CA",0,0
"6729565",-121.5555158,38.5788581,2014,"5704","0","5","3","03",0,3,"A",,,,,,1800,11,"C","C","A","WEST CAPITOL AV","PINE ST",25,"E","N","2015-01-21",5704,"2014-11-14",1550,"00173","WSPD","5","4","0","0",,"0","002","-","N",,0,0,,,0,,,,"Y",3,"A","-",22350,,"N","A","H","-","A","D","0","Y","A","07",0,1,2,0,0,0,0,0,0,"-","-","WEST SACRAMENTO","YOLO","CA",0,0
"6729564",-121.5429432,38.5466551,2014,"5704","0","2","4","12",0,1,"A",,,,,,2400,11,"D","C","A","JEFFERSON BL","HIGGINS RD",0,,"Y","2015-03-27",5704,"2014-11-18",2112,"00118",,"5","4","0","0",,"0","003","-","N",,0,0,,,0,,,,"Y",2,"A","-",21453,"A","N","A","H","-","C","A","0","Y","A","01",0,0,1,0,0,0,0,0,0,"-","-","WEST SACRAMENTO","YOLO","CA",0,0
"6728122",-121.9620772,38.528102,2014,"5702","0","4","3","01",0,1,"A",,,,,,1500,7,"D","C","A","EAST GRANT AV","MORGAN ST",0,,"Y","2016-04-25",5702,"2014-07-24",1444,"532",,"5","2","0","0",,"0","00B","-","Y","YOL",3,128,"-","-",9.149,"I","5","E","Y",2,"A","-",23152,"E","N","A","H","-","A","A","0","Y","-",,0,1,0,0,0,0,0,0,0,"-","-","WINTERS","YOLO","CA",0,0
"6727821",-121.8952035,38.8081141,2014,"5700","1","6","3","03",0,2,"A",,,,,,1200,11,"C","C","A","RT 5","COUNTY ROAD 12",600,"S","N","2016-06-24",9280,"2014-11-15",1035,"17874",,"1","9","0","1",,"2","030","-","Y","YOL",3,5,"-","R",18.86,"H","-","S","Y",2,"A","-",22350,,"N","A","H","-","A","D","1","Y","A","01",0,1,1,0,0,0,0,0,0,"-","-","UNINCORPORATED","YOLO","CA",-121.89458,38.80759
"6727817",-121.5711378,38.5750236,2014,"5704","1","3","4","03",0,1,"B",,,,,,1800,11,"C","C","A","RT 80","ENTERPRISE BL",1056,"E","N","2016-06-20",9280,"2014-11-12",1745,"16214",,"2","4","0","1",,"2","010","-","Y","YOL",3,80,"-","-",9.4,"H","-","E","Y",2,"A","-",22350,,"N","A","H","-","C","D","1","Y","A","01",0,0,1,0,0,0,0,0,0,"-","-","WEST SACRAMENTO","YOLO","CA",-121.56615,38.57541
"6727813",-121.5829032,38.4363556,2014,"5700","5","1","3","01",0,1,"A",,,,,"Y",2400,11,"E","I","A","JEFFERSON BL","WILLOW POINT RD",2640,"N","N","2015-01-14",9280,"2014-11-24",2145,"16351",,"2","9","0","3",,"2","001","-","N",,0,0,,,0,,,,"Y",1,"A","-",23152,"A","N","A","H","-","D","D","0","Y","A","01",0,1,0,0,0,0,0,0,0,"-","-","UNINCORPORATED","YOLO","CA",-121.58292,38.43854
"6727809",-121.6049693,38.5695064,2014,"5704","1","7","4","03",0,2,"B",,,,,,1500,11,"C","C","A","RT 80","ENTERPRISE BL",7920,"W","N","2016-06-20",9280,"2014-11-23",1245,"16632",,"1","4","0","1",,"2","010","-","Y","YOL",3,80,"-","-",7.68,"H","-","W","N",2,"A","-",22350,,"N","A","C","-","A","D","1","Y","A","01",0,0,2,0,0,0,0,0,0,"-","-","WEST SACRAMENTO","YOLO","CA",-121.60226,38.56996
"6727805",-121.6756532,38.5579219,2014,"5700","5","2","2","08",0,1,"B",,"Y",,,,1800,11,"E","I","A","COUNTY ROAD 105","COUNTY ROAD 32A",23,"S","N","2015-01-14",9280,"2014-11-18",1720,"17883",,"2","9","0","3",,"2","002","-","N",,0,0,,,0,,,,"N",1,"A","-",22107,,"N","A","H","-","D","A","0","Y","L","04",1,0,0,0,0,0,1,0,0,"-","-","UNINCORPORATED","YOLO","CA",-121.67758,38.55789
"6727801",-121.5689931,38.5756251,2014,"5704","1","7","4","03",0,2,"B",,,,,,900,11,"E","I","A","RT 80","HARBOR BL",3696,"W","N","2016-06-20",9280,"2014-11-23",655,"17763",,"1","4","0","1",,"2","010","-","Y","YOL",3,80,"-","R",10.23,"R","2","W","Y",1,"A","-",22350,,"N","B","H","-","A","D","1","Y","A","01",0,0,2,0,0,0,0,0,0,"TO","-","WEST SACRAMENTO","YOLO","CA",-121.56277,38.57571
"6727797",-121.7236728,38.6738938,2014,"5703","1","1","3","08",0,1,"A",,,,,,1800,11,"E","I","A","RT 5","PIONEER AV",196,"S","N","2016-06-24",9280,"2014-11-17",1753,"15485",,"2","4","0","1",,"2","020","-","Y","YOL",3,5,"-","R",6.61,"H","-","N","Y",1,"A","-",22107,,"N","A","H","-","D","D","1","Y","A","08",0,1,0,0,0,0,0,0,0,"-","-","WOODLAND","YOLO","CA",-121.74614,38.67803
"6723381",-122.1488669,38.7447309,2014,"5700","3","5","4","08",0,1,"A",,,,,,2100,10,"E","I","A","RT 16","RANCH RD",400,"W","N","2016-07-05",9280,"2014-10-31",2004,"016929",,"2","9","0","1",,"2","034","-","Y","YOL",3,16,"-","-",18.47,"H","-","E","Y",1,"A","-",22107,,"N","A","H","-","D","D","0","Y","A","01",0,0,1,0,0,0,0,0,0,"-","-","UNINCORPORATED","YOLO","CA",-122.14866,38.74381
"6721850",-121.6576709,38.5600981,2014,"5700","1","5","4","03",0,1,"A",,,,,,1800,11,"C","C","A","RT 80","WEBSTER",5280,"W","N","2016-06-20",9280,"2014-11-07",1615,"015079",,"2","9","0","1",,"2","010","-","Y","YOL",3,80,"-","-",4.78,"H","-","E","N",2,"A","-",22350,,"N","A","H","-","A","D","1","Y","A","01",0,0,1,0,0,0,0,0,0,"-","-","UNINCORPORATED","YOLO","CA",-121.66522,38.55896
"6721846",0,0,2014,"5700","5","5","3","08",0,1,"A",,,,,"Y",2100,11,"E","J","A","COUNTY ROAD 104","COUNTY ROAD 38A",1000,"S","N","2015-01-13",9280,"2014-11-07",1914,"016214",,"2","9","0","3",,"2","001","-","N",,0,0,,,0,,,,"Y",1,"A","-",22107,,"N","A","G","-","D","A","0","Y","A","01",0,1,0,0,0,0,0,0,0,"-","-","UNINCORPORATED","YOLO","CA",-121.69374,38.44616
"6720382",-121.9674654,38.5263624,2014,"5702","0","5","4","11",0,1,"A","Y",,,,,1200,9,"G","B","D","WALNUT LN","EAST GRANT AV",50,"N","N","2014-12-04",5702,"2014-09-12",1151,"533","B","5","2","0","0",,"0","00B","-","N",,0,0,,,0,,,,"N",2,"A","-",21954,"A","N","A","H","-","A","D","0","Y","N","60",0,0,1,0,1,0,0,0,0,"-","-","WINTERS","YOLO","CA",0,0
"6720289",-121.9538816,38.531044,2014,"5702","0","1","2","03",0,1,"A",,,,,,1500,8,"C","C","A","EAST GRANT AV","MATSUMOTO LN",62,"W","N","2016-04-25",5702,"2014-08-18",1223,"531","5702","5","2","0","0",,"0","00B","-","Y","YOL",3,128,"-","-",9.65,"H","-","E","Y",2,"A","-",22350,,"N","A","H","-","A","A","0","Y","-",,1,0,0,0,0,0,0,0,0,"-","-","WINTERS","YOLO","CA",0,0
"6718487",-121.7886124,38.680718,2014,"5703","0","6","1","03",1,1,"A","Y",,,,,2100,11,"G","B","D","CALIFORNIA ST","W ELLIOTT ST",181,"S","N","2016-01-05",5703,"2014-11-01",1845,"2863","62","5","4","0","0",,"0","002","-","N",,0,0,,,0,,,,"Y",2,"A","-",22350,,"N","A","H","-","C","D","0","Y","D","22",0,0,1,1,0,0,0,0,0,"-","-","WOODLAND","YOLO","CA",0,0
"6718279",-122.113959,38.703871,2014,"5700","3","2","1","01",1,2,"B",,,,,,600,12,"E","J","A","RT 16","COUNTY ROAD 81",58,"W","N","2016-01-14",9280,"2014-12-16",530,"12272",,"3","9","0","1",,"2","034","-","Y","YOL",3,16,"-","-",22.07,"H","-","E","Y",1,"A","-",23152,"A","N","B","C","-","D","D","0","Y","A","07",0,0,2,0,0,0,0,0,0,"-","-","UNINCORPORATED","YOLO","CA",-121.11408,38.70388
"6718129",-121.5831793,38.3791542,2014,"5700","3","5","1","08",2,1,"A",,,,,,1200,7,"E","J","A","RT 84","CENTRAL AV",3432,"S","N","2015-03-11",9280,"2014-07-11",958,"11706",,"1","9","0","1",,"2","013","-","Y","YOL",3,84,"-","-",7.49,"H","-","S","Y",1,"A","-",22107,,"N","A","H","-","A","D","0","Y","A","01",1,0,0,0,0,0,0,0,0,"-","-","UNINCORPORATED","YOLO","CA",-121.58295,38.38467
"6717683",-121.7843243,38.6920277,2014,"5703","0","5","4","03",0,1,"B",,,,,,1500,10,"C","C","A","KENTUCKY AV","N WEST ST",143,"W","N","2015-01-06",5703,"2014-10-31",1450,"2012","64","5","4","0","0",,"0","002","C","N",,0,0,,,0,,,,"Y",2,"A","-",22350,,"N","B","H","-","A","D","0","Y","A","01",0,0,1,0,0,0,0,0,0,"-","-","WOODLAND","YOLO","CA",-121.78817,38.69185
"6717648",-121.7525589,38.6589378,2014,"5703","3","5","3","03",0,1,"B",,,,,,1500,10,"E","I","A","RT 113","GIBSON RD",528,"S","N","2016-06-23",9280,"2014-10-31",1235,"017772",,"1","4","0","1",,"2","022","-","Y","YOL",3,113,"-","R",9.12,"H","-","S","Y",1,"A","-",22350,,"N","B","H","-","A","D","1","Y","D","22",0,1,0,0,0,0,0,0,0,"-","-","WOODLAND","YOLO","CA",-121.75326,38.66143
"6717037",-121.5501048,38.5751075,2014,"5704","2","1","4","03",0,2,"A",,,,,,1200,11,"C","C","A","RT 50","HARBOR BL",276,"W","N","2016-06-29",9280,"2014-11-17",939,"017763",,"1","4","0","1",,"2","011","-","Y","YOL",3,50,"-","-",1.15,"H","-","W","Y",2,"A","-",22350,,"N","A","H","-","A","D","1","Y","A","01",0,0,2,0,0,0,0,0,0,"-","-","WEST SACRAMENTO","YOLO","CA",-121.54992,38.57505