"CASEID","POINT_X","POINT_Y","YEAR_","LOCATION","CHPTYPE","DAYWEEK","CRASHSEV","VIOLCAT","KILLED","INJURED","WEATHER1","PEDCOL","BICCOL","MCCOL","TRUCKCOL","ETOH","TIMECAT","MONTH_","CRASHTYP","INVOLVE","PED","PRIMARYRD","SECONDRD","DISTANCE","DIRECT","INTERSECT_","PROCDATE","JURIS","DATE_","TIME_","BADGE","JURIDIST","SHIFT","POP","SPECIAL","BEATTYPE","LAPDDIV","BEATCLAS","BEATNUMB","WEATHER2","STATEHW","CALTRANC","CALTRAND","STROUTE","ROUTESUF","POSTPRE","POSTMILE","LOCATYPE","RAMP","SIDEHW","TOWAWAY","PARTIES","PCF","VIOLCODE","VIOL","VIOLSUB","HITRUN","ROADSURF","RDCOND1","RDCOND2","LIGHTING","RIGHTWAY","CHPRDTYP","NOTPRIV","STFAULT","CHPFAULT","SEVINJ","OTHERINJ","COP","PEDKILL","PEDINJ","BICKILL","BICINJ","MCKILL","MCINJURE","RAMP1","RAMP2","CITY","COUNTY","STATE","X_CHP","Y_CHP"
"6689799",-121.5512331,38.5930451,2014,"5704","1","1","3","03",0,1,"A",,,,,,1800,10,"C","C","A","RT 80","REED AV",22,"W","N","2016-06-22",9280,"2014-10-27",1609,"015485",,"2","4","0","1",,"2","010","-","Y","YOL",3,80,"-","R",11.22,"H","-","E","Y",4,"A","-",22350,,"N","A","H","-","A","D","1","Y","A","07",0,1,0,0,0,0,0,0,0,"-","-","WEST SACRAMENTO","YOLO","CA",-121.55193,38.59212
"6689798",-121.6322152,38.6732103,2014,"5700","1","5","4","03",0,1,"A",,,,,,1800,10,"C","C","A","RT 5","COUNTY ROAD 22",528,"N","N","2016-06-24",9280,"2014-10-24",1740,"016144",,"2","9","0","1",,"2","020","-","Y","YOL",3,5,"-","-",0.39,"H","-","S","Y",2,"A","-",22350,,"N","A","H","-","A","D","1","Y","D","22",0,0,1,0,0,0,0,0,0,"-","-","UNINCORPORATED","YOLO","CA",-121.64024,38.67333
"6689303",-121.5589782,38.5872917,2014,"5704","0","1","3","09",0,1,"A",,,"Y",,,1200,10,"D","C","A","STILLWATER RD","RIVERSIDE PKWY",900,"N","N","2014-11-18",5704,"2014-10-13",1155,"00165",,"5","4","0","0",,"0","001","-","N",,0,0,,,0,,,,"Y",2,"A","-",21801,"A","N","A","H","-","A","D","0","Y","A","08",0,1,0,0,0,0,0,0,1,"-","-","WEST SACRAMENTO","YOLO","CA",0,0
"6688324",-121.9778594,38.8903802,2014,"5700","1","3","3","07",0,1,"A",,,,"Y",,1800,10,"F","A","A","RT 5","COUNTY ROAD 4",2112,"S","N","2016-06-24",9280,"2014-10-22",1530,"016144",,"2","9","0","1",,"2","030","-","Y","YOL",3,5,"-","R",26.17,"H","-","S","Y",2,"A","-",21658,"A","F","A","H","-","A","D","1","Y","G","27",0,1,0,0,0,0,0,0,0,"-","-","UNINCORPORATED","YOLO","CA",-121.97753,38.88997
"6688323",0,0,2014,"5700","5","2","2","09",0,1,"A",,,,"Y",,1800,10,"D","C","A","COUNTY ROAD 2","COUNTY ROAD 29",0,,"Y","2016-02-18",9280,"2014-10-21",1533,"017883",,"2","9","0","3",,"2","002","-","N",,0,0,,,0,,,,"Y",2,"A","-",21802,"A","N","A","H","-","A","A","0","Y","G","25",1,0,0,0,0,0,0,0,0,"-","-","UNINCORPORATED","YOLO","CA",-121.7303,38.5888
"6688321",0,0,2014,"5700","5","2","3","09",0,1,"A",,,,"Y",,1500,10,"D","C","A","COUNTY ROAD 99W","COUNTY ROAD 13",0,,"Y","2014-11-13",9280,"2014-10-07",1440,"017883",,"2","9","0","3",,"2","003","-","N",,0,0,,,0,,,,"Y",2,"A","-",21802,"A","N","A","H","-","A","A","0","Y","D","22",0,1,0,0,0,0,0,0,0,"-","-","UNINCORPORATED","YOLO","CA",-121.87697,38.79415
"6686509",-121.7704421,38.5610846,2014,"5701","0","4","2","01",0,2,"A",,,,,"Y",1800,9,"A","C","A","JOHN JONES RD","WEST COVELL BL",40,"N","N","2014-11-21",5701,"2014-09-18",1513,"72","1","5","5","0","0",,"0","001","-","N",,0,0,,,0,,,,"Y",2,"A","-",23152,"A","N","A","H","-","A","D","0","Y","D","72",1,1,0,0,0,0,0,0,0,"-","-","DAVIS","YOLO","CA",-121.7749,38.55961
"6686505",-121.7418183,38.5514235,2014,"5701","0","1","4","03",0,1,"A",,,,,,1500,9,"C","C","A","E 8TH ST","F ST",75,"E","N","2014-11-18",5701,"2014-09-29",1312,"116","4","5","5","0","0",,"0","002","-","N",,0,0,,,0,,,,"N",2,"A","-",22350,,"N","A","H","-","A","A","0","Y","D","22",0,0,1,0,0,0,0,0,0,"-","-","DAVIS","YOLO","CA",0,0
"6682559",-121.7053243,38.6735685,2014,"5700","1","4","4","04",0,1,"-",,,,,,1800,10,"C","C","A","RT 5","COUNTY ROAD 103",528,"S","N","2016-06-24",9280,"2014-10-02",1651,"16292",,"2","9","0","1",,"2","020","-","Y","YOL",3,5,"-","-",4.29,"H","-","S","N",2,"A","-",21703,,"N","-","-","-","-","D","1","Y","A","07",0,0,1,0,0,0,0,0,0,"-","-","UNINCORPORATED","YOLO","CA",-121.70767,38.67366
"6682555",-121.9670042,38.681702,2014,"5700","5","6","4","03",0,2,"-",,,,,,1500,10,"C","C","A","RT 16","COUNTY ROAD 89",100,"E","N","2016-07-05",9280,"2014-10-04",1422,"017874",,"2","9","0","3",,"2","003","-","Y","YOL",3,16,"-","-",31.05,"H","-","W","Y",2,"A","-",22350,,"N","-","-","-","-","A","0","Y","A","07",0,0,2,0,0,0,0,0,0,"-","-","UNINCORPORATED","YOLO","CA",-121.96681,38.68169
"6677911",-121.5331031,38.556455,2014,"5704","0","1","4","03",0,1,"A",,,"Y",,"Y",1500,10,"C","C","A","JEFFERSON BL","DEVON AV",0,,"Y","2014-12-23",5704,"2014-10-06",1457,"00108","5704","5","4","0","0",,"0","003","-","N",,0,0,,,0,,,,"Y",3,"A","-",22350,,"N","A","H","-","A","A","0","Y","C","06",0,0,1,0,0,0,0,0,1,"-","-","WEST SACRAMENTO","YOLO","CA",0,0
"6677888",-121.5762331,38.5743251,2014,"5704","0","5","4","08",0,2,"A",,,,,,2400,10,"D","C","A","ENTERPRISE BL","RT 80",0,,"Y","2016-06-20",5704,"2014-10-10",2158,"00154",,"5","4","0","0",,"0","002","-","Y","YOL",3,80,"-","-",9.105,"R","4","E","Y",2,"A","-",22107,,"N","A","H","-","C","A","0","Y","A","01",0,0,2,0,0,0,0,0,0,"-","EO","WEST SACRAMENTO","YOLO","CA",0,0
"6677884",0,0,2014,"5704","0","5","4","09",0,1,"A",,,,,,2400,10,"B","C","A","TOWER BRIDGE GATEWAY","5TH ST",0,,"Y","2014-12-15",5704,"2014-10-03",2342,"00163",,"5","4","0","0",,"0","002","-","N",,0,0,,,0,,,,"N",2,"A","-",21453,"B","N","A","H","-","C","A","0","Y","A","01",0,0,1,0,0,0,0,0,0,"-","-","WEST SACRAMENTO","YOLO","CA",0,0
"6677880",0,0,2014,"5704","0","3","4","17",0,1,"B",,"Y",,,,1200,10,"H","G","A","C ST","CALIFORNIA ST",50,"S","N","2014-12-15",5704,"2014-10-15",1037,"00173","WSPD","5","4","0","0",,"0","001","-","N",,0,0,,,0,,,,"N",2,"A","-",22517,,"N","B","H","-","A","D","0","Y","A","01",0,0,1,0,0,0,1,0,0,"-","-","WEST SACRAMENTO","YOLO","CA",0,0
"6673692",-121.7678311,38.5486512,2014,"5701","0","5","4","09",0,1,"B",,,,,,1500,12,"D","C","A","RUSSELL BL","RT 113",0,,"Y","2016-06-23",5701,"2014-12-05",1405,"17874",,"5","5","0","0",,"0",,"-","Y","YOL",3,113,"-","R",1.279,"R","4","N","Y",2,"A","-",21453,"C","N","A","H","-","A","A","0","Y","D","22",0,0,1,0,0,0,0,0,0,"-","-","DAVIS","YOLO","CA",-121.76728,38.54648
"6673621",-121.7276745,38.5453465,2014,"5701","1","6","4","01",0,1,"A",,,,,"Y",600,11,"C","C","A","RT 80","RICHARDS BL",2640,"E","N","2016-07-05",9280,"2014-11-08",305,"16042",,"3","5","0","1",,"2","010","-","Y","YOL",3,80,"-","-",0.73,"H","-","W","Y",3,"A","-",23152,"A","N","A","H","-","C","D","1","Y","A","01",0,0,1,0,0,0,0,0,0,"-","-","DAVIS","YOLO","CA",-121.73239,38.54288
"6673033",-121.5601345,38.6075924,2014,"5700","5","3","1","01",2,0,"B",,,"Y",,"Y",2400,10,"F","A","A","OLD RIVER RD","COUNTY ROAD 126",101,"N","N","2016-01-12",9280,"2014-10-29",2244,"14492",,"3","9","0","3",,"2","002","-","N",,0,0,,,0,,,,"Y",1,"A","-",23152,"A","N","A","H","-","D","D","0","Y","C","02",0,0,0,0,0,0,0,2,0,"-","-","UNINCORPORATED","YOLO","CA",-121.5602,38.6077
"6667807",-121.8403431,38.561545,2014,"5700","5","1","4","09",0,1,"A",,,,,,900,9,"D","C","A","COUNTY ROAD 31","COUNTY ROAD 96",0,,"Y","2014-11-06",9280,"2014-09-29",725,"016632",,"1","9","0","3",,"2","002","-","N",,0,0,,,0,,,,"Y",2,"A","-",21802,"A","N","A","H","-","A","A","0","Y","A","01",0,0,1,0,0,0,0,0,0,"-","-","UNINCORPORATED","YOLO","CA",-121.84039,38.5617
"6667806",-121.5828231,38.414365,2014,"5700","5","2","4","03",0,3,"A",,,,,,900,9,"B","C","A","JEFFERSON BL","CLARKSBURG RD",0,,"Y","2014-11-12",9280,"2014-09-30",800,"017629",,"1","9","0","3",,"2","001","-","N",,0,0,,,0,,,,"Y",2,"A","-",22350,,"N","A","H","-","A","A","0","Y","A","07",0,0,3,0,0,0,0,0,0,"-","-","UNINCORPORATED","YOLO","CA",-121.58304,38.4148
"6666896",-121.7886398,38.6848057,2014,"5703","0","1","2","09",0,1,"A",,"Y",,,,900,9,"D","G","A","W BEAMER ST","CALIFORNIA ST",19,"W","N","2014-10-28",5703,"2014-09-29",730,"2826","62","5","4","0","0",,"0","002","-","N",,0,0,,,0,,,,"N",2,"A","-",21804,"A","N","A","H","-","A","D","0","Y","-","-",1,0,0,0,0,0,1,0,0,"-","-","WOODLAND","YOLO","CA",0,0
"6665328",-121.7717832,38.684695,2014,"5703","0","5","4","09",0,1,"A",,,,,,2100,10,"D","C","A","BEAMER ST","SECOND ST",0,,"Y","2014-12-15",5703,"2014-10-03",1805,"2882","24","5","4","0","0",,"0","001","-","N",,0,0,,,0,,,,"Y",2,"A","-",21802,"A","N","A","H","-","A","A","0","Y","A","01",0,0,1,0,0,0,0,0,0,"-","-","WOODLAND","YOLO","CA",0,0
"6661733",-121.5495281,38.4806055,2014,"5700","5","7","3","03",0,1,"A",,,"Y",,"Y",2400,10,"E","I","A","SOUTH RIVER RD","BABEL SLOUGH RD",187,"N","N","2014-12-19",9280,"2014-10-12",2230,"017763",,"3","9","0","3",,"2","001","-","N",,0,0,,,0,,,,"Y",1,"A","-",22350,,"N","A","H","-","A","D","0","Y","C","02",0,1,0,0,0,0,0,0,1,"-","-","UNINCORPORATED","YOLO","CA",-121.54948,38.48041
"6661729",-121.7669232,38.5884651,2014,"5700","3","5","4","08",0,1,"A",,,,,,900,10,"F","J","A","RT 113","ROAD 29",48,"S","N","2016-06-23",9280,"2014-10-10",645,"011706",,"1","9","0","1",,"2","022","-","Y","YOL",3,113,"-","R",4.087,"R","3","N","Y",1,"A","-",22107,,"N","A","H","-","A","D","1","Y","A","01",0,0,1,0,0,0,0,0,0,"-","-","UNINCORPORATED","YOLO","CA",-121.76679,38.59011
"6661725",-121.8032352,38.5658354,2014,"5700","4","2","3","08",0,1,"A",,,,,,900,10,"E","I","A","COUNTY ROAD 98","COUNTY ROAD 31",1584,"N","N","2014-12-19",9280,"2014-10-07",815,"017763",,"1","9","0","2",,"2","025","-","N",,0,0,,,0,,,,"Y",1,"A","-",22107,,"N","A","H","-","A","D","0","Y","A","01",0,1,0,0,0,0,0,0,0,"-","-","UNINCORPORATED","YOLO","CA",-121.8032,38.56578
"6660388",-121.7607531,38.684605,2014,"5703","S","5","3","09",0,2,"A",,,,,,900,9,"D","C","A","E BEAMER ST","HARTER AV",0,,"Y","2014-11-10",9280,"2014-09-26",820,"013837",,"1","4","1","4",,"2","901","-","N",,0,0,,,0,,,,"Y",2,"A","-",21802,"B","N","A","H","-","A","A","0","Y","A","08",0,1,1,0,0,0,0,0,0,"-","-","WOODLAND","YOLO","CA",-121.76072,38.68463
"6659154",-121.7413731,38.548615,2014,"5701","0","2","4","12",0,1,"A",,,,,,1200,7,"D","C","A","6TH ST","F ST",0,,"Y","2014-10-16",5701,"2014-07-22",1153,"40","4","5","5","0","0",,"0","002","-","N",,0,0,,,0,,,,"Y",2,"A","-",22450,"A","N","A","H","-","A","A","0","Y","A","01",0,0,1,0,0,0,0,0,0,"-","-","DAVIS","YOLO","CA",-121.73117,38.54699
"6658726",-121.7528132,38.546325,2014,"5701","0","4","2","11",0,1,"A","Y","Y",,,,1800,9,"H","-","B","RUSSELL BL","OAK AV",0,,"Y","2014-10-28",5701,"2014-09-11",1620,"113","3","5","5","0","0",,"0","001","-","N",,0,0,,,0,,,,"N",2,"A","-",21451,"C","N","A","H","-","A","A","0","Y","N","60",1,0,0,0,1,0,0,0,0,"-","-","DAVIS","YOLO","CA",-121.75297,38.5464
"6652739",0,0,2014,"5703","0","6","4","09",0,1,"A",,,,,,900,9,"D","C","A","JONES ST","HADLEY DR",0,,"Y","2014-10-21",5703,"2014-09-20",835,"2888",,"5","4","0","0",,"0","004","-","N",,0,0,,,0,,,,"Y",2,"A","-",21800,"A","N","A","H","-","A","D","0","Y","D","22",0,0,1,0,0,0,0,0,0,"-","-","WOODLAND","YOLO","CA",0,0
"6652738",-121.7749131,38.662925,2014,"5703","0","5","4","12",0,2,"A",,,,,,2100,9,"D","C","A","GIBSON RD","COLLEGE ST",0,,"Y","2014-10-21",5703,"2014-09-12",1900,"2011","16","5","4","0","0",,"0","003","-","N",,0,0,,,0,,,,"Y",2,"A","-",21453,"A","N","A","H","-","A","A","0","Y","A","01",0,0,2,0,0,0,0,0,0,"-","-","WOODLAND","YOLO","CA",0,0
"6649236",-121.7504331,38.560835,2014,"5701","0","3","3","00",0,1,"A",,"Y",,,,1800,9,"H","G","A","COVELL BL","CATALINA DR",0,,"Y","2014-10-15",5701,"2014-09-17",1652,"113","3","5","5","0","0",,"0","001","-","N",,0,0,,,0,,,,"N",2,"D","-",0,,"N","A","H","-","A","A","0","Y","-","-",0,1,0,0,0,0,1,0,0,"-","-","DAVIS","YOLO","CA",-121.73117,38.54699
"6645962",0,0,2014,"5704","0","2","4","04",0,1,"A",,,,,,1800,9,"C","C","A","MARSHALL RD","STABLE DR",0,,"Y","2014-10-08",5704,"2014-09-30",1541,"00173","WSPD","5","4","0","0",,"0","003","-","N",,0,0,,,0,,,,"N",2,"A","-",21703,,"N","A","H","-","A","D","0","Y","A","01",0,0,1,0,0,0,0,0,0,"-","-","WEST SACRAMENTO","YOLO","CA",0,0
"6645955",-121.5261133,38.5808526,2014,"5704","0","3","2","03",0,1,"A",,"Y",,,,900,9,"C","G","A","WEST CAPITOL AV","JEFFERSON BL",184,"E","N","2014-10-08",5704,"2014-09-03",720,"00158","WSPD","5","4","0","0",,"0","002","-","N",,0,0,,,0,,,,"N",2,"A","-",22350,,"N","A","H","-","A","A","0","Y","A","01",1,0,0,0,0,0,1,0,0,"-","-","WEST SACRAMENTO","YOLO","CA",0,0
"6645941",-121.7628907,38.6344119,2014,"5700","3","1","3","03",0,2,"A",,,,,,1800,9,"E","I","A","RT 113","COUNTY ROAD 25A",2112,"S","N","2016-04-25",9280,"2014-09-29",1657,"017763",,"2","9","0","1",,"2","022","-","Y","YOL",3,113,"-","R",7.21,"H","-","S","Y",1,"A","-",22350,,"N","A","H","-","A","D","1","Y","A","07",0,1,1,0,0,0,0,0,0,"-","-","UNINCORPORATED","YOLO","CA",-121.76257,38.63552
"6645039",-121.7771906,38.6991673,2014,"5700","1","4","4","08",0,1,"A",,,,,,2100,8,"E","I","A","RT 5","EAST ST",4752,"N","N","2016-05-05",9280,"2014-08-21",1840,"014492",,"2","9","0","1",,"2","020","-","Y","YOL",3,5,"-","R",9,"H","-","N","Y",1,"A","-",22107,,"N","A","H","-","A","D","1","Y","A","01",0,0,1,0,0,0,0,0,0,"-","-","UNINCORPORATED","YOLO","CA",-121.77072,38.6995
"6642620",-121.5859838,38.5727369,2014,"5704","1","6","4","03",0,1,"A",,,,,,2400,9,"C","C","A","RT 80","ENTERPRISE BL",528,"W","N","2016-05-05",9280,"2014-09-27",2259,"017800",,"3","4","0","1",,"2","010","-","Y","YOL",3,80,"-","-",8.83,"H","-","E","N",2,"A","-",22350,,"N","A","H","-","D","D","1","Y","A","01",0,0,1,0,0,0,0,0,0,"-","-","WEST SACRAMENTO","YOLO","CA",-121.58394,38.57324
"6642617",-121.5332331,38.4297451,2014,"5700","5","6","4","03",0,2,"A",,,,,,1500,9,"C","C","A","SOUTH RIVER RD","PUMPHOUSE RD",0,,"Y","2014-10-30",9280,"2014-09-13",1340,"015128",,"1","9","0","3",,"2","001","B","N",,0,0,,,0,,,,"Y",2,"A","-",22350,,"N","A","H","-","A","D","0","Y","A","07",0,0,2,0,0,0,0,0,0,"-","-","UNINCORPORATED","YOLO","CA",-121.53326,38.42966
"6642616",-121.7283948,38.7875995,2014,"5700","5","2","4","08",0,1,"A",,,,,,1200,9,"D","C","A","COUNTY ROAD 102","RT 113",1584,"S","N","2014-10-29",9280,"2014-09-16",950,"016042",,"1","9","0","3",,"2","002","-","N",,0,0,,,0,,,,"Y",2,"A","-",22107,,"N","A","H","-","A","D","0","Y","A","01",0,0,1,0,0,0,0,0,0,"-","-","UNINCORPORATED","YOLO","CA",-121.72844,38.78814
"6642613",-121.6954716,38.5467795,2014,"5701","5","3","3","08",0,2,"A","Y",,,,,900,9,"G","B","E","N EL MACERO DR","COUNTRY CLUB DR",528,"W","N","2014-10-29",9280,"2014-09-10",730,"011706",,"1","5","0","3",,"2","001","-","N",,0,0,,,0,,,,"N",3,"A","-",22107,,"F","A","H","-","A","D","0","Y","-","99",0,2,0,0,2,0,0,0,0,"-","-","DAVIS","YOLO","CA",-121.68139,38.54773
"6642609",0,0,2014,"5700","5","5","4","08",0,1,"A",,,,,,900,9,"E","I","A","ROSE LN","COUNTY ROAD 27",5280,"N","N","2014-10-30",9280,"2014-09-19",610,"015485",,"1","9","0","3",,"2","002","-","N",,0,0,,,0,,,,"Y",1,"A","-",22107,,"N","A","H","-","C","D","0","Y","A","01",0,0,1,0,0,0,0,0,0,"-","-","UNINCORPORATED","YOLO","CA",-121.76608,38.63301
"6642605",-121.7995277,38.7204299,2014,"5700","5","4","4","08",0,1,"A",,,,,,1200,9,"B","C","A","COUNTY ROAD 99W","COUNTY ROAD 18",200,"N","N","2014-10-30",9280,"2014-09-18",1123,"016214",,"1","9","0","3",,"2","002","-","N",,0,0,,,0,,,,"Y",2,"A","-",22107,,"N","A","H","-","A","D","0","Y","A","01",0,0,1,0,0,0,0,0,0,"-","-","UNINCORPORATED","YOLO","CA",-121.79958,38.72048
"6642601",-121.7614696,38.6192551,2014,"5700","5","7","3","03",0,1,"A",,,"Y",,,1200,9,"E","I","A","COUNTY ROAD 27","COUNTY ROAD 100A",261,"E","N","2014-10-30",9280,"2014-09-14",1155,"016042",,"1","9","0","3",,"2","002","-","N",,0,0,,,0,,,,"Y",1,"A","-",22350,,"N","A","H","-","A","B","0","Y","C","02",0,1,0,0,0,0,0,0,1,"-","-","UNINCORPORATED","YOLO","CA",-121.76133,38.61931
"6642565",-121.7768332,38.6987751,2014,"5700","1","3","4","01",0,1,"A",,,,,"Y",1800,9,"E","I","A","RT 5","WEST ST",2112,"S","N","2016-05-05",9280,"2014-09-24",1523,"015128",,"2","9","0","1",,"2","020","-","Y","YOL",3,5,"-","R",8.97,"H","-","S","Y",1,"A","-",23152,"A","N","A","H","-","A","D","1","Y","A","01",0,0,1,0,0,0,0,0,0,"-","-","UNINCORPORATED","YOLO","CA",-121.77711,38.69894
"6642400",-121.5496472,38.4808999,2014,"5700","5","5","3","08",0,1,"A",,,,,,1800,9,"E","I","A","SOUTH RIVER RD","BABEL SLOUGH RD",300,"N","N","2014-10-13",9280,"2014-09-19",1500,"016144",,"2","9","0","3",,"2","001","-","N",,0,0,,,0,,,,"Y",1,"A","-",22107,,"N","A","H","-","A","D","0","Y","D","23",0,1,0,0,0,0,0,0,0,"-","-","UNINCORPORATED","YOLO","CA",-121.54952,38.48026
"6642398",-121.5930817,38.5716482,2014,"5704","1","2","4","03",0,1,"A",,,"Y",,,900,9,"C","C","A","RT 80","ENTERPRISE BL",4224,"W","N","2016-05-05",9280,"2014-09-23",736,"016632",,"1","4","0","1",,"2","010","-","Y","YOL",3,80,"-","-",8.38,"H","-","W","Y",4,"A","-",22350,,"N","A","H","-","A","D","1","Y","D","22",0,0,1,0,0,0,0,0,1,"-","-","WEST SACRAMENTO","YOLO","CA",-121.5937,38.5714
"6642396",-121.8059071,38.6776951,2014,"5700","5","7","3","01",0,2,"A",,,,,"Y",2100,9,"A","C","A","RT 16","COUNTY ROAD 97E",620,"E","N","2016-05-06",9280,"2014-09-14",1945,"017800",,"2","9","0","3",,"2","002","-","Y","YOL",3,16,"-","-",40.38,"H","-","E","Y",2,"A","-",23152,"A","N","A","H","-","D","D","0","Y","A","01",0,1,1,0,0,0,0,0,0,"-","-","UNINCORPORATED","YOLO","CA",-121.80697,38.67775
"6642394",0,0,2014,"5700","5","2","2","01",0,1,"A",,,,,"Y",2100,9,"E","I","A","COUNTY ROAD 41A","COUNTY ROAD 88B",169,"E","N","2014-10-24",9280,"2014-09-23",1855,"017800",,"2","9","0","3",,"2","003","-","N",,0,0,,,0,,,,"Y",1,"A","-",23152,"A","N","A","H","-","B","D","0","Y","D","22",1,0,0,0,0,0,0,0,0,"-","-","UNINCORPORATED","YOLO","CA",-121.9828,38.89622
"6638128",-121.7885592,38.6848048,2014,"5703","0","4","2","10",0,2,"A","Y",,,,,900,9,"G","B","B","W BEAMER ST","CALIFORNIA ST",4,"E","N","2014-10-31",5703,"2014-09-11",801,"2863","64","5","4","0","0",,"0","002","-","N",,0,0,,,0,,,,"N",3,"A","-",21950,"A","N","A","H","-","A","A","0","Y","A","07",2,0,0,0,2,0,0,0,0,"-","-","WOODLAND","YOLO","CA",0,0
"6638127",-121.7654332,38.678685,2014,"5703","0","5","4","09",0,2,"A",,,,,,1800,9,"D","D","A","EAST ST","COURT ST",0,,"Y","2014-11-03",5703,"2014-09-05",1547,"2011","10","5","4","0","0",,"0","002","-","N",,0,0,,,0,,,,"Y",2,"A","-",21801,,"N","A","H","-","A","A","0","Y","A","01",0,0,2,0,0,0,0,0,0,"-","-","WOODLAND","YOLO","CA",0,0
"6635940",-121.5576067,38.578737,2014,"5704","0","1","3","06",0,1,"A",,,"Y",,,900,9,"B","C","A","WEST CAPITOL AV","RT 80",1100,"E","N","2016-01-15",5704,"2014-09-08",755,"00165",,"5","4","0","0",,"0","002","-","N",,0,0,,,0,,,,"N",2,"A","-",21755,,"N","A","H","-","A","A","0","Y","C","02",0,1,0,0,0,0,0,0,1,"-","-","WEST SACRAMENTO","YOLO","CA",0,0
"6635939",-121.540558,38.5566319,2014,"5704","0","3","4","03",0,1,"A",,,,,,1200,9,"C","C","A","LAKE WASHINGTON BL","SOUTHPORT PKWY",50,"N","N","2014-11-14",5704,"2014-09-03",1130,"00165",,"5","4","0","0",,"0","003","-","N",,0,0,,,0,,,,"N",2,"A","-",22350,,"N","A","H","-","A","A","0","Y","A","01",0,0,1,0,0,0,0,0,0,"-","-","WEST SACRAMENTO","YOLO","CA",0,0
"6635755",-121.5126456,38.5888002,2014,"5704","0","3","4","03",0,2,"A",,,,,,1500,9,"C","C","A","C ST","5TH ST",60,"E","N","2014-10-15",5704,"2014-09-17",1340,"112",,"5","4","0","0",,"0","001","-","N",,0,0,,,0,,,,"N",2,"A","-",22350,,"N","A","H","-","A","A","0","Y","D","22",0,0,2,0,0,0,0,0,0,"-","-","WEST SACRAMENTO","YOLO","CA",0,0
"6635754",-121.5297995,38.576496,2014,"5704","0","4","4","09",0,1,"A",,,,,,900,8,"D","C","A","JEFFERSON BL","RT 275",0,,"Y","2016-04-25",5704,"2014-08-14",850,"00158","WSPD","5","4","0","0",,"0","002","-","Y","YOL",3,275,"-","-",11.92,"R","4","W","N",2,"A","-",21802,"A","N","A","H","-","A","A","0","Y","A","01",0,0,1,0,0,0,0,0,0,"-","WF","WEST SACRAMENTO","YOLO","CA",0,0
"6635753",-121.5311861,38.5804205,2014,"5704","0","1","4","11",0,1,"A","Y",,,,,1800,8,"G","B","D","WEST CAPITOL AV","WESTACRE RD",150,"W","N","2015-05-11",5704,"2014-08-25",1508,"106",,"5","4","0","0",,"0","002","-","N",,0,0,,,0,,,,"N",2,"A","-",21955,,"N","A","H","-","A","A","0","Y","N","60",0,0,1,0,1,0,0,0,0,"-","-","WEST SACRAMENTO","YOLO","CA",0,0
"6627752",0,0,2014,"5701","0","4","4","03",0,1,"A",,,,,,1800,9,"C","C","A","EAST COVELL BL","E COVELL BL 4000",120,"E","N","2014-09-29",5701,"2014-09-04",1630,"105","7","5","5","0","0",,"0","003","-","N",,0,0,,,0,,,,"Y",2,"A","-",22350,,"N","A","H","-","A","A","0","Y","-",,0,0,1,0,0,0,0,0,0,"-","-","DAVIS","YOLO","CA",-121.70246,38.56477
"6627748",-121.7399632,38.547525,2014,"5701","0","6","4","-",0,1,"A",,"Y",,,,1800,9,"-","A","A","G ST","5TH ST",0,,"Y","2014-09-29",5701,"2014-09-06",1704,"103","4","5","5","0","0",,"0","002","-","N",,0,0,,,0,,,,"N",1,"A","-",0,,"N","A","H","-","A","A","0","Y","-","-",0,0,1,0,0,0,1,0,0,"-","-","DAVIS","YOLO","CA",-121.73896,38.5473
"6627744",-121.7346432,38.550225,2014,"5701","0","4","3","18",0,1,"A",,"Y",,,,2100,9,"H","A","A","L ST","DUKE DR",0,,"Y","2015-12-21",5701,"2014-09-11",1810,"103","5","5","5","0","0",,"0","002","-","N",,0,0,,,0,,,,"N",1,"C","-",0,,"N","A","H","-","A","D","0","Y","-","-",0,1,0,0,0,0,1,0,0,"-","-","DAVIS","YOLO","CA",0,0
"6627415",-121.7724983,38.5608151,2014,"5701","0","3","4","21",0,1,"A",,,,,,1200,8,"C","C","A","WEST COVELL BL","SHASTA DR",30,"E","N","2014-10-02",5701,"2014-08-27",1017,"72","1","5","5","0","0",,"0","001","-","N",,0,0,,,0,,,,"N",2,"A","-",22106,,"N","A","H","-","A","A","0","Y","D","22",0,0,1,0,0,0,0,0,0,"-","-","DAVIS","YOLO","CA",0,0
"6624562",-121.5680147,38.5757562,2014,"5700","1","3","2","-",0,1,"A",,,,,,600,9,"B","C","A","RT 80","ENTERPRISE BL",1530,"E","N","2016-05-05",9280,"2014-09-03",510,"017933",,"3","9","0","1",,"2","010","-","Y","YOL",3,80,"-","-",9.52,"H","-","W","Y",2,"A","-",0,,"N","A","H","-","C","D","1","Y","A","07",1,0,0,0,0,0,0,0,0,"-","-","UNINCORPORATED","YOLO","CA",0,0