"CASEID","POINT_X","POINT_Y","YEAR_","LOCATION","CHPTYPE","DAYWEEK","CRASHSEV","VIOLCAT","KILLED","INJURED","WEATHER1","PEDCOL","BICCOL","MCCOL","TRUCKCOL","ETOH","TIMECAT","MONTH_","CRASHTYP","INVOLVE","PED","PRIMARYRD","SECONDRD","DISTANCE","DIRECT","INTERSECT_","PROCDATE","JURIS","DATE_","TIME_","BADGE","JURIDIST","SHIFT","POP","SPECIAL","BEATTYPE","LAPDDIV","BEATCLAS","BEATNUMB","WEATHER2","STATEHW","CALTRANC","CALTRAND","STROUTE","ROUTESUF","POSTPRE","POSTMILE","LOCATYPE","RAMP","SIDEHW","TOWAWAY","PARTIES","PCF","VIOLCODE","VIOL","VIOLSUB","HITRUN","ROADSURF","RDCOND1","RDCOND2","LIGHTING","RIGHTWAY","CHPRDTYP","NOTPRIV","STFAULT","CHPFAULT","SEVINJ","OTHERINJ","COP","PEDKILL","PEDINJ","BICKILL","BICINJ","MCKILL","MCINJURE","RAMP1","RAMP2","CITY","COUNTY","STATE","X_CHP","Y_CHP"
"6624422",-121.6280931,38.565202,2014,"5700","1","6","4","01",0,3,"A",,,,,"Y",600,8,"C","C","A","RT 80","WEBSTER",2640,"E","N","2016-05-05",9280,"2014-08-30",300,"015168",,"3","9","0","1",,"2","010","-","Y","YOL",3,80,"-","-",6.37,"H","-","E","Y",2,"A","-",23152,"A","N","A","H","-","D","D","1","Y","A","01",0,0,3,0,0,0,0,0,0,"-","-","UNINCORPORATED","YOLO","CA",-121.61462,38.56756
"6623271",-121.523513,38.571325,2014,"5704","0","1","3","01",0,1,"A",,,"Y",,"Y",1800,7,"H","A","A","15TH ST","JEFFERSON BL",0,,"Y","2014-09-22",5704,"2014-07-14",1625,"00165",,"5","4","0","0",,"0","002","-","N",,0,0,,,0,,,,"Y",1,"A","-",23152,"A","N","A","H","-","A","A","0","Y","C","02",0,1,0,0,0,0,0,0,1,"-","-","WEST SACRAMENTO","YOLO","CA",0,0
"6623267",0,0,2014,"5704","0","7","3","01",0,1,"B",,,,,"Y",2400,7,"E","I","A","IRONWORKS AV","STEEL LN",0,,"Y","2014-09-22",5704,"2014-07-20",2205,"00154",,"5","4","0","0",,"0","002","-","N",,0,0,,,0,,,,"Y",1,"A","-",23152,"A","N","A","H","-","C","D","0","Y","A","01",0,1,0,0,0,0,0,0,0,"-","-","WEST SACRAMENTO","YOLO","CA",0,0
"6623011",-122.2142378,38.8574225,2014,"5700","3","3","2","08",0,2,"A",,,"Y",,,2100,9,"H","A","A","RT 16","RD 43",150,"W","N","2016-05-06",9280,"2014-09-03",1810,"016929",,"2","9","0","1",,"2","034","-","Y","YOL",3,16,"-","-",9.68,"H","-","E","Y",1,"A","-",22107,,"N","A","H","-","A","D","0","Y","C","02",1,1,0,0,0,0,0,0,2,"-","-","UNINCORPORATED","YOLO","CA",-121.21496,38.8574
"6623007",0,0,2014,"5700","5","1","4","03",0,1,"A",,,,,,1800,9,"E","J","A","COUNTY RD 31","COUNTY ROAD 93A",1100,"E","N","2014-10-01",9280,"2014-09-08",1630,"017800",,"2","9","0","3",,"2","003","-","N",,0,0,,,0,,,,"Y",1,"A","-",22350,,"N","A","H","-","A","D","0","Y","A","01",0,0,1,0,0,0,0,0,0,"-","-","UNINCORPORATED","YOLO","CA",-121.89234,38.56156
"6623003",-122.0206683,38.6980518,2014,"5700","3","4","4","08",0,1,"A",,,,,,2400,9,"E","I","A","RT 16","ORLEANS ST",528,"W","N","2016-05-06",9280,"2014-09-04",2317,"017375",,"3","9","0","1",,"2","034","-","Y","YOL",3,16,"-","-",27.45,"H","-","W","N",1,"A","-",22107,,"N","A","H","-","D","D","0","Y","A","01",0,0,1,0,0,0,0,0,0,"-","-","UNINCORPORATED","YOLO","CA",-122.09088,38.69772
"6622526",-121.5452631,38.566655,2014,"5704","0","6","4","06",0,1,"A",,,,,,2400,9,"D","C","A","INDUSTRIAL BL","BOATMAN AV",0,,"Y","2014-10-08",5704,"2014-09-13",2215,"00161","5704","5","4","0","0",,"0","002","-","N",,0,0,,,0,,,,"N",2,"A","-",21750,,"N","A","H","-","C","D","0","Y","A","01",0,0,1,0,0,0,0,0,0,"-","-","WEST SACRAMENTO","YOLO","CA",0,0
"6622476",-121.7666132,38.6143251,2014,"5700","3","7","3","03",0,1,"A",,,,,"Y",300,9,"E","I","A","RT 113","COUNTY ROAD 27",4,"N","N","2016-04-25",9280,"2014-09-14",242,"013399",,"3","9","0","1",,"2","022","-","Y","YOL",3,113,"-","R",5.879,"R","4","N","Y",1,"A","-",22350,,"N","A","H","-","C","A","1","Y","A","01",0,1,0,0,0,0,0,0,0,"-","-","UNINCORPORATED","YOLO","CA",-121.76423,38.61923
"6622329",-121.6890612,38.5541099,2014,"5701","1","5","4","03",0,1,"A",,,,,,1800,8,"C","C","A","RT 80","MACE BL",1320,"E","N","2016-04-25",9280,"2014-08-15",1613,"014492",,"2","5","0","1",,"2","010","-","Y","YOL",3,80,"-","-",2.9,"H","-","E","Y",4,"A","-",22350,,"N","A","H","-","A","D","1","Y","A","01",0,0,1,0,0,0,0,0,0,"-","-","DAVIS","YOLO","CA",-121.6835,38.55487
"6619881",-121.5452949,38.5914606,2014,"5704","0","4","3","03",0,1,"A",,,,"Y",,900,9,"C","C","A","HARBOR BL","REED AV",40,"S","N","2014-12-10",5704,"2014-09-04",745,"00173","WSPD","5","4","0","0",,"0","002","-","N",,0,0,,,0,,,,"Y",3,"A","-",22350,,"N","A","H","-","A","A","0","Y","D","22",0,1,0,0,0,0,0,0,0,"-","-","WEST SACRAMENTO","YOLO","CA",0,0
"6619183",-121.7202132,38.8004951,2014,"5703","3","6","4","03",0,1,"A",,,,,,2100,8,"C","C","A","RT 113","4TH ST",0,,"Y","2016-05-06",9280,"2014-08-30",2007,"016929",,"2","4","0","1",,"2","023","-","Y","YOL",3,45,"-","-",0,"I","5","N","Y",2,"A","-",22350,,"N","A","H","-","C","D","0","Y","A","01",0,0,1,0,0,0,0,0,0,"-","-","WOODLAND","YOLO","CA",-121.72012,38.80045
"6618786",0,0,2014,"5700","5","4","4","06",0,1,"A",,,"Y","Y",,2100,9,"D","C","A","COUNTY ROAD 29","ROAD 96",5280,"E","N","2014-10-02",9280,"2014-09-04",1940,"015168",,"2","9","0","3",,"2","002","-","N",,0,0,,,0,,,,"Y",2,"A","-",21750,,"N","A","H","-","A","D","0","Y","C","02",0,0,1,0,0,0,0,0,1,"-","-","UNINCORPORATED","YOLO","CA",-121.82182,38.59064
"6618766",-121.8735115,38.7894686,2014,"5700","1","6","3","08",0,1,"A",,,,,,300,9,"F","C","A","RT 5","COUNTY ROAD 13",2112,"S","N","2016-05-05",9280,"2014-09-06",12,"016144",,"3","9","0","1",,"2","030","-","Y","YOL",3,5,"-","R",17.22,"H","-","N","Y",1,"A","-",22107,,"N","A","H","-","D","D","1","Y","D","22",0,1,0,0,0,0,0,0,0,"-","-","UNINCORPORATED","YOLO","CA",-121.87281,38.78876
"6618746",-121.8383668,38.5615451,2014,"5700","5","5","3","03",0,2,"A",,,,"Y",,2400,9,"C","C","A","COUNTY ROAD 31","COUNTY ROAD 96",565,"E","N","2014-10-02",9280,"2014-09-05",2130,"015168",,"2","9","0","3",,"2","002","-","N",,0,0,,,0,,,,"Y",2,"A","-",22350,,"N","A","H","-","D","D","0","Y","A","08",0,2,0,0,0,0,0,0,0,"-","-","UNINCORPORATED","YOLO","CA",-121.83842,38.56162
"6617788",-121.5467386,38.5953476,2014,"5704","0","1","4","05",0,1,"A",,,,,,1800,9,"E","I","A","NORTH HARBOR BL","SUNSET AV",400,"N","N","2015-01-13",5704,"2014-09-01",1605,"00108","5704","5","4","0","0",,"0","001","-","N",,0,0,,,0,,,,"Y",1,"A","-",21650,,"N","A","H","-","A","D","0","Y","A","07",0,0,1,0,0,0,0,0,0,"-","-","WEST SACRAMENTO","YOLO","CA",0,0
"6617397",-121.7731932,38.675615,2014,"5703","0","4","2","12",0,1,"A",,"Y",,,,900,8,"H","G","A","LINCOLN AV","1ST ST",0,,"Y","2014-09-16",5703,"2014-08-14",723,"2863","12","5","4","0","0",,"0","001","-","N",,0,0,,,0,,,,"N",2,"A","-",22450,"A","N","A","H","-","A","A","0","Y","L","04",1,0,0,0,0,0,1,0,0,"-","-","WOODLAND","YOLO","CA",0,0
"6617377",-121.8027032,38.663205,2014,"5703","0","4","4","12",0,2,"A",,,,,,900,8,"D","C","A","COUNTY ROAD 98","WEST GIBSON RD",0,,"Y","2014-09-16",5703,"2014-08-21",759,"2863","76","5","4","0","0",,"0","003","-","N",,0,0,,,0,,,,"Y",2,"A","-",22450,"A","N","A","H","-","A","A","0","Y","A","01",0,0,2,0,0,0,0,0,0,"-","-","WOODLAND","YOLO","CA",0,0
"6616688",-121.556215,38.5908906,2014,"5704","0","3","4","09",0,1,"A",,,,,,2100,8,"D","C","A","STILLWATER RD","REED AV",500,"S","N","2014-09-23",5704,"2014-08-20",1828,"0126",,"5","4","0","0",,"0","001","-","N",,0,0,,,0,,,,"N",2,"A","-",21801,"A","N","A","H","-","A","A","0","Y","A","01",0,0,1,0,0,0,0,0,0,"-","-","WEST SACRAMENTO","YOLO","CA",0,0
"6616687",-121.5417897,38.5912309,2014,"5704","0","7","2","05",0,1,"A",,"Y",,,,2400,8,"A","G","A","SACRAMENTO AV","SUNSET AV",56,"E","N","2014-12-22",5704,"2014-08-03",2118,"00171",,"5","4","0","0",,"0","001","-","N",,0,0,,,0,,,,"Y",2,"A","-",21650,"1","N","-","H","-","C","D","0","Y","L","04",1,0,0,0,0,0,1,0,0,"-","-","WEST SACRAMENTO","YOLO","CA",0,0
"6616686",-121.5295385,38.5760219,2014,"5704","0","5","4","11",0,1,"A","Y",,,,,2400,8,"G","B","B","JEFFERSON BL","RT 50",6,"S","N","2016-05-06",5704,"2014-08-29",2139,"00154",,"5","4","0","0",,"0","002","-","Y","YOL",3,275,"-","-",11.844,"R","1","E","N",2,"A","-",21456,"B","N","A","-","-","C","A","0","Y","N","60",0,0,1,0,1,0,0,0,0,"-","EF","WEST SACRAMENTO","YOLO","CA",0,0
"6616600",-121.5250438,38.5683816,2014,"5704","0","5","4","04",0,1,"A",,,,,,900,8,"C","C","A","JEFFERSON BL","ALAMEDA BL",125,"N","N","2014-09-22",5704,"2014-08-22",834,"00173","WSPD","5","4","0","0",,"0","002","-","N",,0,0,,,0,,,,"N",3,"A","-",21703,,"N","A","H","-","A","D","0","Y","A","01",0,0,1,0,0,0,0,0,0,"-","-","WEST SACRAMENTO","YOLO","CA",0,0
"6615012",-121.6944132,38.5501761,2014,"5701","0","5","4","09",0,4,"A",,,,,,1500,7,"D","C","A","MACE BL","CHILES RD",106,"S","N","2014-09-22",5701,"2014-07-25",1302,"83","9","5","5","0","0",,"0","004","-","N",,0,0,,,0,,,,"N",2,"A","-",21804,"A","N","A","H","-","A","A","0","Y","A","01",0,0,4,0,0,0,0,0,0,"-","-","DAVIS","YOLO","CA",0,0
"6613438",0,0,2014,"5703","0","3","4","03",0,1,"A",,,,,,900,8,"C","C","A","EAST GIBSON RD","HARRY LORENZO",528,"W","N","2015-04-30",5703,"2014-08-27",827,"2857","53","5","4","0","0",,"0","004","-","N",,0,0,,,0,,,,"N",2,"A","-",22350,,"N","A","H","-","A","D","0","Y","A","07",0,0,1,0,0,0,0,0,0,"-","-","WOODLAND","YOLO","CA",0,0
"6612674",-121.7406832,38.541955,2014,"5701","0","1","4","11",0,1,"A","Y",,,,"Y",2400,9,"G","B","B","1ST ST","E ST",0,,"Y","2014-09-30",5701,"2014-09-01",2143,"38","4","5","5","0","0",,"0","002","-","N",,0,0,,,0,,,,"N",2,"A","-",21950,"B","N","A","H","-","C","A","0","Y","N","60",0,0,1,0,1,0,0,0,0,"-","-","DAVIS","YOLO","CA",0,0
"6612148",0,0,2014,"5700","5","2","4","08",0,1,"A",,,,,,600,8,"E","I","A","COUNTY ROAD 93A","COUNTY ROAD 31",54,"N","N","2014-09-18",9280,"2014-08-19",438,"016632",,"3","9","0","3",,"2","003","-","N",,0,0,,,0,,,,"Y",1,"A","-",22107,,"N","A","H","-","D","A","0","Y","A","01",0,0,1,0,0,0,0,0,0,"-","-","UNINCORPORATED","YOLO","CA",-121.89771,38.56141
"6612144",0,0,2014,"5700","1","7","3","01",0,1,"A",,,,,"Y",300,8,"-","I","A","COUNTY ROAD 89","COUNTY ROAD 23",383,"N","N","2014-09-18",9280,"2014-08-17",100,"016929",,"3","9","0","1",,"2","301","-","N",,0,0,,,0,,,,"Y",1,"A","-",23152,"A","N","A","H","-","D","D","0","Y","A","01",0,1,0,0,0,0,0,0,0,"-","-","UNINCORPORATED","YOLO","CA",-121.97085,38.66516
"6612140",-121.7222551,38.7991949,2014,"5700","5","3","4","03",0,1,"B",,,"Y",,,1800,8,"C","E","A","OAK GROVE AV","6TH ST",55,"S","N","2014-09-30",9280,"2014-08-13",1729,"014492",,"2","9","0","3",,"2","002","-","N",,0,0,,,0,,,,"N",2,"A","-",22350,,"N","A","H","-","A","D","0","Y","O","05",0,0,1,0,0,0,0,0,1,"-","-","UNINCORPORATED","YOLO","CA",-121.72224,38.79918
"6612136",-121.7297236,38.6188076,2014,"5700","4","1","3","01",0,3,"A",,,,,"Y",2400,8,"D","C","A","COUNTY ROAD 102","COUNTY ROAD 27",10,"S","N","2014-09-18",9280,"2014-08-25",2138,"015492",,"2","9","0","2",,"1","021","-","N",,0,0,,,0,,,,"Y",2,"A","-",23152,"A","N","A","H","-","D","A","0","Y","A","01",0,1,2,0,0,0,0,0,0,"-","-","UNINCORPORATED","YOLO","CA",-121.72976,38.61875
"6611761",-121.7604192,38.6628551,2014,"5703","0","7","3","11",0,1,"A","Y",,,,"Y",600,8,"G","B","D","EAST GIBSON RD","WASHINGTON DR",350,"W","N","2014-09-17",5703,"2014-08-03",345,"2875","13","5","4","0","0",,"0","004","-","N",,0,0,,,0,,,,"N",2,"A","-",21954,"A","F","A","H","-","C","D","0","Y","N","60",0,1,0,0,1,0,0,0,0,"-","-","WOODLAND","YOLO","CA",0,0
"6611679",-121.7095413,38.5616822,2014,"5701","0","6","3","03",0,1,"A",,,,,,2100,8,"E","I","A","ALHAMBRA DR","SAN MIGUEL AV",50,"N","N","2014-09-19",5701,"2014-08-16",1910,"116","7","5","5","0","0",,"0","003","-","N",,0,0,,,0,,,,"Y",1,"A","-",22350,,"N","A","H","-","A","-","0","Y","A","01",0,1,0,0,0,0,0,0,0,"-","-","DAVIS","YOLO","CA",0,0
"6611675",-121.7392849,38.5513296,2014,"5701","0","4","2","03",0,1,"A",,"Y",,,"Y",2400,8,"H","I","A","PENNSYLVANIA PL","J ST",200,"W","N","2014-09-25",5701,"2014-08-28",2347,"116","5","5","5","0","0",,"0","002","-","N",,0,0,,,0,,,,"N",1,"A","-",22350,,"N","A","H","-","C","D","0","Y","L","04",1,0,0,0,0,0,1,0,0,"-","-","DAVIS","YOLO","CA",0,0
"6611643",-121.7410331,38.547355,2014,"5701","0","3","4","08",0,1,"A",,"Y",,,,1800,8,"B","G","A","F ST","5TH ST",0,,"Y","2014-09-19",5701,"2014-08-27",1748,"38","4","5","5","0","0",,"0","002","-","N",,0,0,,,0,,,,"N",2,"A","-",22107,,"F","A","H","-","A","A","0","Y","A","01",0,0,1,0,0,0,1,0,0,"-","-","DAVIS","YOLO","CA",-121.74091,38.54744
"6611639",-121.7676632,38.5558151,2014,"5701","0","7","3","12",0,1,"A",,"Y",,,,1800,8,"H","G","A","EAST COVELL BL","RT 113",0,,"Y","2016-05-06",5701,"2014-08-03",1733,"116","1","5","5","0","0",,"0","001","-","Y","YOL",3,113,"-","R",1.896,"R","4","N","N",2,"A","-",22450,"A","N","A","H","-","A","A","0","Y","A","07",0,1,0,0,0,0,1,0,0,"-","-","DAVIS","YOLO","CA",-121.76709,38.5608
"6611635",-121.7001231,38.5515651,2014,"5701","0","3","2","09",0,1,"A",,"Y",,,,1800,8,"H","G","A","CHILES RD","MACE BL",100,"W","N","2016-05-05",5701,"2014-08-20",1600,"116","9","5","5","0","0",,"0","004","-","Y","YOL",3,80,"-","-",2.492,"R","4","E","N",2,"A","-",21801,"A","N","A","H","-","A","D","0","Y","-","-",1,0,0,0,0,0,1,0,0,"-","EF","DAVIS","YOLO","CA",0,0
"6610183",-121.5476665,38.5982584,2014,"5700","1","5","4","03",0,1,"A",,,,,,1500,8,"C","C","A","RT 80","YOLO COUNTY LINE RD",50,"W","N","2016-05-09",9280,"2014-08-22",1340,"16292",,"1","9","0","1",,"2","010","-","Y","YOL",3,80,"-","R",11.71,"H","-","E","Y",3,"A","-",22350,,"N","A","H","-","A","D","1","Y","D","22",0,0,1,0,0,0,0,0,0,"-","-","UNINCORPORATED","YOLO","CA",0,0
"6610179",-121.5549882,38.5751253,2014,"5704","2","6","3","03",0,3,"A",,,,,,1200,8,"C","C","A","RT 50","HARBOR BL",1500,"W","N","2016-05-06",9280,"2014-08-23",1050,"016214",,"1","4","0","1",,"2","011","-","Y","YOL",3,50,"-","-",0.95,"H","-","W","Y",3,"A","-",22350,,"N","A","H","-","A","D","1","Y","A","01",0,2,1,0,0,0,0,0,0,"-","-","WEST SACRAMENTO","YOLO","CA",0,0
"6610171",-121.9431131,38.534945,2014,"5700","1","2","4","03",0,1,"A",,,,,,1200,8,"C","C","A","RUSSELL BL","FEEDRANCHS DR",0,,"Y","2014-09-22",9280,"2014-08-26",910,"17629",,"1","9","0","1",,"2","030","-","N",,0,0,,,0,,,,"Y",4,"A","-",22350,,"N","A","H","-","A","D","0","Y","A","01",0,0,1,0,0,0,0,0,0,"-","-","UNINCORPORATED","YOLO","CA",-121.93411,38.53826
"6609520",-121.7473385,38.6772917,2014,"5703","0","3","3","05",0,1,"A",,"Y",,,,1500,8,"H","G","A","EAST MAIN ST","PIONEER AV",90,"W","N","2015-05-15",5703,"2014-08-06",1421,"2857","51","5","4","0","0",,"0","004","-","N",,0,0,,,0,,,,"N",2,"A","-",21650,"1","N","A","H","-","A","D","0","Y","L","04",0,1,0,0,0,0,1,0,0,"-","-","WOODLAND","YOLO","CA",0,0
"6609400",-121.776282,38.6782084,2014,"5703","0","7","3","-",0,1,"A",,"Y",,,,1500,8,"H","G","A","ELM ST","COURT ST",210,"S","N","2014-09-19",5703,"2014-08-10",1445,"2834","52","5","4","0","0",,"0","002","-","N",,0,0,,,0,,,,"N",2,"A","-",0,,"F","A","H","-","A","D","0","Y","-",,0,1,0,0,0,0,1,0,0,"-","-","WOODLAND","YOLO","CA",0,0
"6606777",-121.7421232,38.5471649,2014,"5701","0","5","3","09",0,1,"A",,,,,,900,8,"D","D","A","5TH ST","E ST",0,,"Y","2014-09-11",5701,"2014-08-22",840,"11","4","5","5","0","0",,"0","002","-","N",,0,0,,,0,,,,"Y",2,"A","-",21802,"A","N","A","H","-","A","A","0","Y","A","07",0,1,0,0,0,0,0,0,0,"-","-","DAVIS","YOLO","CA",0,0
"6606556",-121.8037579,38.5614873,2014,"5700","1","6","4","18",0,1,"A",,,,,,900,8,"F","J","A","COUNTY ROAD 31","COUNTY ROAD 98",150,"W","N","2016-03-01",9280,"2014-08-16",650,"017629",,"1","9","0","1",,"2","020","-","N",,0,0,,,0,,,,"Y",1,"C","-",0,,"N","A","H","-","A","D","0","Y","-","-",0,0,1,0,0,0,0,0,0,"-","-","UNINCORPORATED","YOLO","CA",-121.80633,38.56159
"6606552",-121.7973432,38.546875,2014,"5700","5","6","3","12",0,1,"A",,"Y",,,,2100,8,"D","G","A","PATWIN RD","RUSSELL BL",0,,"Y","2014-09-23",9280,"2014-08-16",1800,"017883",,"2","9","0","3",,"2","002","-","N",,0,0,,,0,,,,"N",2,"A","-",22450,"A","N","A","H","-","A","D","0","Y","L","04",0,1,0,0,0,0,1,0,0,"-","-","UNINCORPORATED","YOLO","CA",-121.79734,38.54692
"6606519",-121.6265595,38.6734751,2014,"5703","1","7","3","03",0,2,"A",,,,,,1200,8,"C","C","A","RT 5","SACRAMENTO/YOLO CO LINE",1056,"N","N","2016-05-05",9280,"2014-08-24",1054,"016632",,"1","4","0","1",,"2","020","-","Y","YOL",3,5,"-","-",0.02,"H","-","N","N",2,"A","-",22350,,"N","A","D","-","A","A","1","Y","A","01",0,1,1,0,0,0,0,0,0,"-","-","WOODLAND","YOLO","CA",-121.62895,38.67342
"6606515",-121.5831931,38.3782551,2014,"5700","3","1","2","03",0,2,"A",,,,,,2100,8,"F","A","A","RT 84","CENTRAL AV",3168,"S","N","2016-04-25",9280,"2014-08-25",1856,"017763",,"2","9","0","1",,"2","013","-","Y","YOL",3,84,"-","-",7.44,"H","-","S","Y",1,"A","-",22350,,"N","A","H","-","A","D","0","Y","A","01",2,0,0,0,0,0,0,0,0,"-","-","UNINCORPORATED","YOLO","CA",-121.58304,38.38427
"6606511",-121.6296218,38.6732151,2014,"5700","1","1","4","03",0,3,"A",,,,,,1800,8,"C","C","A","RT 5","SACRAMENTO CO LINE",1226,"N","N","2016-05-05",9280,"2014-08-18",1720,"017874",,"2","9","0","1",,"2","020","-","Y","YOL",3,5,"-","-",0.23,"H","-","S","Y",2,"A","-",22350,,"N","A","H","-","A","D","1","Y","A","01",0,0,3,0,0,0,0,0,0,"-","-","UNINCORPORATED","YOLO","CA",-121.63052,38.67312
"6606507",-121.5567424,38.5854407,2014,"5700","1","5","4","03",0,2,"A",,,,,,1800,8,"C","C","A","RT 80","REED AV",528,"W","N","2016-05-05",9280,"2014-08-15",1729,"016144",,"2","9","0","1",,"2","010","-","Y","YOL",3,80,"-","R",10.86,"H","-","W","Y",2,"A","-",22350,,"N","A","H","-","A","D","1","Y","A","01",0,0,2,0,0,0,0,0,0,"-","-","UNINCORPORATED","YOLO","CA",-121.55542,38.58731
"6606503",-122.0818287,38.7059109,2014,"5700","3","5","3","08",0,1,"A",,,,,,300,8,"F","I","A","RT 16","COUNTY ROAD 82B",1584,"E","N","2016-05-06",9280,"2014-08-15",55,"017375",,"3","9","0","1",,"2","034","-","Y","YOL",3,16,"-","-",23.82,"H","-","W","N",1,"A","-",22107,,"N","A","H","-","D","D","0","Y","A","07",0,1,0,0,0,0,0,0,0,"-","-","UNINCORPORATED","YOLO","CA",-122.08022,38.70622
"6606499",-121.7019129,38.5511753,2014,"5700","1","4","3","01",0,1,"A",,,,,"Y",1800,8,"B","C","A","RT 80","MACE BL",1584,"W","N","2016-05-05",9280,"2014-08-21",1755,"016144",,"2","9","0","1",,"2","010","-","Y","YOL",3,80,"-","-",2.38,"H","-","E","Y",2,"A","-",23152,"A","N","A","H","-","-","D","1","Y","-",,0,1,0,0,0,0,0,0,0,"-","-","UNINCORPORATED","YOLO","CA",-121.70851,38.54972
"6606495",-121.5593883,38.5814928,2014,"5704","1","2","4","03",0,2,"A",,,,,,1200,8,"C","C","A","RT 80","REED AV",1056,"W","N","2016-05-05",9280,"2014-08-12",950,"017772",,"1","4","0","1",,"2","010","-","Y","YOL",3,80,"-","R",10.67,"H","-","W","Y",2,"A","-",22350,,"N","A","H","-","A","D","1","Y","A","01",0,0,2,0,0,0,0,0,0,"-","-","WEST SACRAMENTO","YOLO","CA",-121.55717,38.58501
"6606491",-121.552106,38.5922788,2014,"5704","1","1","4","03",0,2,"A",,,,,,1200,8,"C","C","A","RT 80","REED AV",100,"W","N","2016-05-09",9280,"2014-08-11",1113,"016632",,"1","4","0","1",,"2","010","-","Y","YOL",3,80,"-","R",11.19,"H","-","W","Y",3,"A","-",22350,,"N","A","H","-","A","D","1","Y","A","01",0,0,2,0,0,0,0,0,0,"-","-","WEST SACRAMENTO","YOLO","CA",-121.55258,38.59156
"6606487",-121.5591087,38.5819081,2014,"5704","1","3","3","03",0,4,"A",,,,,,1200,8,"C","C","A","RT 80","RT 84",3168,"W","N","2016-05-05",9280,"2014-08-13",945,"011706",,"1","4","0","1",,"2","010","-","Y","YOL",3,80,"-","R",10.69,"H","-","W","Y",2,"A","-",22350,,"N","A","H","-","A","D","1","Y","A","01",0,1,3,0,0,0,0,0,0,"-","-","WEST SACRAMENTO","YOLO","CA",-121.55704,38.50508
"6606483",-121.5173526,38.5727146,2014,"5704","2","6","3","03",0,1,"A",,,"Y",,,1200,8,"E","I","A","RT 50","JEFFERSON BL",1584,"E","N","2016-05-06",9280,"2014-08-16",1155,"017772",,"1","4","0","1",,"2","011","-","Y","YOL",3,50,"-","-",2.93,"H","-","W","Y",1,"A","-",22350,,"N","A","H","-","A","D","1","Y","C","02",0,1,0,0,0,0,0,0,1,"TO","-","WEST SACRAMENTO","YOLO","CA",-121.51928,38.57486
"6606247",-121.8581579,38.6517353,2014,"5700","5","6","1","01",1,0,"A",,,,,"Y",600,7,"E","I","A","COUNTY ROAD 95","COUNTY ROAD 25",1056,"N","N","2014-10-07",9280,"2014-07-26",535,"15485",,"3","9","0","3",,"2","002","-","N",,0,0,,,0,,,,"Y",1,"A","-",23152,"A","N","A","H","-","B","D","0","Y","A","01",0,0,0,0,0,0,0,0,0,"-","-","UNINCORPORATED","YOLO","CA",-121.85809,38.65209
"6606246",-121.7393151,38.5597519,2014,"5701","0","5","1","03",1,0,"A",,,,,,2400,7,"H","A","A","CRANBROOK CT","J ST",184,"W","N","2014-10-07",5701,"2014-07-11",2209,"36","5","5","5","0","0",,"0","002","-","N",,0,0,,,0,,,,"N",1,"A","-",22350,,"N","A","H","-","A","A","0","Y","A","01",0,0,0,0,0,0,0,0,0,"-","-","DAVIS","YOLO","CA",-121.73879,38.55969
"6606225",-121.8435824,38.5615451,2014,"5703","4","4","1","01",1,1,"A",,,,"Y",,1200,3,"A","C","A","COUNTY ROAD 31","COUNTY ROAD 96",926,"W","N","2014-10-02",9280,"2014-03-06",1020,"17629",,"1","4","0","2",,"2","025","-","N",,0,0,,,0,,,,"Y",2,"A","-",23152,"A","N","A","H","-","A","D","0","Y","G","25",0,0,1,0,0,0,0,0,0,"-","-","WOODLAND","YOLO","CA",-121.84166,38.56163
"6606098",-121.7678219,38.548895,2014,"5701","3","5","1","11",1,0,"A","Y",,,"Y","Y",300,5,"G","B","E","RT 113","RUSSELL BL",1164,"N","N","2014-09-22",9280,"2014-05-23",214,"13837",,"3","5","0","1",,"2","022","-","Y","YOL",3,113,"-","R",1.3,"H","-","N","N",2,"A","-",21954,"A","N","A","H","-","D","A","1","Y","N","60",0,0,0,1,0,0,0,0,0,"-","-","DAVIS","YOLO","CA",-121.76769,38.54967
"6605917",-121.6902569,38.6737416,2014,"5700","1","2","3","03",0,1,"A",,,,"Y",,600,8,"C","C","A","RT 5","CO RD 103",5280,"N","N","2016-05-05",9280,"2014-08-19",502,"017933",,"3","9","0","1",,"2","020","-","Y","YOL",3,5,"-","-",3.49,"H","-","N","Y",2,"A","-",22350,,"N","A","H","-","D","D","1","Y","D","22",0,1,0,0,0,0,0,0,0,"-","-","UNINCORPORATED","YOLO","CA",-121.67982,38.67361
"6605909",-121.9474506,38.7702032,2014,"5700","3","5","2","03",0,1,"A",,,,"Y",,2100,8,"C","C","A","RT 505","COUNTY ROAD 14",2376,"S","N","2016-04-25",9280,"2014-08-15",1840,"17351",,"2","9","0","1",,"2","034","-","Y","YOL",3,505,"-","-",17,"H","-","N","Y",2,"A","-",22350,,"N","A","H","-","A","D","1","Y","D","22",1,0,0,0,0,0,0,0,0,"-","-","UNINCORPORATED","YOLO","CA",-121.94731,38.77034