"CASEID","POINT_X","POINT_Y","YEAR_","LOCATION","CHPTYPE","DAYWEEK","CRASHSEV","VIOLCAT","KILLED","INJURED","WEATHER1","PEDCOL","BICCOL","MCCOL","TRUCKCOL","ETOH","TIMECAT","MONTH_","CRASHTYP","INVOLVE","PED","PRIMARYRD","SECONDRD","DISTANCE","DIRECT","INTERSECT_","PROCDATE","JURIS","DATE_","TIME_","BADGE","JURIDIST","SHIFT","POP","SPECIAL","BEATTYPE","LAPDDIV","BEATCLAS","BEATNUMB","WEATHER2","STATEHW","CALTRANC","CALTRAND","STROUTE","ROUTESUF","POSTPRE","POSTMILE","LOCATYPE","RAMP","SIDEHW","TOWAWAY","PARTIES","PCF","VIOLCODE","VIOL","VIOLSUB","HITRUN","ROADSURF","RDCOND1","RDCOND2","LIGHTING","RIGHTWAY","CHPRDTYP","NOTPRIV","STFAULT","CHPFAULT","SEVINJ","OTHERINJ","COP","PEDKILL","PEDINJ","BICKILL","BICINJ","MCKILL","MCINJURE","RAMP1","RAMP2","CITY","COUNTY","STATE","X_CHP","Y_CHP"
"6605905",-121.5672078,38.5758312,2014,"5704","1","1","4","00",0,1,"A",,,,,,1200,8,"C","C","A","RT 80","REED AV",5280,"W","N","2016-05-05",9280,"2014-08-11",945,"016632",,"1","4","0","1",,"2","010","-","Y","YOL",3,80,"-","R",10.29,"H","-","W","Y",2,"D","-",0,,"N","A","H","-","A","D","1","Y","-","-",0,0,1,0,0,0,0,0,0,"-","-","WEST SACRAMENTO","YOLO","CA",-121.56075,38.57945
"6605889",-121.9531079,38.5305516,2014,"5700","1","3","3","08",0,1,"A",,,,"Y",,1200,8,"F","A","A","RT 128","RT 505",128,"N","N","2016-04-25",9280,"2014-08-13",1030,"15485",,"1","9","0","1",,"2","031","-","Y","YOL",3,505,"-","-",0.42,"H","-","S","Y",1,"A","-",22107,,"N","A","-","-","A","D","1","Y","G","26",0,1,0,0,0,0,0,0,0,"TO","-","UNINCORPORATED","YOLO","CA",-121.9532,38.53172
"6605149",0,0,2014,"5700","5","5","3","12",0,2,"A",,,,,,600,8,"E","I","A","COUNTY ROAD 31","COUNTY ROAD 89",17,"W","N","2014-09-09",9280,"2014-08-22",535,"015485",,"3","9","0","3",,"2","003","-","N",,0,0,,,0,,,,"Y",1,"A","-",22450,"A","N","A","H","-","D","A","0","Y","A","01",0,1,1,0,0,0,0,0,0,"-","-","UNINCORPORATED","YOLO","CA",-121.97132,38.56178
"6605145",-121.6526858,38.6732859,2014,"5700","1","3","4","03",0,2,"A",,,,,"Y",1800,8,"C","C","A","RT 5","COUNTY ROAD 22",5280,"N","N","2016-05-05",9280,"2014-08-20",1725,"016144",,"2","9","0","1",,"2","020","-","Y","YOL",3,5,"-","-",1.358,"H","-","S","Y",3,"A","-",22350,,"N","A","H","-","-","D","1","Y","A","01",0,0,2,0,0,0,0,0,0,"-","-","UNINCORPORATED","YOLO","CA",-121.66838,38.67331
"6605141",-121.6904931,38.5536851,2014,"5701","1","3","4","03",0,2,"A",,,,,,1800,8,"C","C","A","RT 80","MACE BL",1056,"E","N","2016-05-05",9280,"2014-08-20",1720,"011706",,"2","5","0","1",,"2","010","-","Y","YOL",3,80,"-","-",2.811,"R","1","E","Y",2,"A","-",22350,,"N","A","H","-","A","A","1","Y","A","01",0,0,2,0,0,0,0,0,0,"-","-","DAVIS","YOLO","CA",-121.69214,38.55288
"6605137",-121.5256209,38.577063,2014,"5704","2","3","4","08",0,1,"A",,,,,,300,8,"E","I","A","RT 50","JEFFERSON BL",528,"W","N","2016-05-06",9280,"2014-08-20",108,"016144",,"3","4","0","1",,"2","011","-","Y","YOL",3,50,"-","-",2.39,"H","-","E","Y",1,"A","-",22107,,"N","A","D","-","D","D","1","Y","A","01",0,0,1,0,0,0,0,0,0,"-","-","WEST SACRAMENTO","YOLO","CA",-121.52848,38.57663
"6605042",-121.7933538,38.6848688,2014,"5703","0","1","4","03",0,1,"A",,,,,,1800,8,"C","C","A","BEAMER ST","COTTONWOOD ST",43,"W","N","2014-09-19",5703,"2014-08-11",1647,"832","82","5","4","0","0",,"0","002","-","N",,0,0,,,0,,,,"Y",2,"A","-",22350,,"N","A","H","-","A","A","0","Y","D","22",0,0,1,0,0,0,0,0,0,"-","-","WOODLAND","YOLO","CA",0,0
"6604979",-121.6576709,38.5600981,2014,"5700","1","4","4","03",0,3,"A",,,,,,1800,8,"C","C","A","RT 80","COUNTY ROAD 32A",5280,"W","N","2016-05-05",9280,"2014-08-21",1655,"016144",,"2","9","0","1",,"2","010","-","Y","YOL",3,80,"-","-",4.78,"H","-","E","Y",3,"A","-",22350,,"N","A","H","-","A","D","1","Y","A","07",0,0,3,0,0,0,0,0,0,"-","-","UNINCORPORATED","YOLO","CA",-121.6726,38.55773
"6602781",-121.8025632,38.6776451,2014,"5703","0","2","4","12",0,1,"A",,,,,,2100,8,"D","C","A","COUNTY ROAD 98","RT 16",0,,"Y","2016-05-06",5703,"2014-08-05",1932,"2859","82","5","4","0","0",,"0","002","-","Y","YOL",3,16,"-","R",40.57,"I","5","E","Y",2,"A","-",21453,"A","N","A","H","-","A","A","0","Y","A","07",0,0,1,0,0,0,0,0,0,"-","-","WOODLAND","YOLO","CA",0,0
"6602710",-121.7229493,38.5472467,2014,"5701","0","1","3","08",0,1,"A",,"Y",,,,1800,8,"H","G","A","2ND ST","CANTRILL DR",861,"W","N","2014-09-09",5701,"2014-08-18",1700,"45","7","5","5","0","0",,"0","003","-","N",,0,0,,,0,,,,"N",2,"A","-",22107,,"N","A","H","-","A","A","0","Y","L","04",0,1,0,0,0,0,1,0,0,"-","-","DAVIS","YOLO","CA",0,0
"6602449",-121.7934458,38.6692357,2014,"5703","0","5","3","10",0,1,"A","Y",,,,,1500,8,"-","B","B","W SOUTHWOOD DR","COTTONWOOD ST",15,"W","N","2014-09-08",5703,"2014-08-01",1348,"2854","54","5","4","0","0",,"0","003","-","N",,0,0,,,0,,,,"N",2,"A","-",21950,"A","N","A","H","-","A","A","0","Y","D","22",0,1,0,0,1,0,0,0,0,"-","-","WOODLAND","YOLO","CA",0,0
"6602445",-121.7655532,38.670145,2014,"5703","0","4","3","01",0,1,"A",,,,,"Y",1800,8,"D","C","A","EAST ST","PENDEGAST",0,,"Y","2014-09-17",5703,"2014-08-07",1722,"2813","13","5","4","0","0",,"0","004","-","N",,0,0,,,0,,,,"Y",2,"A","-",23152,"B","N","A","H","-","A","D","0","Y","A","01",0,1,0,0,0,0,0,0,0,"-","-","WOODLAND","YOLO","CA",0,0
"6602441",-121.774513,38.6774751,2014,"5703","0","5","4","03",0,2,"A",,,,,,1200,8,"C","C","A","MAIN ST","COLLEGE ST",60,"E","N","2014-09-25",5703,"2014-08-08",1003,"2827","22","5","4","0","0",,"0","001","-","N",,0,0,,,0,,,,"Y",4,"A","-",22350,,"N","A","H","-","A","A","0","Y","-","-",0,0,2,0,0,0,0,0,0,"-","-","WOODLAND","YOLO","CA",0,0
"6601835",-121.9531508,38.5455114,2014,"5700","1","4","3","09",0,1,"A",,,,,,1800,7,"D","C","A","RT 505","COUNTY ROAD 19",0,,"Y","2016-04-25",9280,"2014-07-24",1700,"016292",,"2","9","0","1",,"2","031","-","Y","YOL",3,505,"-","-",1.351,"R","4","S","Y",2,"A","-",21802,"A","N","A","H","-","A","A","1","Y","M","47",0,1,0,0,0,0,0,0,0,"TO","-","UNINCORPORATED","YOLO","CA",-121.9615,38.7206
"6600108",-121.7510832,38.6702551,2014,"5703","0","2","3","12",0,1,"A",,"Y",,,,2100,8,"D","G","A","EAST MAIN ST","RT 113",0,,"Y","2016-05-06",5703,"2014-08-12",1826,"BELL","31","5","4","0","0",,"0","001","-","Y","YOL",3,113,"-","R",9.851,"R","1","N","N",2,"A","-",21453,"A","N","A","H","-","A","A","0","Y","L","04",0,1,0,0,0,0,1,0,0,"-","NF","WOODLAND","YOLO","CA",0,0
"6596456",-121.7096339,38.6735851,2014,"5700","1","1","4","03",0,2,"A",,,,,,2100,8,"C","C","A","RT 5","COUNTY ROAD 102",5280,"S","N","2016-05-05",9280,"2014-08-11",1900,"017883",,"2","9","0","1",,"2","020","-","Y","YOL",3,5,"-","-",4.53,"H","-","S","Y",3,"A","-",22350,,"N","A","H","-","A","D","1","Y","A","01",0,0,2,0,0,0,0,0,0,"-","-","UNINCORPORATED","YOLO","CA",-121.60755,38.6735
"6596452",-121.8581232,38.663415,2014,"5700","5","2","4","09",0,1,"A",,,,,,900,8,"D","C","A","COUNTY ROAD 95","COUNTY ROAD 24",0,,"Y","2014-09-17",9280,"2014-08-12",850,"012272",,"1","9","0","3",,"2","003","-","N",,0,0,,,0,,,,"N",2,"A","-",21802,"A","N","A","H","-","A","A","0","Y","A","07",0,0,1,0,0,0,0,0,0,"-","-","UNINCORPORATED","YOLO","CA",-121.8522,38.66365
"6596433",-121.6624171,38.6733331,2014,"5700","1","1","4","03",0,3,"A",,,,,,2100,8,"C","C","A","RT 5","COUNTY ROAD 118",5280,"N","N","2016-05-05",9280,"2014-08-11",1815,"17883",,"2","9","0","1",,"2","020","-","Y","YOL",3,5,"-","-",1.9,"H","-","S","Y",3,"A","-",22350,,"N","A","H","-","A","D","1","Y","A","01",0,0,3,0,0,0,0,0,0,"-","-","UNINCORPORATED","YOLO","CA",-121.66125,38.67336
"6595824",-121.7809053,38.641185,2014,"5700","5","5","4","08",0,1,"A",,,,,,900,8,"F","I","A","COUNTY ROAD 25A","COUNTY ROAD 99",1056,"E","N","2014-09-05",9280,"2014-08-08",854,"16214",,"1","9","0","3",,"2","002","-","N",,0,0,,,0,,,,"Y",1,"A","-",22107,,"N","A","H","-","A","D","0","Y","A","01",0,0,1,0,0,0,0,0,0,"-","-","UNINCORPORATED","YOLO","CA",-121.77945,38.64121
"6595820",-121.6301025,38.5649888,2014,"5700","1","4","4","07",0,1,"A",,,,,,900,8,"E","I","A","RT 80","CHILES RD",2640,"E","N","2016-05-05",9280,"2014-08-07",820,"16214",,"1","9","0","1",,"2","010","-","Y","YOL",3,80,"-","-",6.2,"H","-","W","Y",2,"A","-",21658,"A","F","A","H","-","A","A","1","Y","-","99",0,0,1,0,0,0,0,0,0,"-","-","UNINCORPORATED","YOLO","CA",-121.63126,38.5649
"6595817",-121.5270132,38.5868351,2014,"5704","0","5","3","03",0,1,"A",,,,,,2100,8,"C","C","A","JEFFERSON BL","TRIANGLE CT",0,,"Y","2014-09-05",5704,"2014-08-08",1946,"0108","5704","5","4","0","0",,"0","001","-","N",,0,0,,,0,,,,"Y",2,"A","-",22350,,"N","A","H","-","B","A","0","Y","A","01",0,1,0,0,0,0,0,0,0,"-","-","WEST SACRAMENTO","YOLO","CA",0,0
"6595816",0,0,2014,"5700","2","2","4","03",0,1,"B",,,,,,1800,8,"C","C","A","RT 50","JEFFERSON BL",2640,"E","N","2016-05-06",9280,"2014-08-05",1625,"17874",,"2","9","0","1",,"2","011","-","Y","SAC",3,50,"-","L",0.01,"H","-","E","N",2,"A","-",22350,,"N","A","H","-","A","D","1","Y","A","01",0,0,1,0,0,0,0,0,0,"-","-","UNINCORPORATED","YOLO","CA",-121.54771,38.59823
"6595812",0,0,2014,"5700","5","6","4","18",0,1,"A",,,,,,1800,8,"H","A","A","COUNTY ROAD 99W","COUNTY ROAD 91B",6336,"N","N","2014-09-05",9280,"2014-08-09",1615,"13837",,"2","9","0","3",,"2","003","-","N",,0,0,,,0,,,,"N",1,"C","-",0,,"N","A","H","-","A","D","0","Y","-","-",0,0,1,0,0,0,0,0,0,"-","-","UNINCORPORATED","YOLO","CA",-121.93835,38.85211
"6595760",-121.8216332,38.8782351,2014,"5700","3","3","3","08",0,2,"A",,,,,,900,7,"F","I","A","RT 45","CO RD 97",7920,"S","N","2016-04-25",9280,"2014-07-30",840,"013837",,"1","9","0","1",,"2","026","-","Y","YOL",3,45,"-","-",8.54,"H","-","S","Y",1,"A","-",22107,,"N","A","H","-","A","D","0","Y","A","07",0,1,1,0,0,0,0,0,0,"-","-","UNINCORPORATED","YOLO","CA",-121.82075,38.87735
"6595752",-121.7609922,38.6951418,2014,"5703","3","4","4","07",0,1,"A",,,,,,1800,7,"E","I","A","RT 5","RT 113",1056,"S","N","2016-05-05",9280,"2014-07-31",1630,"014492",,"2","4","0","1",,"2","022","-","Y","YOL",3,5,"-","R",8.06,"H","-","N","Y",2,"A","-",21658,"A","N","A","H","-","A","D","1","Y","A","01",0,0,1,0,0,0,0,0,0,"-","-","WOODLAND","YOLO","CA",-121.73702,38.67408
"6595525",-121.8024334,38.7158595,2014,"5700","5","7","2","01",0,1,"A",,,,,"Y",300,7,"E","I","A","COUNTY ROAD 98","COUNTY ROAD 18",430,"S","N","2015-12-21",9280,"2014-07-27",250,"017883",,"3","9","0","3",,"2","002","-","N",,0,0,,,0,,,,"Y",1,"A","-",23152,"A","N","A","H","-","D","D","0","Y","A","01",1,0,0,0,0,0,0,0,0,"-","-","UNINCORPORATED","YOLO","CA",-121.80239,38.71501
"6594817",-121.7746037,38.5565751,2014,"5701","0","2","3","21",0,1,"A",,"Y",,,,2100,7,"D","G","A","POINT REYES PL","EL CAPITAN ST",200,"E","N","2014-09-04",5701,"2014-07-15",1825,"80","1","5","5","0","0",,"0","001","-","N",,0,0,,,0,,,,"N",2,"A","-",22106,,"N","A","H","-","A","D","0","Y","A","01",0,1,0,0,0,0,1,0,0,"-","-","DAVIS","YOLO","CA",0,0
"6592505",-121.5410803,38.5751191,2014,"5704","2","6","3","03",0,1,"A",,,"Y",,,1200,8,"E","I","A","RT 50","HARBOR BL",1584,"E","N","2016-05-06",9280,"2014-08-02",1120,"017772",,"1","4","0","1",,"2","011","-","Y","YOL",3,50,"-","-",1.52,"H","-","W","Y",1,"A","-",22350,,"N","A","H","-","A","D","1","Y","C","02",0,1,0,0,0,0,0,0,1,"-","-","WEST SACRAMENTO","YOLO","CA",-121.54127,38.57505
"6592501",-121.5552771,38.5751319,2014,"5704","2","6","3","03",0,3,"A",,,,,,1500,8,"C","C","A","RT 50","HARBOR BL",1584,"W","N","2016-05-06",9280,"2014-08-02",1315,"017772",,"1","4","0","1",,"2","011","-","Y","YOL",3,50,"-","-",0.9,"H","-","W","Y",3,"A","-",22350,,"N","A","H","-","A","D","1","Y","A","01",0,1,2,0,0,0,0,0,0,"-","-","WEST SACRAMENTO","YOLO","CA",-121.55504,38.57508
"6592493",-121.9522684,38.6494727,2014,"5700","1","6","4","03",0,3,"A",,,,,,900,8,"C","C","A","RT 505","COUNTY ROAD 26",5280,"N","N","2016-04-25",9280,"2014-08-02",715,"016632",,"1","9","0","1",,"2","031","-","Y","YOL",3,505,"-","-",8.54,"H","-","S","Y",2,"A","-",22350,,"N","A","H","-","A","D","1","Y","A","01",0,0,3,0,0,0,0,0,0,"-","-","UNINCORPORATED","YOLO","CA",-121.9522,38.6497
"6592481",-121.7849548,38.6252351,2014,"5703","5","2","3","08",0,1,"B",,,,,"Y",2400,8,"F","I","A","COUNTY ROAD 99","COUNTY ROAD 27",2112,"N","N","2014-09-08",9280,"2014-08-05",2200,"017933",,"3","4","0","3",,"2","002","-","N",,0,0,,,0,,,,"Y",1,"A","-",22107,,"N","B","H","-","D","D","0","Y","A","01",0,1,0,0,0,0,0,0,0,"-","-","WOODLAND","YOLO","CA",-121.78498,38.62686
"6592260",0,0,2014,"5700","5","3","4","01",0,1,"A",,,,,"Y",900,7,"B","J","A","MIDWAY RD","LEVEE RD",2640,"E","N","2014-09-02",9280,"2014-07-30",800,"16214",,"1","9","0","3",,"2","001","-","N",,0,0,,,0,,,,"Y",1,"A","-",23152,"A","N","A","G","-","A","D","0","Y","A","01",0,0,1,0,0,0,0,0,0,"-","-","UNINCORPORATED","YOLO","CA",-121.68314,38.41579
"6592256",-121.7281986,38.7119117,2014,"5700","1","1","3","08",0,1,"A",,,,,,1500,7,"E","I","A","COUNTY ROAD 102","COUNTY ROAD 18C",1056,"N","N","2014-09-02",9280,"2014-07-28",1220,"17772",,"1","9","0","1",,"2","020","-","N",,0,0,,,0,,,,"Y",1,"A","-",22107,,"N","A","H","-","A","D","0","Y","A","01",0,1,0,0,0,0,0,0,0,"-","-","UNINCORPORATED","YOLO","CA",-121.72866,38.71288
"6592252",-121.5564315,38.5751762,2014,"5704","2","5","2","03",0,4,"A",,,,,,1200,7,"C","C","A","RT 50","HARBOR BL",2640,"W","N","2016-05-06",9280,"2014-07-25",1140,"16214",,"1","4","0","1",,"2","011","-","Y","YOL",3,50,"-","-",0.7,"H","-","W","Y",3,"A","-",22350,,"N","A","H","-","A","D","1","Y","A","08",1,0,3,0,0,0,0,0,0,"-","-","WEST SACRAMENTO","YOLO","CA",-121.56134,38.57544
"6592152",-121.5514604,38.5932338,2014,"5704","2","7","2","03",0,1,"A",,,"Y",,,1500,7,"C","C","A","RT 80","REED AV",30,"E","N","2016-05-09",9280,"2014-07-20",1400,"017629",,"2","4","0","1",,"2","011","-","Y","YOL",3,80,"-","R",11.25,"H","-","W","Y",2,"A","-",22350,,"N","A","H","-","A","D","1","Y","C","02",1,0,0,0,0,0,0,0,1,"-","-","WEST SACRAMENTO","YOLO","CA",-121.55254,38.59196
"6592148",-121.5800991,38.5739849,2014,"5704","1","6","4","03",0,2,"A",,,,,,1500,7,"C","C","A","RT 80","ENTERPRISE BL",25,"W","N","2016-05-05",9280,"2014-07-19",1315,"017629",,"1","4","0","1",,"2","010","-","Y","YOL",3,80,"-","-",9.11,"H","-","W","Y",3,"A","-",22350,,"N","A","H","-","A","D","1","Y","A","07",0,0,2,0,0,0,0,0,0,"-","-","WEST SACRAMENTO","YOLO","CA",-121.57886,38.57432
"6592144",-121.5510031,38.5933723,2014,"5704","1","1","3","03",0,4,"A",,,,,,1800,7,"C","C","A","RT 80","RT 84",522,"E","N","2016-05-09",9280,"2014-07-21",1708,"016929",,"2","4","0","1",,"2","010","-","Y","YOL",3,80,"-","R",11.25,"H","-","E","Y",3,"A","-",22350,,"N","A","H","-","A","D","1","Y","A","08",0,1,3,0,0,0,0,0,0,"-","-","WEST SACRAMENTO","YOLO","CA",-121.55115,38.59327
"6592136",-121.5542948,38.5751151,2014,"5704","2","6","4","03",0,3,"A",,,,,,1200,7,"C","C","A","RT 50","HARBOR BL",700,"W","N","2016-05-06",9280,"2014-07-19",1145,"017629",,"1","4","0","1",,"2","011","-","Y","YOL",3,50,"-","-",1.07,"H","-","W","Y",2,"A","-",22350,,"N","A","H","-","A","A","1","Y","A","01",0,0,3,0,0,0,0,0,0,"-","-","WEST SACRAMENTO","YOLO","CA",-121.56004,38.57552
"6592132",-121.5605831,38.57543,2014,"5704","2","5","3","03",0,1,"A",,,,,,1500,7,"C","C","A","RT 50","RT 80",100,"W","N","2016-05-06",9280,"2014-07-25",1201,"011706",,"1","4","0","1",,"2","011","-","Y","YOL",3,50,"-","-",0.44,"H","-","W","Y",2,"A","-",22350,,"N","A","H","-","A","D","1","Y","A","01",0,1,0,0,0,0,0,0,0,"-","-","WEST SACRAMENTO","YOLO","CA",-121.56308,38.57551
"6592128",-121.5323862,38.5756042,2014,"5704","2","4","3","03",0,2,"A",,,,,,2400,7,"C","C","A","RT 50","JEFFERSON BL",2640,"W","N","2016-05-06",9280,"2014-07-31",2158,"017375",,"2","4","0","1",,"2","011","-","Y","YOL",3,50,"-","-",2,"H","-","E","N",2,"A","-",22350,,"N","A","D","-","D","D","1","Y","A","01",0,2,0,0,0,0,0,0,0,"-","-","WEST SACRAMENTO","YOLO","CA",-121.53388,38.57511
"6592116",-121.7186113,38.673625,2014,"5700","1","5","4","03",0,3,"A",,,,,,1800,7,"C","C","A","RT 5","COUNTY ROAD 102",2640,"S","N","2016-05-05",9280,"2014-07-18",1615,"017874",,"2","9","0","1",,"2","020","-","Y","YOL",3,5,"-","-",5.03,"H","-","S","Y",3,"A","-",22350,,"N","A","H","-","A","D","1","Y","A","01",0,0,3,0,0,0,0,0,0,"-","-","UNINCORPORATED","YOLO","CA",-121.71907,38.67363
"6590877",-121.7816481,38.6738734,2014,"5703","0","2","4","21",0,1,"A",,,,,"Y",2400,6,"C","C","A","OAK AV","MCKINLEY AV",30,"E","N","2015-09-23",5703,"2014-06-24",2230,"2842","32","5","4","0","0",,"0","003","-","N",,0,0,,,0,,,,"N",3,"A","-",22106,,"N","A","H","-","C","A","0","Y","A","01",0,0,1,0,0,0,0,0,0,"-","-","WOODLAND","YOLO","CA",0,0
"6590695",-121.6738336,38.5574947,2014,"5701","1","7","3","08",0,2,"A",,,,,,2100,8,"E","I","A","RT 80","MACE BL",2500,"E","N","2016-05-05",9280,"2014-08-10",1900,"017883",,"2","5","0","1",,"2","010","-","Y","YOL",3,80,"-","-",3.82,"H","-","E","Y",1,"A","-",22107,,"N","A","H","-","A","D","1","Y","D","22",0,1,1,0,0,0,0,0,0,"-","-","DAVIS","YOLO","CA",-121.67403,38.55719
"6590691",-121.6335031,38.6734551,2014,"5700","1","5","4","09",0,1,"A",,,,,,2100,8,"D","C","A","COUNTY ROAD 22","RT 5",0,,"Y","2016-05-05",9280,"2014-08-01",2010,"016144",,"2","9","0","1",,"2","020","-","Y","YOL",3,5,"-","-",0.469,"R","1","N","Y",3,"A","-",21801,"A","M","A","H","-","A","D","1","Y","A","07",0,0,1,0,0,0,0,0,0,"-","TO","UNINCORPORATED","YOLO","CA",-121.63798,38.67659
"6590679",-121.8578732,38.7733651,2014,"5700","1","5","4","08",0,1,"A",,,,,,1500,8,"A","C","A","RT 5","COUNTY ROAD 95",528,"S","N","2016-05-06",9280,"2014-08-01",1440,"016144",,"2","9","0","1",,"2","020","-","Y","YOL",3,5,"-","R",15.75,"H","-","S","Y",2,"A","-",22107,,"N","A","H","-","A","D","1","Y","D","22",0,0,1,0,0,0,0,0,0,"-","-","UNINCORPORATED","YOLO","CA",-121.85739,38.77292
"6590671",-121.5745727,38.5748361,2014,"5704","1","2","3","01",0,1,"A",,,,,"Y",300,7,"F","A","A","RT 80","WEST CAPITOL AV",528,"W","N","2016-05-05",9280,"2014-07-29",244,"016929",,"3","4","0","1",,"2","010","-","Y","YOL",3,80,"-","R",10.04,"H","-","W","Y",1,"A","-",23152,"A","N","A","H","-","C","D","1","Y","D","22",0,1,0,0,0,0,0,0,0,"-","-","WEST SACRAMENTO","YOLO","CA",-121.56299,38.57695
"6584622",-121.6326592,38.6750161,2014,"5700","5","5","4","-",0,1,"A",,,,,,1800,7,"B","C","A","COUNTY ROAD 22","RT 5",1056,"W","N","2014-09-08",9280,"2014-07-25",1625,"015492",,"2","9","0","3",,"2","002","-","N",,0,0,,,0,,,,"Y",2,"A","-",0,,"N","A","H","-","A","D","0","Y","-","-",0,0,1,0,0,0,0,0,0,"-","FR","UNINCORPORATED","YOLO","CA",-121.64273,38.67666
"6584610",-121.7055779,38.5503438,2014,"5701","1","2","3","08",0,2,"A",,,,"Y",,1200,7,"B","C","A","RT 80","DAVE PELZ BICYCLE",1056,"E","N","2016-05-05",9280,"2014-07-22",1010,"017772",,"1","5","0","1",,"2","010","-","Y","YOL",3,80,"-","-",2.15,"H","-","E","Y",4,"A","-",22107,,"N","A","H","-","A","A","1","Y","D","22",0,1,1,0,0,0,0,0,0,"-","-","DAVIS","YOLO","CA",-121.70364,38.55053
"6584582",-121.8032322,38.561551,2014,"5700","5","6","4","03",0,2,"A",,,,,,1800,7,"C","C","A","COUNTY ROAD 98","COUNTY ROAD 31",24,"N","N","2014-09-03",9280,"2014-07-26",1720,"014492",,"2","9","0","3",,"2","003","-","N",,0,0,,,0,,,,"Y",2,"A","-",22350,,"N","A","H","-","A","A","0","Y","A","07",0,0,2,0,0,0,0,0,0,"-","-","UNINCORPORATED","YOLO","CA",-121.80304,38.56139
"6584562",-121.5812711,38.5735752,2014,"5704","1","4","4","08",0,1,"A",,,,"Y",,900,7,"B","C","A","RT 80","ENTERPRISE BL",785,"W","N","2016-05-05",9280,"2014-07-24",725,"011706",,"1","4","0","1",,"2","010","-","Y","YOL",3,80,"-","-",9.03,"H","-","E","N",2,"A","-",22107,,"N","A","H","-","A","D","1","Y","F","26",0,0,1,0,0,0,0,0,0,"-","-","WEST SACRAMENTO","YOLO","CA",-121.58112,38.57351
"6584453",-121.7586131,38.554745,2014,"5701","0","7","2","08",0,1,"A",,"Y",,,"Y",300,5,"B","G","A","ANDERSON RD","RUTGERS DR",0,"S","N","2014-08-15",5701,"2014-05-18",143,"112","2","5","5","0","0",,"0","001","-","N",,0,0,,,0,,,,"N",3,"A","-",22107,,"N","A","H","-","C","D","0","Y","L","04",1,0,0,0,0,0,1,0,0,"-","-","DAVIS","YOLO","CA",0,0
"6582259",-121.7540531,38.668265,2014,"5703","0","1","4","03",0,1,"A",,,,,,1800,7,"C","C","A","E GUM AV","KATE LN",0,,"Y","2014-08-19",5703,"2014-07-21",1730,"2865","33","5","4","0","0",,"0","001","-","N",,0,0,,,0,,,,"Y",2,"A","-",22350,,"N","A","H","-","A","D","0","Y","D","22",0,0,1,0,0,0,0,0,0,"-","-","WOODLAND","YOLO","CA",0,0
"6582243",-121.7656732,38.662845,2014,"5703","0","6","2","12",0,2,"A",,,,,,1800,7,"D","C","A","EAST ST","GIBSON RD",0,,"Y","2014-08-22",5703,"2014-07-19",1546,"2815","13","5","4","0","0",,"0","004","-","N",,0,0,,,0,,,,"Y",2,"A","-",21453,"A","N","A","H","-","A","A","0","Y","I","20",1,0,1,0,0,0,0,0,0,"-","-","WOODLAND","YOLO","CA",0,0
"6581435",-121.6783771,38.5562178,2014,"5701","0","6","3","03",0,1,"A",,,"Y",,,1500,6,"H","I","A","CHILES RD","EL CEMONTE AV",4224,"E","N","2014-08-21",5701,"2014-06-21",1252,"88","9","5","5","0","0",,"0","004","-","N",,0,0,,,0,,,,"N",1,"A","-",22350,,"N","A","H","-","A","D","0","Y","C","02",0,1,0,0,0,0,0,0,1,"-","-","DAVIS","YOLO","CA",-121.67759,38.55656
"6581239",-121.7421232,38.5471649,2014,"5701","0","5","4","03",0,1,"A",,,,,,1500,7,"C","C","A","5TH ST","E ST",0,,"Y","2014-09-03",5701,"2014-07-11",1400,"35","4","5","5","0","0",,"0","002","-","N",,0,0,,,0,,,,"N",2,"A","-",22350,,"N","A","H","-","A","D","0","Y","A","01",0,0,1,0,0,0,0,0,0,"-","-","DAVIS","YOLO","CA",-121.74229,38.54684
"6581227",-121.7425529,38.5416183,2014,"5701","0","5","4","03",0,1,"A",,"Y",,,"Y",300,7,"H","G","A","1ST ST","C ST",100,"E","N","2014-09-02",5701,"2014-07-04",125,"109","4","5","5","0","0",,"0","002","-","N",,0,0,,,0,,,,"N",2,"A","-",22350,,"N","A","H","-","C","D","0","Y","L","04",0,0,1,0,0,0,1,0,0,"-","-","DAVIS","YOLO","CA",0,0
"6579797",-121.6424732,38.6732351,2014,"5700","1","4","4","08",0,1,"A",,,,,,1800,7,"E","I","A","RT 5","COUNTY ROAD 22",2270,"N","N","2016-05-05",9280,"2014-07-17",1710,"017874",,"2","9","0","1",,"2","020","-","Y","YOL",3,5,"-","-",0.79,"H","-","S","Y",2,"A","-",22107,,"N","A","H","-","A","D","1","Y","-","99",0,0,1,0,0,0,0,0,0,"-","-","UNINCORPORATED","YOLO","CA",-121.64837,38.37623