"CASEID","POINT_X","POINT_Y","YEAR_","LOCATION","CHPTYPE","DAYWEEK","CRASHSEV","VIOLCAT","KILLED","INJURED","WEATHER1","PEDCOL","BICCOL","MCCOL","TRUCKCOL","ETOH","TIMECAT","MONTH_","CRASHTYP","INVOLVE","PED","PRIMARYRD","SECONDRD","DISTANCE","DIRECT","INTERSECT_","PROCDATE","JURIS","DATE_","TIME_","BADGE","JURIDIST","SHIFT","POP","SPECIAL","BEATTYPE","LAPDDIV","BEATCLAS","BEATNUMB","WEATHER2","STATEHW","CALTRANC","CALTRAND","STROUTE","ROUTESUF","POSTPRE","POSTMILE","LOCATYPE","RAMP","SIDEHW","TOWAWAY","PARTIES","PCF","VIOLCODE","VIOL","VIOLSUB","HITRUN","ROADSURF","RDCOND1","RDCOND2","LIGHTING","RIGHTWAY","CHPRDTYP","NOTPRIV","STFAULT","CHPFAULT","SEVINJ","OTHERINJ","COP","PEDKILL","PEDINJ","BICKILL","BICINJ","MCKILL","MCINJURE","RAMP1","RAMP2","CITY","COUNTY","STATE","X_CHP","Y_CHP"
"6579793",-122.0404632,38.693595,2014,"5700","3","7","3","03",0,1,"A",,,,,,1800,7,"E","I","A","COUNTY ROAD 85B","COUNTY ROAD 22",0,,"Y","2014-08-29",9280,"2014-07-13",1653,"017772",,"2","9","0","1",,"2","034","-","N",,0,0,,,0,,,,"Y",1,"A","-",22350,,"N","A","H","-","A","D","0","Y","A","07",0,1,0,0,0,0,0,0,0,"-","-","UNINCORPORATED","YOLO","CA",-121.03883,38.69391
"6579639",-121.5311704,38.5758793,2014,"5704","2","7","2","01",0,1,"B",,,,,"Y",600,7,"E","I","A","RT 50","JEFFERSON BL",528,"W","N","2016-05-06",9280,"2014-07-20",425,"17933",,"3","4","0","1",,"2","011","-","Y","YOL",3,50,"-","-",2.07,"H","-","E","Y",1,"A","-",23152,"A","N","A","H","-","C","D","1","Y","A","01",1,0,0,0,0,0,0,0,0,"-","-","WEST SACRAMENTO","YOLO","CA",-121.53262,38.57557
"6579604",-121.7284132,38.684445,2014,"5700","4","7","2","01",0,1,"A",,,,,"Y",1800,7,"A","C","A","COUNTY ROAD 102","BEAMER ST",0,,"Y","2014-08-28",9280,"2014-07-27",1745,"17800",,"2","9","0","2",,"1","021","-","N",,0,0,,,0,,,,"Y",2,"A","-",23152,"A","F","A","H","-","A","D","0","Y","A","07",1,0,0,0,0,0,0,0,0,"-","-","UNINCORPORATED","YOLO","CA",-121.72844,38.68461
"6577457",-121.5487031,38.5792451,2014,"5704","0","3","4","03",0,1,"A",,,,"Y",,1200,7,"C","C","A","HARBOR BL","WEST CAPITOL AV",0,,"Y","2014-08-19",5704,"2014-07-23",1145,"00165",,"5","4","0","0",,"0","002","-","N",,0,0,,,0,,,,"N",2,"A","-",22350,,"N","A","H","-","A","A","0","Y","G","25",0,0,1,0,0,0,0,0,0,"-","-","WEST SACRAMENTO","YOLO","CA",0,0
"6577449",-121.5487031,38.5792451,2014,"5704","0","5","3","-",0,1,"A",,"Y",,"Y","Y",2400,8,"B","G","A","HARBOR BL","WEST CAPITOL AV",0,,"Y","2014-09-04",5704,"2014-08-01",2224,"00107",,"5","4","0","0",,"0",,"-","N",,0,0,,,0,,,,"N",2,"A","-",0,,"N","A","-","-","C","A","0","Y","L","04",0,1,0,0,0,0,1,0,0,"-","-","WEST SACRAMENTO","YOLO","CA",0,0
"6575890",-121.5877203,38.5725936,2014,"5704","1","6","4","07",0,1,"A",,,,"Y",,1500,7,"D","C","A","RT 80","ENTERPRISE BL",528,"E","N","2016-05-05",9280,"2014-07-19",1220,"017772",,"1","4","0","1",,"2","010","-","Y","YOL",3,80,"-","R",9.59,"H","-","W","Y",3,"A","-",21658,"A","N","A","H","-","A","D","1","Y","A","01",0,0,1,0,0,0,0,0,0,"-","-","WEST SACRAMENTO","YOLO","CA",-121.57059,38.57544
"6575882",-121.5331031,38.556455,2014,"5704","0","4","4","21",0,1,"A",,,,,,2100,7,"C","C","A","JEFFERSON BL","GATEWAY DR",0,,"Y","2015-04-23",5704,"2014-07-24",1945,"00172",,"5","4","0","0",,"0","003","-","N",,0,0,,,0,,,,"N",2,"A","-",22106,,"N","A","H","-","A","A","0","Y","D","22",0,0,1,0,0,0,0,0,0,"-","-","WEST SACRAMENTO","YOLO","CA",0,0
"6574857",-121.7517337,38.6773051,2014,"5703","0","1","3","03",0,1,"A",,,,,,1500,7,"C","C","A","EAST MAIN ST","RT 113",140,"W","N","2016-01-15",5703,"2014-07-14",1236,"832",,"5","4","0","0",,"0","001","-","N",,0,0,,,0,,,,"Y",3,"A","-",22350,,"N","A","H","-","A","A","0","Y","D","22",0,1,0,0,0,0,0,0,0,"-","NO","WOODLAND","YOLO","CA",0,0
"6573705",-121.7840332,38.677515,2014,"5703","0","6","3","12",0,1,"A",,,,,,1200,6,"D","C","A","MAIN ST","WEST ST",0,,"Y","2014-08-11",5703,"2014-06-28",925,"2004","6242","5","4","0","0",,"0","002","-","N",,0,0,,,0,,,,"N",2,"A","-",21453,"A","N","A","H","-","A","A","0","Y","A","01",0,1,0,0,0,0,0,0,0,"-","-","WOODLAND","YOLO","CA",0,0
"6573182",-121.7711365,38.6657778,2014,"5703","0","2","3","01",0,1,"A",,,,,"Y",1800,7,"D","E","A","GRANADA DR","COLOMA WY",98,"W","N","2014-08-29",5703,"2014-07-15",1657,"824","14","5","4","0","0",,"0","004","-","N",,0,0,,,0,,,,"Y",2,"A","-",23152,"A","N","A","H","-","A","D","0","Y","-",,0,1,0,0,0,0,0,0,0,"-","-","WOODLAND","YOLO","CA",0,0
"6572799",-121.5302904,38.5899771,2014,"5704","0","2","3","11",0,1,"A","Y",,,,"Y",2100,7,"G","B","D","SACRAMENTO AV","JEFFERSON BL",1000,"W","N","2014-08-28",5704,"2014-07-22",1920,"00161","5704","5","4","0","0",,"0","001","-","N",,0,0,,,0,,,,"N",2,"A","-",21954,"A","N","A","H","-","A","D","0","Y","N","60",0,1,0,0,1,0,0,0,0,"-","-","WEST SACRAMENTO","YOLO","CA",0,0
"6571287",-121.9674628,38.6817676,2014,"5700","3","2","4","03",0,1,"A",,,,,,1800,7,"C","C","A","RT 16","COUNTY ROAD 89",60,"W","N","2016-05-06",9280,"2014-07-15",1535,"017772",,"2","9","0","1",,"2","034","-","Y","YOL",3,16,"-","-",31.02,"H","-","E","Y",2,"A","-",22350,,"N","A","H","-","A","A","0","Y","A","07",0,0,1,0,0,0,0,0,0,"-","-","UNINCORPORATED","YOLO","CA",-121.96803,38.68189
"6569653",-121.7261631,38.5458351,2014,"5701","1","1","4","01",0,1,"A",,,,,"Y",1800,7,"B","C","A","RT 80","POLE LINE RD",390,"W","N","2016-05-05",9280,"2014-07-14",1524,"017763",,"2","5","0","1",,"2","010","-","Y","YOL",3,80,"-","-",0.82,"H","-","W","N",2,"A","-",23152,"F","F","A","H","-","A","D","1","Y","A","01",0,0,1,0,0,0,0,0,0,"-","-","DAVIS","YOLO","CA",0,0
"6569652",-121.5835656,38.5733382,2014,"5704","1","5","4","03",0,1,"A",,,,,,1800,7,"C","C","A","RT 80","ENTERPRISE BL",300,"W","N","2016-05-05",9280,"2014-07-11",1645,"015492",,"2","4","0","1",,"2","010","-","Y","YOL",3,80,"-","-",8.94,"H","-","W","Y",3,"A","-",22350,,"N","A","H","-","A","D","1","Y","A","01",0,0,1,0,0,0,0,0,0,"-","-","WEST SACRAMENTO","YOLO","CA",-121.58209,38.5735
"6569651",-121.5187631,38.5739551,2014,"5704","2","4","4","03",0,2,"A",,,,,,1800,7,"C","A","A","RT 50","JEFFERSON BL",20,"E","N","2016-05-06",9280,"2014-07-17",1630,"015492",,"2","4","0","1",,"2","011","-","Y","YOL",3,50,"-","-",2.812,"R","1","W","N",2,"A","-",22350,,"N","A","H","-","A","D","1","Y","A","07",0,0,2,0,0,0,0,0,0,"-","-","WEST SACRAMENTO","YOLO","CA",0,0
"6569650",-121.7058965,38.5502713,2014,"5701","1","2","4","03",0,1,"A",,,,,,1800,7,"C","C","A","RT 80","MACE BL",2640,"W","N","2016-05-05",9280,"2014-07-22",1540,"015079",,"2","5","0","1",,"2","010","-","Y","YOL",3,80,"-","-",2.13,"H","-","E","Y",3,"A","-",22350,,"N","A","H","-","A","D","1","Y","A","01",0,0,1,0,0,0,0,0,0,"-","-","DAVIS","YOLO","CA",-121.70413,38.55069
"6569596",0,0,2014,"5700","5","4","4","03",0,1,"A",,,,,,2100,7,"C","C","A","COUNTY ROAD 32B","COUNTY ROAD 105D",528,"E","N","2014-08-29",9280,"2014-07-03",1820,"014492",,"2","9","0","3",,"2","001","-","N",,0,0,,,0,,,,"Y",4,"A","-",22350,,"N","A","H","-","A","D","0","Y","A","01",0,0,1,0,0,0,0,0,0,"-","-","UNINCORPORATED","YOLO","CA",-121.64778,38.56124
"6569137",-121.7342732,38.5573351,2014,"5701","0","2","4","03",0,1,"A",,"Y",,,,1200,7,"E","H","A","DREXEL DR","PACIFIC DR",20,"W","N","2014-08-28",5701,"2014-07-01",930,"91","5","5","5","0","0",,"0","002","-","N",,0,0,,,0,,,,"N",1,"A","-",22350,,"N","A","H","-","A","D","0","Y","L","04",0,0,1,0,0,0,1,0,0,"-","-","DAVIS","YOLO","CA",-121.73237,38.56077
"6565235",-121.7397282,38.5586585,2014,"5701","0","6","4","03",0,2,"A",,,,,,2400,7,"C","C","A","J ST","MENLO DR",158,"S","N","2014-08-25",5701,"2014-07-05",2149,"83","5","5","5","0","0",,"0","002","-","N",,0,0,,,0,,,,"N",2,"A","-",22350,,"N","A","H","-","C","A","0","Y","A","01",0,0,2,0,0,0,0,0,0,"-","-","DAVIS","YOLO","CA",0,0
"6565207",-121.7450631,38.545295,2014,"5701","0","3","4","11",0,1,"A","Y",,,,,300,7,"G","B","D","B ST","4TH ST",0,,"Y","2014-08-25",5701,"2014-07-02",0,"71","4","5","5","0","0",,"0","002","-","N",,0,0,,,0,,,,"N",2,"A","-",21954,"A","N","A","H","-","A","A","0","Y","N","60",0,0,1,0,1,0,0,0,0,"-","-","DAVIS","YOLO","CA",-121.74521,38.54525
"6565074",-121.7078058,38.5643803,2014,"5701","0","7","4","04",0,1,"A",,,,,,1500,6,"C","C","A","EAST COVELL","ALHAMBRA DR",500,"E","N","2014-08-18",5701,"2014-06-22",1221,"112","7","5","5","0","0",,"0","003","-","N",,0,0,,,0,,,,"N",2,"A","-",21703,,"N","A","H","-","A","A","0","Y","A","01",0,0,1,0,0,0,0,0,0,"-","-","DAVIS","YOLO","CA",0,0
"6564916",-121.7678162,38.549046,2014,"5701","0","3","4","00",0,1,"A",,,,,,1200,7,"D","C","A","RUSSELL BL","RT 113",0,,"Y","2016-05-06",5701,"2014-07-02",1153,"94","1","5","5","0","0",,"0","001","-","Y","YOL",3,113,"-","R",1.313,"R","4","N","Y",2,"D","-",0,,"N","A","H","-","A","A","0","Y","-","-",0,0,1,0,0,0,0,0,0,"-","NO","DAVIS","YOLO","CA",0,0
"6564859",-121.7877032,38.5553351,2014,"5701","0","1","3","03",0,1,"A",,"Y",,,,1800,6,"H","G","A","LAKE BL","ARLINGTON BL",0,,"Y","2014-08-29",5701,"2014-06-23",1730,"45","1","5","5","0","0",,"0","001","-","N",,0,0,,,0,,,,"N",2,"A","-",22350,,"N","A","H","-","A","A","0","Y","D","22",0,1,0,0,0,0,1,0,0,"-","-","DAVIS","YOLO","CA",0,0
"6564399",0,0,2014,"5704","0","3","3","05",0,1,"A",,,,,,2100,7,"E","I","A","SOUTHPORT PKWY","LAKE WASHINGTON BL",1000,"S","N","2014-08-26",5704,"2014-07-02",1830,"00161","5704","5","4","0","0",,"0","003","-","N",,0,0,,,0,,,,"Y",1,"A","-",21650,,"N","A","H","-","A","-","0","Y","A","01",0,1,0,0,0,0,0,0,0,"-","-","WEST SACRAMENTO","YOLO","CA",0,0
"6564327",-121.5372931,38.552715,2014,"5704","0","3","3","09",0,1,"A",,,,,,2400,7,"D","C","A","JEFFERSON BL","LAKE WASHINGTON BL",0,,"Y","2014-08-25",5704,"2014-07-02",2106,"126",,"5","4","0","0",,"0","003","-","N",,0,0,,,0,,,,"N",2,"A","-",21453,"C","N","A","H","-","C","A","0","Y","A","01",0,1,0,0,0,0,0,0,0,"-","-","WEST SACRAMENTO","YOLO","CA",0,0
"6564323",-121.5095262,38.5857473,2014,"5704","0","6","4","-",0,1,"A","Y",,,,,2400,7,"G","B","F","I ST BRIDGE","3RD ST",300,"E","N","2015-12-21",5704,"2014-07-05",2132,"00120","PATRO","5","4","0","0",,"0","001","-","N",,0,0,,,0,,,,"N",2,"A","-",0,,"F","A","H","-","C","D","0","Y","-",,0,0,1,0,1,0,0,0,0,"-","-","WEST SACRAMENTO","YOLO","CA",0,0
"6559813",0,0,2014,"5704","0","6","3","03",0,1,"A",,"Y",,,,1500,5,"C","G","A","SOUTHPORT PKWY","BRIDGEWAY LAKES DR",1056,"S","N","2014-08-14",5704,"2014-05-31",1404,"00171",,"5","4","0","0",,"0",,"-","N",,0,0,,,0,,,,"Y",2,"A","-",22350,,"N","A","H","-","A","D","0","Y","L","04",0,1,0,0,0,0,1,0,0,"-","-","WEST SACRAMENTO","YOLO","CA",0,0
"6559061",-122.0934008,38.515123,2014,"5700","3","4","4","08",0,1,"A",,,,,,1800,7,"F","A","A","RT 128","PUTAH CREEK BR",2640,"E","N","2016-05-06",9280,"2014-07-10",1610,"15492",,"2","9","0","1",,"2","032","-","Y","YOL",3,128,"-","-",0.18,"H","-","W","Y",1,"A","-",22107,,"N","A","H","-","A","D","0","Y","A","01",0,0,1,0,0,0,0,0,0,"-","-","UNINCORPORATED","YOLO","CA",-121.08715,38.51496
"6558748",-121.6388124,38.5634272,2014,"5700","1","1","4","03",0,1,"A",,,,,,1200,7,"C","C","A","RT 80","WEBSTER RD",500,"W","N","2016-05-05",9280,"2014-07-14",1145,"017772",,"1","9","0","1",,"2","010","-","Y","YOL",3,80,"-","-",5.69,"H","-","W","Y",2,"A","-",22350,,"N","B","H","-","A","D","1","Y","A","01",0,0,1,0,0,0,0,0,0,"-","-","UNINCORPORATED","YOLO","CA",-121.6452,38.56248
"6558744",-121.5660216,38.5759463,2014,"5704","1","7","4","07",0,1,"A",,,,,,1200,7,"C","C","A","RT 80","WEST CAPITOL AV",528,"E","N","2016-05-05",9280,"2014-07-13",1100,"017772",,"1","4","0","1",,"2","010","-","Y","YOL",3,80,"-","R",10.33,"H","-","W","Y",2,"A","-",21658,"A","N","A","H","-","A","D","1","Y","A","01",0,0,1,0,0,0,0,0,0,"-","-","WEST SACRAMENTO","YOLO","CA",-121.55693,38.58509
"6558740",-121.6881208,38.5545505,2014,"5700","1","4","4","08",0,1,"A",,,,,,900,7,"C","C","A","RT 80","MACE BL",1584,"E","N","2016-05-05",9280,"2014-07-10",800,"011706",,"1","9","0","1",,"2","010","-","Y","YOL",3,80,"-","-",2.93,"H","-","W","Y",2,"A","-",22107,,"N","A","H","-","A","D","1","Y","A","01",0,0,1,0,0,0,0,0,0,"-","-","UNINCORPORATED","YOLO","CA",-121.69004,38.5542
"6557912",-121.674498,38.5573538,2014,"5701","1","4","4","07",0,1,"A",,,,,,900,7,"B","C","A","RT 80","MACE BL",5808,"E","N","2016-05-05",9280,"2014-07-10",745,"016214",,"1","5","0","1",,"2","010","-","Y","YOL",3,80,"-","-",3.78,"H","-","E","N",2,"A","-",21658,"A","N","A","H","-","A","D","1","Y","D","22",0,0,1,0,0,0,0,0,0,"-","-","DAVIS","YOLO","CA",-121.67449,38.55727
"6557908",-121.904131,38.8189134,2014,"5700","1","4","4","08",0,1,"A",,,,"Y",,1500,7,"B","E","A","RT 5","COUNTY ROAD 12",4224,"N","N","2016-05-05",9280,"2014-07-10",1440,"016144",,"2","9","0","1",,"2","030","-","Y","YOL",3,5,"-","R",19.77,"H","-","S","N",2,"A","-",22107,,"M","A","H","-","A","D","1","Y","-","99",0,0,1,0,0,0,0,0,0,"-","-","UNINCORPORATED","YOLO","CA",-121.9045,38.81918
"6557880",-121.7087361,38.6735851,2014,"5700","1","1","3","03",0,2,"A",,,,"Y",,900,6,"C","C","A","RT 5","COUNTY ROAD 103",528,"S","N","2015-03-16",9280,"2014-06-30",800,"015492",,"1","9","0","1",,"2","020","-","Y","YOL",3,5,"-","-",4.48,"H","-","S","Y",2,"A","-",22350,,"N","A","H","-","A","D","1","Y","D","22",0,2,0,0,0,0,0,0,0,"-","-","UNINCORPORATED","YOLO","CA",-121.71884,38.67357
"6557520",-121.5427091,38.5649597,2014,"5704","0","4","4","03",0,1,"A",,,,,,2400,5,"C","C","A","INDUSTRIAL BL","TERMINAL ST",180,"E","N","2014-08-13",5704,"2014-05-01",2239,"00118",,"5","4","0","0",,"0","002","-","N",,0,0,,,0,,,,"N",2,"A","-",22350,,"F","A","H","-","C","D","0","Y","A","01",0,0,1,0,0,0,0,0,0,"-","-","WEST SACRAMENTO","YOLO","CA",0,0
"6557516",0,0,2014,"5704","0","6","3","09",0,3,"A",,,,,,2100,5,"D","C","A","JEFFERSON BL","SOUTHPORT PKWY",0,,"Y","2014-08-13",5704,"2014-05-10",1917,"00157",,"5","4","0","0",,"0","003","-","N",,0,0,,,0,,,,"Y",2,"A","-",21802,"A","N","A","H","-","A","A","0","Y","A","01",0,1,2,0,0,0,0,0,0,"-","-","WEST SACRAMENTO","YOLO","CA",0,0
"6557500",-121.5370431,38.579995,2014,"5704","0","4","3","10",0,1,"A","Y",,,,,2100,5,"G","B","B","WEST CAPITOL AV","SYCAMORE AV",0,,"Y","2015-09-23",5704,"2014-05-15",1815,"00168","5704","5","4","0","0",,"0","002","-","N",,0,0,,,0,,,,"N",2,"A","-",21950,"A","N","A","H","-","A","D","0","Y","A","01",0,1,0,0,1,0,0,0,0,"-","-","WEST SACRAMENTO","YOLO","CA",0,0
"6555732",-121.8019422,38.6803489,2014,"5703","0","4","4","05",0,1,"A",,,,,,300,8,"D","J","A","PORTER CT","RIVERSIDE DR",210,"S","N","2015-12-21",5703,"2014-08-07",121,"2842","82","5","4","0","0",,"0","002","-","N",,0,0,,,0,,,,"N",3,"A","-",21650,,"F","A","-","-","C","D","0","Y","A","01",0,0,1,0,0,0,0,0,0,"-","-","WOODLAND","YOLO","CA",0,0
"6555513",-121.5412231,38.595005,2014,"5704","0","1","4","09",0,2,"A",,"Y",,,,1800,5,"D","G","A","LISBON AV","SOLANO ST",0,,"Y","2014-07-31",5704,"2014-05-05",1745,"158","WSPD","5","4","0","0",,"0","001","-","N",,0,0,,,0,,,,"N",3,"A","-",21804,"A","N","A","H","-","A","A","0","Y","A","01",0,0,2,0,0,0,2,0,0,"-","-","WEST SACRAMENTO","YOLO","CA",0,0
"6555382",-121.7344231,38.548445,2014,"5701","0","5","4","09",0,2,"A",,,,,,900,5,"D","C","A","5TH ST","L ST",0,,"Y","2014-08-18",5701,"2014-05-09",844,"88","5","5","5","0","0",,"0","002","-","N",,0,0,,,0,,,,"Y",2,"A","-",21806,"A","N","A","H","-","A","A","0","Y","A","01",0,0,2,0,0,0,0,0,0,"-","-","DAVIS","YOLO","CA",0,0
"6550441",-121.7987439,38.685591,2014,"5703","0","3","2","11",0,1,"A","Y",,,,,1800,7,"G","B","D","DAWN DR","W BEAMER ST",268,"N","N","2014-08-25",5703,"2014-07-02",1751,"2808","84","5","4","0","0",,"0","002","-","N",,0,0,,,0,,,,"N",2,"A","-",21954,"A","N","A","H","-","A","D","0","Y","N","60",1,0,0,0,1,0,0,0,0,"-","-","WOODLAND","YOLO","CA",0,0
"6550117",0,0,2014,"5701","0","6","3","03",0,1,"A",,,,,,600,6,"A","I","A","OCEANO AV","ALHAMBRA AV",98,"E","N","2014-08-20",5701,"2014-06-14",550,"72","7","5","5","0","0",,"0","003","-","N",,0,0,,,0,,,,"Y",1,"A","-",22350,,"N","A","H","-","B","D","0","Y","A","01",0,1,0,0,0,0,0,0,0,"-","-","DAVIS","YOLO","CA",0,0
"6549553",-121.5879822,38.5725467,2014,"5700","1","2","3","07",0,1,"A",,,,,,1800,7,"E","I","A","RT 80","ENTERPRISE BL",2640,"W","N","2016-05-09",9280,"2014-07-01",1525,"15079",,"2","9","0","1",,"2","010","-","Y","YOL",3,80,"-","-",8.68,"H","-","W","Y",3,"A","-",21658,"A","N","A","H","-","A","D","1","Y","-","99",0,1,0,0,0,0,0,0,0,"-","-","UNINCORPORATED","YOLO","CA",-121.54917,38.57474
"6549338",-121.7376932,38.547925,2014,"5701","0","4","4","09",0,1,"A",,"Y",,,,1500,6,"H","G","A","I ST","5TH ST",0,,"Y","2014-08-15",5701,"2014-06-12",1300,"92","5","5","5","0","0",,"0","002","-","N",,0,0,,,0,,,,"N",2,"A","-",21802,"A","N","A","H","-","A","A","0","Y","A","01",0,0,1,0,0,0,1,0,0,"-","-","DAVIS","YOLO","CA",-121.74031,38.54979
"6549334",-121.73952,38.5458896,2014,"5701","0","4","3","16",0,1,"A",,"Y",,,,1500,6,"H","A","A","G ST","4TH ST",125,"S","N","2014-08-15",5701,"2014-06-26",1418,"110","4","5","5","0","0",,"0","002","-","N",,0,0,,,0,,,,"N",1,"A","-",24002,"A","N","A","H","-","A","D","0","Y","L","04",0,1,0,0,0,0,1,0,0,"-","-","DAVIS","YOLO","CA",-121.73933,38.54556
"6549182",-121.7176861,38.5475906,2014,"5701","1","5","4","01",0,1,"A",,,,,"Y",2100,6,"C","C","A","RT 80","POLE LINE RD",2640,"E","N","2016-03-23",9280,"2014-06-27",1915,"016929",,"2","5","0","1",,"2","010","-","Y","YOL",3,80,"-","-",1.39,"H","-","E","Y",2,"A","-",23152,"A","N","A","H","-","A","D","1","Y","A","01",0,0,1,0,0,0,0,0,0,"-","-","DAVIS","YOLO","CA",-121.71752,38.54755
"6549178",-122.0167477,38.6925628,2014,"5700","3","6","3","10",0,1,"A",,"Y",,,,2400,6,"G","G","A","RT 16","MADISON ST",10,"S","N","2016-04-04",9280,"2014-06-28",2233,"016929",,"3","9","0","1",,"2","034","-","Y","YOL",3,16,"-","-",28.035,"I","5","W","N",2,"A","-",21950,"A","N","A","H","-","C","A","0","Y","A","07",0,1,0,0,0,0,1,0,0,"-","-","UNINCORPORATED","YOLO","CA",-121.01672,38.69243
"6549130",-122.0385732,38.701245,2014,"5700","3","4","4","09",0,1,"A",,,,,,900,6,"A","C","A","COUNTY ROAD 85B","COUNTY ROAD 20A",0,,"Y","2014-08-14",9280,"2014-06-05",750,"017629",,"1","9","0","1",,"2","034","-","N",,0,0,,,0,,,,"Y",3,"A","-",21801,"A","N","A","H","-","A","D","0","Y","A","01",0,0,1,0,0,0,0,0,0,"-","-","UNINCORPORATED","YOLO","CA",-122.03782,38.69652
"6549044",-121.576224,38.540657,2014,"5704","0","5","3","07",0,1,"A",,,,,,1500,6,"E","I","A","SOUTHPORT PKWY","OAKLAND BAY DR",650,"N","N","2014-08-14",5704,"2014-06-06",1315,"00109",,"5","4","0","0",,"0","003","-","N",,0,0,,,0,,,,"Y",1,"A","-",21658,"A","N","A","H","-","A","D","0","Y","-",,0,1,0,0,0,0,0,0,0,"-","-","WEST SACRAMENTO","YOLO","CA",0,0
"6548516",-121.5552771,38.5751319,2014,"5704","2","7","3","03",0,3,"A",,,,,,1200,7,"C","C","A","RT 50","HARBOR BL",1584,"W","N","2016-05-06",9280,"2014-07-06",1050,"017772",,"1","4","0","1",,"2","011","-","Y","YOL",3,50,"-","-",0.9,"H","-","W","Y",2,"A","-",22350,,"N","A","H","-","A","D","1","Y","A","07",0,1,2,0,0,0,0,0,0,"-","-","WEST SACRAMENTO","YOLO","CA",-121.55658,38.57526
"6548511",-121.7089157,38.6735851,2014,"5700","1","2","3","03",0,1,"A",,,,"Y",,2100,7,"C","C","A","RT 5","COUNTY ROAD 103",20,"S","N","2016-05-05",9280,"2014-07-08",1803,"017763",,"2","9","0","1",,"2","020","-","Y","YOL",3,5,"-","-",4.49,"H","-","S","Y",2,"A","-",22350,,"N","A","H","-","A","D","1","Y","A","07",0,1,0,0,0,0,0,0,0,"-","-","UNINCORPORATED","YOLO","CA",-121.7093,38.67351
"6546765",-121.5732834,38.564397,2014,"5704","0","2","3","18",0,1,"A",,,,,,2400,6,"C","E","A","SEAPORT BL","ENTERPRISE BL",1500,"E","N","2014-08-11",5704,"2014-06-03",2330,"165",,"5","4","0","0",,"0","002","-","N",,0,0,,,0,,,,"Y",2,"C","-",0,,"N","A","H","-","D","D","0","Y","-","-",0,1,0,0,0,0,0,0,0,"-","-","WEST SACRAMENTO","YOLO","CA",0,0
"6546761",-121.5268331,38.589555,2014,"5704","0","4","3","07",0,3,"A",,,,,,2400,6,"B","C","A","JEFFERSON BL","SACRAMENTO AV",0,,"Y","2014-08-20",5704,"2014-06-19",2133,"172",,"5","4","0","0",,"0",,"-","N",,0,0,,,0,,,,"Y",3,"A","-",21658,"A","N","A","H","-","C","A","0","Y","A","01",0,1,2,0,0,0,0,0,0,"-","-","WEST SACRAMENTO","YOLO","CA",0,0
"6545561",-121.7655532,38.670145,2014,"5703","0","5","3","09",0,2,"A",,,,,,2100,5,"A","C","A","EAST ST","PENDEGAST ST",0,,"Y","2015-04-04",5703,"2014-05-30",1828,"2816","12","5","4","0","0",,"0","001","-","N",,0,0,,,0,,,,"Y",2,"A","-",21801,"A","N","A","H","-","A","D","0","Y","A","01",0,1,1,0,0,0,0,0,0,"-","-","WOODLAND","YOLO","CA",0,0
"6545529",-121.7650682,38.6773551,2014,"5703","0","1","4","11",0,1,"A","Y",,,,,1500,6,"G","B","E","EAST MAIN ST","EAST ST",113,"E","N","2014-08-14",5703,"2014-06-23",1209,"2927","11","5","4","0","0",,"0","001","-","N",,0,0,,,0,,,,"N",2,"A","-",21950,"B","N","A","H","-","A","D","0","Y","N","60",0,0,1,0,1,0,0,0,0,"-","-","WOODLAND","YOLO","CA",0,0
"6545487",-121.7463225,38.6772951,2014,"5703","0","1","4","03",0,1,"A",,,,,,1500,6,"C","C","A","EAST MAIN ST","PIONEER AV",200,"E","N","2015-04-08",5703,"2014-06-30",1308,"2857","51","5","4","0","0",,"0","001","-","N",,0,0,,,0,,,,"N",2,"A","-",22350,,"N","A","H","-","A","D","0","Y","A","01",0,0,1,0,0,0,0,0,0,"-","-","WOODLAND","YOLO","CA",0,0
"6545426",-121.7423194,38.6691438,2014,"5703","0","5","3","03",0,2,"A",,,,,,1500,6,"A","C","A","PIONEER AV","HATCHER DR",76,"N","N","2014-08-12",5703,"2014-06-06",1429,"2863","53","5","4","0","0",,"0","004","-","N",,0,0,,,0,,,,"Y",2,"A","-",22350,,"N","A","H","-","A","A","0","Y","A","01",0,2,0,0,0,0,0,0,0,"-","-","WOODLAND","YOLO","CA",0,0
"6544732",-121.7276745,38.5453465,2014,"5701","1","4","4","03",0,1,"A",,,,,,600,6,"C","C","A","RT 80","RICHARDS BL",2640,"E","N","2016-03-23",9280,"2014-06-26",344,"016929",,"3","5","0","1",,"2","010","-","Y","YOL",3,80,"-","-",0.73,"H","-","W","N",2,"A","-",22350,,"M","A","H","-","D","D","1","Y","-","99",0,0,1,0,0,0,0,0,0,"-","-","DAVIS","YOLO","CA",-121.72839,38.54518
"6540771",-121.9662951,38.5266242,2014,"5702","0","1","3","09",0,1,"A",,,,,,1500,5,"D","C","A","EAST GRANT AV","DUTTON ST",0,,"Y","2016-03-28",5702,"2014-05-05",1407,"538","WINTE","5","2","0","0",,"0","00B","-","Y","YOL",3,128,"-","-",8.906,"I","5","W","Y",2,"A","-",21802,"A","N","A","H","-","A","A","0","Y","-",,0,1,0,0,0,0,0,0,0,"-","-","WINTERS","YOLO","CA",0,0