"CASEID","POINT_X","POINT_Y","YEAR_","LOCATION","CHPTYPE","DAYWEEK","CRASHSEV","VIOLCAT","KILLED","INJURED","WEATHER1","PEDCOL","BICCOL","MCCOL","TRUCKCOL","ETOH","TIMECAT","MONTH_","CRASHTYP","INVOLVE","PED","PRIMARYRD","SECONDRD","DISTANCE","DIRECT","INTERSECT_","PROCDATE","JURIS","DATE_","TIME_","BADGE","JURIDIST","SHIFT","POP","SPECIAL","BEATTYPE","LAPDDIV","BEATCLAS","BEATNUMB","WEATHER2","STATEHW","CALTRANC","CALTRAND","STROUTE","ROUTESUF","POSTPRE","POSTMILE","LOCATYPE","RAMP","SIDEHW","TOWAWAY","PARTIES","PCF","VIOLCODE","VIOL","VIOLSUB","HITRUN","ROADSURF","RDCOND1","RDCOND2","LIGHTING","RIGHTWAY","CHPRDTYP","NOTPRIV","STFAULT","CHPFAULT","SEVINJ","OTHERINJ","COP","PEDKILL","PEDINJ","BICKILL","BICINJ","MCKILL","MCINJURE","RAMP1","RAMP2","CITY","COUNTY","STATE","X_CHP","Y_CHP"
"6488779",-121.7680376,38.5440859,2014,"5701","0","5","4","17",0,1,"A",,"Y",,,,1800,4,"H","G","A","RUSSELL BL","RT 113",0,,"Y","2016-03-28",5701,"2014-04-11",1619,"114","1","5","5","0","0",,"0","001","-","Y","YOL",3,113,"-","R",0.924,"R","1","N","N",2,"A","-",21461,"A","N","A","H","-","A","A","0","Y","A","01",0,0,1,0,0,0,1,0,0,"-","NF","DAVIS","YOLO","CA",-121.76949,38.56715
"6487796",-121.5271907,38.5771055,2014,"5704","2","5","2","08",0,1,"A",,,,,,1800,5,"C","C","A","RT 50","RT 84",10560,"W","N","2016-02-18",9280,"2014-05-16",1708,"16929",,"2","4","0","1",,"2","011","-","Y","YOL",3,50,"-","-",2.28,"H","-","W","Y",2,"A","-",22107,,"M","A","H","-","A","D","1","Y","A","01",1,0,0,0,0,0,0,0,0,"-","-","WEST SACRAMENTO","YOLO","CA",-121.52935,38.57654
"6487757",-121.6539645,38.5608175,2014,"5700","1","6","2","03",0,1,"A",,,"Y",,,1800,5,"C","C","A","RT 80","WEBSTER RD",4224,"W","N","2016-03-23",9280,"2014-05-24",1655,"17763",,"2","9","0","1",,"2","010","-","Y","YOL",3,80,"-","-",4.98,"H","-","W","Y",2,"A","-",22350,,"N","A","H","-","A","D","1","Y","C","02",1,0,0,0,0,0,0,0,1,"-","-","UNINCORPORATED","YOLO","CA",-121.6534,38.56098
"6487753",-121.6661426,38.5589259,2014,"5700","1","7","3","08",0,2,"A",,,,,,2100,5,"E","I","A","RT 80","WEBSTER",7920,"W","N","2016-03-23",9280,"2014-05-18",1945,"15079",,"2","9","0","1",,"2","010","-","Y","YOL",3,80,"-","-",4.28,"H","-","E","Y",1,"A","-",22107,,"N","A","H","-","B","D","1","Y","A","01",0,1,1,0,0,0,0,0,0,"-","-","UNINCORPORATED","YOLO","CA",-121.66854,38.55852
"6487746",-121.6634067,38.5594853,2014,"5700","1","6","4","03",0,1,"A",,,,,,1800,5,"C","C","A","RT 80","MACE BL",9200,"E","N","2016-03-23",9280,"2014-05-24",1655,"15079",,"2","9","0","1",,"2","010","-","Y","YOL",3,80,"-","-",4.42,"H","-","W","Y",3,"A","-",22350,,"N","A","H","-","A","D","1","Y","A","01",0,0,1,0,0,0,0,0,0,"-","-","UNINCORPORATED","YOLO","CA",-121.66366,38.5594
"6487619",-121.5234912,38.5714613,2014,"5704","0","1","4","03",0,2,"A",,,,,,900,5,"E","I","A","JEFFERSON BL","15TH ST",50,"N","N","2014-08-06",5704,"2014-05-05",742,"00173","WSPD","5","4","0","0",,"0","002","-","N",,0,0,,,0,,,,"Y",1,"A","-",22350,,"N","A","H","-","A","A","0","Y","D","22",0,0,2,0,0,0,0,0,0,"-","-","WEST SACRAMENTO","YOLO","CA",0,0
"6484159",-121.7125059,38.6735976,2014,"5700","1","5","4","03",0,3,"A",,,,,,1800,5,"C","C","A","RT 5","COUNTY ROAD 103",1056,"N","N","2016-06-30",9280,"2014-05-09",1715,"16144",,"2","9","0","1",,"2","020","-","Y","YOL",3,5,"-","-",4.69,"H","-","S","Y",2,"A","-",22350,,"N","A","H","-","A","D","1","Y","D","22",0,0,3,0,0,0,0,0,0,"-","-","UNINCORPORATED","YOLO","CA",-121.67711,38.67349
"6484155",0,0,2014,"5700","5","2","4","08",0,1,"A",,,,"Y",,1200,5,"A","C","A","COUNTY ROAD 29","COUNTY ROAD 98",500,"W","N","2014-07-28",9280,"2014-05-06",945,"12272",,"1","9","0","3",,"2","002","-","N",,0,0,,,0,,,,"Y",2,"A","-",22107,,"N","A","H","-","A","A","0","Y","A","08",0,0,1,0,0,0,0,0,0,"-","-","UNINCORPORATED","YOLO","CA",-121.80415,38.59004
"6483732",-121.7762198,38.6895691,2014,"5703","0","5","4","05",0,1,"A",,,,,,900,4,"A","E","A","FREEMAN ST","EMERALD ST",217,"S","N","2014-07-16",5703,"2014-04-18",830,"2863","44","5","4","0","0",,"0","002","-","N",,0,0,,,0,,,,"Y",3,"A","-",21650,,"N","A","H","-","A","D","0","Y","A","01",0,0,1,0,0,0,0,0,0,"-","-","WOODLAND","YOLO","CA",0,0
"6483679",-121.7050999,38.5504526,2014,"5701","1","7","4","03",0,2,"A",,,,,,1800,5,"C","C","A","RT 80","MACE BL",2640,"W","N","2016-03-23",9280,"2014-05-11",1718,"17763",,"2","5","0","1",,"2","010","-","Y","YOL",3,80,"-","-",2.18,"H","-","E","Y",2,"A","-",22350,,"N","A","H","-","A","D","1","Y","A","01",0,0,2,0,0,0,0,0,0,"-","-","DAVIS","YOLO","CA",-121.70633,38.55009
"6483675",-121.5199044,38.5746596,2014,"5704","2","5","4","03",0,1,"A",,,,,,1800,5,"C","C","A","RT 50","SACRAMENTO/YOLO CO LINE",2112,"W","N","2016-02-18",9280,"2014-05-02",1506,"16632",,"2","4","0","1",,"2","011","-","Y","YOL",3,50,"-","-",2.76,"H","-","E","N",2,"A","-",22350,,"N","A","D","-","A","D","1","Y","A","08",0,0,1,0,0,0,0,0,0,"-","-","WEST SACRAMENTO","YOLO","CA",-121.51974,38.51429
"6483671",-121.8928282,38.7102203,2014,"5700","1","6","3","08",0,1,"A",,,,,,1800,5,"F","A","A","COUNTY ROAD 19","COUNTY ROAD 92C",2112,"E","N","2014-07-24",9280,"2014-05-03",1540,"16632",,"2","9","0","1",,"2","301","-","N",,0,0,,,0,,,,"Y",1,"A","-",22107,,"N","A","H","-","A","D","0","Y","A","07",0,1,0,0,0,0,0,0,0,"-","-","UNINCORPORATED","YOLO","CA",-121.89192,38.71014
"6483667",-121.5670212,38.5758472,2014,"5704","1","4","3","03",0,2,"A",,,,,,900,5,"C","C","A","RT 80","ENTERPRISE BL",1584,"E","N","2016-04-05",9280,"2014-05-01",815,"16632",,"1","4","0","1",,"2","010","-","Y","YOL",3,80,"-","-",9.58,"H","-","W","Y",2,"A","-",22350,,"N","A","H","-","A","D","1","Y","A","01",0,1,1,0,0,0,0,0,0,"-","-","WEST SACRAMENTO","YOLO","CA",-121.57078,38.57534
"6483663",-121.5165169,38.5715466,2014,"5704","2","5","3","08",0,1,"A",,,,,,1200,5,"H","I","A","RT 50","SACRAMENTO/YOLO CO LINE",200,"W","N","2016-02-18",9280,"2014-05-02",1055,"16632",,"1","4","0","1",,"2","011","-","Y","YOL",3,50,"-","-",3.12,"H","-","E","Y",1,"A","-",22107,,"N","A","D","-","A","A","1","Y","A","01",0,1,0,0,0,0,0,0,0,"-","-","WEST SACRAMENTO","YOLO","CA",-121.5175,38.57248
"6483616",-121.7849749,38.6246436,2014,"5700","5","1","3","08",0,1,"B",,"Y",,,,1800,5,"B","G","A","COUNTY ROAD 99","MOELLER LN",230,"S","N","2014-07-24",9280,"2014-05-05",1720,"1780",,"2","9","0","3",,"2","002","-","N",,0,0,,,0,,,,"N",2,"A","-",22107,,"F","A","H","-","A","D","0","Y","A","01",0,1,0,0,0,0,1,0,0,"-","-","UNINCORPORATED","YOLO","CA",-121.78494,38.62584
"6483612",-121.626546,38.565659,2014,"5700","1","2","4","03",0,1,"A",,,,,,900,5,"C","C","A","RT 80","CHILES RD",3200,"E","N","2016-04-05",9280,"2014-05-06",743,"17883",,"1","9","0","1",,"2","010","-","Y","YOL",3,80,"-","-",6.41,"H","-","W","Y",2,"A","-",22350,,"N","A","H","-","A","D","1","Y","A","01",0,0,1,0,0,0,0,0,0,"-","-","UNINCORPORATED","YOLO","CA",-121.62814,38.5651
"6483608",0,0,2014,"5700","5","7","4","05",0,1,"A",,,,,,1200,5,"E","I","A","COUNTY ROAD 87","COUNTY ROAD 19B",89,"S","N","2014-07-24",9280,"2014-05-11",915,"17883",,"1","9","0","3",,"2","003","-","N",,0,0,,,0,,,,"Y",1,"A","-",21460,"C","N","A","H","-","A","D","0","Y","A","01",0,0,1,0,0,0,0,0,0,"-","-","UNINCORPORATED","YOLO","CA",-122.01285,38.70881
"6483604",-121.7859633,38.5785161,2014,"5700","5","7","4","08",0,1,"A",,,,,,1200,5,"E","I","A","COUNTY ROAD 99","COVELL BL",6336,"N","N","2014-07-24",9280,"2014-05-11",950,"12272",,"1","9","0","3",,"2","002","-","N",,0,0,,,0,,,,"Y",1,"A","-",22107,,"N","A","H","-","A","D","0","Y","A","01",0,0,1,0,0,0,0,0,0,"-","-","UNINCORPORATED","YOLO","CA",-121.78616,38.6794
"6483537",-121.5255932,38.377639,2014,"5700","5","1","4","01",0,1,"A",,,,,"Y",2100,4,"E","I","A","SOUTH RIVER RD","COUNTY ROAD 142",1289,"N","N","2014-07-14",9280,"2014-04-28",2035,"015079",,"2","9","0","3",,"2","001","-","N",,0,0,,,0,,,,"Y",1,"A","-",23152,"A","N","A","H","-","A","D","0","Y","A","01",0,0,1,0,0,0,0,0,0,"-","-","UNINCORPORATED","YOLO","CA",-121.52558,38.37787
"6483528",0,0,2014,"5700","5","1","3","08",0,1,"A",,,,,,1200,4,"F","A","A","COUNTY ROAD 98A","RT 45",2112,"S","N","2015-03-11",9280,"2014-04-28",1120,"15492",,"1","9","0","3",,"2","002","-","N",,0,0,,,0,,,,"Y",1,"A","-",22107,,"N","A","B","-","A","D","0","Y","A","01",0,1,0,0,0,0,0,0,0,"-","-","UNINCORPORATED","YOLO","CA",-121.70902,38.05015
"6483056",-121.7266078,38.5488279,2014,"5701","0","4","3","01",0,1,"A",,,,,"Y",1500,4,"E","I","A","POLE LINE RD","5TH ST",10,"S","N","2014-07-16",5701,"2014-04-03",1436,"72","7","5","5","0","0",,"0","003","-","N",,0,0,,,0,,,,"N",1,"A","-",23152,"A","N","A","H","-","A","D","0","Y","A","01",0,1,0,0,0,0,0,0,0,"-","-","DAVIS","YOLO","CA",-121.72915,38.54691
"6482551",-121.5487439,38.5705294,2014,"5704","0","2","4","07",0,1,"A",,,,"Y",,900,5,"C","C","A","HARBOR BL","DEL MONTE ST",100,"N","N","2014-07-29",5704,"2014-05-13",835,"165",,"5","4","0","0",,"0","002","-","N",,0,0,,,0,,,,"N",2,"A","-",21658,"A","N","A","H","-","A","D","0","Y","G","25",0,0,1,0,0,0,0,0,0,"-","-","WEST SACRAMENTO","YOLO","CA",0,0
"6477037",0,0,2014,"5701","0","4","3","09",0,1,"A",,"Y",,,,1800,4,"H","G","A","1ST ST","OLD DAVIS RD",0,,"Y","2014-07-15",5701,"2014-04-17",1714,"83","4","5","5","0","0",,"0","002","-","N",,0,0,,,0,,,,"N",2,"A","-",21802,"A","N","A","H","-","A","A","0","Y","A","01",0,1,0,0,0,0,1,0,0,"-","-","DAVIS","YOLO","CA",-121.74055,38.54222
"6477029",0,0,2014,"5701","0","3","4","03",0,1,"A",,,,,,1800,4,"C","C","A","CHILES RD","EL CEMONTE DR",5280,"E","N","2014-07-15",5701,"2014-04-09",1510,"89","9","5","5","0","0",,"0","004","-","N",,0,0,,,0,,,,"Y",2,"A","-",22350,,"N","A","H","-","A","D","0","Y","A","01",0,0,1,0,0,0,0,0,0,"-","-","DAVIS","YOLO","CA",-121.6759,38.55662
"6477025",-121.7583893,38.5621611,2014,"5701","0","6","3","03",0,1,"A",,"Y",,,,1500,4,"H","J","A","ALVARADO AV","ANDERSON RD",100,"E","N","2014-07-15",5701,"2014-04-05",1426,"146","3","5","5","0","0",,"0","001","-","N",,0,0,,,0,,,,"N",1,"A","-",22350,,"N","A","H","-","A","D","0","Y","L","04",0,1,0,0,0,0,1,0,0,"-","-","DAVIS","YOLO","CA",0,0
"6476962",-121.7512132,38.555845,2014,"5701","0","5","3","18",0,1,"A",,"Y",,,,1500,4,"H","A","A","14TH ST","BEECH LN",0,,"Y","2014-07-15",5701,"2014-04-18",1421,"146","4","5","5","0","0",,"0","002","-","N",,0,0,,,0,,,,"N",1,"C","-",0,,"N","A","H","-","A","D","0","Y","-","-",0,1,0,0,0,0,1,0,0,"-","-","DAVIS","YOLO","CA",0,0
"6476767",-121.7396132,38.546225,2014,"5701","0","2","3","00",0,1,"B",,"Y",,,,2400,3,"H","G","A","4TH ST","G ST",0,,"Y","2014-07-05",5701,"2014-03-25",2130,"89","4","5","5","0","0",,"0","002","-","N",,0,0,,,0,,,,"N",2,"D","-",0,,"F","B","H","-","C","A","0","Y","-","-",0,1,0,0,0,0,1,0,0,"-","-","DAVIS","YOLO","CA",0,0
"6476763",-121.7368145,38.5453713,2014,"5701","0","2","3","03",0,1,"A",,"Y",,,"Y",300,3,"F","I","A","3RD ST","I ST",50,"E","N","2014-07-05",5701,"2014-03-18",130,"38","5","5","5","0","0",,"0","002","-","N",,0,0,,,0,,,,"N",1,"A","-",22350,,"N","A","H","-","D","A","0","Y","L","04",0,1,0,0,0,0,1,0,0,"-","-","DAVIS","YOLO","CA",-121.73619,38.54559
"6476211",-121.9531924,38.5545354,2014,"5700","1","3","3","18",0,1,"A",,,,,,1200,4,"E","I","A","RT 505","COUNTY ROAD 31",2640,"S","N","2016-03-28",9280,"2014-04-02",1155,"015128",,"1","9","0","1",,"2","031","-","Y","YOL",3,505,"-","-",2,"H","-","S","Y",1,"C","-",0,,"N","A","B","-","A","D","1","Y","-","-",0,1,0,0,0,0,0,0,0,"-","-","UNINCORPORATED","YOLO","CA",-122.1134,38.3918
"6476195",-121.8662011,38.5615486,2014,"5700","5","7","4","08",0,1,"A",,,,,,600,5,"E","I","A","COUNTY ROAD 31","COUNTY ROAD 95",2112,"W","N","2014-07-23",9280,"2014-05-04",545,"012272",,"3","9","0","3",,"2","003","B","N",,0,0,,,0,,,,"Y",1,"A","-",22107,,"N","A","-","-","B","D","0","Y","D","22",0,0,1,0,0,0,0,0,0,"-","-","UNINCORPORATED","YOLO","CA",-121.06537,38.56154
"6476191",-122.0489314,38.7074309,2014,"5700","3","2","4","03",0,7,"A",,,,,,1200,4,"C","C","A","RT 16","COUNTY ROAD 85",71,"W","N","2016-03-28",9280,"2014-04-29",1027,"17763",,"1","9","0","1",,"2","034","-","Y","YOL",3,16,"-","-",25.66,"H","-","W","Y",3,"A","-",22350,,"N","A","H","-","A","D","0","Y","I","10",0,0,7,0,0,0,0,0,0,"-","-","UNINCORPORATED","YOLO","CA",-122.04871,38.70745
"6476187",-121.67586,38.6736251,2014,"5700","1","1","4","08",0,1,"A",,,,"Y",,600,5,"B","C","A","RT 5","COUNTY ROAD 103",9504,"S","N","2016-03-24",9280,"2014-05-12",540,"12272",,"3","9","0","1",,"2","020","-","Y","YOL",3,5,"-","-",2.69,"H","-","N","Y",2,"A","-",22107,,"N","A","H","-","B","D","1","Y","A","01",0,0,1,0,0,0,0,0,0,"-","-","UNINCORPORATED","YOLO","CA",-121.67558,38.67371
"6476179",-121.7838832,38.7010117,2014,"5700","5","2","4","03",0,1,"A",,,,,,1800,5,"C","C","A","COUNTY ROAD 99","BARNARD ST",250,"N","N","2014-07-23",9280,"2014-05-06",1730,"017800",,"2","9","0","3",,"2","002","-","N",,0,0,,,0,,,,"Y",2,"A","-",22350,,"N","A","H","-","A","D","0","Y","D","22",0,0,1,0,0,0,0,0,0,"-","-","UNINCORPORATED","YOLO","CA",-121.78402,38.70109
"6475341",-121.5413361,38.5749451,2014,"5704","2","4","3","08",0,1,"A",,,,,,300,4,"E","J","A","RT 50","HARBOR BL",1584,"E","N","2016-02-18",9280,"2014-04-24",214,"016929",,"3","4","0","1",,"2","011","-","Y","YOL",3,50,"-","-",1.5,"H","-","E","Y",1,"A","-",22107,,"N","A","H","-","D","D","1","Y","A","07",0,1,0,0,0,0,0,0,0,"-","-","WEST SACRAMENTO","YOLO","CA",-121.5422,38.5482
"6472781",-121.5437246,38.5751051,2014,"5704","0","1","4","06",0,1,"A",,,,"Y",,1800,4,"B","C","A","HARBOR BL","RT 50",0,,"Y","2016-02-18",5704,"2014-04-07",1635,"165",,"5","4","0","0",,"0","002","-","Y","YOL",3,50,"-","-",1.379,"R","4","W","Y",2,"A","-",21755,,"N","A","H","-","A","A","0","Y","A","01",0,0,1,0,0,0,0,0,0,"-","WF","WEST SACRAMENTO","YOLO","CA",0,0
"6472778",-121.7366816,38.6739642,2014,"5703","1","1","4","07",0,1,"A",,,,"Y",,600,4,"C","D","A","RT 5","RT 113",600,"S","N","2016-03-24",9280,"2014-04-28",540,"015492",,"3","4","0","1",,"2","020","-","Y","YOL",3,5,"-","R",6.98,"H","-","N","Y",2,"A","-",21658,"A","N","A","H","-","A","D","1","Y","A","01",0,0,1,0,0,0,0,0,0,"-","-","WOODLAND","YOLO","CA",-121.75009,38.60334
"6468479",-121.5208993,38.5926132,2014,"5704","0","5","3","21",0,1,"A",,"Y",,,,1200,5,"C","G","A","ELDER DR","CUMMINS WY",432,"S","N","2014-07-29",5704,"2014-05-23",1026,"00173","WSPD","5","4","0","0",,"0","001","-","N",,0,0,,,0,,,,"N",2,"A","-",22106,,"N","A","H","-","A","D","0","Y","A","01",0,1,0,0,0,0,1,0,0,"-","-","WEST SACRAMENTO","YOLO","CA",0,0
"6464764",-121.8059729,38.8619617,2014,"5700","3","6","3","08",0,2,"A",,,,,,1500,4,"F","I","A","RT 45","COUNTY ROAD 98A",7920,"N","N","2016-03-25",9280,"2014-04-05",1410,"17772",,"2","9","0","1",,"2","026","-","Y","YOL",3,45,"-","-",7.13,"H","-","S","Y",1,"A","-",22107,,"N","A","H","-","A","D","0","Y","A","01",0,1,1,0,0,0,0,0,0,"-","-","UNINCORPORATED","YOLO","CA",-121.80468,38.86184
"6464760",-122.0173659,38.593624,2014,"5700","5","5","3","01",0,2,"A",,,,,"Y",600,4,"F","J","A","COUNTY ROAD 29","COUNTY ROAD 88",7920,"W","N","2014-07-22",9280,"2014-04-11",340,"17629",,"3","9","0","3",,"2","003","-","N",,0,0,,,0,,,,"Y",1,"A","-",23152,"A","N","A","H","-","D","D","0","Y","A","01",0,2,0,0,0,0,0,0,0,"-","-","UNINCORPORATED","YOLO","CA",-122.03273,38.59648
"6464756",-121.6114268,38.5683601,2014,"5700","1","1","4","03",0,1,"A",,,,,,900,4,"C","C","A","RT 80","WEBSTER",7920,"E","N","2016-03-23",9280,"2014-04-14",735,"15492",,"1","9","0","1",,"2","010","-","Y","YOL",3,80,"-","-",7.3,"H","-","W","Y",2,"A","-",22350,,"N","A","H","-","A","D","1","Y","A","01",0,0,1,0,0,0,0,0,0,"-","-","UNINCORPORATED","YOLO","CA",-121.61348,38.56795
"6464719",-121.5523089,38.5749551,2014,"5704","2","2","4","08",0,1,"B",,,,,,1800,4,"E","I","A","RT 50","HARBOR BL",1056,"W","N","2016-02-18",9280,"2014-04-01",1512,"015128",,"2","4","0","1",,"2","011","C","Y","YOL",3,50,"-","-",1,"H","-","E","Y",1,"A","-",22107,,"N","B","H","-","A","D","1","Y","D","22",0,0,1,0,0,0,0,0,0,"-","-","WEST SACRAMENTO","YOLO","CA",-121.3313,38.3429
"6464030",-121.5476281,38.5322651,2014,"5704","0","4","3","08",0,1,"B",,,,,,900,3,"E","I","A","DAVIS RD","HILARY RD",10,"W","N","2014-07-17",5704,"2014-03-27",801,"00173","WSPD","5","4","0","0",,"0","003","-","N",,0,0,,,0,,,,"Y",1,"A","-",22107,,"N","A","H","-","A","D","0","Y","A","07",0,1,0,0,0,0,0,0,0,"-","-","WEST SACRAMENTO","YOLO","CA",0,0
"6459509",-121.9713832,38.642266,2014,"5700","5","4","4","08",0,1,"A",,,,,,300,5,"E","A","A","COUNTY ROAD 89","COUNTY ROAD 26",2640,"N","N","2014-08-04",9280,"2014-05-01",30,"016027",,"3","9","0","3",,"2","003","-","N",,0,0,,,0,,,,"Y",1,"A","-",22107,,"N","A","H","-","D","D","0","Y","A","01",0,0,1,0,0,0,0,0,0,"-","-","UNINCORPORATED","YOLO","CA",-121.97142,38.64269
"6459488",-121.7617932,38.546425,2014,"5701","0","4","3","00",0,2,"B",,"Y",,,,1500,5,"H","G","A","SYCAMORE LN","RUSSELL BL",0,,"Y","2014-07-31",5701,"2014-05-08",1350,"89","2","5","5","0","0",,"0","001","-","N",,0,0,,,0,,,,"N",2,"D","-",0,,"N","A","H","-","A","A","0","Y","-","-",0,1,1,0,0,0,2,0,0,"-","-","DAVIS","YOLO","CA",-121.75947,38.54766
"6459131",-121.735981,38.5399316,2014,"5701","1","5","4","03",0,2,"C",,,,,,1500,4,"F","I","A","RT 80","RICHARDS BL",200,"W","N","2016-03-23",9280,"2014-04-25",1443,"016632",,"2","5","0","1",,"2","010","-","Y","YOL",3,80,"-","-",0.17,"H","-","W","Y",1,"A","-",22350,,"N","B","H","-","A","D","1","Y","A","01",0,0,2,0,0,0,0,0,0,"-","-","DAVIS","YOLO","CA",-121.73725,38.53937
"6459047",-121.7528132,38.546325,2014,"5701","0","3","3","17",0,1,"A",,"Y",,,,1200,4,"H","G","A","OAK AV","RUSSELL BL",0,,"Y","2014-07-11",5701,"2014-04-30",1030,"89","3","5","5","0","0",,"0","001","-","N",,0,0,,,0,,,,"N",2,"A","-",21451,"A","N","A","H","-","A","A","0","Y","L","04",0,1,0,0,0,0,1,0,0,"-","-","DAVIS","YOLO","CA",0,0
"6459014",-121.7470232,38.676938,2014,"5703","0","5","4","01",0,1,"A",,,,,"Y",2400,4,"E","I","A","PIONEER AV","EAST MAIN ST",130,"S","N","2014-07-11",5703,"2014-04-25",2326,"2002","61","5","4","0","0",,"0","001","-","N",,0,0,,,0,,,,"Y",1,"A","-",23152,"A","N","B","H","-","C","D","0","Y","A","07",0,0,1,0,0,0,0,0,0,"-","-","WOODLAND","YOLO","CA",0,0
"6458979",0,0,2014,"5701","0","5","4","08",0,1,"A",,,,,,2400,3,"E","I","A","VILLANOVA DR","OAK AV",108,"W","N","2014-07-09",5701,"2014-03-21",2229,"106","2","5","5","0","0",,"0","001","-","N",,0,0,,,0,,,,"Y",1,"A","-",22107,,"N","A","H","-","C","D","0","Y","A","01",0,0,1,0,0,0,0,0,0,"-","-","DAVIS","YOLO","CA",-121.76935,38.56714
"6457221",-121.7589012,38.546119,2014,"5701","0","3","3","09",0,1,"A",,"Y",,,,1200,4,"D","G","A","LA RUE RD","RUSSELL BL",43,"S","N","2015-09-23",5701,"2014-04-23",950,"1060","UCD","5","5","0","0",,"0",,"-","N",,0,0,,,0,,,,"N",2,"A","-",21804,"A","N","-","H","-","A","D","0","Y","L","04",0,1,0,0,0,0,1,0,0,"-","-","DAVIS","YOLO","CA",0,0
"6451798",-121.5495699,38.5751133,2014,"5704","2","4","4","03",0,1,"A",,,,,,1200,4,"C","C","A","RT 50","HARBOR BL",150,"W","N","2016-02-18",9280,"2014-04-17",940,"017629",,"1","4","0","1",,"2","011","-","Y","YOL",3,50,"-","-",1.16,"H","-","W","Y",4,"A","-",22350,,"N","A","H","-","A","A","1","Y","A","01",0,0,1,0,0,0,0,0,0,"-","-","WEST SACRAMENTO","YOLO","CA",-121.55366,38.5751
"6451794",-121.5965609,38.6443373,2014,"5700","5","3","2","08",0,2,"A",,,,"Y",,1800,4,"E","J","A","OLD RIVER RD","COUNTY ROAD 124",7920,"S","N","2014-07-25",9280,"2014-04-02",1600,"16292",,"2","9","0","3",,"2","002","B","N",,0,0,,,0,,,,"Y",1,"A","-",22107,,"N","A","H","-","A","D","0","Y","F","27",1,1,0,0,0,0,0,0,0,"-","-","UNINCORPORATED","YOLO","CA",-121.57785,38.64702
"6450464",-121.5487313,38.597236,2014,"5704","1","6","2","03",0,9,"A",,,,,,1200,4,"C","C","A","RT 80","REED AV",3168,"W","N","2016-04-05",9280,"2014-04-12",930,"015492",,"1","4","0","1",,"2","010","-","Y","YOL",3,80,"-","R",11.61,"H","-","W","Y",4,"A","-",22350,,"N","A","H","-","A","D","1","Y","A","01",2,1,6,0,0,0,0,0,0,"-","-","WEST SACRAMENTO","YOLO","CA",-121.55771,38.584
"6450460",-121.5377221,38.5749481,2014,"5704","2","4","3","03",0,4,"A",,,,,,1200,4,"C","C","A","RT 50","HARBOR BL",2640,"E","N","2016-02-18",9280,"2014-04-17",1008,"016632",,"1","4","0","1",,"2","011","-","Y","YOL",3,50,"-","-",1.7,"H","-","E","Y",2,"A","-",22350,,"N","A","H","-","A","D","1","Y","A","01",0,1,3,0,0,0,0,0,0,"-","-","WEST SACRAMENTO","YOLO","CA",-121.322,38.3431
"6450215",0,0,2014,"5700","5","5","3","22",0,3,"A",,,,,"Y",2400,3,"F","I","A","COUNTY ROAD 20","COUNTY ROAD 94B",2813,"E","N","2014-07-07",9280,"2014-03-07",2300,"017874",,"3","9","0","3",,"2","003","-","N",,0,0,,,0,,,,"N",1,"B","-",0,,"N","A","G","-","D","D","0","Y","D","22",0,1,2,0,0,0,0,0,0,"-","-","UNINCORPORATED","YOLO","CA",-121.85867,38.69334
"6450211",-121.9681387,38.8754039,2014,"5700","1","2","4","08",0,1,"A",,,,"Y",,1200,4,"B","C","A","RT 5","COUNTY ROAD 6",2500,"S","N","2016-03-24",9280,"2014-04-15",1107,"017883",,"1","9","0","1",,"2","030","-","Y","YOL",3,5,"-","R",25.1,"H","-","N","Y",2,"A","-",22107,,"N","A","H","-","A","D","1","Y","D","22",0,0,1,0,0,0,0,0,0,"-","-","UNINCORPORATED","YOLO","CA",-121.96778,38.87522
"6450164",0,0,2014,"5700","3","6","4","03",0,1,"A",,,,,,300,4,"H","A","A","CO RD 6","CO RD 89W",3,"E","N","2014-07-10",9280,"2014-04-19",1,"017351",,"3","9","0","1",,"2","034","-","N",,0,0,,,0,,,,"Y",1,"A","-",22350,,"N","A","H","-","C","A","0","Y","D","22",0,0,1,0,0,0,0,0,0,"-","-","UNINCORPORATED","YOLO","CA",-121.97612,38.88138
"6445955",-121.5261336,38.5791978,2014,"5704","0","7","3","04",0,3,"A",,,,,,1800,3,"C","C","A","JEFFERSON BL","MERKLEY AV",45,"S","N","2014-07-10",5704,"2014-03-23",1736,"00173","WSPD","5","4","0","0",,"0","002","-","N",,0,0,,,0,,,,"N",3,"A","-",21703,,"N","A","H","-","A","A","0","Y","A","01",0,1,2,0,0,0,0,0,0,"-","-","WEST SACRAMENTO","YOLO","CA",0,0
"6445198",-121.5512331,38.5930451,2014,"5704","0","1","3","12",0,2,"B",,,,,,1200,3,"A","C","A","REED AV","RT 80",0,,"Y","2015-11-10",5704,"2014-03-31",950,"00137","WSPD","5","4","0","0",,"0","001","-","Y","YOL",3,80,"-","R",11.219,"R","4","E","Y",2,"A","-",21453,"A","N","A","H","-","A","A","0","Y","A","01",0,1,1,0,0,0,0,0,0,"-","EF","WEST SACRAMENTO","YOLO","CA",0,0