"CASEID","POINT_X","POINT_Y","YEAR_","LOCATION","CHPTYPE","DAYWEEK","CRASHSEV","VIOLCAT","KILLED","INJURED","WEATHER1","PEDCOL","BICCOL","MCCOL","TRUCKCOL","ETOH","TIMECAT","MONTH_","CRASHTYP","INVOLVE","PED","PRIMARYRD","SECONDRD","DISTANCE","DIRECT","INTERSECT_","PROCDATE","JURIS","DATE_","TIME_","BADGE","JURIDIST","SHIFT","POP","SPECIAL","BEATTYPE","LAPDDIV","BEATCLAS","BEATNUMB","WEATHER2","STATEHW","CALTRANC","CALTRAND","STROUTE","ROUTESUF","POSTPRE","POSTMILE","LOCATYPE","RAMP","SIDEHW","TOWAWAY","PARTIES","PCF","VIOLCODE","VIOL","VIOLSUB","HITRUN","ROADSURF","RDCOND1","RDCOND2","LIGHTING","RIGHTWAY","CHPRDTYP","NOTPRIV","STFAULT","CHPFAULT","SEVINJ","OTHERINJ","COP","PEDKILL","PEDINJ","BICKILL","BICINJ","MCKILL","MCINJURE","RAMP1","RAMP2","CITY","COUNTY","STATE","X_CHP","Y_CHP"
"6445134",-121.5292518,38.5838979,2014,"5704","0","5","3","05",0,1,"A",,"Y",,,"Y",2400,3,"G","G","A","MICHIGAN BL","PORTSMOUTH AV",140,"W","N","2014-07-09",5704,"2014-03-28",2100,"00118","5704","5","4","0","0",,"0","002","-","N",,0,0,,,0,,,,"N",2,"A","-",21650,,"F","A","H","-","C","B","0","Y","A","01",0,1,0,0,0,0,1,0,0,"-","-","WEST SACRAMENTO","YOLO","CA",0,0
"6444996",-121.5546312,38.5749645,2014,"5704","2","1","4","08",0,1,"A",,,,,,900,4,"E","I","A","RT 50","HARBOR BL",2640,"W","N","2016-02-18",9280,"2014-04-07",812,"017375",,"1","4","0","1",,"2","011","-","Y","YOL",3,50,"-","-",0.7,"H","-","E",,1,"A","-",22107,,"N","A","H","-","A","D","1","Y","A","01",0,0,1,0,0,0,0,0,0,"-","-","WEST SACRAMENTO","YOLO","CA",0,0
"6444992",-121.7656068,38.6671871,2014,"5703","0","6","1","-",1,0,"A",,,,,,1500,4,"E","I","A","EAST ST","E GUM AV",418,"S","N","2015-04-16",5703,"2014-04-05",1235,"2899","13","5","4","0","0",,"0","004","-","N",,0,0,,,0,,,,,1,"A","-",0,,"N","A","H","-","A","D","0","Y","A","01",0,0,0,0,0,0,0,0,0,"-","-","WOODLAND","YOLO","CA",0,0
"6444629",-121.7431494,38.6684103,2014,"5703","0","3","4","03",0,2,"A",,,,,,1500,4,"C","C","A","E GUM AV","PIONEER AV",233,"W","N","2015-03-07",5703,"2014-04-02",1357,"832","53","5","4","0","0",,"0","004","-","N",,0,0,,,0,,,,"N",2,"A","-",22350,,"N","A","H","-","A","A","0","Y","A","01",0,0,2,0,0,0,0,0,0,"-","-","WOODLAND","YOLO","CA",0,0
"6444245",-121.7200931,38.551705,2014,"5701","0","5","4","00",0,2,"C",,,,,"Y",1800,3,"C","C","A","5TH ST","CANTRILL DR",0,,"Y","2014-07-07",5701,"2014-03-21",1530,"89","7","5","5","0","0",,"0","003","-","N",,0,0,,,0,,,,"N",3,"D","-",0,,"F","B","H","-","A","A","0","Y","-","-",0,0,2,0,0,0,0,0,0,"-","-","DAVIS","YOLO","CA",0,0
"6439349",-121.7437661,38.6720388,2014,"5703","0","1","2","12",0,1,"A",,"Y",,,,1800,3,"D","G","A","FARNHAM AV","PIONEER AV",7,"E","N","2014-07-08",5703,"2014-03-10",1744,"2850","51","5","4","0","0",,"0","004","-","N",,0,0,,,0,,,,"N",2,"A","-",21453,"A","N","-","H","-","A","A","0","Y","L","04",1,0,0,0,0,0,1,0,0,"-","-","WOODLAND","YOLO","CA",0,0
"6436677",0,0,2014,"5704","0","4","3","18",0,1,"A",,,,,"Y",900,4,"E","I","A","LAKE WASHINGTON BL","STONEGATE DR",337,"W","N","2014-07-21",5704,"2014-04-03",651,"00173","WSPD","5","4","0","0",,"0","003","-","N",,0,0,,,0,,,,"Y",1,"C","-",0,,"N","A","H","-","A","D","0","Y","-","-",0,1,0,0,0,0,0,0,0,"-","-","WEST SACRAMENTO","YOLO","CA",0,0
"6435991",-121.7285732,38.677095,2014,"5703","0","3","4","12",0,2,"A",,,,,,600,3,"A","C","A","EAST MAIN ST","COUNTY ROAD 102",0,,"Y","2014-07-08",5703,"2014-03-26",344,"2816","71","5","4","0","0",,"0","004","-","N",,0,0,,,0,,,,"Y",2,"A","-",21453,"A","N","A","H","-","C","-","0","Y","A","01",0,0,2,0,0,0,0,0,0,"-","-","WOODLAND","YOLO","CA",0,0
"6435975",-121.6005355,38.5701387,2014,"5700","1","5","4","07",0,1,"B",,,,,,1200,3,"-","C","A","RT 80","ENTERPRISE BL",6336,"W","N","2015-11-10",9280,"2014-03-21",1107,"017375",,"1","9","0","1",,"2","010","-","Y","YOL",3,80,"-","-",7.98,"H","-","E","N",2,"A","-",21658,"A","N","A","H","-","A","D","1","Y","A","01",0,0,1,0,0,0,0,0,0,"-","-","UNINCORPORATED","YOLO","CA",-121.60877,38.56861
"6435418",0,0,2014,"5704","0","7","3","03",0,1,"A",,,,,"Y",600,3,"F","I","A","WEST CAPITOL AV","POWER LINE #6885",10,"S","N","2014-07-02",5704,"2014-03-09",336,"00169",,"5","4","0","0",,"0","002","-","N",,0,0,,,0,,,,"Y",1,"A","-",22350,,"N","A","H","-","C","D","0","Y","A","01",0,1,0,0,0,0,0,0,0,"-","-","WEST SACRAMENTO","YOLO","CA",0,0
"6432445",-121.7330135,38.667722,2014,"5703","0","6","3","10",0,1,"A","Y",,,,,900,3,"G","B","D","MAXWELL AV","FARNHAM AV",15,"E","N","2014-06-25",5703,"2014-03-15",837,"2927","73","5","4","0","0",,"0","004","-","N",,0,0,,,0,,,,"N",2,"A","-",21950,"A","N","A","H","-","A","A","0","Y","-",,0,1,0,0,1,0,0,0,0,"-","-","WOODLAND","YOLO","CA",0,0
"6432441",-121.7706132,38.6774451,2014,"5703","0","1","4","12",0,1,"A",,,,,,1500,3,"D","C","A","3RD ST","MAIN ST",0,,"Y","2014-06-25",5703,"2014-03-03",1432,"832","22","5","4","0","0",,"0","001","-","N",,0,0,,,0,,,,"N",2,"A","-",21453,"A","N","A","H","-","A","A","0","Y","A","01",0,0,1,0,0,0,0,0,0,"-","-","WOODLAND","YOLO","CA",0,0
"6429647",-121.8073457,38.7274048,2014,"5700","1","6","4","08",0,1,"B",,,,,,2100,2,"E","I","A","RT 5","CACHE CREEK",80,"N","N","2015-11-14",9280,"2014-02-08",2038,"14853",,"2","9","0","1",,"2","020","C","Y","YOL",3,5,"-","R",11.52,"H","-","N","N",1,"A","-",22107,,"N","B","H","-","C","D","1","Y","A","01",0,0,1,0,0,0,0,0,0,"-","-","UNINCORPORATED","YOLO","CA",-121.80737,38.72785
"6429646",-122.040878,38.5055179,2014,"5700","3","7","4","08",0,1,"B",,,,,,1800,2,"E","I","A","RT 128","PLEASANT VALLEY RD",6336,"W","N","2016-02-22",9280,"2014-02-02",1700,"15128",,"2","9","0","1",,"2","032","C","Y","YOL",3,128,"-","-",3.44,"H","-","W","Y",1,"A","-",22107,,"N","B","H","-","B","D","0","Y","A","01",0,0,1,0,0,0,0,0,0,"-","-","UNINCORPORATED","YOLO","CA",-122.335,38.451
"6428204",-121.9284604,38.6201775,2014,"5700","5","5","4","01",0,1,"A",,,,,,900,3,"B","C","A","COUNTY ROAD 27","COUNTY ROAD 92D",4224,"W","N","2014-06-26",9280,"2014-03-14",645,"013837",,"1","9","0","3",,"2","003","-","N",,0,0,,,0,,,,"Y",2,"A","-",23152,"A","N","A","H","-","A","D","0","Y","A","01",0,0,1,0,0,0,0,0,0,"-","-","UNINCORPORATED","YOLO","CA",-121.92826,38.62019
"6428192",-121.9678124,38.8750956,2014,"5700","1","1","4","08",0,1,"A",,,,,,1500,3,"B","C","A","RT 5","COUNTY ROAD 6",2640,"S","N","2015-11-14",9280,"2014-03-24",1215,"012272",,"1","9","0","1",,"2","030","-","Y","YOL",3,5,"-","R",25.07,"H","-","N","Y",2,"A","-",22107,,"N","A","H","-","A","D","1","Y","A","01",0,0,1,0,0,0,0,0,0,"-","-","UNINCORPORATED","YOLO","CA",-121.96811,38.87552
"6428188",-121.5560475,38.5864796,2014,"5704","1","6","4","03",0,4,"A",,,,,,1200,3,"C","C","A","RT 80","REED AV",1584,"W","N","2015-11-10",9280,"2014-03-22",1145,"017772",,"1","4","0","1",,"2","010","-","Y","YOL",3,80,"-","R",10.91,"H","-","W","Y",3,"A","-",22350,,"N","A","H","-","A","D","1","Y","A","07",0,0,4,0,0,0,0,0,0,"-","-","WEST SACRAMENTO","YOLO","CA",-121.55757,38.58412
"6428184",0,0,2014,"5700","5","3","4","03",0,1,"B",,,,,,1800,3,"C","C","A","COUNTY ROAD 89","COUNTY ROAD 24",1056,"S","N","2014-06-26",9280,"2014-03-26",1540,"016144",,"2","9","0","3",,"2","003","-","N",,0,0,,,0,,,,"Y",2,"A","-",22350,,"N","B","H","-","A","D","0","Y","A","01",0,0,1,0,0,0,0,0,0,"-","-","UNINCORPORATED","YOLO","CA",-121.97103,38.65801
"6427161",-121.7329191,38.5620186,2014,"5701","0","5","4","09",0,1,"A",,,,,,900,2,"D","C","A","EAST COVELL BL","POLE LINE RD",528,"W","N","2014-07-08",5701,"2014-02-14",710,"110","5","5","5","0","0",,"0","002","-","N",,0,0,,,0,,,,"Y",2,"A","-",21804,"A","N","A","H","-","A","D","0","Y","A","01",0,0,1,0,0,0,0,0,0,"-","-","DAVIS","YOLO","CA",0,0
"6426681",-121.5616676,38.5781915,2014,"5704","1","7","3","03",0,1,"B",,,,,,1500,3,"C","C","A","RT 80","REED AV",3696,"W","N","2015-11-10",9280,"2014-03-09",1417,"017763",,"2","4","0","1",,"2","010","-","Y","YOL",3,80,"-","R",10.51,"H","-","W","Y",3,"A","-",22350,,"N","A","H","-","A","D","1","Y","A","01",0,1,0,0,0,0,0,0,0,"-","-","WEST SACRAMENTO","YOLO","CA",-121.55878,38.58232
"6426677",-121.9117379,38.6636313,2014,"5700","5","1","3","03",0,1,"B",,,,,,900,3,"E","J","A","COUNTY ROAD 24","COUNTY ROAD 93",4752,"W","N","2014-06-26",9280,"2014-03-10",721,"017763",,"1","9","0","3",,"2","003","-","N",,0,0,,,0,,,,"Y",1,"A","-",22350,,"N","B","H","-","B","D","0","Y","A","07",0,1,0,0,0,0,0,0,0,"-","-","UNINCORPORATED","YOLO","CA",-121.91192,38.66371
"6426622",-121.7816534,38.546591,2014,"5701","0","3","4","03",0,2,"A",,,,,,900,2,"E","I","A","RUSSELL BL","PORTAGE BAY EAST",40,"E","N","2014-07-02",5701,"2014-02-26",840,"89","1","5","5","0","0",,"0","001","-","N",,0,0,,,0,,,,"Y",1,"A","-",22350,,"N","B","H","-","A","D","0","Y","A","07",0,0,2,0,0,0,0,0,0,"-","-","DAVIS","YOLO","CA",-121.78153,38.54644
"6426589",-121.520624,38.5756327,2014,"5704","2","6","3","03",0,7,"B",,,,,"Y",2100,2,"C","C","A","RT 50","YOLO/ SACRAMENTO CO LINE",2625,"W","N","2015-11-14",9280,"2014-02-08",2017,"015079",,"2","4","0","1",,"2","011","C","Y","YOL",3,50,"-","-",2.66,"H","-","W","Y",3,"A","-",22350,,"N","B","H","-","D","D","1","Y","A","01",0,1,6,0,0,0,0,0,0,"-","-","WEST SACRAMENTO","YOLO","CA",-121.52713,38.57634
"6425103",-121.5419832,38.591255,2014,"5704","0","6","2","09",0,2,"A",,,"Y",,,1800,2,"D","C","A","SUNSET AV","SACRAMENTO AV",0,,"Y","2014-06-25",5704,"2014-02-22",1655,"00174",,"5","4","0","0",,"0","001","-","N",,0,0,,,0,,,,"N",2,"A","-",21802,"A","N","A","H","-","A","A","0","Y","C","02",1,1,0,0,0,0,0,0,2,"-","-","WEST SACRAMENTO","YOLO","CA",0,0
"6424487",-121.5486653,38.5768702,2014,"5704","0","5","3","11",0,1,"B","Y",,,,,1200,3,"G","B","E","HARBOR BL","EVERGREEN AV",20,"S","N","2014-06-25",5704,"2014-03-28",1059,"00173","WSPD","5","4","0","0",,"0","002","-","N",,0,0,,,0,,,,"N",2,"A","-",21954,"A","N","A","H","-","A","A","0","Y","N","60",0,1,0,0,1,0,0,0,0,"-","-","WEST SACRAMENTO","YOLO","CA",0,0
"6424242",-121.5248311,38.5811384,2014,"5704","0","5","4","10",0,1,"B","Y",,,,,600,2,"G","B","C","WEST CAPITOL AV","JEFFERSON BL",565,"E","N","2015-01-28",5704,"2014-02-28",503,"00118",,"5","4","0","0",,"0","002","C","N",,0,0,,,0,,,,"N",2,"A","-",21950,"A","N","B","H","-","C","A","0","Y","A","08",0,0,1,0,1,0,0,0,0,"-","-","WEST SACRAMENTO","YOLO","CA",0,0
"6424213",-121.5537331,38.5351051,2014,"5704","0","5","4","08",0,1,"C",,,,,,2400,2,"A","-","A","JEFFERSON BL","MARSHALL RD",0,,"Y","2015-08-12",5704,"2014-02-28",2259,"00168","5704","5","4","0","0",,"0","003","-","N",,0,0,,,0,,,,"Y",1,"A","-",22107,,"N","B","H","-","C","A","0","Y","A","01",0,0,1,0,0,0,0,0,0,"-","-","WEST SACRAMENTO","YOLO","CA",0,0
"6424209",-121.5486648,38.5688764,2014,"5704","0","5","4","05",0,1,"C",,"Y",,,,1800,2,"D","G","A","INDUSTRIAL BL","HARBOR BL",330,"E","N","2014-06-26",5704,"2014-02-28",1540,"00118",,"5","4","0","0",,"0","002","-","N",,0,0,,,0,,,,"N",2,"A","-",21650,"1","F","B","H","-","A","D","0","Y","L","04",0,0,1,0,0,0,1,0,0,"-","-","WEST SACRAMENTO","YOLO","CA",0,0
"6424205",0,0,2014,"5704","0","1","3","11",0,1,"A","Y",,,,,1800,2,"G","B","D","HARBOR BL","RIVERPOINT CT",30,"S","N","2014-06-26",5704,"2014-02-10",1550,"00165",,"5","4","0","0",,"0","001","-","N",,0,0,,,0,,,,"N",2,"A","-",21954,"A","M","A","H","-","A","D","0","Y","N","60",0,1,0,0,1,0,0,0,0,"-","-","WEST SACRAMENTO","YOLO","CA",0,0
"6424201",-121.5486955,38.5783883,2014,"5704","0","1","3","11",0,1,"A","Y",,,,,600,2,"G","B","C","HARBOR BL","WEST CAPITOL AV",312,"S","N","2014-06-26",5704,"2014-02-24",553,"00158","WSPD","5","4","0","0",,"0","002","-","N",,0,0,,,0,,,,"Y",2,"A","-",21955,,"N","A","H","-","C","A","0","Y","N","60",0,1,0,0,1,0,0,0,0,"-","-","WEST SACRAMENTO","YOLO","CA",0,0
"6424197",-121.5152801,38.5908748,2014,"5704","0","1","3","05",0,1,"A",,,,,,2400,2,"A","E","A","ANDREW ST","ALVIN ST",50,"E","N","2014-06-26",5704,"2014-02-24",2120,"00165",,"5","4","0","0",,"0","001","-","N",,0,0,,,0,,,,"N",2,"A","-",21650,,"N","A","H","-","C","D","0","Y","A","01",0,1,0,0,0,0,0,0,0,"-","-","WEST SACRAMENTO","YOLO","CA",0,0
"6424173",-121.7564932,38.662865,2014,"5703","0","5","2","-",0,4,"C",,,,,"Y",2400,2,"D","C","A","MATMOR RD","EAST GIBSON RD",0,,"Y","2014-06-26",5703,"2014-02-07",2110,"2850","35","5","4","0","0",,"0","004","-","N",,0,0,,,0,,,,"Y",2,"-","-",0,,"N","B","H","-","C","A","0","Y","-","-",1,2,1,0,0,0,0,0,0,"-","-","WOODLAND","YOLO","CA",0,0
"6423792",-121.7589697,38.6682813,2014,"5703","0","5","4","08",0,1,"A",,,,,,1800,1,"F","E","A","EAST GUM AV","DEBORAH ST",178,"E","N","2015-01-13",5703,"2014-01-31",1611,"2004","13","5","4","0","0",,"0","004","-","N",,0,0,,,0,,,,"Y",2,"A","-",22107,,"N","A","H","-","A","D","0","Y","A","01",0,0,1,0,0,0,0,0,0,"-","-","WOODLAND","YOLO","CA",0,0
"6423397",-121.7230231,38.541345,2014,"5701","0","6","3","12",0,2,"A",,,,,,1200,3,"D","C","A","POLE LINE RD","COWELL BL",0,,"Y","2014-06-23",5701,"2014-03-15",1133,"72","8","5","5","0","0",,"0","004","-","N",,0,0,,,0,,,,"Y",2,"A","-",21453,"A","N","A","H","-","A","A","0","Y","A","07",0,1,1,0,0,0,0,0,0,"-","-","DAVIS","YOLO","CA",0,0
"6423313",-121.6941431,38.556515,2014,"5701","0","5","4","12",0,4,"B",,,,,,2400,2,"D","C","A","2ND ST","MACE BL",0,,"Y","2014-06-24",5701,"2014-02-28",2314,"113","7","5","5","0","0",,"0","003","C","N",,0,0,,,0,,,,"N",2,"A","-",21453,"A","N","B","H","-","C","A","0","Y","A","01",0,0,4,0,0,0,0,0,0,"-","-","DAVIS","YOLO","CA",0,0
"6423309",-121.7489631,38.546275,2014,"5701","0","4","3","09",0,1,"B",,"Y",,,,1800,2,"H","G","A","MILLER DR","RUSSELL BL",0,,"Y","2014-06-24",5701,"2014-02-27",1630,"112","4","5","5","0","0",,"0","002","C","N",,0,0,,,0,,,,"N",2,"A","-",21802,"B","N","B","H","-","B","A","0","Y","A","01",0,1,0,0,0,0,1,0,0,"-","-","DAVIS","YOLO","CA",0,0
"6423305",-121.7477631,38.546265,2014,"5701","0","3","4","09",0,1,"B",,"Y",,,,2100,2,"H","G","A","A ST","RUSSELL BL",0,,"Y","2014-06-24",5701,"2014-02-26",1900,"83","4","5","5","0","0",,"0","002","C","N",,0,0,,,0,,,,"N",2,"A","-",21801,"A","N","B","H","-","C","A","0","Y","A","01",0,0,1,0,0,0,1,0,0,"-","-","DAVIS","YOLO","CA",0,0
"6423038",-121.740996,38.6745459,2014,"5703","1","6","4","08",0,1,"A",,,,,,1500,2,"E","I","A","RT 5","MAIN ST",1056,"S","N","2015-11-14",9280,"2014-02-22",1207,"13837",,"1","4","0","1",,"2","020","-","Y","YOL",3,5,"-","-",6.25,"H","-","N","Y",1,"A","-",22107,,"N","A","H","-","A","D","1","Y","A","01",0,0,1,0,0,0,0,0,0,"-","-","WOODLAND","YOLO","CA",-121.7425,38.67466
"6423034",-121.6387131,38.5634451,2014,"5700","5","1","4","18",0,1,"A",,"Y",,,,900,2,"H","A","A","COUNTY ROAD 32A","RT 80",12,"E","N","2015-11-19",9280,"2014-02-24",810,"12272",,"1","9","0","3",,"2","001","-","Y","YOL",3,80,"-","-",5.693,"R","4","W","N",1,"C","-",0,,"N","A","C","-","A","A","1","Y","-","-",0,0,1,0,0,0,1,0,0,"-","TO","UNINCORPORATED","YOLO","CA",-121.64219,38.56474
"6423030",-121.9580232,38.7151251,2014,"5700","1","3","3","12",0,3,"B",,,,,,1200,2,"D","C","A","RT 505","COUNTY ROAD 19",16,"W","N","2016-06-07",9280,"2014-02-26",1130,"17772",,"1","9","0","1",,"2","031","-","Y","YOL",3,505,"-","-",13.175,"R","4","N","Y",2,"A","-",22450,"A","N","B","H","-","A","A","1","Y","A","07",0,1,2,0,0,0,0,0,0,"TO","-","UNINCORPORATED","YOLO","CA",-121.95721,38.71949
"6423026",-121.5187631,38.5739551,2014,"5704","2","4","3","01",0,1,"B",,,,,"Y",600,2,"E","I","A","RT 50","SOUTH RIVER RD",528,"E","N","2015-11-14",9280,"2014-02-27",410,"16027",,"3","4","0","1",,"2","011","-","Y","YOL",3,50,"-","-",2.811,"R","2","W","Y",1,"A","-",23152,"A","N","A","H","-","D","D","1","Y","A","01",0,1,0,0,0,0,0,0,0,"-","-","WEST SACRAMENTO","YOLO","CA",-121.51999,38.57626
"6422975",-121.6756531,38.557985,2014,"5700","1","6","3","01",0,1,"A",,,,,"Y",2400,2,"E","I","A","COUNTY ROAD 32A","COUNTY ROAD 105",0,,"Y","2014-06-13",9280,"2014-02-22",2245,"017351",,"3","9","0","1",,"2","020","-","N",,0,0,,,0,,,,"Y",1,"A","-",23152,"A","N","A","H","-","C","A","0","Y","A","01",0,1,0,0,0,0,0,0,0,"-","-","UNINCORPORATED","YOLO","CA",-121.67557,38.55774
"6422971",0,0,2014,"5700","5","5","3","01",0,1,"A",,,,,"Y",2400,2,"E","I","A","COUNTY ROAD 152","COUNTY ROAD 104",882,"E","N","2014-06-13",9280,"2014-02-21",2300,"015079",,"3","9","0","3",,"2","001","-","N",,0,0,,,0,,,,"Y",1,"A","-",23152,"A","N","A","H","-","D","D","0","Y","A","07",0,1,0,0,0,0,0,0,0,"-","-","UNINCORPORATED","YOLO","CA",-121.4843,38.2636
"6422967",-121.9528925,38.6258938,2014,"5700","1","4","4","08",0,1,"A",,,,,,1800,2,"E","I","A","RT 505","COUNTY ROAD 27",1584,"N","N","2016-02-22",9280,"2014-02-20",1555,"015492",,"2","9","0","1",,"2","031","-","Y","YOL",3,505,"-","-",6.83,"H","-","N","Y",1,"A","-",22107,,"N","A","H","-","A","D","1","Y","A","01",0,0,1,0,0,0,0,0,0,"-","-","UNINCORPORATED","YOLO","CA",-121.95298,38.62358
"6422963",-121.9713147,38.575404,2014,"5700","1","5","4","08",0,2,"A",,,,,,2100,2,"E","I","A","COUNTY ROAD 89","COUNTY ROAD 29A",3168,"S","N","2014-06-13",9280,"2014-02-21",1930,"015492",,"2","9","0","1",,"2","301","-","N",,0,0,,,0,,,,"Y",1,"A","-",22107,,"N","A","H","-","D","D","0","Y","A","07",0,0,2,0,0,0,0,0,0,"-","-","UNINCORPORATED","YOLO","CA",-121.97137,38.57514
"6421973",-121.9496832,38.6792751,2014,"5700","3","3","3","-",0,1,"A",,,,,,1200,3,"D","C","A","RT 16","RT 505",0,,"Y","2016-02-22",9280,"2014-03-19",958,"13837",,"1","9","0","1",,"2","034","-","Y","YOL",3,16,"-","-",32.355,"I","5","W","Y",2,"A","-",0,,"N","A","H","-","A","A","0","Y","A","01",0,1,0,0,0,0,0,0,0,"-","TO","UNINCORPORATED","YOLO","CA",-121.94939,38.67915
"6421965",-121.6811314,38.5559187,2014,"5700","1","5","4","03",0,2,"A",,,,,,1800,3,"C","C","A","RT 80","MACE BL",3696,"E","N","2015-11-10",9280,"2014-03-21",1620,"015492",,"2","9","0","1",,"2","010","-","Y","YOL",3,80,"-","-",3.38,"H","-","E","N",3,"A","-",22350,,"N","A","H","-","A","D","1","Y","-","-",0,0,2,0,0,0,0,0,0,"-","-","UNINCORPORATED","YOLO","CA",-121.67648,38.55697
"6419039",-122.0364689,38.7050887,2014,"5700","3","4","3","08",0,1,"A",,,"Y",,,2400,3,"E","I","A","RT 16","COUNTY ROAD 85B",40,"E","N","2016-02-22",9280,"2014-03-13",2150,"14853",,"2","9","0","1",,"2","034","-","Y","YOL",3,16,"-","-",26.35,"H","-","E","Y",1,"A","-",22107,,"N","A","H","-","C","D","0","Y","C","02",0,1,0,0,0,0,0,0,1,"-","-","UNINCORPORATED","YOLO","CA",-122.03594,38.70478
"6419035",-121.9782518,38.6833378,2014,"5700","3","5","3","03",0,1,"A",,,,,,2100,3,"C","C","A","RT 16","TUTT ST",1570,"W","N","2016-02-22",9280,"2014-03-14",2035,"13399",,"2","9","0","1",,"2","034","-","Y","YOL",3,16,"-","-",30.43,"H","-","E","Y",3,"A","-",22350,,"N","A","H","-","D","D","0","Y","A","01",0,1,0,0,0,0,0,0,0,"-","-","UNINCORPORATED","YOLO","CA",-121.97827,38.68349
"6419031",-121.8581721,38.6504143,2014,"5700","5","1","4","18",0,1,"A",,,,,,2100,3,"E","H","A","COUNTY ROAD 95","COUNTY ROAD 25",575,"N","N","2014-06-23",9280,"2014-03-17",2030,"17800",,"2","9","0","3",,"2","003","-","N",,0,0,,,0,,,,"Y",1,"C","-",0,,"N","A","H","-","D","D","0","Y","-","-",0,0,1,0,0,0,0,0,0,"-","-","UNINCORPORATED","YOLO","CA",-121.85815,38.65033
"6418971",-121.6509156,38.5611211,2014,"5700","1","7","2","01",0,1,"A",,,,,"Y",2400,3,"E","I","A","RT 80","MACE BL",13200,"E","N","2015-11-10",9280,"2014-03-16",2150,"15128",,"2","9","0","1",,"2","010","-","Y","YOL",3,80,"-","-",5.18,"H","-","E","Y",1,"A","-",23152,"A","N","A","H","-","D","D","1","Y","A","01",1,0,0,0,0,0,0,0,0,"-","-","UNINCORPORATED","YOLO","CA",-121.3153,38.3428
"6418967",-121.5812711,38.5735752,2014,"5704","1","3","4","03",0,1,"B",,,,,,1200,2,"C","C","A","RT 80","ENTERPRISE BL",100,"W","N","2015-11-10",9280,"2014-02-26",1135,"17629",,"1","4","0","1",,"2","010","C","Y","YOL",3,80,"-","-",9.03,"H","-","E","Y",2,"A","-",22350,,"N","B","H","-","A","D","1","Y","A","01",0,0,1,0,0,0,0,0,0,"-","-","WEST SACRAMENTO","YOLO","CA",-121.58039,38.57364
"6418963",-121.6429217,38.6734851,2014,"5700","1","6","4","08",0,3,"A",,,,,,1800,3,"E","I","A","RT 5","COUNTY ROAD 22",2640,"N","N","2015-11-14",9280,"2014-03-08",1655,"14853",,"2","9","0","1",,"2","020","-","Y","YOL",3,5,"-","-",0.86,"H","-","N","Y",1,"A","-",22107,,"N","A","H","-","A","D","1","Y","A","01",0,0,3,0,0,0,0,0,0,"-","-","UNINCORPORATED","YOLO","CA",-121.64459,38.67341
"6417759",0,0,2014,"5700","5","3","4","03",0,2,"A",,,,,,900,3,"E","I","A","COUNTY ROAD 14","COUNTY ROAD 89",528,"W","N","2014-06-25",9280,"2014-03-19",630,"013837",,"1","9","0","3",,"2","003","-","N",,0,0,,,0,,,,"Y",1,"A","-",22350,,"N","A","H","-","A","D","0","Y","D","22",0,0,2,0,0,0,0,0,0,"-","-","UNINCORPORATED","YOLO","CA",-121.97285,38.77912
"6417703",0,0,2014,"5700","5","7","3","05",0,2,"A",,,,,,1200,3,"A","C","A","COUNTY ROAD 89","COUNTY ROAD 99W",253,"E","N","2014-06-25",9280,"2014-03-23",905,"012272",,"1","9","0","3",,"2","003","-","N",,0,0,,,0,,,,"Y",2,"A","-",21650,,"N","A","H","-","A","A","0","Y","D","22",0,1,1,0,0,0,0,0,0,"-","-","UNINCORPORATED","YOLO","CA",-121.97089,38.88819
"6417695",-121.5849572,38.5729213,2014,"5704","1","4","4","08",0,1,"A",,,,,,1500,3,"B","C","A","RT 80","WEST CAPITOL AV",528,"W","N","2015-11-19",9280,"2014-03-13",1225,"013837",,"1","4","0","1",,"2","010","-","Y","YOL",3,80,"-","R",9.89,"H","-","E","N",2,"A","-",22107,,"N","A","H","-","A","D","1","Y","A","01",0,0,1,0,0,0,0,0,0,"-","-","WEST SACRAMENTO","YOLO","CA",-121.56787,38.57494
"6416921",-121.5453831,38.5793751,2014,"5704","0","7","4","09",0,1,"A",,,,,,1800,3,"D","C","A","WEST CAPITOL AV","GLIDE AV",0,,"Y","2014-06-28",5704,"2014-03-09",1507,"165",,"5","4","0","0",,"0","002","-","N",,0,0,,,0,,,,"Y",2,"A","-",21801,"A","N","A","H","-","A","D","0","Y","A","01",0,0,1,0,0,0,0,0,0,"-","-","WEST SACRAMENTO","YOLO","CA",0,0
"6416909",-121.5197311,38.5936797,2014,"5704","0","4","3","10",0,1,"A","Y",,,,,900,3,"G","B","D","CUMMINS WY","DOUGLAS ST",15,"E","N","2014-06-28",5704,"2014-03-13",746,"173","WSPD","5","4","0","0",,"0","001","-","N",,0,0,,,0,,,,"N",2,"A","-",21950,"C","F","A","H","-","A","A","0","Y","A","08",0,1,0,0,1,0,0,0,0,"-","-","WEST SACRAMENTO","YOLO","CA",0,0