"CASEID","POINT_X","POINT_Y","YEAR_","LOCATION","CHPTYPE","DAYWEEK","CRASHSEV","VIOLCAT","KILLED","INJURED","WEATHER1","PEDCOL","BICCOL","MCCOL","TRUCKCOL","ETOH","TIMECAT","MONTH_","CRASHTYP","INVOLVE","PED","PRIMARYRD","SECONDRD","DISTANCE","DIRECT","INTERSECT_","PROCDATE","JURIS","DATE_","TIME_","BADGE","JURIDIST","SHIFT","POP","SPECIAL","BEATTYPE","LAPDDIV","BEATCLAS","BEATNUMB","WEATHER2","STATEHW","CALTRANC","CALTRAND","STROUTE","ROUTESUF","POSTPRE","POSTMILE","LOCATYPE","RAMP","SIDEHW","TOWAWAY","PARTIES","PCF","VIOLCODE","VIOL","VIOLSUB","HITRUN","ROADSURF","RDCOND1","RDCOND2","LIGHTING","RIGHTWAY","CHPRDTYP","NOTPRIV","STFAULT","CHPFAULT","SEVINJ","OTHERINJ","COP","PEDKILL","PEDINJ","BICKILL","BICINJ","MCKILL","MCINJURE","RAMP1","RAMP2","CITY","COUNTY","STATE","X_CHP","Y_CHP"
"6414362",-121.5139231,38.590365,2014,"5704","0","4","4","09",0,1,"A",,,,,,900,3,"A","C","A","6TH ST","B ST",0,,"Y","2014-06-26",5704,"2014-03-06",814,"00173","WSPD","5","4","0","0",,"0","001","-","N",,0,0,,,0,,,,"Y",2,"A","-",21802,"A","N","B","H","-","A","A","0","Y","A","01",0,0,1,0,0,0,0,0,0,"-","-","WEST SACRAMENTO","YOLO","CA",0,0
"6414361",-121.5136331,38.584905,2014,"5704","0","1","3","09",0,1,"B",,,,,,1200,3,"D","C","A","5TH ST","F ST",0,,"Y","2014-06-26",5704,"2014-03-10",913,"00137","WSPD","5","4","0","0",,"0","001","-","N",,0,0,,,0,,,,"Y",2,"A","-",21802,"A","N","B","H","-","A","A","0","Y","A","01",0,1,0,0,0,0,0,0,0,"-","-","WEST SACRAMENTO","YOLO","CA",0,0
"6409048",-121.9628884,38.6811301,2014,"5700","3","6","3","03",0,2,"A",,,,,,1500,3,"C","C","A","RT 16","COUNTY ROAD 90",2640,"W","N","2016-02-22",9280,"2014-03-15",1315,"012272",,"1","9","0","1",,"2","034","-","Y","YOL",3,16,"-","-",31.36,"H","-","W","Y",2,"A","-",22350,,"N","A","H","-","A","A","0","Y","A","01",0,1,1,0,0,0,0,0,0,"-","-","UNINCORPORATED","YOLO","CA",-121.9639,38.0811
"6409047",-121.8027231,38.6341151,2014,"5700","5","4","3","03",0,1,"A",,,,,,2400,3,"C","C","A","COUNTY ROAD 98","HARLAN LN",0,,"Y","2014-06-25",9280,"2014-03-13",2105,"016144",,"2","9","0","3",,"2","002","-","N",,0,0,,,0,,,,"Y",2,"A","-",22350,,"N","A","H","-","D","D","0","Y","A","08",0,1,0,0,0,0,0,0,0,"-","-","UNINCORPORATED","YOLO","CA",-121.80279,38.63417
"6409046",-121.5193884,38.5745256,2014,"5704","2","1","4","03",0,1,"B",,,,,,900,3,"E","I","A","RT 50","JEFFERSON BL",1056,"E","N","2015-11-14",9280,"2014-03-10",637,"015485",,"1","4","0","1",,"2","011","C","Y","YOL",3,50,"-","-",2.76,"H","-","W","Y",1,"A","-",22350,,"N","B","H","-","D","D","1","Y","A","01",0,0,1,0,0,0,0,0,0,"-","-","WEST SACRAMENTO","YOLO","CA",-121.52092,38.57586
"6409045",-121.5173807,38.3859074,2014,"5700","5","7","3","01",0,1,"A",,,,,"Y",600,3,"F","I","A","SOUTH RIVER RD","COUNTY ROAD 142",5280,"N","N","2014-06-25",9280,"2014-03-16",310,"016351",,"3","9","0","3",,"2","001","-","N",,0,0,,,0,,,,"Y",1,"A","-",23152,"A","N","A","H","-","D","D","0","Y","A","01",0,1,0,0,0,0,0,0,0,"-","-","UNINCORPORATED","YOLO","CA",-121.5178,38.38543
"6409044",-121.5184572,38.5733391,2014,"5704","2","2","4","03",0,1,"A",,,,,,900,3,"C","C","A","RT 50","SOUTH RIVER RD",100,"E","N","2015-11-14",9280,"2014-03-18",800,"012272",,"1","4","0","1",,"2","011","-","Y","YOL",3,50,"-","-",2.9,"H","-","E","Y",2,"A","-",22350,,"N","A","H","-","A","A","1","Y","A","01",0,0,1,0,0,0,0,0,0,"-","-","WEST SACRAMENTO","YOLO","CA",-121.51961,38.57431
"6408426",-121.674498,38.5573538,2014,"5700","1","6","4","03",0,2,"A",,,,,,1800,3,"C","C","A","RT 80","MACE BL",5808,"E","N","2015-11-10",9280,"2014-03-15",1520,"17800",,"2","9","0","1",,"2","010","-","Y","YOL",3,80,"-","-",3.78,"H","-","E","Y",3,"A","-",22350,,"N","A","H","-","A","D","1","Y","D","22",0,0,2,0,0,0,0,0,0,"-","-","UNINCORPORATED","YOLO","CA",-121.6753,38.55707
"6406951",-121.7731632,38.677475,2014,"5703","0","5","3","10",0,1,"A","Y",,,,,1200,1,"G","B","B","1ST ST","MAIN ST",0,,"Y","2014-06-11",5703,"2014-01-31",1024,"2863","12","5","4","0","0",,"0","001","-","N",,0,0,,,0,,,,"N",2,"A","-",21950,"A","N","A","H","-","A","A","0","Y","A","01",0,1,0,0,1,0,0,0,0,"-","-","WOODLAND","YOLO","CA",0,0
"6404589",-121.79124,38.6758198,2014,"5703","0","1","4","01",0,1,"A",,,,,"Y",600,2,"D","E","A","WEST LINCOLN AV","COMMUNITY LN",158,"E","N","2014-06-06",5703,"2014-02-17",339,"2859","52","5","4","0","0",,"0","003","-","N",,0,0,,,0,,,,"Y",3,"A","-",23152,"A","N","A","H","-","C","D","0","Y","A","01",0,0,1,0,0,0,0,0,0,"-","-","WOODLAND","YOLO","CA",0,0
"6402412",-121.5546993,38.5751187,2014,"5704","2","1","4","03",0,1,"A",,,,,,2100,2,"C","C","A","RT 50","HARBOR BL",1056,"W","N","2016-02-03",9280,"2014-02-17",1826,"016929",,"2","4","0","1",,"2","011","-","Y","YOL",3,50,"-","-",1,"H","-","W","Y",4,"A","-",22350,,"N","A","H","-","D","D","1","Y","A","01",0,0,1,0,0,0,0,0,0,"-","-","WEST SACRAMENTO","YOLO","CA",-121.5532,38.57504
"6401981",-121.8029036,38.6196086,2014,"5700","5","4","4","09",0,1,"A",,,,,,1500,3,"D","D","A","CO RD 98","CO RD 27",6,"S","N","2014-06-23",9280,"2014-03-06",1440,"015168",,"2","9","0","3",,"2","002","-","N",,0,0,,,0,,,,"Y",2,"A","-",21802,"A","N","A","H","-","A","A","0","Y","A","01",0,0,1,0,0,0,0,0,0,"-","-","UNINCORPORATED","YOLO","CA",-121.80289,38.61961
"6401851",-121.7396132,38.546225,2014,"5701","0","5","4","10",0,1,"C","Y",,,,,2100,2,"G","B","B","G ST","4TH ST",0,,"Y","2014-06-24",5701,"2014-02-07",1918,"112","4","5","5","0","0",,"0","002","-","N",,0,0,,,0,,,,"N",2,"A","-",21950,"A","N","B","H","-","C","A","0","Y","D","22",0,0,1,0,1,0,0,0,0,"-","-","DAVIS","YOLO","CA",-121.73975,38.54624
"6401641",0,0,2014,"5700","5","6","3","08",0,1,"A",,,,,,2100,1,"E","I","A","COUNTY ROAD 93A","COUNTY ROAD 31",528,"S","N","2014-06-09",9280,"2014-01-18",1834,"015128",,"2","9","0","3",,"2","003","-","N",,0,0,,,0,,,,"Y",1,"A","-",22107,,"N","A","H","-","D","D","0","Y","A","01",0,1,0,0,0,0,0,0,0,"-","-","UNINCORPORATED","YOLO","CA",-121.54,38.3335
"6401406",-121.9708332,38.663885,2014,"5700","1","3","4","03",0,1,"C",,,,,,2400,2,"E","I","A","COUNTY ROAD 23","COUNTY ROAD 89",0,,"Y","2015-08-12",9280,"2014-02-05",2100,"17351",,"2","9","0","1",,"2","030","-","N",,0,0,,,0,,,,"Y",1,"A","-",22350,,"N","B","H","-","D","D","0","Y","A","01",0,0,1,0,0,0,0,0,0,"-","-","UNINCORPORATED","YOLO","CA",-121.97108,38.66387
"6401209",-121.9556932,38.8633551,2014,"5700","3","5","3","08",0,1,"A",,,,,,2100,1,"F","I","A","RT 5","COUNTY RD 8",528,"N","N","2016-06-07",9280,"2014-01-31",1950,"017351",,"2","9","0","1",,"2","034","-","Y","YOL",3,5,"-","R",23.939,"R","2","N","Y",1,"A","-",22107,,"N","A","H","-","C","D","1","Y","A","07",0,1,0,0,0,0,0,0,0,"FR","-","UNINCORPORATED","YOLO","CA",-121.95395,38.86245
"6398127",-121.7421232,38.5471649,2014,"5701","0","5","3","09",0,2,"B",,,,,,2100,2,"D","C","A","E ST","5TH ST",0,,"Y","2014-06-25",5701,"2014-02-28",1818,"112","4","5","5","0","0",,"0","002","C","N",,0,0,,,0,,,,"Y",2,"A","-",21802,"A","N","B","H","-","C","A","0","Y","A","01",0,1,1,0,0,0,0,0,0,"-","-","DAVIS","YOLO","CA",-121.74239,38.54705
"6396990",-121.7159931,38.5527151,2014,"5701","0","4","4","09",0,1,"B",,,,,,2400,1,"D","C","A","SAN RAFAEL ST","5TH ST",0,,"Y","2014-06-07",5701,"2014-01-30",2200,"103","7","5","5","0","0",,"0","003","C","N",,0,0,,,0,,,,"N",2,"A","-",21801,"A","N","B","H","-","C","A","0","Y","A","01",0,0,1,0,0,0,0,0,0,"-","-","DAVIS","YOLO","CA",0,0
"6395725",-122.0166661,38.6929214,2014,"5700","3","7","3","21",0,2,"A",,,"Y",,,1200,2,"D","E","A","RT 16","GRAFTON ST",75,"E","N","2016-02-22",9280,"2014-02-23",1045,"12870",,"1","9","0","1",,"2","034","-","Y","YOL",3,16,"-","-",28.01,"H","-","W","N",2,"A","-",22106,,"N","A","H","-","A","D","0","Y","C","02",0,1,1,0,0,0,0,0,2,"-","-","UNINCORPORATED","YOLO","CA",-122.16628,38.6932
"6393712",-121.774973,38.7774216,2014,"5700","3","2","3","08",0,1,"B",,,,,,1200,2,"E","I","A","RT 113","COUNTY ROAD 14",528,"S","N","2016-02-22",9280,"2014-02-11",1100,"17375",,"1","9","0","1",,"2","023","-","Y","YOL",3,113,"-","-",17.59,"H","-","N","N",1,"A","-",22107,,"N","A","H","-","A","D","0","Y","A","01",0,1,0,0,0,0,0,0,0,"-","-","UNINCORPORATED","YOLO","CA",-121.77496,38.77611
"6393633",-121.5813617,38.5737486,2014,"5704","1","1","4","03",0,1,"A",,,,,,1200,2,"C","C","A","RT 80","ENTERPRISE BL",600,"W","N","2015-11-10",9280,"2014-02-17",1159,"017375",,"1","4","0","1",,"2","010","-","Y","YOL",3,80,"-","-",9.07,"H","-","W","N",2,"A","-",22350,,"N","A","H","-","A","D","1","Y","A","01",0,0,1,0,0,0,0,0,0,"-","-","WEST SACRAMENTO","YOLO","CA",-121.57908,38.57428
"6393427",-121.7588731,38.546235,2014,"5701","0","5","4","12",0,1,"A",,"Y",,,,2100,1,"H","G","A","RUSSELL BL","ANDERSON RD",0,,"Y","2014-06-05",5701,"2014-01-31",1810,"108","2","5","5","0","0",,"0","001","-","N",,0,0,,,0,,,,"N",2,"A","-",21453,"A","N","A","H","-","C","A","0","Y","L","04",0,0,1,0,0,0,1,0,0,"-","-","DAVIS","YOLO","CA",-121.75907,38.54701
"6389594",-121.7469642,38.5607992,2014,"5701","0","1","4","09",0,1,"A",,,"Y",,,2100,2,"D","C","A","WEST COVELL BL","F ST",615,"W","N","2014-06-18",5701,"2014-02-10",1821,"45","3","5","5","0","0",,"0","001","-","N",,0,0,,,0,,,,"N",2,"A","-",21801,"A","N","A","H","-","C","A","0","Y","A","01",0,0,1,0,0,0,0,0,1,"-","-","DAVIS","YOLO","CA",0,0
"6388825",-121.7421232,38.5471649,2014,"5701","0","2","4","09",0,1,"A",,,"Y",,,1500,1,"D","C","A","5TH ST","E ST",0,,"Y","2014-06-05",5701,"2014-01-07",1443,"89","4","5","5","0","0",,"0","002","-","N",,0,0,,,0,,,,"N",2,"A","-",21802,"A","N","A","H","-","A","A","0","Y","D","22",0,0,1,0,0,0,0,0,1,"-","-","DAVIS","YOLO","CA",0,0
"6387231",0,0,2014,"5700","5","4","4","03",0,1,"C",,,,,,2400,1,"E","I","A","COUNTY ROAD 32B","MACE BL",13200,"E","N","2014-06-03",9280,"2014-01-30",2140,"17874",,"2","9","0","3",,"2","001","-","N",,0,0,,,0,,,,"Y",1,"A","-",22350,,"N","B","H","-","D","-","0","Y","A","01",0,0,1,0,0,0,0,0,0,"-","-","UNINCORPORATED","YOLO","CA",-121.3842,38.3342
"6387205",-121.7203921,38.7955027,2014,"5700","5","5","3","01",0,1,"A",,,"Y",,"Y",1800,1,"F","A","A","COUNTY ROAD 116","RAILROAD ST",165,"W","N","2014-06-03",9280,"2014-01-17",1550,"015492",,"2","9","0","3",,"2","002","-","N",,0,0,,,0,,,,"N",1,"A","-",23152,"A","N","A","H","-","A","D","0","Y","C","02",0,1,0,0,0,0,0,0,1,"-","-","UNINCORPORATED","YOLO","CA",0,0
"6387203",-122.1411186,38.7272834,2014,"5700","5","2","3","01",0,1,"A",,,,,"Y",1800,1,"F","J","A","RT 16","COUNTY ROAD 78A",2050,"W","N","2016-02-22",9280,"2014-01-28",1541,"17883",,"2","9","0","3",,"2","003","-","Y","YOL",3,16,"-","-",19.78,"H","-","E","Y",1,"A","-",23152,"A","N","A","H","-","A","D","0","Y","A","07",0,1,0,0,0,0,0,0,0,"-","-","UNINCORPORATED","YOLO","CA",-122.14097,38.72679
"6387201",-121.7914609,38.7423406,2014,"5700","5","2","4","08",0,1,"A",,,,,"Y",2100,1,"E","I","A","COUNTY ROAD 16A","COUNTY ROAD 98A",1584,"E","N","2014-06-03",9280,"2014-01-28",1930,"015128",,"2","9","0","3",,"2","002","-","N",,0,0,,,0,,,,"N",1,"A","-",22107,,"N","B","H","-","D","D","0","Y","A","01",0,0,1,0,0,0,0,0,0,"-","-","UNINCORPORATED","YOLO","CA",-121.4755,38.4439
"6386838",-121.7778042,38.6919447,2014,"5703","0","3","4","-",0,1,"A",,,,,,1500,1,"C","C","A","KENTUCKY AV","WALNUT ST",14,"E","N","2014-06-06",5703,"2014-01-29",1242,"827","44","5","4","0","0",,"0","002","-","N",,0,0,,,0,,,,"Y",3,"A","-",0,,"N","A","H","-","A","A","0","Y","A","08",0,0,1,0,0,0,0,0,0,"-","-","WOODLAND","YOLO","CA",0,0
"6384877",-121.6506139,38.5613825,2014,"5700","1","3","3","08",0,1,"C",,,,,,2100,2,"E","I","A","RT 80","WEBSTER",3168,"W","N","2015-11-10",9280,"2014-02-26",1920,"15492",,"2","9","0","1",,"2","010","-","Y","YOL",3,80,"-","-",5.18,"H","-","W","Y",1,"A","-",22107,,"N","B","H","-","D","D","1","Y","D","22",0,1,0,0,0,0,0,0,0,"-","-","UNINCORPORATED","YOLO","CA",-121.65726,38.56135
"6384873",-121.6367332,38.6731911,2014,"5700","1","5","3","08",0,1,"A",,,,,,1800,2,"F","J","A","RT 5","SACRAMENTO CO LINE",3168,"N","N","2015-11-14",9280,"2014-02-21",1541,"13837",,"2","9","0","1",,"2","020","-","Y","YOL",3,5,"-","-",0.6,"H","-","S","Y",1,"A","-",22107,,"N","A","H","-","A","D","1","Y","D","22",0,1,0,0,0,0,0,0,0,"-","-","UNINCORPORATED","YOLO","CA",-121.63762,38.67313
"6384665",-121.5683924,38.5757056,2014,"5704","1","1","4","03",0,2,"A",,,,,,1500,2,"C","C","A","RT 80","WEST CAPITOL AV",300,"E","N","2015-11-10",9280,"2014-02-17",1445,"15128",,"2","4","0","1",,"2","010","-","Y","YOL",3,80,"-","R",10.25,"H","-","W","Y",2,"A","-",22350,,"N","A","H","-","A","D","1","Y","A","01",0,0,2,0,0,0,0,0,0,"-","-","WEST SACRAMENTO","YOLO","CA",-121.3957,38.2844
"6382147",-121.7588731,38.546235,2014,"5701","0","7","4","09",0,1,"C",,,,,,2500,2,"A","C","A","RUSSELL","ANDERSON",0,,"Y","2014-06-18",5701,"2014-02-02",2500,"36","2","5","5","0","0",,"0","001","-","N",,0,0,,,0,,,,"N",2,"A","-",21453,"C","N","B","H","-","A","A","0","Y","A","07",0,0,1,0,0,0,0,0,0,"-","-","DAVIS","YOLO","CA",-121.75842,38.54634
"6381432",-121.7433631,38.556995,2014,"5701","0","5","3","18",0,1,"A",,,,,,1200,1,"A","C","A","F ST","14TH ST",0,,"Y","2014-06-09",5701,"2014-01-17",1017,"92","4","5","5","0","0",,"0","002","-","N",,0,0,,,0,,,,"Y",2,"C","-",0,,"N","A","H","-","A","A","0","Y","-","-",0,1,0,0,0,0,0,0,0,"-","-","DAVIS","YOLO","CA",0,0
"6377558",-121.7165889,38.5487306,2014,"5701","0","2","4","03",0,2,"A",,,,,,1500,2,"C","C","A","2ND ST","PENA",300,"W","N","2014-06-16",5701,"2014-02-18",1213,"89","7","5","5","0","0",,"0","003","-","N",,0,0,,,0,,,,"Y",2,"A","-",22350,,"N","A","H","-","A","D","0","Y","A","01",0,0,2,0,0,0,0,0,0,"-","-","DAVIS","YOLO","CA",-121.71669,38.54877
"6377554",-121.7420732,38.551375,2014,"5701","0","1","4","09",0,1,"A",,"Y",,,,1800,2,"H","G","A","8TH ST","F ST",0,,"Y","2014-06-16",5701,"2014-02-17",1645,"89","4","5","5","0","0",,"0","002","-","N",,0,0,,,0,,,,"N",2,"A","-",21801,"A","N","A","H","-","A","A","0","Y","A","01",0,0,1,0,0,0,1,0,0,"-","-","DAVIS","YOLO","CA",-121.73117,38.54699
"6377546",-121.7585349,38.5601473,2014,"5701","0","7","3","09",0,1,"C",,"Y",,,,1500,2,"H","G","A","ANDERSON RD","WEST COVELL BL",273,"S","N","2014-06-16",5701,"2014-02-09",1400,"45","2","5","5","0","0",,"0","001","-","N",,0,0,,,0,,,,"N",2,"A","-",21804,"A","N","B","H","-","A","A","0","Y","A","01",0,1,0,0,0,0,1,0,0,"-","-","DAVIS","YOLO","CA",0,0
"6377542",-121.6950831,38.5239551,2014,"5701","0","1","4","12",0,1,"A",,,,,,900,2,"D","C","A","COWELL BL","MACE BL",0,,"Y","2014-06-16",5701,"2014-02-24",843,"89","9","5","5","0","0",,"0","004","-","N",,0,0,,,0,,,,"Y",2,"A","-",21453,"A","N","A","H","-","A","A","0","Y","A","01",0,0,1,0,0,0,0,0,0,"-","-","DAVIS","YOLO","CA",-121.69935,38.55138
"6377538",-121.7528132,38.546325,2014,"5701","0","7","4","03",0,1,"A",,,,,,1800,2,"C","C","A","RUSSELL BL","OAK AV",0,,"Y","2014-06-16",5701,"2014-02-23",1659,"98","3","5","5","0","0",,"0","001","-","N",,0,0,,,0,,,,"N",2,"A","-",22350,,"N","A","H","-","A","A","0","Y","A","01",0,0,1,0,0,0,0,0,0,"-","-","DAVIS","YOLO","CA",0,0
"6377534",-121.7362231,38.546825,2014,"5701","0","2","3","12",0,2,"A",,,,,,1500,2,"D","C","A","J ST","4TH ST",0,,"Y","2014-06-16",5701,"2014-02-04",1452,"91","5","5","5","0","0",,"0","002","-","N",,0,0,,,0,,,,"N",2,"A","-",22450,"A","N","A","H","-","A","A","0","Y","A","01",0,1,1,0,0,0,0,0,0,"-","-","DAVIS","YOLO","CA",-121.73684,38.54662
"6377526",-121.7528132,38.546325,2014,"5701","0","6","3","12",0,1,"C",,"Y",,,,2400,2,"H","G","A","RUSSELL BL","OAK AV",0,,"Y","2014-06-16",5701,"2014-02-08",2138,"112","4","5","5","0","0",,"0","002","-","N",,0,0,,,0,,,,"N",2,"A","-",21453,"A","N","B","H","-","C","A","0","Y","A","01",0,1,0,0,0,0,1,0,0,"-","-","DAVIS","YOLO","CA",0,0
"6377522",-121.7474132,38.544945,2014,"5701","0","4","3","01",0,1,"A",,"Y",,,"Y",2400,2,"-","-","A","A ST","4TH ST",0,,"Y","2014-06-16",5701,"2014-02-13",2148,"83","4","5","5","0","0",,"0","002","-","N",,0,0,,,0,,,,"N",1,"A","-",21200,"5","N","-","-","-","A","-","0","Y","L","04",0,1,0,0,0,0,1,0,0,"-","-","DAVIS","YOLO","CA",0,0
"6376716",-121.7311632,38.562435,2014,"5701","0","6","4","03",0,2,"A",,,,,,1500,2,"C","C","A","EAST COVELL BL","POLE LINE RD",0,,"Y","2014-06-19",5701,"2014-02-01",1401,"36","6","5","5","0","0",,"0","003","-","N",,0,0,,,0,,,,"N",2,"A","-",22350,,"N","A","H","-","A","A","0","Y","A","01",0,0,2,0,0,0,0,0,0,"-","-","DAVIS","YOLO","CA",0,0
"6376562",-121.5272203,38.5896031,2014,"5704","0","3","4","01",0,3,"A",,,,,"Y",1800,1,"C","C","A","SACRAMENTO AV","JEFFERSON BL",112,"W","N","2014-06-04",5704,"2014-01-22",1528,"00165",,"5","4","0","0",,"0","001","-","N",,0,0,,,0,,,,"Y",4,"A","-",23153,"B","N","A","H","-","A","A","0","Y","A","01",0,0,3,0,0,0,0,0,0,"-","-","WEST SACRAMENTO","YOLO","CA",0,0
"6376490",-121.5248031,38.576185,2014,"5704","0","1","4","04",0,1,"A",,,,,,1800,2,"C","C","A","JEFFERSON BL","PARK BL",0,,"Y","2014-07-09",5704,"2014-02-03",1625,"00165",,"5","4","0","0",,"0","002","-","N",,0,0,,,0,,,,"N",2,"A","-",21703,,"N","A","H","-","A","A","0","Y","A","01",0,0,1,0,0,0,0,0,0,"-","-","WEST SACRAMENTO","YOLO","CA",0,0
"6374120",-121.6489418,38.5616727,2014,"5700","1","5","3","07",0,1,"A",,,,,,900,1,"B","C","A","RT 80","WEBSTER",2640,"W","N","2016-02-26",9280,"2014-01-24",610,"15168",,"1","9","0","1",,"2","010","-","Y","YOL",3,80,"-","-",5.28,"H","-","W","Y",2,"A","-",21658,"A","N","A","H","-","B","D","1","Y","A","01",0,1,0,0,0,0,0,0,0,"-","-","UNINCORPORATED","YOLO","CA",-121.64612,38.56253
"6374119",-121.5205043,38.5752123,2014,"5704","2","2","4","03",0,1,"A",,,,"Y",,1800,2,"C","C","A","RT 50","JEFFERSON BL",528,"E","N","2015-11-14",9280,"2014-02-11",1708,"015128",,"2","4","0","1",,"2","011","-","Y","YOL",3,50,"-","-",2.71,"H","-","E","Y",3,"A","-",22350,,"N","A","H","-","A","D","1","Y","F","26",0,0,1,0,0,0,0,0,0,"-","-","WEST SACRAMENTO","YOLO","CA",-121.2539,38.3024
"6372507",-122.1418406,38.728939,2014,"5700","3","3","4","09",0,1,"A",,,,,,300,2,"D","C","A","RT 16","COUNTY ROAD 78A",3696,"W","N","2016-02-22",9280,"2014-02-05",105,"016351",,"3","9","0","1",,"2","034","-","Y","YOL",3,16,"-","-",19.66,"I","5","W","Y",2,"A","-",21801,"A","N","A","H","-","C","D","0","Y","A","01",0,0,1,0,0,0,0,0,0,"-","-","UNINCORPORATED","YOLO","CA",-122.14239,35.73037
"6372504",-121.6556495,38.5605741,2014,"5700","1","1","4","01",0,1,"A",,,,,"Y",1800,1,"B","I","A","RT 80","WEBSTER",4752,"W","N","2015-11-10",9280,"2014-01-20",1730,"015128",,"2","9","0","1",,"2","010","-","Y","YOL",3,80,"-","-",4.88,"H","-","W","Y",3,"A","-",23152,"A","N","A","H","-","B","D","1","Y","A","01",0,0,1,0,0,0,0,0,0,"-","-","UNINCORPORATED","YOLO","CA",-121.65851,38.56032
"6372503",-121.8804517,38.7360995,2014,"5700","5","5","2","01",0,3,"A",,,,,"Y",2400,1,"F","I","A","COUNTY ROAD 17","COUNTY ROAD 95A",8976,"W","N","2014-06-03",9280,"2014-01-31",2330,"017874",,"3","9","0","3",,"2","003","-","N",,0,0,,,0,,,,"Y",1,"A","-",23152,"A","N","A","H","-","D","D","0","Y","D","22",3,0,0,0,0,0,0,0,0,"-","-","UNINCORPORATED","YOLO","CA",-121.88335,38.73615
"6371642",-121.526183,38.5793151,2014,"5704","0","2","3","09",0,1,"A",,"Y",,,,1800,1,"D","G","A","JEFFERSON BL","MERKLEY AV",0,,"Y","2014-06-03",5704,"2014-01-14",1520,"00165",,"5","4","0","0",,"0","002","-","N",,0,0,,,0,,,,"N",2,"A","-",21801,"A","N","A","H","-","A","A","0","Y","A","01",0,1,0,0,0,0,1,0,0,"-","-","WEST SACRAMENTO","YOLO","CA",0,0
"6363962",-121.7755696,38.7520637,2014,"5700","5","1","4","01",0,1,"A",,,,,,1800,2,"E","I","A","RT 113","COUNTY ROAD 16",875,"N","N","2016-02-22",9280,"2014-02-03",1652,"017883",,"2","9","0","3",,"2","002","-","Y","YOL",3,113,"-","-",15.84,"H","-","N","Y",1,"A","-",23152,"E","N","A","H","-","A","D","0","Y","D","22",0,0,1,0,0,0,0,0,0,"-","-","UNINCORPORATED","YOLO","CA",-121.77558,38.75299
"6363935",-121.7665909,38.6149938,2014,"5700","3","3","4","03",0,2,"B",,,,"Y",,1800,1,"C","C","A","RT 113","COUNTY ROAD 27",1056,"S","N","2016-02-22",9280,"2014-01-29",1643,"16144",,"2","9","0","1",,"2","022","-","Y","YOL",3,113,"-","R",5.91,"H","-","N","Y",2,"A","-",22350,,"N","A","H","-","A","D","1","Y","A","01",0,0,2,0,0,0,0,0,0,"-","-","UNINCORPORATED","YOLO","CA",-121.76667,38.61555
"6363927",-121.8143498,38.5469633,2014,"5700","5","4","3","08",0,1,"B",,,,,,900,1,"F","I","A","RUSSELL BL","COUNTY ROAD 97D",528,"W","N","2014-06-12",9280,"2014-01-30",726,"16632",,"1","9","0","3",,"2","002","-","N",,0,0,,,0,,,,"Y",1,"A","-",22107,,"N","B","H","-","A","D","0","Y","D","22",0,1,0,0,0,0,0,0,0,"-","-","UNINCORPORATED","YOLO","CA",-121.81684,38.54692
"6363528",-121.7162232,38.677075,2014,"5703","0","5","4","03",0,1,"A",,,,"Y",,300,1,"C","C","A","EAST MAIN ST","HANSON WY",0,,"Y","2014-06-27",5703,"2014-01-17",40,"2838","111","5","4","0","0",,"0","004","-","N",,0,0,,,0,,,,"Y",3,"A","-",22350,,"N","A","H","-","C","D","0","Y","-","-",0,0,1,0,0,0,0,0,0,"-","-","WOODLAND","YOLO","CA",0,0
"6358675",-122.1416596,38.7285251,2014,"5700","3","5","4","03",0,1,"A",,,,,,1200,1,"C","C","A","RT 16","COUNTY ROAD 78A",3696,"W","N","2016-02-22",9280,"2014-01-24",1145,"16632",,"1","9","0","1",,"2","034","-","Y","YOL",3,16,"-","-",19.69,"H","-","W","N",2,"A","-",22350,,"N","A","H","-","A","D","0","Y","A","01",0,0,1,0,0,0,0,0,0,"-","-","UNINCORPORATED","YOLO","CA",-122.14232,38.72982
"6358366",-122.098162,38.7035152,2014,"5700","3","2","4","08",0,1,"A",,,,,,1500,1,"E","I","A","RT 16","COUNTY ROAD 82B",3168,"W","N","2016-02-22",9280,"2014-01-14",1422,"015128",,"2","9","0","1",,"2","034","-","Y","YOL",3,16,"-","-",22.92,"H","-","W","Y",1,"A","-",22107,,"N","A","H","-","A","D","0","Y","A","01",0,0,1,0,0,0,0,0,0,"-","-","UNINCORPORATED","YOLO","CA",-122.09877,38.70353
"6358354",-121.8389591,38.5471858,2014,"5700","3","5","4","03",0,1,"A",,"Y",,,,1200,1,"C","C","A","RUSSELL BL","COUNTY ROAD 96",400,"E","N","2015-01-21",9280,"2014-01-24",1135,"017772",,"1","9","0","1",,"2","022","-","N",,0,0,,,0,,,,"N",2,"A","-",22350,,"N","A","H","-","A","D","0","Y","L","04",0,0,1,0,0,0,1,0,0,"-","-","UNINCORPORATED","YOLO","CA",-121.83866,38.54718