"CASEID","POINT_X","POINT_Y","YEAR_","LOCATION","CHPTYPE","DAYWEEK","CRASHSEV","VIOLCAT","KILLED","INJURED","WEATHER1","PEDCOL","BICCOL","MCCOL","TRUCKCOL","ETOH","TIMECAT","MONTH_","CRASHTYP","INVOLVE","PED","PRIMARYRD","SECONDRD","DISTANCE","DIRECT","INTERSECT_","PROCDATE","JURIS","DATE_","TIME_","BADGE","JURIDIST","SHIFT","POP","SPECIAL","BEATTYPE","LAPDDIV","BEATCLAS","BEATNUMB","WEATHER2","STATEHW","CALTRANC","CALTRAND","STROUTE","ROUTESUF","POSTPRE","POSTMILE","LOCATYPE","RAMP","SIDEHW","TOWAWAY","PARTIES","PCF","VIOLCODE","VIOL","VIOLSUB","HITRUN","ROADSURF","RDCOND1","RDCOND2","LIGHTING","RIGHTWAY","CHPRDTYP","NOTPRIV","STFAULT","CHPFAULT","SEVINJ","OTHERINJ","COP","PEDKILL","PEDINJ","BICKILL","BICINJ","MCKILL","MCINJURE","RAMP1","RAMP2","CITY","COUNTY","STATE","X_CHP","Y_CHP"
"6357117",-121.7382016,38.5405842,2014,"5701","0","6","4","03",0,1,"A",,,,,,1500,1,"C","C","A","RICHARDS BL","OLIVE DR",150,"S","N","2015-08-12",5701,"2014-01-18",1241,"92","8","5","5","0","0",,"0","004","-","N",,0,0,,,0,,,,"N",2,"A","-",22350,,"N","A","H","-","A","A","0","Y","A","01",0,0,1,0,0,0,0,0,0,"-","-","DAVIS","YOLO","CA",-121.73787,38.54077
"6356558",-121.7365531,38.5391551,2014,"5701","0","5","4","03",0,3,"A",,,,,,2100,1,"C","C","A","RICHARDS BL","RT 80",45,"W","N","2015-11-10",5701,"2014-01-10",1825,"108","8","5","5","0","0",,"0","004","-","Y","YOL",3,80,"-","-",0.227,"R","4","E","N",3,"A","-",22350,,"N","A","H","-","C","A","0","Y","A","01",0,0,3,0,0,0,0,0,0,"-","EF","DAVIS","YOLO","CA",0,0
"6356438",-121.788899,38.6788979,2014,"5703","0","6","4","08",0,3,"A",,,,,,1500,1,"-","C","A","W COURT ST","CALIFORNIA ST",73,"W","N","2014-06-06",5703,"2014-01-18",1326,"2850","62","5","4","0","0",,"0","002","-","N",,0,0,,,0,,,,"Y",2,"A","-",22107,,"N","A","H","-","A","A","0","Y","A","01",0,0,3,0,0,0,0,0,0,"-","-","WOODLAND","YOLO","CA",0,0
"6356435",-121.7769431,38.684725,2014,"5703","0","1","4","03",0,1,"A",,,,,,1800,1,"C","C","A","BEAMER ST","LOCUST ST",0,,"Y","2014-06-10",5703,"2014-01-20",1548,"2847","44","5","4","0","0",,"0","002","-","N",,0,0,,,0,,,,"N",2,"A","-",22350,,"N","A","H","-","A","D","0","Y","-",,0,0,1,0,0,0,0,0,0,"-","-","WOODLAND","YOLO","CA",0,0
"6351475",-121.7609281,38.5388252,2014,"5701","0","7","4","02",0,1,"A",,,,,,1500,1,"C","D","A","LARUE RD","HUTCHISON DR",91,"S","N","2015-01-20",5701,"2014-01-12",1340,"1060","UCD","5","5","0","0",,"0",,"-","N",,0,0,,,0,,,,"N",2,"A","-",22400,"A","N","A","H","-","A","D","0","Y","-",,0,0,1,0,0,0,0,0,0,"-","-","DAVIS","YOLO","CA",0,0
"6345150",-121.6293427,38.6734668,2014,"5700","1","3","3","08",0,1,"A",,,,,,300,1,"C","C","A","RT 5","YOLO COUNTY LINE",1056,"N","N","2015-11-14",9280,"2014-01-01",225,"013399",,"3","9","0","1",,"2","020","-","Y","YOL",3,5,"-","-",0.2,"H","-","N","N",2,"A","-",22107,,"M","A","H","-","D","D","1","Y","A","07",0,1,0,0,0,0,0,0,0,"-","-","UNINCORPORATED","YOLO","CA",-121.62957,38.67347
"6345146",-121.8588132,38.561535,2014,"5700","5","7","4","12",0,3,"A",,,,,,2100,1,"D","C","A","COUNTY ROAD 95","COUNTY ROAD 31",0,,"Y","2015-08-12",9280,"2014-01-05",1905,"017883",,"2","9","0","3",,"2","003","-","N",,0,0,,,0,,,,"Y",2,"A","-",22450,"A","N","A","H","-","D","D","0","Y","A","01",0,0,3,0,0,0,0,0,0,"-","-","UNINCORPORATED","YOLO","CA",-121.85911,38.56162
"6345122",-121.8092305,38.6776923,2014,"5700","5","6","2","11",0,1,"A","Y",,,,"Y",600,1,"B","B","E","RT 16","COUNTY ROAD 97E",528,"E","N","2016-02-22",9280,"2014-01-11",409,"017874",,"3","9","0","3",,"2","002","-","Y","YOL",3,16,"-","-",40.2,"H","-","E","N",2,"A","-",21954,"A","N","A","H","-","D","D","0","Y","N","60",1,0,0,0,1,0,0,0,0,"-","-","UNINCORPORATED","YOLO","CA",-121.4831,38.404
"6345045",-121.5404323,38.5749451,2014,"5704","2","3","3","01",0,1,"A",,,,,"Y",300,1,"E","I","A","RT 50","HARBOR BL",1828,"E","N","2015-11-14",9280,"2014-01-15",140,"15353",,"3","4","0","1",,"2","011","-","Y","YOL",3,50,"-","-",1.55,"H","-","E","Y",1,"A","-",23152,"A","N","A","H","-","C","D","1","Y","A","01",0,1,0,0,0,0,0,0,0,"-","-","WEST SACRAMENTO","YOLO","CA",-121.54227,38.57495
"6344984",-121.6956979,38.5522306,2014,"5701","1","5","4","03",0,2,"A",,,,,,2100,1,"C","C","A","RT 80","MACE BL",500,"W","N","2015-11-10",9280,"2014-01-10",1800,"15492",,"2","5","0","1",,"2","010","-","Y","YOL",3,80,"-","-",2.59,"H","-","E","Y",2,"A","-",22350,,"N","A","H","-","B","D","1","Y","A","01",0,0,2,0,0,0,0,0,0,"-","-","DAVIS","YOLO","CA",-121.69548,38.5568
"6344968",-121.5174231,38.5727851,2014,"5704","2","3","4","03",0,3,"A",,,,,,1800,1,"C","C","A","RT 50","JEFFERSON BL",1056,"E","N","2015-11-14",9280,"2014-01-15",1725,"15492",,"2","4","0","1",,"2","011","-","Y","YOL",3,50,"-","-",2.918,"R","1","W","N",2,"A","-",22350,,"N","A","H","-","B","D","1","Y","A","01",0,0,3,0,0,0,0,0,0,"-","-","WEST SACRAMENTO","YOLO","CA",-121.51851,38.57425
"6344964",-121.7385852,38.7926516,2014,"5700","3","3","4","08",0,1,"A",,,,,,1800,1,"F","A","A","RT 113","COUNTY ROAD 102",3168,"S","N","2016-02-22",9280,"2014-01-15",1736,"16632",,"2","9","0","1",,"2","023","-","Y","YOL",3,113,"-","-",20.6,"H","-","N","Y",1,"A","-",22107,,"N","A","H","-","D","D","0","Y","A","07",0,0,1,0,0,0,0,0,0,"-","-","UNINCORPORATED","YOLO","CA",-121.73948,38.79262
"6344766",-121.834339,38.6778299,2014,"5700","3","3","4","03",0,3,"A",,,,,,1500,1,"C","C","A","RT 16","COUNTY ROAD 96",1584,"E","N","2015-11-10",9280,"2014-01-15",1340,"017772",,"1","9","0","1",,"1","024","-","Y","YOL",3,16,"-","-",38.84,"H","-","E","Y",2,"A","-",22350,,"N","A","H","-","A","D","0","Y","A","01",0,0,3,0,0,0,0,0,0,"-","-","UNINCORPORATED","YOLO","CA",-121.83414,38.67796
"6342508",-121.7480212,38.6264148,2014,"5700","5","7","3","01",0,1,"A",,,,,"Y",1800,1,"F","A","A","COUNTY ROAD 101","COUNTY ROAD 27",2640,"N","N","2014-06-23",9280,"2014-01-26",1626,"015128",,"2","9","0","3",,"2","002","-","N",,0,0,,,0,,,,"Y",1,"A","-",23152,"A","N","A","G","-","A","D","0","Y","D","22",0,1,0,0,0,0,0,0,0,"-","-","UNINCORPORATED","YOLO","CA",0,0
"6342504",-121.5402515,38.5749451,2014,"5704","2","3","4","18",0,1,"A",,,,"Y","Y",300,1,"D","C","A","RT 50","HARBOR BL",1905,"E","N","2015-11-14",9280,"2014-01-15",141,"015353",,"3","4","0","1",,"2","011","-","Y","YOL",3,50,"-","-",1.56,"H","-","E","Y",3,"C","-",0,,"N","A","H","-","D","D","1","Y","-","-",0,0,1,0,0,0,0,0,0,"-","-","WEST SACRAMENTO","YOLO","CA",0,0
"6342384",-121.5885512,38.5722756,2014,"5700","1","7","4","08",0,1,"B",,,,"Y",,2100,1,"B","E","A","RT 80","ENTERPRISE BL",2640,"W","N","2015-11-10",9280,"2014-01-12",1910,"014853",,"2","9","0","1",,"2","010","-","Y","YOL",3,80,"-","-",8.68,"H","-","E","Y",2,"A","-",22107,,"N","A","H","-","C","D","1","Y","F","25",0,0,1,0,0,0,0,0,0,"-","-","UNINCORPORATED","YOLO","CA",-121.5946,38.57112
"6336985",-121.5829372,38.4440226,2014,"5700","3","1","2","03",0,2,"A",,,"Y","Y",,1200,1,"C","C","A","RT 84","BABEL SLOUGH RD",1056,"S","N","2016-02-22",9280,"2014-01-13",1152,"017763",,"1","9","0","1",,"2","013","-","Y","YOL",3,84,"-","-",11.57,"H","-","S","Y",2,"A","-",22350,,"N","A","H","-","A","D","0","Y","C","02",1,0,1,0,0,0,0,0,2,"-","-","UNINCORPORATED","YOLO","CA",-121.58296,38.44433
"6336981",-121.6413032,38.6732151,2014,"5700","1","5","3","01",0,1,"A",,,,,"Y",2400,1,"F","A","A","RT 5","COUNTY ROAD 118",250,"N","N","2015-11-14",9280,"2014-01-17",2300,"15079",,"3","9","0","1",,"2","020","-","Y","YOL",3,5,"-","-",0.724,"H","-","S","Y",1,"A","-",23152,"A","M","A","H","-","D","D","1","Y","D","22",0,1,0,0,0,0,0,0,0,"TO","-","UNINCORPORATED","YOLO","CA",-121.63814,38.67276
"6336539",-121.5260972,38.5664498,2014,"5704","0","2","4","03",0,1,"A",,,,,,1800,1,"C","C","A","JEFFERSON BL","17TH ST",200,"N","N","2014-06-05",5704,"2014-01-07",1711,"108",,"5","4","0","0",,"0","002","-","N",,0,0,,,0,,,,"Y",2,"A","-",22350,,"N","A","H","-","C","D","0","Y","A","01",0,0,1,0,0,0,0,0,0,"-","-","WEST SACRAMENTO","YOLO","CA",0,0
"6334792",-121.5522237,38.5561286,2014,"5704","0","5","4","03",0,1,"A",,,,,,1200,1,"E","I","A","SOUTHPORT PKWY","RAMCO ST",3248,"N","N","2014-06-04",5704,"2014-01-17",1107,"00173","WSPD","5","4","0","0",,"0",,"-","N",,0,0,,,0,,,,"Y",1,"A","-",22350,,"N","A","H","-","A","D","0","Y","A","01",0,0,1,0,0,0,0,0,0,"-","-","WEST SACRAMENTO","YOLO","CA",0,0
"6334748",-121.800629,38.6829685,2014,"5703","0","4","3","09",0,1,"A","Y",,,,,1500,1,"G","B","D","KERN AV","DAYLIGHT ST",199,"S","N","2014-06-04",5703,"2014-01-02",1450,"2002","84","5","4","0","0",,"0","002","-","N",,0,0,,,0,,,,"N",2,"A","-",21804,"A","F","A","H","-","A","D","0","Y","N","60",0,1,0,0,0,0,0,0,0,"-","-","WOODLAND","YOLO","CA",0,0
"6334145",-121.7875257,38.6847888,2014,"5703","0","5","3","01",0,3,"A",,,,,"Y",2400,1,"C","C","A","BEAMER ST","CALIFORNIA AV",299,"E","N","2014-06-11",5703,"2014-01-10",2350,"2802","5703","5","4","0","0",,"0","002","-","N",,0,0,,,0,,,,"Y",2,"A","-",23152,"A","N","A","H","-","C","D","0","Y","A","07",0,2,1,0,0,0,0,0,0,"-","-","WOODLAND","YOLO","CA",0,0
"6330675",-121.7310975,38.5437493,2014,"5701","1","3","3","01",0,2,"A",,,,"Y","Y",600,1,"C","C","A","RT 80","RICHARDS BL",400,"W","N","2015-11-19",9280,"2014-01-01",353,"016520",,"3","5","0","1",,"2","010","-","Y","YOL",3,80,"-","-",0.51,"H","-","W","Y",2,"A","-",23152,"A","N","A","H","-","A","D","1","Y","A","01",0,1,1,0,0,0,0,0,0,"-","-","DAVIS","YOLO","CA",-121.54656,38.57497
"6328081",-121.6304899,38.5647748,2014,"5700","1","6","2","01",0,1,"A",,,,,"Y",600,1,"C","E","A","RT 80","COUNTY ROAD 32A",1584,"E","N","2015-11-10",9280,"2014-01-04",525,"015485",,"3","9","0","1",,"2","010","-","Y","YOL",3,80,"-","-",6.23,"H","-","E","Y",2,"A","-",23152,"A","N","A","H","-","D","D","1","Y","A","01",1,0,0,0,0,0,0,0,0,"-","-","UNINCORPORATED","YOLO","CA",-121.63065,38.5647
"6316244",-121.6627537,38.5593933,2014,"5700","1","5","3","08",0,1,"A",,,,,,1500,1,"E","J","A","RT 80","WEBSTER RD",5280,"W","N","2015-11-10",9280,"2014-01-03",1440,"016292",,"2","9","0","1",,"2","010","-","Y","YOL",3,80,"-","-",4.48,"H","-","E","N",1,"A","-",22107,,"N","A","H","-","A","D","1","Y","D","22",0,1,0,0,0,0,0,0,0,"-","-","UNINCORPORATED","YOLO","CA",-121.66227,38.55937
"6292122",-121.7231896,38.563051,2014,"5701","0","6","1","03",1,0,"A",,,,,,1500,2,"C","C","A","EAST COVELL BL","BAYWOOD LN",300,"E","N","2016-01-12",5701,"2014-02-01",1402,"96","7","5","5","0","0",,"0","003","-","N",,0,0,,,0,,,,"Y",2,"A","-",22350,,"N","A","H","-","A","D","0","Y","A","01",0,0,0,0,0,0,0,0,0,"-","-","DAVIS","YOLO","CA",-121.71244,38.55138
"6291950",-121.5554669,38.5731772,2014,"5704","0","3","1","05",1,0,"A",,,"Y",,,2400,12,"E","I","A","INDUSTRIAL BL","BEACON BL",300,"W","N","2015-02-06",5704,"2014-12-31",2134,"00173","WSPD","5","4","0","0",,"0","002","-","N",,0,0,,,0,,,,"Y",1,"A","-",21650,,"N","A","H","-","C","D","0","Y","C","02",0,0,0,0,0,0,0,1,0,"-","-","WEST SACRAMENTO","YOLO","CA",0,0
"6291845",-121.7847864,38.677526,2014,"5703","0","2","1","01",1,0,"A","Y",,,,"Y",2100,10,"G","B","D","W MAIN ST","WEST ST",215,"W","N","2015-01-14",5703,"2014-10-28",2029,"832","52","5","4","0","0",,"0","002","-","N",,0,0,,,0,,,,"N",2,"A","-",23152,"A","F","A","H","-","C","A","0","Y","D","22",0,0,0,1,0,0,0,0,0,"-","-","WOODLAND","YOLO","CA",0,0
"6290352",-121.5481655,38.5975118,2014,"5704","1","4","1","01",1,1,"B",,,,,"Y",300,2,"A","C","A","RT 80","SACRAMENTO CO LINE",382,"W","N","2014-04-25",9280,"2014-02-06",202,"16027",,"3","4","0","1",,"2","010","C","Y","YOL",3,80,"-","R",11.64,"H","-","E","Y",2,"A","-",23152,"A","N","B","H","-","D","D","1","Y","A","01",0,1,0,0,0,0,0,0,0,"-","-","WEST SACRAMENTO","YOLO","CA",-121.54778,38.59815
"6290265",-121.5640192,38.5756328,2014,"5704","2","2","1","11",1,1,"A","Y",,,,,900,1,"G","B","E","RT 50","RT 80",510,"W","N","2015-12-16",9280,"2014-01-07",605,"15485",,"1","4","0","1",,"2","011","-","Y","YOL",3,50,"-","-",0.26,"H","-","W","N",5,"A","-",21954,"A","N","A","H","-","D","D","1","Y","N","60",0,1,0,1,0,0,0,0,0,"-","-","WEST SACRAMENTO","YOLO","CA",-121.56586,38.57553
"6290128",-121.5604621,38.5785742,2014,"5704","0","6","1","11",1,0,"B","Y",,,"Y",,2100,2,"G","B","E","WEST CAPITOL AV","GARNET ST",650,"W","N","2014-03-13",5704,"2014-02-15",1934,"00135",,"5","4","0","0",,"0","002","C","N",,0,0,,,0,,,,"N",2,"A","-",21954,"A","N","B","H","-","D","D","0","Y","N","60",0,0,0,1,0,0,0,0,0,"-","-","WEST SACRAMENTO","YOLO","CA",0,0
"90272640",0,0,2016,"5700","2","2","4","08",0,1,"A",,,,,,1800,8,"B","J","A","US-50 W/B","JEFFERSON BLVD.",1584,"W","N","2016-09-26",9280,"2016-08-09",1540,"016292",,"2","9","0","1",,"2","011","-","Y",,0,0,,,0,,,,"Y",1,"A","-",22107,,"N","A","H","-","A","D","0","Y","A","07",0,0,1,0,0,0,0,0,0,"-","-","UNINCORPORATED","YOLO","CA",-121.5351,38.57515
"90272719",0,0,2016,"5703","1","3","3","08",0,1,"A",,,,,,600,9,"E","I","A","I-5 N/B","EAST MAIN ST",1056,"S","N","2016-09-21",9280,"2016-09-14",441,"017375",,"3","4","0","1",,"2","020","-","Y",,0,0,,,0,,,,"Y",1,"A","-",22107,,"N","A","H","-","C","D","0","Y","D","22",0,1,0,0,0,0,0,0,0,"-","-","WOODLAND","YOLO","CA",-121.74229,38.67512
"90272845",0,0,2016,"5700","1","7","4","03",0,1,"A",,,,,,1500,9,"C","C","A","INTERSTATE 80 W/B","ENTERPRISE BLVD",4224,"W","N","2016-09-21",9280,"2016-09-18",1330,"015485",,"1","9","0","1",,"2","010","-","Y",,0,0,,,0,,,,"Y",3,"A","-",22350,,"N","A","H","-","A","D","0","Y","A","07",0,0,1,0,0,0,0,0,0,"-","-","UNINCORPORATED","YOLO","CA",-121.59314,38.57162
"90272952",-122.0405932,38.692155,2016,"5700","5","2","3","03",0,1,"A",,,,,,1200,9,"E","I","A","COUNTY ROAD 21A ","COUNTY ROAD 85B ",0,,"Y","2016-09-21",9280,"2016-09-20",1055,"017279",,"1","9","0","3",,"2","003","-","N",,0,0,,,0,,,,"Y",1,"A","-",22350,,"N","A","H","-","A","D","0","Y","A","01",0,1,0,0,0,0,0,0,0,"-","-","UNINCORPORATED","YOLO","CA",-122.0394,38.69222
"90273063",-121.8954207,38.6198952,2016,"5700","5","1","4","03",0,1,"A",,,,"Y",,2100,9,"B","C","A","CR-27","CR-93",5,"W","N","2016-11-29",9280,"2016-09-19",1835,"015128",,"2","9","0","3",,"2","003","-","N",,0,0,,,0,,,,"Y",2,"A","-",22350,,"N","A","H","-","A","D","0","Y","D","22",0,0,1,0,0,0,0,0,0,"-","-","UNINCORPORATED","YOLO","CA",-121.8955,38.6198
"90273096",-121.8032331,38.561485,2016,"5700","4","3","4","00",0,1,"A",,,"Y",,,900,9,"D","C","A","COUNTY ROAD 31 ","COUNTY ROAD 98 ",0,,"Y","2016-09-28",9280,"2016-09-14",630,"017964",,"1","9","0","2",,"2","025","-","N",,0,0,,,0,,,,"N",2,"D","-",0,,"N","A","H","-","B","A","0","Y","-","-",0,0,1,0,0,0,0,0,1,"-","-","UNINCORPORATED","YOLO","CA",-121.80319,38.56149
"90274035",-121.5489181,38.5751151,2016,"5704","2","6","4","03",0,2,"A",,,,,,1200,9,"C","C","A","US-50 WB","HARBOR BLVD",70,"W","N","2016-09-22",9280,"2016-09-17",1016,"016214",,"1","4","0","1",,"2","011","-","Y",,0,0,,,0,,,,"Y",2,"A","-",22350,,"N","A","H","-","A","D","0","Y","A","01",0,0,2,0,0,0,0,0,0,"-","-","WEST SACRAMENTO","YOLO","CA",-121.54893,38.57506
"90275811",0,0,2016,"5700","1","6","1","01",1,1,"A",,,,,,1500,6,"E","I","A","I-5 N/B","BYPASS BRIDGE / SOUTH EDGE",528,"E","N","2016-09-26",9280,"2016-06-04",1310,"015128",,"1","9","0","1",,"2","020","-","Y",,0,0,,,0,,,,"Y",1,"A","-",23152,"E","N","A","H","-","A","D","0","Y","A","01",0,1,0,0,0,0,0,0,0,"-","-","UNINCORPORATED","YOLO","CA",-121.6387,38.6736
"90276928",-121.8026832,38.641415,2016,"5700","5","6","3","12",0,3,"A",,,,,,1200,8,"D","C","A","COUNTY ROAD 98 ","COUNTY ROAD 25A ",0,,"Y","2016-10-04",9280,"2016-08-27",1050,"016292",,"1","9","0","3",,"2","002","-","N",,0,0,,,0,,,,"Y",2,"A","-",22450,"A","N","A","H","-","A","D","0","Y","A","01",0,2,1,0,0,0,0,0,0,"-","-","UNINCORPORATED","YOLO","CA",0,0
"90277028",0,0,2016,"5700","1","7","2","01",0,1,"A",,,,,"Y",300,9,"E","I","A","I-505 S/B","COUNTY ROAD 29A ",1584,"N","N","2016-09-27",9280,"2016-09-11",213,"016929",,"3","9","0","1",,"2","031","-","Y",,0,0,,,0,,,,"Y",1,"A","-",23152,"A","N","A","H","-","D","D","0","Y","A","07",1,0,0,0,0,0,0,0,0,"-","-","UNINCORPORATED","YOLO","CA",-121.9536,38.58892
"90277366",0,0,2016,"5701","1","6","4","07",0,1,"A",,,,"Y","Y",300,9,"C","C","A","I-80 E/B","RICHARDS BLVD O/C",50,"E","N","2016-09-27",9280,"2016-09-17",218,"017351",,"3","5","0","1",,"2","010","-","Y",,0,0,,,0,,,,"Y",2,"A","-",21658,"A","N","A","H","-","D","D","0","Y","D","22",0,0,1,0,0,0,0,0,0,"-","-","DAVIS","YOLO","CA",-121.73333,38.54166
"90277383",0,0,2016,"5700","1","6","4","03",0,1,"A",,,,,,1500,9,"C","C","A","I-80 W/B","REED AVE UNDER-CROSSING",3168,"W","N","2016-09-27",9280,"2016-09-17",1405,"017351",,"2","9","0","1",,"2","010","-","Y",,0,0,,,0,,,,"N",4,"A","-",22350,,"N","A","H","-","A","D","0","Y","A","01",0,0,1,0,0,0,0,0,0,"-","-","UNINCORPORATED","YOLO","CA",-121.55827,38.58345
"90277404",0,0,2016,"5704","1","4","4","03",0,2,"A",,,,,,900,9,"C","C","A","I-80 W/B","ENTERPRISE BLVD",528,"E","N","2016-09-27",9280,"2016-09-15",850,"015534",,"1","4","0","1",,"2","010","-","Y",,0,0,,,0,,,,"N",2,"A","-",22350,,"N","A","H","-","A","D","0","Y","J","41",0,0,2,0,0,0,0,0,0,"-","-","WEST SACRAMENTO","YOLO","CA",-121.57324,38.57496
"90277432",0,0,2016,"5700","2","6","3","03",0,1,"A",,,,,"Y",300,9,"C","C","A","US50","SACRAMENTO YOLO COUNTY LINE",145,"W","N","2016-09-27",9280,"2016-09-17",250,"015353",,"3","9","0","1",,"2","011","-","Y",,0,0,,,0,,,,"Y",2,"A","-",22350,,"N","A","H","-","C","D","0","Y","A","01",0,1,0,0,0,0,0,0,0,"-","-","UNINCORPORATED","YOLO","CA",-121.51636,38.57149
"90278524",0,0,2016,"5704","2","6","4","03",0,2,"A",,,,,,1200,9,"F","I","A","US 50 EB TO HARBOR BLVD","HARBOR BLVD",50,"W","N","2016-09-28",9280,"2016-09-17",940,"016214",,"1","4","0","1",,"2","011","-","Y",,0,0,,,0,,,,"Y",1,"A","-",22350,,"N","A","H","-","A","D","0","Y","A","07",0,0,2,0,0,0,0,0,0,"-","-","WEST SACRAMENTO","YOLO","CA",-121.54922,38.5746
"90278601",0,0,2016,"5700","5","1","3","08",0,3,"A",,,,,,2100,9,"D","C","A","COUNTY ROAD 99W ","COUNTY ROAD 13 ",1584,"S","N","2016-09-28",9280,"2016-09-05",1825,"016292",,"2","9","0","3",,"2","003","-","N",,0,0,,,0,,,,"Y",2,"A","-",22107,,"N","A","H","-","A","D","0","Y","A","01",0,3,0,0,0,0,0,0,0,"-","-","UNINCORPORATED","YOLO","CA",-121.8732,38.7905
"90278605",-121.6152398,38.6619309,2016,"5700","5","7","2","01",0,2,"A",,,,,"Y",2100,9,"A","C","A","OLD RIVER ROAD","COUNTY ROAD 124 ",528,"N","N","2016-10-13",9280,"2016-09-04",2040,"017375",,"2","9","0","3",,"2","002","-","N",,0,0,,,0,,,,"Y",2,"A","-",23152,"A","N","A","H","-","D","D","0","Y","A","08",2,0,0,0,0,0,0,0,0,"-","-","UNINCORPORATED","YOLO","CA",-121.6151,36.6618
"90281772",0,0,2016,"5700","3","6","3","08",0,1,"A",,,,,,1500,8,"E","I","A","SR-16","COUNTY ROAD 78 ",3696,"W","N","2016-10-03",9280,"2016-08-13",1402,"017772",,"2","9","0","1",,"2","034","-","Y",,0,0,,,0,,,,"Y",1,"A","-",22107,,"N","A","H","-","A","D","0","Y","A","01",0,1,0,0,0,0,0,0,0,"-","-","UNINCORPORATED","YOLO","CA",-121.15105,38.75096
"90281792",-121.9519414,38.6523558,2016,"5700","1","7","3","08",0,2,"A",,,,,,1500,9,"F","D","A","I-505 ","COUNTY ROAD 24 ",4118,"S","N","2016-10-03",9280,"2016-09-18",1304,"017963",,"1","9","0","1",,"2","031","-","Y",,0,0,,,0,,,,"Y",2,"A","-",22107,,"N","A","H","-","A","D","0","Y","A","07",0,1,1,0,0,0,0,0,0,"-","-","UNINCORPORATED","YOLO","CA",-121.9521,38.6532
"90282011",0,0,2016,"5700","5","6","3","08",0,1,"A",,,,,,600,9,"F","A","A","COUNTY ROAD 13 ","COUNTY ROAD 92B",1584,"W","N","2016-10-03",9280,"2016-09-24",500,"017279",,"3","9","0","3",,"2","003","-","N",,0,0,,,0,,,,"Y",1,"A","-",22107,,"N","A","H","-","D","D","0","Y","A","08",0,1,0,0,0,0,0,0,0,"-","-","UNINCORPORATED","YOLO","CA",-121.90291,38.79431
"90282221",0,0,2016,"5700","4","7","4","08",0,1,"A",,,,"Y",,1800,9,"A","C","A","COUNTY ROAD 102 (13600 BLK)","COUNTY ROAD 17 ",1584,"N","N","2016-10-03",9280,"2016-09-25",1745,"012272",,"2","9","0","2",,"1","021","-","N",,0,0,,,0,,,,"Y",2,"A","-",22107,,"N","A","H","-","A","D","0","Y","A","07",0,0,1,0,0,0,0,0,0,"-","-","UNINCORPORATED","YOLO","CA",-121.7296,38.7388
"90282287",0,0,2016,"5700","1","7","4","03",0,1,"A",,,,,,2400,9,"C","C","A","I-5 S/B","COUNTY ROAD 22 ",10032,"N","N","2016-10-03",9280,"2016-09-25",2250,"017375",,"3","9","0","1",,"2","020","-","Y",,0,0,,,0,,,,"N",2,"A","-",22350,,"N","A","H","-","D","D","0","Y","-","99",0,0,1,0,0,0,0,0,0,"-","-","UNINCORPORATED","YOLO","CA",-121.66299,38.67338
"90283159",-121.5615859,38.5754855,2016,"5700","2","7","3","03",0,3,"A",,,,,,1200,9,"C","C","A","RT 50","HARBOR BLVD",3696,"W","N","2016-10-04",9280,"2016-09-25",1055,"017279",,"1","9","0","1",,"2","011","-","Y",,0,0,,,0,,,,"Y",4,"A","-",22350,,"N","A","H","-","A","D","0","Y","A","01",0,2,1,0,0,0,0,0,0,"-","-","UNINCORPORATED","YOLO","CA",-121.55953,38.57527
"90283178",-121.603501,38.7398938,2016,"5700","5","1","3","08",0,1,"A",,,,,,900,9,"F","A","A","COUNTY ROAD 117 ","COUNTY ROAD 22 ",27456,"N","N","2016-10-04",9280,"2016-09-26",610,"017963",,"1","9","0","3",,"2","002","-","N",,0,0,,,0,,,,"Y",1,"A","-",22107,,"N","A","H","-","D","D","0","Y","A","07",0,1,0,0,0,0,0,0,0,"-","-","UNINCORPORATED","YOLO","CA",-121.6034,38.7401
"90283225",-122.0180078,38.6940571,2016,"5700","5","3","4","08",0,1,"A","Y",,,,,900,9,"G","B","E","GRAFTON ST","YOLO AVE.",50,"W","N","2016-10-04",9280,"2016-09-28",755,"016144",,"1","9","0","3",,"2","003","-","N",,0,0,,,0,,,,"N",2,"A","-",22107,,"F","A","H","-","A","D","0","Y","A","01",0,0,1,0,1,0,0,0,0,"-","-","UNINCORPORATED","YOLO","CA",-122.016,38.69294
"90283600",-121.7287436,38.7721159,2016,"5700","4","4","4","08",0,1,"A",,,,,,600,9,"F","A","A","COUNTY ROAD 102 ","COUNTY ROAD 14 ",2112,"S","N","2016-10-04",9280,"2016-09-29",330,"017351",,"3","9","0","2",,"1","021","-","N",,0,0,,,0,,,,"Y",1,"A","-",22107,,"N","A","H","-","D","D","0","Y","A","01",0,0,1,0,0,0,0,0,0,"-","-","UNINCORPORATED","YOLO","CA",-121.72879,38.77216
"90283651",0,0,2016,"5701","1","4","4","03",0,2,"A",,,,,"Y",300,9,"C","A","A","INTERSTATE 80 E/B","MACE BLVD",528,"W","N","2016-10-04",9280,"2016-09-29",55,"018205",,"3","5","0","1",,"2","010","-","Y",,0,0,,,0,,,,"Y",2,"A","-",22350,,"N","A","H","-","C","D","0","Y","A","07",0,0,2,0,0,0,0,0,0,"-","-","DAVIS","YOLO","CA",-121.69368,38.55644