"CASEID","POINT_X","POINT_Y","YEAR_","LOCATION","CHPTYPE","DAYWEEK","CRASHSEV","VIOLCAT","KILLED","INJURED","WEATHER1","PEDCOL","BICCOL","MCCOL","TRUCKCOL","ETOH","TIMECAT","MONTH_","CRASHTYP","INVOLVE","PED","PRIMARYRD","SECONDRD","DISTANCE","DIRECT","INTERSECT_","PROCDATE","JURIS","DATE_","TIME_","BADGE","JURIDIST","SHIFT","POP","SPECIAL","BEATTYPE","LAPDDIV","BEATCLAS","BEATNUMB","WEATHER2","STATEHW","CALTRANC","CALTRAND","STROUTE","ROUTESUF","POSTPRE","POSTMILE","LOCATYPE","RAMP","SIDEHW","TOWAWAY","PARTIES","PCF","VIOLCODE","VIOL","VIOLSUB","HITRUN","ROADSURF","RDCOND1","RDCOND2","LIGHTING","RIGHTWAY","CHPRDTYP","NOTPRIV","STFAULT","CHPFAULT","SEVINJ","OTHERINJ","COP","PEDKILL","PEDINJ","BICKILL","BICINJ","MCKILL","MCINJURE","RAMP1","RAMP2","CITY","COUNTY","STATE","X_CHP","Y_CHP"
"90320272",0,0,2016,"5704","1","3","4","03",0,1,"A",,,,,,900,11,"C","C","A","I-80 W/B","US-50",50,"N","N","2016-11-15",9280,"2016-11-09",745,"017964",,"1","4","0","1",,"2","010","-","Y",,0,0,,,0,,,,"N",3,"A","-",22350,,"N","A","H","-","A","A","0","Y","D","22",0,0,1,0,0,0,0,0,0,"-","-","WEST SACRAMENTO","YOLO","CA",-121.56601,38.57586
"90320437",-121.8642606,38.6729299,2016,"5700","3","6","4","08",0,1,"A",,,,,,2400,11,"E","I","A","SR-16","COUNTY ROAD 95 ",2112,"W","N","2016-11-16",9280,"2016-11-05",2128,"016929",,"2","9","0","1",,"2","034","-","Y",,0,0,,,0,,,,"N",1,"A","-",22107,,"N","A","H","-","D","D","0","Y","A","01",0,0,1,0,0,0,0,0,0,"-","-","UNINCORPORATED","YOLO","CA",-121.86369,38.67329
"90320525",0,0,2016,"5700","5","7","3","08",0,1,"B",,,,,,1500,11,"F","A","A","COUNTY ROAD 99W ","COUNTY ROAD 12A ",750,"S","N","2016-11-16",9280,"2016-11-06",1440,"017963",,"2","9","0","3",,"2","003","-","N",,0,0,,,0,,,,"Y",1,"A","-",22107,,"N","A","H","-","A","D","0","Y","D","22",0,1,0,0,0,0,0,0,0,"-","-","UNINCORPORATED","YOLO","CA",-121.89119,38.80733
"90320735",-121.8211636,38.7498871,2016,"5700","3","3","1","08",1,3,"A",,,,,,1800,9,"A","C","A","STATE ROUTE 16","COUNTY ROAD 97 ",36,"W","N","2016-11-16",9280,"2016-09-28",1650,"017351",,"2","9","0","1",,"1","024","-","Y",,0,0,,,0,,,,"Y",2,"A","-",22107,,"N","A","H","-","A","D","0","Y","A","08",1,1,1,0,0,0,0,0,0,"-","-","UNINCORPORATED","YOLO","CA",-121.82128,38.67781
"90320837",0,0,2016,"5700","5","2","4","08",0,1,"A",,,,,,900,11,"F","A","A","COUNTY ROAD 99 (24200 BLK)","COUNTY ROAD 29 ",1056,"S","N","2016-11-16",9280,"2016-11-08",832,"012272",,"1","9","0","3",,"2","002","-","N",,0,0,,,0,,,,"Y",1,"A","-",22107,,"N","A","H","-","A","D","0","Y","A","01",0,0,1,0,0,0,0,0,0,"-","-","UNINCORPORATED","YOLO","CA",-121.7857,38.5872
"90320860",-121.7578169,38.641014,2016,"5700","5","1","4","09",0,1,"A",,,,,,1800,11,"D","C","A","COUNTY ROAD 25A ","COUNTY ROAD 100A ",321,"W","N","2016-11-16",9280,"2016-11-07",1543,"015079",,"2","9","0","3",,"2","002","-","Y",,0,0,,,0,,,,"Y",2,"A","-",21802,"A","N","A","H","-","A","A","0","Y","A","01",0,0,1,0,0,0,0,0,0,"-","-","UNINCORPORATED","YOLO","CA",-121.4529,38.3828
"90320944",-121.6312831,38.674335,2016,"5700","5","2","2","09",0,1,"A",,,,,,900,11,"D","C","A","OLD RIVER RD","COUNTY ROAD 117 ",0,,"Y","2016-11-16",9280,"2016-11-08",725,"017963",,"1","9","0","3",,"2","002","-","Y",,0,0,,,0,,,,"Y",2,"A","-",21801,"A","N","A","H","-","A","D","0","Y","D","22",1,0,0,0,0,0,0,0,0,"-","-","UNINCORPORATED","YOLO","CA",-121.63122,38.67447
"90321074",-121.5227322,38.4137227,2016,"5700","5","1","4","08",0,1,"B",,,,,,1800,10,"H","A","A","SOUTH RIVER ROAD","SOUTH CENTER ST.",250,"S","N","2016-11-16",9280,"2016-10-31",1515,"016929",,"2","9","0","3",,"2","001","-","N",,0,0,,,0,,,,"N",1,"A","-",22107,,"N","A","H","-","A","D","0","Y","A","07",0,0,1,0,0,0,0,0,0,"-","-","UNINCORPORATED","YOLO","CA",-121.52264,38.41364
"90321093",0,0,2016,"5700","1","6","3","08",0,1,"A",,,,,,900,11,"E","I","A","I-80 E/B","WEBSTER U/C",3168,"E","N","2016-11-16",9280,"2016-11-12",856,"016929",,"1","9","0","1",,"2","010","-","Y",,0,0,,,0,,,,"Y",1,"A","-",22107,,"N","A","H","-","A","D","0","Y","A","01",0,1,0,0,0,0,0,0,0,"-","-","UNINCORPORATED","YOLO","CA",-121.62677,38.56499
"90321450",0,0,2016,"5700","5","4","3","01",0,1,"A",,,,,"Y",2400,11,"E","I","A","COUNTY ROAD 101A ","COUNTY ROAD 29 ",20,"N","N","2016-11-17",9280,"2016-11-10",2329,"016042",,"3","9","0","3",,"2","002","-","N",,0,0,,,0,,,,"Y",1,"A","-",23152,"A","N","A","H","-","D","A","0","Y","A","01",0,1,0,0,0,0,0,0,0,"-","-","UNINCORPORATED","YOLO","CA",-121.75277,38.59016
"90321925",0,0,2016,"5700","5","5","4","09",0,1,"A",,,,,,1800,11,"A","C","A","COUNTY ROAD 32B ","I-80 E/B AT COUNTY ROAD 32B",0,,"Y","2016-11-17",9280,"2016-11-11",1505,"015534",,"2","9","0","3",,"2","001","-","N",,0,0,,,0,,,,"Y",2,"A","-",21801,"A","N","A","H","-","A","D","0","Y","A","07",0,0,1,0,0,0,0,0,0,"-","-","UNINCORPORATED","YOLO","CA",-121.64306,38.56132
"90325792",0,0,2016,"5704","2","1","3","03",0,2,"B",,,,,,1500,11,"C","C","A","US 5O W/B","HARBOR BLVD",2112,"E","N","2016-11-21",9280,"2016-11-07",1440,"017963",,"2","4","0","1",,"2","011","-","Y",,0,0,,,0,,,,"Y",2,"A","-",22350,,"N","A","H","-","A","D","0","Y","A","01",0,2,0,0,0,0,0,0,0,"-","-","WEST SACRAMENTO","YOLO","CA",-121.53881,38.57503
"90326006",0,0,2016,"5700","1","4","3","03",0,1,"A",,,,,,2100,11,"C","C","A","I-505 S/B","COUNTY ROAD 29A ",5280,"N","N","2016-11-21",9280,"2016-11-10",2040,"016292",,"2","9","0","1",,"2","031","-","Y",,0,0,,,0,,,,"Y",2,"A","-",22350,,"N","A","H","-","D","D","0","Y","A","01",0,1,0,0,0,0,0,0,0,"-","-","UNINCORPORATED","YOLO","CA",-121.95348,38.59107
"90326181",-121.9709209,38.8858329,2016,"5700","5","6","4","05",0,2,"A",,,,,,1500,11,"A","C","A","COUNTY ROAD 99W ","MAIN STREET",210,"N","N","2016-11-21",9280,"2016-11-12",1346,"016929",,"1","9","0","3",,"2","003","-","N",,0,0,,,0,,,,"N",2,"A","-",21460,"A","N","A","H","-","A","A","0","Y","A","01",0,0,2,0,0,0,0,0,0,"-","-","UNINCORPORATED","YOLO","CA",-121.9708,38.88585
"90326481",0,0,2016,"5704","1","5","4","03",0,1,"A",,,,,,1800,11,"C","C","A","I-80 W/B","REED AVE",1320,"W","N","2016-11-21",9280,"2016-11-18",1755,"016214",,"2","4","0","1",,"2","010","-","Y",,0,0,,,0,,,,"Y",2,"A","-",22350,,"N","A","H","-","A","D","0","Y","A","01",0,0,1,0,0,0,0,0,0,"-","-","WEST SACRAMENTO","YOLO","CA",-121.56032,38.57943
"90327303",0,0,2016,"5700","5","7","4","09",0,2,"B",,,,,,1200,11,"D","C","A","COUNTY ROAD 14 ","COUNTY ROAD 90A ",400,"W","N","2016-11-22",9280,"2016-11-20",1105,"012272",,"1","9","0","3",,"2","003","-","Y",,0,0,,,0,,,,"Y",2,"A","-",21802,"A","N","B","H","-","A","A","0","Y","A","01",0,0,2,0,0,0,0,0,0,"-","-","UNINCORPORATED","YOLO","CA",-121.9946,38.7773
"90328990",0,0,2016,"5700","5","2","3","08",0,1,"A",,,,,,2100,11,"E","I","A","OLD RIVER RD","CR-118",45,"S","N","2016-11-23",9280,"2016-11-22",1818,"018874",,"2","9","0","3",,"2","002","-","Y",,0,0,,,0,,,,"Y",1,"A","-",22107,,"N","A","H","-","C","D","0","Y","A","01",0,1,0,0,0,0,0,0,0,"-","-","UNINCORPORATED","YOLO","CA",-121.62862,38.67303
"90329004",-121.5602004,38.6085359,2016,"5700","5","7","3","08",0,1,"B",,,,,,900,11,"E","I","A","OLD RIVER RD","COUNTY ROAD 126",450,"N","N","2016-11-23",9280,"2016-11-20",825,"017963",,"1","9","0","3",,"2","001","-","N",,0,0,,,0,,,,"Y",1,"A","-",22107,,"N","B","H","-","A","D","0","Y","A","01",0,1,0,0,0,0,0,0,0,"-","-","UNINCORPORATED","YOLO","CA",-121.56031,38.60825
"90330166",-121.7295731,38.734615,2016,"5700","4","4","3","05",0,2,"A",,,,"Y",,600,10,"A","C","A","COUNTY ROAD 102 ","COUNTY ROAD 17 ",0,,"Y","2016-11-28",9280,"2016-10-20",350,"018205",,"3","9","0","2",,"1","021","-","N",,0,0,,,0,,,,"Y",2,"A","-",21650,,"N","A","H","-","D","A","0","Y","A","01",0,1,1,0,0,0,0,0,0,"-","-","UNINCORPORATED","YOLO","CA",-121.4343,38.4404
"90330515",0,0,2016,"5700","1","5","4","03",0,2,"A",,,,,,1800,11,"C","C","A","I-80 W/B","REED AVE",1056,"W","N","2016-11-28",9280,"2016-11-18",1735,"015492",,"2","9","0","1",,"2","010","-","Y",,0,0,,,0,,,,"Y",3,"A","-",22350,,"N","A","H","-","B","D","0","Y","A","07",0,0,2,0,0,0,0,0,0,"-","-","UNINCORPORATED","YOLO","CA",-121.55576,38.58715
"90331002",0,0,2016,"5704","2","3","4","03",0,2,"A",,,,,,1500,11,"C","C","A","US-50 W/B","HARBOR BLVD",1320,"W","N","2016-11-28",9280,"2016-11-23",1420,"015534",,"2","4","0","1",,"2","011","-","Y",,0,0,,,0,,,,"Y",3,"A","-",22350,,"N","A","H","-","A","D","0","Y","A","07",0,0,2,0,0,0,0,0,0,"-","-","WEST SACRAMENTO","YOLO","CA",-121.5526,38.57508
"90331128",0,0,2016,"5704","1","1","4","03",0,1,"E",,,,,,600,11,"C","C","A","I-80 W/B","ENTERPRISE BLVD",300,"E","N","2016-11-28",9280,"2016-11-21",530,"016351",,"3","4","0","1",,"2","010","-","Y",,0,0,,,0,,,,"Y",2,"A","-",22350,,"N","A","H","-","D","D","0","Y","A","01",0,0,1,0,0,0,0,0,0,"-","-","WEST SACRAMENTO","YOLO","CA",-121.57698,38.57448
"90332699",-122.067924,38.7060849,2016,"5700","3","5","2","09",0,2,"B",,,,"Y",,2100,10,"D","C","A","STATE ROUTE 16","WEST 2ND STREET",3696,"W","N","2016-11-29",9280,"2016-10-28",1950,"018205",,"2","9","0","1",,"2","034","-","Y",,0,0,,,0,,,,"Y",2,"A","-",21804,"A","N","B","H","-","A","D","0","Y","A","01",1,1,0,0,0,0,0,0,0,"-","-","UNINCORPORATED","YOLO","CA",-122.04,38.4222
"90333959",0,0,2016,"5700","3","5","4","03",0,1,"A",,,,,,1800,11,"C","C","A","SR-16 W/B","I-505 ",1056,"W","N","2016-11-30",9280,"2016-11-25",1740,"016042",,"2","9","0","1",,"2","034","-","Y",,0,0,,,0,,,,"N",3,"A","-",22350,,"N","A","H","-","C","D","0","Y","A","07",0,0,1,0,0,0,0,0,0,"-","-","UNINCORPORATED","YOLO","CA",-121.95882,38.68061
"90334355",0,0,2016,"5704","2","3","4","03",0,1,"A",,,,,,2100,11,"C","C","A","US-50 E/B","HARBOR BLVD",2112,"W","N","2016-12-01",9280,"2016-11-30",1830,"017874",,"2","4","0","1",,"2","011","-","Y",,0,0,,,0,,,,"Y",3,"A","-",22350,,"N","A","H","-","C","D","0","Y","A","08",0,0,1,0,0,0,0,0,0,"-","-","WEST SACRAMENTO","YOLO","CA",-121.55627,38.57497
"90338913",0,0,2016,"5700","1","4","4","17",0,1,"A",,,,,,1200,12,"E","J","A","I-80 W/B","WEBSTER ST",8448,"E","N","2016-12-07",9280,"2016-12-01",1105,"015128",,"1","9","0","1",,"2","010","-","Y",,0,0,,,0,,,,"N",2,"A","-",23114,"A","N","A","H","-","A","D","0","Y","D","22",0,0,1,0,0,0,0,0,0,"-","-","UNINCORPORATED","YOLO","CA",-121.6092,38.5688
"90339032",-121.729447,38.7444551,2016,"5700","5","5","4","08",0,1,"A",,,,,,300,12,"E","I","A","COUNTY ROAD 102 ","COUNTY ROAD 16 ",1584,"S","N","2016-12-07",9280,"2016-12-02",205,"016144",,"3","9","0","3",,"2","002","-","N",,0,0,,,0,,,,"Y",1,"A","-",22107,,"N","A","H","-","D","D","0","Y","A","01",0,0,1,0,0,0,0,0,0,"-","-","UNINCORPORATED","YOLO","CA",-121.72493,38.74346
"90339061",0,0,2016,"5700","3","7","4","18",0,1,"A",,,,,,1800,12,"E","H","A","SR-16 W/B","COUNTY ROAD 93",1000,"W","N","2016-12-14",9280,"2016-12-04",1732,"018874",,"2","9","0","1",,"2","034","-","Y",,0,0,,,0,,,,"Y",1,"C","-",0,,"N","A","H","-","D","D","0","Y","-","-",0,0,1,0,0,0,0,0,0,"-","-","UNINCORPORATED","YOLO","CA",-121.89861,38.67196
"90340752",0,0,2016,"5700","5","3","3","08",0,3,"B",,,,,,1500,12,"F","A","A","CR-22","HANSON WAY",9504,"E","N","2016-12-08",9280,"2016-12-07",1349,"015128",,"1","9","0","3",,"2","002","-","N",,0,0,,,0,,,,"Y",1,"A","-",22107,,"N","A","H","-","A","D","0","Y","A","01",0,3,0,0,0,0,0,0,0,"-","-","UNINCORPORATED","YOLO","CA",-121.6821,38.6769
"90340777",-121.8402532,38.648785,2016,"5700","5","5","3","01",0,1,"A",,,,,"Y",2400,12,"E","I","A","COUNTY ROAD 25 ","PLUM HOLLOW LN",0,,"Y","2016-12-13",9280,"2016-12-02",2345,"018205",,"3","9","0","3",,"2","002","-","N",,0,0,,,0,,,,"Y",1,"A","-",23152,"A","N","A","H","-","D","D","0","Y","A","08",0,1,0,0,0,0,0,0,0,"-","-","UNINCORPORATED","YOLO","CA",-121.83955,38.64879
"90342472",0,0,2016,"5700","1","2","3","03",0,2,"A",,,,,,300,11,"C","C","A"," INTERSTATE 80","COUNTY ROAD 105D",150,"E","N","2016-12-12",9280,"2016-11-29",14,"015353",,"3","9","0","1",,"2","010","-","Y",,0,0,,,0,,,,"Y",2,"A","-",22350,,"N","A","H","-","D","D","0","Y","A","01",0,1,1,0,0,0,0,0,0,"-","-","UNINCORPORATED","YOLO","CA",-121.66397,38.5592
"90343053",0,0,2016,"5700","3","5","4","03",0,1,"A",,,,,,1800,12,"C","C","A","SR-16 (YOLO AVE)","MADISON ST.",0,,"Y","2016-12-13",9280,"2016-12-02",1530,"015492",,"2","9","0","1",,"2","034","-","Y",,0,0,,,0,,,,"N",2,"A","-",22350,,"N","A","H","-","A","D","0","Y","D","22",0,0,1,0,0,0,0,0,0,"-","-","UNINCORPORATED","YOLO","CA",-122.01682,38.69212
"90343384",0,0,2016,"5700","3","2","4","03",0,1,"A",,,,,,1200,12,"C","C","A","SR-16 (21500 BLK)","COUNTY ROAD 82 ",20,"W","N","2016-12-13",9280,"2016-12-06",1115,"012272",,"1","9","0","1",,"2","034","-","Y",,0,0,,,0,,,,"Y",2,"A","-",22350,,"N","A","H","-","A","D","0","Y","D","22",0,0,1,0,0,0,0,0,0,"-","-","UNINCORPORATED","YOLO","CA",-122.1038,38.7034
"90343648",0,0,2016,"5700","3","4","2","09",0,1,"B",,,"Y",,,1800,12,"D","C","A","SR-16 (37000 BLK)","COUNTY ROAD 97 ",0,,"Y","2016-12-13",9280,"2016-12-08",1730,"012272",,"2","9","0","1",,"1","024","-","Y",,0,0,,,0,,,,"Y",2,"A","-",21801,"A","N","B","H","-","C","D","0","Y","D","22",1,0,0,0,0,0,0,0,1,"-","-","UNINCORPORATED","YOLO","CA",-121.8209,38.6777
"90347805",-121.6058475,38.6541212,2016,"5700","5","6","1","01",1,1,"A",,,,,,1500,10,"A","C","A","OLD RIVER ROAD","COUNTY ROAD 124 ",3467,"S","N","2016-12-19",9280,"2016-10-01",1227,"015485",,"1","9","0","3",,"2","001","-","N",,0,0,,,0,,,,"Y",2,"A","-",23152,"E","N","A","H","-","A","D","0","Y","A","01",1,0,0,0,0,0,0,0,0,"-","-","UNINCORPORATED","YOLO","CA",-121.60576,38.65413
"90348044",0,0,2016,"5704","2","5","4","07",0,1,"B",,,,"Y",,600,12,"B","C","A","US-50 W/B","HARBOR BLVD",2112,"E","N","2016-12-19",9280,"2016-12-09",350,"016144",,"3","4","0","1",,"2","011","-","Y",,0,0,,,0,,,,"Y",2,"A","-",21658,"A","N","B","H","-","D","D","0","Y","G","27",0,0,1,0,0,0,0,0,0,"-","-","WEST SACRAMENTO","YOLO","CA",-121.53645,38.57522
"90348268",0,0,2016,"5704","2","1","3","03",0,1,"A",,,"Y",,,1800,12,"H","J","A","US-50 W/B","SOUTH RIVER ROAD U/C",200,"E","N","2016-12-19",9280,"2016-12-12",1648,"016929",,"2","4","0","1",,"2","011","-","Y",,0,0,,,0,,,,"Y",2,"A","-",22350,,"N","A","H","-","B","D","0","Y","C","02",0,1,0,0,0,0,0,0,1,"-","-","WEST SACRAMENTO","YOLO","CA",-121.51807,38.57356
"90348659",0,0,2016,"5701","1","1","4","03",0,1,"A",,,,,,1800,12,"C","C","A","I-80 E/B","MACE BLVD",4752,"W","N","2016-12-20",9280,"2016-12-12",1551,"016929",,"2","5","0","1",,"2","010","-","Y",,0,0,,,0,,,,"Y",2,"A","-",22350,,"N","A","H","-","A","D","0","Y","D","23",0,0,1,0,0,0,0,0,0,"-","-","DAVIS","YOLO","CA",-121.71065,38.5492
"90348989",0,0,2016,"5700","1","3","4","07",0,1,"B",,,,,,1500,12,"C","C","A","I-5 N/B","COUNTY ROAD 22 ",200,"S","N","2016-12-20",9280,"2016-12-14",1240,"017964",,"1","9","0","1",,"2","020","-","Y",,0,0,,,0,,,,"N",2,"A","-",21658,"A","N","A","H","-","A","A","0","Y","A","01",0,0,1,0,0,0,0,0,0,"-","-","UNINCORPORATED","YOLO","CA",-121.6368,38.67349
"90349030",0,0,2016,"5703","3","4","4","03",0,1,"C",,,,,,1500,12,"F","A","A","SR-113 S/B FROM GIBSON RD.","GIBSON RD.",528,"S","N","2016-12-20",9280,"2016-12-15",1250,"017964",,"1","4","0","1",,"2","022","G","Y",,0,0,,,0,,,,"Y",1,"A","-",22350,,"N","B","H","-","A","A","0","Y","D","22",0,0,1,0,0,0,0,0,0,"-","-","WOODLAND","YOLO","CA",-121.75258,38.65989
"90349542",0,0,2016,"5704","1","2","3","03",0,1,"B",,,,,,1800,12,"C","C","A","I-80 E/B","ENTERPRISE BLVD",390,"E","N","2016-12-20",9280,"2016-12-13",1730,"017375",,"2","4","0","1",,"2","010","-","Y",,0,0,,,0,,,,"Y",4,"A","-",22350,,"N","A","H","-","D","D","0","Y","A","01",0,1,0,0,0,0,0,0,0,"-","-","WEST SACRAMENTO","YOLO","CA",-121.57469,38.57444
"90350810",0,0,2016,"5700","1","3","3","08",0,1,"B",,,,,,2100,12,"F","A","A","I-5 S/B","COUNTY ROAD 6",2640,"N","N","2016-12-21",9280,"2016-12-14",1800,"015492",,"2","9","0","1",,"2","030","-","Y",,0,0,,,0,,,,"Y",1,"A","-",22107,,"N","A","H","-","C","D","0","Y","A","01",0,1,0,0,0,0,0,0,0,"-","-","UNINCORPORATED","YOLO","CA",-121.97731,38.88897
"90355945",0,0,2016,"5704","2","3","3","08",0,1,"B",,,,,,1800,12,"E","I","A","US-50 E/B","JEFFERSON BLVD",2640,"W","N","2016-12-28",9280,"2016-12-14",1610,"016042",,"2","4","0","1",,"2","011","-","Y",,0,0,,,0,,,,"Y",1,"A","-",22107,,"N","A","H","-","B","D","0","Y","A","07",0,1,0,0,0,0,0,0,0,"-","-","WEST SACRAMENTO","YOLO","CA",-121.53433,38.57504
"90356160",0,0,2016,"5700","1","4","4","03",0,4,"A",,,,,,1800,12,"C","C","A","I-5 S/B","COUNTY ROAD 22 ",1056,"N","N","2016-12-28",9280,"2016-12-22",1750,"016042",,"2","9","0","1",,"2","020","-","Y",,0,0,,,0,,,,"Y",3,"A","-",22350,,"N","A","H","-","D","D","0","Y","D","22",0,0,4,0,0,0,0,0,0,"-","-","UNINCORPORATED","YOLO","CA",-121.63819,38.67328
"90360550",0,0,2016,"5700","1","2","3","08",0,1,"B",,,,"Y",,1200,12,"F","A","A","I-5 S/B","COUNTY ROAD 8 ",233,"N","N","2017-02-14",9280,"2016-12-13",1045,"017963",,"1","9","0","1",,"2","030","-","Y",,0,0,,,0,,,,"Y",1,"A","-",22107,,"N","A","H","-","A","D","0","Y","G","25",0,1,0,0,0,0,0,0,0,"-","-","UNINCORPORATED","YOLO","CA",-121.95498,38.86157
"90360646",0,0,2016,"5700","1","4","3","08",0,2,"A",,,,,,1800,12,"F","A","A","I-505 S/B","STATE ROUTE 128 (RUSSELL BLVD.)",3168,"N","N","2017-01-04",9280,"2016-12-22",1518,"015492",,"2","9","0","1",,"2","031","-","Y",,0,0,,,0,,,,"Y",1,"A","-",22107,,"N","A","H","-","A","D","0","Y","D","22",0,2,0,0,0,0,0,0,0,"-","-","UNINCORPORATED","YOLO","CA",-121.95304,38.54103
"90360954",0,0,2016,"5703","S","4","4","18",0,1,"C",,,,,,1800,12,"H","A","A","HOMESTEAD WAY","HARDY DR. ",0,,"Y","2017-01-04",9280,"2016-12-15",1527,"016042",,"2","4","1","4",,"2","901","-","N",,0,0,,,0,,,,"N",1,"C","-",0,,"N","B","H","-","A","D","0","Y","-","-",0,0,1,0,0,0,0,0,0,"-","-","WOODLAND","YOLO","CA",-121.7383,38.67079
"90362373",-121.8395832,38.6778849,2016,"5700","3","3","4","09",0,3,"A",,,,,,2400,12,"D","C","A","SR-16","COUNTY ROAD 96 ",0,,"Y","2017-01-05",9280,"2016-12-21",2127,"016144",,"2","9","0","1",,"2","034","-","Y",,0,0,,,0,,,,"Y",2,"A","-",21801,"A","N","A","H","-","D","A","0","Y","A","07",0,0,3,0,0,0,0,0,0,"-","-","UNINCORPORATED","YOLO","CA",-121.8396,38.67789
"90362518",0,0,2016,"5700","1","5","1","08",1,2,"A",,,,,,1800,7,"F","A","A","I-505 N/B","COUNTY ROAD 24 ",3168,"S","N","2017-01-23",9280,"2016-07-15",1515,"012007",,"2","9","0","1",,"2","031","-","Y",,0,0,,,0,,,,"Y",1,"A","-",22107,,"N","A","H","-","A","D","0","Y","A","07",2,0,0,0,0,0,0,0,0,"-","-","UNINCORPORATED","YOLO","CA",-121.89915,38.65269
"90363310",0,0,2016,"5700","3","5","4","05",0,2,"A",,,,,,900,12,"C","C","A","SR-113","BEST RANCH RD",0,,"Y","2017-02-14",9280,"2016-12-30",807,"015128",,"1","9","0","1",,"2","023","-","Y",,0,0,,,0,,,,"Y",2,"A","-",21460,"A","N","A","H","-","A","D","0","Y","A","01",0,0,2,0,0,0,0,0,0,"-","-","UNINCORPORATED","YOLO","CA",-121.7647,38.717
"90363934",0,0,2016,"5704","1","3","4","08",0,1,"A",,,,,,1800,12,"E","I","A","I-80 W/B","REED AVE. ",500,"E","N","2017-01-09",9280,"2016-12-28",1752,"016042",,"2","4","0","1",,"2","010","-","N",,0,0,,,0,,,,"Y",1,"A","-",22107,,"N","A","H","-","C","D","0","Y","A","01",0,0,1,0,0,0,0,0,0,"-","-","WEST SACRAMENTO","YOLO","CA",-121.55044,38.59477
"90364045",0,0,2016,"5701","1","2","4","03",0,2,"A",,,,,,1500,12,"C","C","A","I-80 E/B","MACE BLVD. O/C",4752,"W","N","2017-01-09",9280,"2016-12-20",1420,"016929",,"2","5","0","1",,"2","010","-","Y",,0,0,,,0,,,,"Y",2,"A","-",22350,,"N","A","H","-","A","D","0","Y","A","01",0,0,2,0,0,0,0,0,0,"-","-","DAVIS","YOLO","CA",-121.71119,38.54896
"90364476",0,0,2016,"5700","3","6","4","03",0,2,"A",,,,,,1800,12,"C","C","A","SR-16","COUNTY ROAD 78A ",360,"W","N","2017-01-09",9280,"2016-12-24",1700,"017874",,"2","9","0","1",,"2","034","-","Y",,0,0,,,0,,,,"Y",2,"A","-",22350,,"N","A","H","-","B","D","0","Y","A","01",0,0,2,0,0,0,0,0,0,"-","-","UNINCORPORATED","YOLO","CA",-122.1388,38.72214
"90364707",0,0,2016,"5701","1","4","3","03",0,2,"A",,,,,,1800,12,"C","C","A","I-80 E/B","MACE BLVD. ",200,"W","N","2017-02-14",9280,"2016-12-29",1730,"016042",,"2","5","0","1",,"2","010","-","Y",,0,0,,,0,,,,"Y",3,"A","-",22350,,"N","A","H","-","B","D","0","Y","A","01",0,1,1,0,0,0,0,0,0,"-","-","DAVIS","YOLO","CA",-121.69607,38.55213
"90366489",0,0,2016,"5700","5","2","2","08",0,2,"B",,,,,,600,12,"E","I","A","3 FREDERICKS DRIVE","RUSSELL BLVD",30,"S","N","2017-01-11",9280,"2016-12-27",411,"012272",,"3","9","0","3",,"2","003","-","N",,0,0,,,0,,,,"Y",1,"A","-",22107,,"F","B","H","-","C","D","0","Y","A","01",1,0,1,0,0,0,0,0,0,"-","-","UNINCORPORATED","YOLO","CA",-121.943,38.5348
"90367857",0,0,2016,"5700","1","3","4","03",0,1,"A",,,,"Y",,600,12,"C","C","A","I-5 N/B","COUNTY ROAD 13 ",528,"S","N","2017-02-14",9280,"2016-12-21",520,"017964",,"3","9","0","1",,"2","030","-","Y",,0,0,,,0,,,,"Y",2,"A","-",22350,,"N","A","H","-","D","A","0","Y","A","01",0,0,1,0,0,0,0,0,0,"-","-","UNINCORPORATED","YOLO","CA",-121.87354,38.78966
"90369857",0,0,2016,"5704","1","5","4","08",0,1,"A",,,,,,2100,12,"E","I","A","I-80 E/B","ENTERPRISE BLVD",528,"W","N","2017-01-16",9280,"2016-12-30",1825,"016042",,"2","4","0","1",,"2","010","-","Y",,0,0,,,0,,,,"Y",1,"A","-",22107,,"N","A","H","-","C","D","0","Y","A","01",0,0,1,0,0,0,0,0,0,"-","-","WEST SACRAMENTO","YOLO","CA",-121.58383,38.57307
"90372528",-121.5697594,38.6462058,2016,"5700","5","6","1","01",1,0,"A",,,,,"Y",600,12,"F","I","A","OLD RIVER RD","COUNTY ROAD 126",14731,"N","N","2017-01-19",9280,"2016-12-03",434,"017874",,"3","9","0","3",,"2","002","-","N",,0,0,,,0,,,,"Y",1,"A","-",23152,"A","N","A","H","-","D","D","0","Y","D","22",0,0,0,0,0,0,0,0,0,"-","-","UNINCORPORATED","YOLO","CA",-121.5848,38.6428
"90381587",0,0,2016,"5700","1","6","1","05",1,3,"A",,,,,,300,12,"A","C","A","I-505 N/B","SR-16",1597,"N","N","2017-01-30",9280,"2016-12-24",110,"016144",,"3","9","0","1",,"2","031","-","Y",,0,0,,,0,,,,"Y",2,"A","-",21651,"B","N","A","H","-","D","A","0","Y","A","01",0,1,2,0,0,0,0,0,0,"-","-","UNINCORPORATED","YOLO","CA",-121.95206,38.68381